{"durationVideo":6500,"editor":{"listItemPhotoData":[{"backgroundColor":-1,"blurBackground":0,"duration":2033,"endIndexFrame":60,"flipHorizontal":1.0,"flipVertical":1.0,"gpuPosition":0,"gpuProgress":0,"heightBitmap":636,"idItemPhoto":"1654161538385","indexEndFrameTransformCombo":0,"indexEndFrameTransformIn":0,"indexStartFrameTransformOut":0,"isCenterCrop":false,"isCenterInside":false,"isCropBitmap":true,"isLoadFromCache":true,"isLocked":false,"itemDataTransition":{"indexCate":0,"isMask":false,"keyItem":"","linkCover":"","linkDownload":"","modeDraw":"","nameEn":"","nameVn":"","paintModeDraw":"SRC_OVER","pathFolderOfTransition":"","pathFolderZipOfTransition":"","positionTransitionInAdapter":0,"timeTransitionCurrent":1000,"typeTransition":{"type":"NONE","typeTransition":"NONE"}},"itemTemplateModel":{"duration":0,"heightBitmap":0,"indexSticker":-1,"isCrop":false,"isLocked":false,"md5PathFileOld":"","pathFile":"","rect":{"bottom":0,"left":0,"right":0,"top":0},"typeTemplateModel":"NONE","widthBitmap":0},"linkBackgroundImage":"","objDataAdjust":{"mCurrentBrightnessFilter":50,"mCurrentContrastFilter":50,"mCurrentExposureFilter":50,"mCurrentFadeFilters":0,"mCurrentHighlightFilter":100,"mCurrentHueFilter":0,"mCurrentSaturationFilter":50,"mCurrentShadowFilter":0,"mCurrentSharpenFilter":50,"mCurrentTempFilter":50,"mCurrentVignetteFilter":100,"mListRedoAdjust":[],"mListUndoAdjust":[]},"pathBitmap":"/storage/emulated/0/Pictures/Telegram/IMG_20220602_161838_245.png","rectCrop":{"bottom":690,"left":0,"right":509,"top":54},"rotate":0,"rotateAnim":0.0,"scaleAnim":1.0,"startIndexFrame":0,"timeTransformCombo":2033,"timeTransformIn":300,"timeTransformOut":300,"totalFrame":60,"typeBackground":"COLOR","typeTransformCombo":"NONE","typeTransformIn":"NONE","typeTransformOut":"NONE","valueMatrixBitmapDraw":[0.7956778,0.0,-0.33540344,0.0,0.7956778,145.91966,0.0,0.0,1.0],"widthBitmap":509},{"backgroundColor":-1,"blurBackground":0,"duration":1467,"endIndexFrame":104,"flipHorizontal":1.0,"flipVertical":1.0,"gpuPosition":0,"gpuProgress":0,"heightBitmap":652,"idItemPhoto":"1654162296278","indexEndFrameTransformCombo":0,"indexEndFrameTransformIn":0,"indexStartFrameTransformOut":0,"isCenterCrop":false,"isCenterInside":false,"isCropBitmap":true,"isLoadFromCache":true,"isLocked":false,"itemDataTransition":{"indexCate":0,"isMask":false,"keyItem":"","linkCover":"","linkDownload":"","modeDraw":"","nameEn":"","nameVn":"","paintModeDraw":"SRC_OVER","pathFolderOfTransition":"","pathFolderZipOfTransition":"","positionTransitionInAdapter":0,"timeTransitionCurrent":1000,"typeTransition":{"type":"NONE","typeTransition":"NONE"}},"itemTemplateModel":{"duration":0,"heightBitmap":0,"indexSticker":-1,"isCrop":false,"isLocked":false,"md5PathFileOld":"","pathFile":"","rect":{"bottom":0,"left":0,"right":0,"top":0},"typeTemplateModel":"NONE","widthBitmap":0},"linkBackgroundImage":"","objDataAdjust":{"mCurrentBrightnessFilter":50,"mCurrentContrastFilter":50,"mCurrentExposureFilter":50,"mCurrentFadeFilters":0,"mCurrentHighlightFilter":100,"mCurrentHueFilter":0,"mCurrentSaturationFilter":50,"mCurrentShadowFilter":0,"mCurrentSharpenFilter":50,"mCurrentTempFilter":50,"mCurrentVignetteFilter":100,"mListRedoAdjust":[],"mListUndoAdjust":[]},"pathBitmap":"/storage/emulated/0/Pictures/Telegram/IMG_20220602_161837_132.png","rectCrop":{"bottom":687,"left":42,"right":564,"top":35},"rotate":0,"rotateAnim":0.0,"scaleAnim":1.0,"startIndexFrame":61,"timeTransformCombo":1467,"timeTransformIn":300,"timeTransformOut":300,"totalFrame":43,"typeBackground":"COLOR","typeTransformCombo":"NONE","typeTransformIn":"NONE","typeTransformOut":"NONE","valueMatrixBitmapDraw":[0.7956778,0.0,-0.33540344,0.0,0.7956778,145.91966,0.0,0.0,1.0],"widthBitmap":522},{"backgroundColor":-1,"blurBackground":0,"duration":1567,"endIndexFrame":151,"flipHorizontal":1.0,"flipVertical":1.0,"gpuPosition":0,"gpuProgress":0,"heightBitmap":642,"idItemPhoto":"1654162463313","indexEndFrameTransformCombo":0,"indexEndFrameTransformIn":0,"indexStartFrameTransformOut":0,"isCenterCrop":false,"isCenterInside":false,"isCropBitmap":true,"isLoadFromCache":true,"isLocked":false,"itemDataTransition":{"indexCate":0,"isMask":false,"keyItem":"","linkCover":"","linkDownload":"","modeDraw":"","nameEn":"","nameVn":"","paintModeDraw":"SRC_OVER","pathFolderOfTransition":"","pathFolderZipOfTransition":"","positionTransitionInAdapter":0,"timeTransitionCurrent":1000,"typeTransition":{"type":"NONE","typeTransition":"NONE"}},"itemTemplateModel":{"duration":0,"heightBitmap":0,"indexSticker":-1,"isCrop":false,"isLocked":false,"md5PathFileOld":"","pathFile":"","rect":{"bottom":0,"left":0,"right":0,"top":0},"typeTemplateModel":"NONE","widthBitmap":0},"linkBackgroundImage":"","objDataAdjust":{"mCurrentBrightnessFilter":50,"mCurrentContrastFilter":50,"mCurrentExposureFilter":50,"mCurrentFadeFilters":0,"mCurrentHighlightFilter":100,"mCurrentHueFilter":0,"mCurrentSaturationFilter":50,"mCurrentShadowFilter":0,"mCurrentSharpenFilter":50,"mCurrentTempFilter":50,"mCurrentVignetteFilter":100,"mListRedoAdjust":[],"mListUndoAdjust":[]},"pathBitmap":"/storage/emulated/0/Pictures/Telegram/IMG_20220602_161835_848.png","rectCrop":{"bottom":642,"left":50,"right":564,"top":0},"rotate":0,"rotateAnim":0.0,"scaleAnim":1.0,"startIndexFrame":105,"timeTransformCombo":1567,"timeTransformIn":300,"timeTransformOut":300,"totalFrame":46,"typeBackground":"COLOR","typeTransformCombo":"NONE","typeTransformIn":"NONE","typeTransformOut":"NONE","valueMatrixBitmapDraw":[0.7956778,0.0,-0.33540344,0.0,0.7956778,145.91966,0.0,0.0,1.0],"widthBitmap":514},{"backgroundColor":-1,"blurBackground":0,"duration":1433,"endIndexFrame":194,"flipHorizontal":1.0,"flipVertical":1.0,"gpuPosition":0,"gpuProgress":0,"heightBitmap":646,"idItemPhoto":"1654162297372","indexEndFrameTransformCombo":0,"indexEndFrameTransformIn":0,"indexStartFrameTransformOut":0,"isCenterCrop":false,"isCenterInside":false,"isCropBitmap":true,"isLoadFromCache":true,"isLocked":false,"itemDataTransition":{"indexCate":0,"isMask":false,"keyItem":"","linkCover":"","linkDownload":"","modeDraw":"","nameEn":"","nameVn":"","paintModeDraw":"SRC_OVER","pathFolderOfTransition":"","pathFolderZipOfTransition":"","positionTransitionInAdapter":0,"timeTransitionCurrent":1000,"typeTransition":{"type":"NONE","typeTransition":"NONE"}},"itemTemplateModel":{"duration":0,"heightBitmap":0,"indexSticker":-1,"isCrop":false,"isLocked":false,"md5PathFileOld":"","pathFile":"","rect":{"bottom":0,"left":0,"right":0,"top":0},"typeTemplateModel":"NONE","widthBitmap":0},"linkBackgroundImage":"","objDataAdjust":{"mCurrentBrightnessFilter":50,"mCurrentContrastFilter":50,"mCurrentExposureFilter":50,"mCurrentFadeFilters":0,"mCurrentHighlightFilter":100,"mCurrentHueFilter":0,"mCurrentSaturationFilter":50,"mCurrentShadowFilter":0,"mCurrentSharpenFilter":50,"mCurrentTempFilter":50,"mCurrentVignetteFilter":100,"mListRedoAdjust":[],"mListUndoAdjust":[]},"pathBitmap":"/storage/emulated/0/Pictures/Telegram/IMG_20220602_161834_438.png","rectCrop":{"bottom":690,"left":0,"right":517,"top":44},"rotate":0,"rotateAnim":0.0,"scaleAnim":1.0,"startIndexFrame":152,"timeTransformCombo":1433,"timeTransformIn":300,"timeTransformOut":300,"totalFrame":42,"typeBackground":"COLOR","typeTransformCombo":"NONE","typeTransformIn":"NONE","typeTransformOut":"NONE","valueMatrixBitmapDraw":[0.7956778,0.0,-0.33540344,0.0,0.7956778,145.91966,0.0,0.0,1.0],"widthBitmap":517}]},"frame":{"listItemStickerData":[],"listItemViewDataOnTimeLine":[]},"keyProjectCurrent":"1654161540727","listTemplateModel":{"list":[]},"music":{"listItemMusicData":[{"durationEnd":6503,"durationStart":0,"endIndexFrame":195,"indexRowCurrent":0,"indexRowPrevious":0,"keyInHasMap":1654161579354,"linkDownloadMp3":"https://photoforapp84133-dev.s3.ap-southeast-1.amazonaws.com/public/YoutubeAudioLibrary/TikTok/Funky/minimanimo tiktok – phung de mac.mp3","nameMp3":"minimanimo tiktok – phung de mac.mp3","pathSaveFile":"/data/user/0/videoeditor.moviemaker/files/Private/HIDE/MUSIC/minimanimo tiktok – phung de mac.mp3","startIndexFrame":0,"volume":1.0}]},"nameVideo":"Template 1654161540727","setting":{"quality":720,"ratio":{"height":16.0,"width":9.0}},"sticker":{"listItemStickerData":[],"listItemViewDataOnTimeLine":[]},"text":{"listItemStickerData":[{"DOT":".","TYPE_PHOTO":"png","WIDTH_MAX":360,"alpha":255,"countDeltaTime":0.0,"dataFrames":{"isNeedLoadBitmap1":false,"isNeedLoadBitmap2":false,"isNeedLoadBitmap2Loop":false,"isNeedLoadBitmap3":false,"isNeedLoadBitmap4":false,"isNeedLoadBitmap4Loop":false,"isNeedLoadBitmap5":false,"isNeedLoadBitmap6":false,"isNeedLoadBitmap6Loop":false,"isNeedLoadBitmap7":false,"isNeedLoadBitmap8":false,"isNeedLoadBitmap8Loop":false,"isNeedLoadBitmap9":false},"deviationXShadow":0.0,"deviationYShadow":0.0,"duration":6499,"endColor":-1,"endIndexFrame":195,"flip":1.0,"heightBitmap":0,"id":"73c8a8b991e59faa1b8dea5c55b68da","indexColor":1,"indexColorShadow":0,"indexEndFrameTransformCombo":0,"indexEndFrameTransformIn":0,"indexFont":121,"indexFrame":0,"indexStartFrameTransformOut":0,"indexTransition":-1,"isBgText":false,"isBoldText":false,"isDashText":false,"isDashUnderText":false,"isDrawAnim":false,"isFirstFillDataTransformCombo":true,"isInit":true,"isItalicText":true,"isLayerFront":true,"isLoadFrameCache":true,"isTexture":true,"isVisible":true,"linkBubble":"","linkItemFrame":"","linkMask":"","listText":["Daily Life"],"modeDraw":"SRC_OVER","pathFolder":"","pathFont":"/data/user/0/videoeditor.moviemaker/files/INTERNAL_FONT_FOLDER_UNZIP/FontNormal1/FontNormal1/FestivoLC-BasicRShadow.otf","pathSaveBitmapFrame":"","pathTexture":"https://photoforapp.s3.ap-southeast-1.amazonaws.com/Video/TextV2/Style/Texture/6/texture.jpg","pointRotate":{"x":198.64275,"y":37.81723},"pointTranslate":{"x":18.642746,"y":-142.18277},"rotate":0.3650818,"scale":0.5865794,"speed":1,"speedOfTransformCombo":15,"startColor":-1,"startIndexFrame":0,"stickerTypeTransformCombo":"NONE","stickerTypeTransformIn":"NONE","stickerTypeTransformOut":"NONE","textAlignment":"CENTER","textBlurShadow":0.0,"textColorShadow":-16711919,"textHeightAllLine":110.75,"textHeightOneLine":95.0,"textLetterSpacing":0.0,"textLineSpacing":4.0,"textPadding":15.75,"textSize":94.0,"textSizeDefault":30.0,"textString":"Daily Life","textStroke":{"color":"#CFA382","indexPositionInAdapter":-1,"width":0.0},"timeTransformCombo":300,"timeTransformIn":300,"timeTransformOut":300,"titleShow":"","totalFileNeedDownForOneFrame":0,"typeSticker":"TEXT","urlCover":"","widthBitmap":0},{"DOT":".","TYPE_PHOTO":"png","WIDTH_MAX":360,"alpha":255,"countDeltaTime":0.0,"dataFrames":{"isNeedLoadBitmap1":false,"isNeedLoadBitmap2":false,"isNeedLoadBitmap2Loop":false,"isNeedLoadBitmap3":false,"isNeedLoadBitmap4":false,"isNeedLoadBitmap4Loop":false,"isNeedLoadBitmap5":false,"isNeedLoadBitmap6":false,"isNeedLoadBitmap6Loop":false,"isNeedLoadBitmap7":false,"isNeedLoadBitmap8":false,"isNeedLoadBitmap8Loop":false,"isNeedLoadBitmap9":false},"deviationXShadow":0.0,"deviationYShadow":0.0,"duration":6499,"endColor":-1,"endIndexFrame":195,"flip":1.0,"heightBitmap":0,"id":"fe43e26522eac86b7916e5af82218ab","indexColor":0,"indexColorShadow":0,"indexEndFrameTransformCombo":0,"indexEndFrameTransformIn":0,"indexFont":63,"indexFrame":0,"indexStartFrameTransformOut":0,"indexTransition":-1,"isBgText":false,"isBoldText":false,"isDashText":false,"isDashUnderText":false,"isDrawAnim":false,"isFirstFillDataTransformCombo":true,"isInit":true,"isItalicText":false,"isLayerFront":true,"isLoadFrameCache":true,"isTexture":true,"isVisible":true,"linkBubble":"","linkItemFrame":"","linkMask":"","listText":["Today is a good day"],"modeDraw":"SRC_OVER","pathFolder":"","pathFont":"/data/user/0/videoeditor.moviemaker/files/INTERNAL_FONT_FOLDER_UNZIP/peronalities/peronalities/HCORONET.TTF","pathSaveBitmapFrame":"","pathTexture":"https://photoforapp.s3.ap-southeast-1.amazonaws.com/Video/TextV2/Style/Texture/3/texture.jpg","pointRotate":{"x":202.6677,"y":82.42709},"pointTranslate":{"x":22.667694,"y":-97.57291},"rotate":0.0,"scale":1.0,"speed":1,"speedOfTransformCombo":15,"startColor":-1,"startIndexFrame":0,"stickerTypeTransformCombo":"NONE","stickerTypeTransformIn":"NONE","stickerTypeTransformOut":"NONE","textAlignment":"CENTER","textBlurShadow":0.0,"textColorShadow":-16777216,"textHeightAllLine":75.75,"textHeightOneLine":60.0,"textLetterSpacing":0.0,"textLineSpacing":4.0,"textPadding":15.75,"textSize":59.0,"textSizeDefault":30.0,"textString":"Today is a good day","textStroke":{"color":"#2FBB05","indexPositionInAdapter":-1,"width":0.0},"timeTransformCombo":300,"timeTransformIn":300,"timeTransformOut":300,"titleShow":"","totalFileNeedDownForOneFrame":0,"typeSticker":"TEXT","urlCover":"","widthBitmap":0}],"listItemViewDataOnTimeLine":[{"durationEnd":6499,"durationStart":0,"endIndexFrame":195,"indexRowCurrent":0,"indexRowPrevious":0,"keyInHasMap":1654162721962,"linkDownloadMp3":"","nameMp3":"","pathSaveFile":"","startIndexFrame":0,"volume":1.0},{"durationEnd":6499,"durationStart":0,"endIndexFrame":195,"indexRowCurrent":0,"indexRowPrevious":0,"keyInHasMap":1654162721992,"linkDownloadMp3":"","nameMp3":"","pathSaveFile":"","startIndexFrame":0,"volume":1.0}]},"timeLastUpdate":1654162899168,"videoEffect":{"listItemEffectData":[{"drawMode":"SCREEN","endIndexFrame":195,"indexFrameDrawCurrent":62,"isCenterCrop":true,"isCenterInside":false,"isDraw":true,"isReloadFromCache":true,"jsonObjectDataOfItem":"","keyEffect":"SERVER","keyInHasMap":1654162899170,"pathFolderEffect":"/data/user/0/videoeditor.moviemaker/files/FOLDER_EFFECT/Love/12","positionInAdapter":12,"sizeCanvasCurrent":{"x":405,"y":720},"speed":1,"startIndexFrame":0,"title":"Love 12","totalFrame":195,"uri":"/data/user/0/videoeditor.moviemaker/files/FOLDER_EFFECT/Love/12/Love.m4v"}],"listItemViewDataOnTimeLine":[{"durationEnd":6499,"durationStart":0,"endIndexFrame":195,"indexRowCurrent":0,"indexRowPrevious":0,"keyInHasMap":1654162638108,"linkDownloadMp3":"","nameMp3":"","pathSaveFile":"","startIndexFrame":0,"volume":1.0}]}}