{"durationVideo":8000,"editor":{"listItemPhotoData":[{"backgroundColor":0,"blurBackground":0,"duration":8000,"endIndexFrame":239,"flipHorizontal":1.0,"flipVertical":1.0,"gpuPosition":0,"gpuProgress":0,"heightBitmap":1280,"idItemPhoto":"1653467564234","indexEndFrameTransformCombo":0,"indexEndFrameTransformIn":23,"indexStartFrameTransformOut":0,"isCenterCrop":false,"isCenterInside":true,"isCropBitmap":false,"isLoadFromCache":true,"itemDataTransition":{"indexCate":0,"isMask":false,"keyItem":"","linkCover":"","linkDownload":"","modeDraw":"","nameEn":"","nameVn":"","paintModeDraw":"SRC_OVER","pathFolderOfTransition":"","pathFolderZipOfTransition":"","positionTransitionInAdapter":0,"timeTransitionCurrent":1000,"typeTransition":{"type":"NONE","typeTransition":"NONE"}},"itemTemplateModel":{"duration":0,"heightBitmap":0,"indexSticker":-1,"isCrop":false,"pathFile":"","rect":{"bottom":0,"left":0,"right":0,"top":0},"typeTemplateModel":"NONE","widthBitmap":0},"linkBackgroundImage":"","matrixBitmapDraw":{},"objDataAdjust":{"mCurrentBrightnessFilter":50,"mCurrentContrastFilter":50,"mCurrentExposureFilter":50,"mCurrentFadeFilters":0,"mCurrentHighlightFilter":100,"mCurrentHueFilter":0,"mCurrentSaturationFilter":50,"mCurrentShadowFilter":0,"mCurrentSharpenFilter":50,"mCurrentTempFilter":50,"mCurrentVignetteFilter":100,"mListRedoAdjust":[],"mListUndoAdjust":[]},"pathBitmap":"/storage/emulated/0/Pictures/Telegram/IMG_20220525_160216_964.jpg","rotate":0,"rotateAnim":0.0,"scaleAnim":1.0,"startIndexFrame":0,"timeTransformCombo":8000,"timeTransformIn":797,"timeTransformOut":300,"totalFrame":239,"typeBackground":"COLOR","typeTransformCombo":"NONE","typeTransformIn":"ZOOM_OUT","typeTransformOut":"NONE","valueMatrixBitmapDraw":[0.5625,0.0,0.0,0.0,0.5625,0.0,0.0,0.0,1.0],"widthBitmap":720}]},"frame":{"listItemStickerData":[],"listItemViewDataOnTimeLine":[]},"keyProjectCurrent":"1653468718413","listTemplateModel":{"list":[]},"music":{"listItemMusicData":[{"durationEnd":7999,"durationStart":0,"endIndexFrame":240,"indexRowCurrent":0,"indexRowPrevious":0,"keyInHasMap":1653467819430,"linkDownloadMp3":"https://photoforapp84133-dev.s3.ap-southeast-1.amazonaws.com/public/YoutubeAudioLibrary/TikTok/Bright/whistle remix – chenyi, hest (hot tiktok ).mp3","nameMp3":"whistle remix – chenyi, hest (hot tiktok ).mp3","pathSaveFile":"/data/user/0/videoeditor.moviemaker/files/Private/HIDE/MUSIC/whistle remix – chenyi, hest (hot tiktok ).mp3","startIndexFrame":0,"volume":1.0}]},"nameVideo":"Template 1653468718413","setting":{"quality":720,"ratio":{"height":1.7777778,"width":1.0}},"sticker":{"listItemStickerData":[],"listItemViewDataOnTimeLine":[]},"text":{"listItemStickerData":[{"DOT":".","TYPE_PHOTO":"png","WIDTH_MAX":360,"alpha":255,"countDeltaTime":0.0,"dataFrames":{"isNeedLoadBitmap1":false,"isNeedLoadBitmap2":false,"isNeedLoadBitmap2Loop":false,"isNeedLoadBitmap3":false,"isNeedLoadBitmap4":false,"isNeedLoadBitmap4Loop":false,"isNeedLoadBitmap5":false,"isNeedLoadBitmap6":false,"isNeedLoadBitmap6Loop":false,"isNeedLoadBitmap7":false,"isNeedLoadBitmap8":false,"isNeedLoadBitmap8Loop":false,"isNeedLoadBitmap9":false},"deviationXShadow":1.0,"deviationYShadow":1.2,"duration":2633,"endColor":-16777216,"endIndexFrame":81,"flip":1.0,"heightBitmap":0,"id":"2d42765d7f82b95c99ed7e77f5971556","indexColor":0,"indexColorShadow":0,"indexEndFrameTransformCombo":0,"indexEndFrameTransformIn":28,"indexFont":105,"indexFrame":0,"indexStartFrameTransformOut":0,"indexTransition":-1,"isBgText":false,"isBoldText":false,"isDashText":false,"isDashUnderText":false,"isDrawAnim":false,"isFirstFillDataTransformCombo":true,"isInit":true,"isItalicText":false,"isLayerFront":true,"isLoadFrameCache":true,"isTexture":false,"isVisible":false,"linkBubble":"","linkItemFrame":"","linkMask":"","listText":["Can you blow","my whistle baby","whitle baby"],"modeDraw":"SRC_OVER","pathFolder":"","pathFont":"/data/user/0/videoeditor.moviemaker/files/INTERNAL_FONT_FOLDER_UNZIP/travel/travel/foxontherun.ttf","pathSaveBitmapFrame":"","pathTexture":"https://photoforapp.s3.ap-southeast-1.amazonaws.com/Video/TextV2/Style/Basic/17/texture.jpg","pointRotate":{"x":221.28311,"y":78.88664},"pointTranslate":{"x":41.28311,"y":-101.11336},"rotate":-0.09680176,"scale":0.85754997,"speed":1,"speedOfTransformCombo":15,"startColor":-16777216,"startIndexFrame":2,"stickerTypeTransformCombo":"NONE","stickerTypeTransformIn":"MIX__MOVE_RIGHT_TO_LEFT__ZOOM_OUT","stickerTypeTransformOut":"NONE","textAlignment":"RIGHT","textBlurShadow":1.6,"textColorShadow":-1,"textHeightAllLine":168.75,"textHeightOneLine":50.0,"textLetterSpacing":0.0,"textLineSpacing":15.0,"textPadding":15.75,"textSize":50.0,"textSizeDefault":30.0,"textString":"Can you blow\nmy whistle baby\nwhitle baby","textStroke":{"color":"#FFFFFF","indexPositionInAdapter":-1,"width":1.0},"timeTransformCombo":300,"timeTransformIn":867,"timeTransformOut":300,"titleShow":"","totalFileNeedDownForOneFrame":0,"typeSticker":"TEXT","urlCover":"","widthBitmap":0},{"DOT":".","TYPE_PHOTO":"png","WIDTH_MAX":360,"alpha":255,"countDeltaTime":0.0,"dataFrames":{"isNeedLoadBitmap1":false,"isNeedLoadBitmap2":false,"isNeedLoadBitmap2Loop":false,"isNeedLoadBitmap3":false,"isNeedLoadBitmap4":false,"isNeedLoadBitmap4Loop":false,"isNeedLoadBitmap5":false,"isNeedLoadBitmap6":false,"isNeedLoadBitmap6Loop":false,"isNeedLoadBitmap7":false,"isNeedLoadBitmap8":false,"isNeedLoadBitmap8Loop":false,"isNeedLoadBitmap9":false},"deviationXShadow":1.0,"deviationYShadow":1.2,"duration":1266,"endColor":-16777216,"endIndexFrame":119,"flip":1.0,"heightBitmap":0,"id":"6845ce47767324a6668811ee46486221","indexColor":0,"indexColorShadow":0,"indexEndFrameTransformCombo":0,"indexEndFrameTransformIn":97,"indexFont":105,"indexFrame":0,"indexStartFrameTransformOut":0,"indexTransition":-1,"isBgText":false,"isBoldText":false,"isDashText":false,"isDashUnderText":false,"isDrawAnim":false,"isFirstFillDataTransformCombo":true,"isInit":true,"isItalicText":false,"isLayerFront":true,"isLoadFrameCache":true,"isTexture":false,"isVisible":false,"linkBubble":"","linkItemFrame":"","linkMask":"","listText":["Let me know"],"modeDraw":"SRC_OVER","pathFolder":"","pathFont":"/data/user/0/videoeditor.moviemaker/files/INTERNAL_FONT_FOLDER_UNZIP/travel/travel/foxontherun.ttf","pathSaveBitmapFrame":"","pathTexture":"https://photoforapp.s3.ap-southeast-1.amazonaws.com/Video/TextV2/Style/Basic/17/texture.jpg","pointRotate":{"x":237.88596,"y":84.55145},"pointTranslate":{"x":57.885956,"y":-95.44855},"rotate":-0.19602966,"scale":0.7465637,"speed":1,"speedOfTransformCombo":15,"startColor":-16777216,"startIndexFrame":81,"stickerTypeTransformCombo":"NONE","stickerTypeTransformIn":"MIX__MOVE_RIGHT_TO_LEFT__ZOOM_OUT","stickerTypeTransformOut":"NONE","textAlignment":"CENTER","textBlurShadow":1.6,"textColorShadow":-1,"textHeightAllLine":66.75,"textHeightOneLine":48.0,"textLetterSpacing":0.0,"textLineSpacing":15.0,"textPadding":15.75,"textSize":63.0,"textSizeDefault":30.0,"textString":"Let me know","textStroke":{"color":"#FFFFFF","indexPositionInAdapter":-1,"width":1.0},"timeTransformCombo":300,"timeTransformIn":541,"timeTransformOut":300,"titleShow":"","totalFileNeedDownForOneFrame":0,"typeSticker":"TEXT","urlCover":"","widthBitmap":0},{"DOT":".","TYPE_PHOTO":"png","WIDTH_MAX":360,"alpha":255,"countDeltaTime":0.0,"dataFrames":{"isNeedLoadBitmap1":false,"isNeedLoadBitmap2":false,"isNeedLoadBitmap2Loop":false,"isNeedLoadBitmap3":false,"isNeedLoadBitmap4":false,"isNeedLoadBitmap4Loop":false,"isNeedLoadBitmap5":false,"isNeedLoadBitmap6":false,"isNeedLoadBitmap6Loop":false,"isNeedLoadBitmap7":false,"isNeedLoadBitmap8":false,"isNeedLoadBitmap8Loop":false,"isNeedLoadBitmap9":false},"deviationXShadow":1.0,"deviationYShadow":1.2,"duration":2100,"endColor":-16777216,"endIndexFrame":183,"flip":1.0,"heightBitmap":0,"id":"c664e9ef623eba337b463599b9cf39d7","indexColor":0,"indexColorShadow":0,"indexEndFrameTransformCombo":0,"indexEndFrameTransformIn":136,"indexFont":105,"indexFrame":0,"indexStartFrameTransformOut":0,"indexTransition":-1,"isBgText":false,"isBoldText":false,"isDashText":false,"isDashUnderText":false,"isDrawAnim":false,"isFirstFillDataTransformCombo":true,"isInit":true,"isItalicText":false,"isLayerFront":true,"isLoadFrameCache":true,"isTexture":false,"isVisible":false,"linkBubble":"","linkItemFrame":"","linkMask":"","listText":["Girl I\u0027m gonna","show you","how to do it"],"modeDraw":"SRC_OVER","pathFolder":"","pathFont":"/data/user/0/videoeditor.moviemaker/files/INTERNAL_FONT_FOLDER_UNZIP/travel/travel/foxontherun.ttf","pathSaveBitmapFrame":"","pathTexture":"https://photoforapp.s3.ap-southeast-1.amazonaws.com/Video/TextV2/Style/Basic/17/texture.jpg","pointRotate":{"x":234.69952,"y":79.59477},"pointTranslate":{"x":54.699524,"y":-100.40523},"rotate":-0.10508728,"scale":0.76241636,"speed":1,"speedOfTransformCombo":15,"startColor":-16777216,"startIndexFrame":120,"stickerTypeTransformCombo":"NONE","stickerTypeTransformIn":"MIX__MOVE_RIGHT_TO_LEFT__ZOOM_OUT","stickerTypeTransformOut":"NONE","textAlignment":"RIGHT","textBlurShadow":1.6,"textColorShadow":-1,"textHeightAllLine":186.75,"textHeightOneLine":56.0,"textLetterSpacing":0.0,"textLineSpacing":15.0,"textPadding":15.75,"textSize":61.0,"textSizeDefault":30.0,"textString":"Girl I\u0027m gonna\nshow you\nhow to do it","textStroke":{"color":"#FFFFFF","indexPositionInAdapter":-1,"width":1.0},"timeTransformCombo":300,"timeTransformIn":541,"timeTransformOut":300,"titleShow":"","totalFileNeedDownForOneFrame":0,"typeSticker":"TEXT","urlCover":"","widthBitmap":0},{"DOT":".","TYPE_PHOTO":"png","WIDTH_MAX":360,"alpha":255,"countDeltaTime":0.0,"dataFrames":{"isNeedLoadBitmap1":false,"isNeedLoadBitmap2":false,"isNeedLoadBitmap2Loop":false,"isNeedLoadBitmap3":false,"isNeedLoadBitmap4":false,"isNeedLoadBitmap4Loop":false,"isNeedLoadBitmap5":false,"isNeedLoadBitmap6":false,"isNeedLoadBitmap6Loop":false,"isNeedLoadBitmap7":false,"isNeedLoadBitmap8":false,"isNeedLoadBitmap8Loop":false,"isNeedLoadBitmap9":false},"deviationXShadow":1.0,"deviationYShadow":1.2,"duration":1899,"endColor":-16777216,"endIndexFrame":240,"flip":1.0,"heightBitmap":0,"id":"51e9df609697125c3fb7722e49c2ff41","indexColor":0,"indexColorShadow":0,"indexEndFrameTransformCombo":0,"indexEndFrameTransformIn":199,"indexFont":105,"indexFrame":0,"indexStartFrameTransformOut":0,"indexTransition":-1,"isBgText":false,"isBoldText":false,"isDashText":false,"isDashUnderText":false,"isDrawAnim":false,"isFirstFillDataTransformCombo":true,"isInit":true,"isItalicText":false,"isLayerFront":true,"isLoadFrameCache":true,"isTexture":false,"isVisible":true,"linkBubble":"","linkItemFrame":"","linkMask":"","listText":["And we start","real slow"],"modeDraw":"SRC_OVER","pathFolder":"","pathFont":"/data/user/0/videoeditor.moviemaker/files/INTERNAL_FONT_FOLDER_UNZIP/travel/travel/foxontherun.ttf","pathSaveBitmapFrame":"","pathTexture":"https://photoforapp.s3.ap-southeast-1.amazonaws.com/Video/TextV2/Style/Basic/17/texture.jpg","pointRotate":{"x":233.02248,"y":78.178635},"pointTranslate":{"x":53.022476,"y":-101.821365},"rotate":-0.06488037,"scale":0.77205133,"speed":1,"speedOfTransformCombo":15,"startColor":-16777216,"startIndexFrame":183,"stickerTypeTransformCombo":"NONE","stickerTypeTransformIn":"MIX__MOVE_RIGHT_TO_LEFT__ZOOM_OUT","stickerTypeTransformOut":"NONE","textAlignment":"RIGHT","textBlurShadow":1.6,"textColorShadow":-1,"textHeightAllLine":112.75,"textHeightOneLine":47.0,"textLetterSpacing":0.0,"textLineSpacing":15.0,"textPadding":15.75,"textSize":61.0,"textSizeDefault":30.0,"textString":"And we start\nreal slow","textStroke":{"color":"#FFFFFF","indexPositionInAdapter":-1,"width":1.0},"timeTransformCombo":300,"timeTransformIn":541,"timeTransformOut":300,"titleShow":"","totalFileNeedDownForOneFrame":0,"typeSticker":"TEXT","urlCover":"","widthBitmap":0}],"listItemViewDataOnTimeLine":[{"durationEnd":0,"durationStart":0,"endIndexFrame":81,"indexRowCurrent":0,"indexRowPrevious":0,"keyInHasMap":1653620887708,"linkDownloadMp3":"","nameMp3":"","pathSaveFile":"","startIndexFrame":2,"volume":1.0},{"durationEnd":0,"durationStart":0,"endIndexFrame":119,"indexRowCurrent":0,"indexRowPrevious":0,"keyInHasMap":1653620887736,"linkDownloadMp3":"","nameMp3":"","pathSaveFile":"","startIndexFrame":81,"volume":1.0},{"durationEnd":0,"durationStart":0,"endIndexFrame":183,"indexRowCurrent":0,"indexRowPrevious":0,"keyInHasMap":1653620887763,"linkDownloadMp3":"","nameMp3":"","pathSaveFile":"","startIndexFrame":120,"volume":1.0},{"durationEnd":0,"durationStart":0,"endIndexFrame":240,"indexRowCurrent":0,"indexRowPrevious":0,"keyInHasMap":1653620887795,"linkDownloadMp3":"","nameMp3":"","pathSaveFile":"","startIndexFrame":183,"volume":1.0}]},"timeLastUpdate":1653620896940,"videoEffect":{"listItemEffectData":[{"drawMode":"SCREEN","endIndexFrame":240,"indexFrameDrawCurrent":0,"isCenterCrop":true,"isCenterInside":false,"isDraw":true,"isReloadFromCache":true,"jsonObjectDataOfItem":"{\"defaultPercentWidth\":1.0,\"defaultSpeed\":3.0,\"isHorizontal\":true,\"max\":10.0,\"maxSpeed\":50.0,\"min\":1.0,\"minSpeed\":2.0,\"percentWidth\":0.81,\"speedCurrent\":26.4}","keyEffect":"Party","keyInHasMap":1653620896955,"pathFolderEffect":"","positionInAdapter":2,"sizeCanvasCurrent":{"x":0,"y":0},"speed":1,"startIndexFrame":0,"title":"Lắc, giật ảnh","totalFrame":240,"uri":""}],"listItemViewDataOnTimeLine":[{"durationEnd":0,"durationStart":0,"endIndexFrame":240,"indexRowCurrent":0,"indexRowPrevious":0,"keyInHasMap":1653530602171,"linkDownloadMp3":"","nameMp3":"","pathSaveFile":"","startIndexFrame":0,"volume":1.0}]}}