{"durationVideo":9933,"editor":{"listItemPhotoData":[{"backgroundColor":0,"blurBackground":0,"duration":5100,"endIndexFrame":152,"flipHorizontal":1,"flipVertical":1,"gpuPosition":0,"gpuProgress":0,"heightBitmap":1280,"idItemPhoto":"1653534909123","indexEndFrameTransformCombo":0,"indexEndFrameTransformIn":0,"indexStartFrameTransformOut":0,"isCenterCrop":false,"isCenterInside":true,"isCropBitmap":false,"isLoadFromCache":true,"itemDataTransition":{"indexCate":8,"indexItem":0,"isMask":false,"keyItem":"PULL_IN","linkCover":"https://photoforapp.s3.ap-southeast-1.amazonaws.com/Video/TransitionsServer/Camera/Icon/PULL_IN.gif","linkDownload":"https://photoforapp.s3.ap-southeast-1.amazonaws.com/Video/TransitionsServer/Camera/PULL_IN.zip","modeDraw":"","nameEn":"Pull in","nameVn":"Kéo vào","paintModeDraw":"SRC_OVER","pathFolderOfTransition":"","pathFolderZipOfTransition":"","positionTransitionInAdapter":103,"timeTransitionCurrent":763,"typeTransition":{"type":"CAMERA","typeTransition":"CAMERA_PULL_IN"}},"itemTemplateModel":{"duration":0,"heightBitmap":0,"indexSticker":-1,"isCrop":false,"pathFile":"","rect":{"bottom":0,"left":0,"right":0,"top":0},"typeTemplateModel":"NONE","widthBitmap":0},"linkBackgroundImage":"","matrixBitmapDraw":{},"objDataAdjust":{"mCurrentBrightnessFilter":50,"mCurrentContrastFilter":50,"mCurrentExposureFilter":50,"mCurrentFadeFilters":0,"mCurrentHighlightFilter":100,"mCurrentHueFilter":0,"mCurrentSaturationFilter":50,"mCurrentShadowFilter":0,"mCurrentSharpenFilter":50,"mCurrentTempFilter":50,"mCurrentVignetteFilter":100,"mListRedoAdjust":[],"mListUndoAdjust":[]},"pathBitmap":"/storage/emulated/0/Pictures/Telegram/IMG_20220526_101229_134.jpg","rotate":0,"rotateAnim":0,"scaleAnim":1,"startIndexFrame":0,"timeTransformCombo":5100,"timeTransformIn":300,"timeTransformOut":300,"totalFrame":152,"typeBackground":"COLOR","typeTransformCombo":"NONE","typeTransformIn":"NONE","typeTransformOut":"NONE","valueMatrixBitmapDraw":[0.5625,0,0,0,0.5625,0,0,0,1],"widthBitmap":720},{"backgroundColor":0,"blurBackground":0,"duration":4833,"endIndexFrame":297,"flipHorizontal":1,"flipVertical":1,"gpuPosition":5,"gpuProgress":0,"heightBitmap":1280,"idItemPhoto":"1653535025140","indexEndFrameTransformCombo":0,"indexEndFrameTransformIn":0,"indexStartFrameTransformOut":0,"isCenterCrop":true,"isCenterInside":false,"isCropBitmap":false,"isLoadFromCache":true,"itemDataTransition":{"indexCate":0,"isMask":false,"keyItem":"","linkCover":"","linkDownload":"","modeDraw":"","nameEn":"","nameVn":"","paintModeDraw":"SRC_OVER","pathFolderOfTransition":"","pathFolderZipOfTransition":"","positionTransitionInAdapter":0,"timeTransitionCurrent":1000,"typeTransition":{"type":"NONE","typeTransition":"NONE"}},"itemTemplateModel":{"duration":0,"heightBitmap":0,"indexSticker":-1,"isCrop":false,"pathFile":"","rect":{"bottom":0,"left":0,"right":0,"top":0},"typeTemplateModel":"NONE","widthBitmap":0},"linkBackgroundImage":"","matrixBitmapDraw":{},"objDataAdjust":{"mCurrentBrightnessFilter":50,"mCurrentContrastFilter":50,"mCurrentExposureFilter":50,"mCurrentFadeFilters":0,"mCurrentHighlightFilter":100,"mCurrentHueFilter":0,"mCurrentSaturationFilter":50,"mCurrentShadowFilter":0,"mCurrentSharpenFilter":50,"mCurrentTempFilter":50,"mCurrentVignetteFilter":100,"mListRedoAdjust":[],"mListUndoAdjust":[]},"pathBitmap":"/storage/emulated/0/Pictures/Telegram/IMG_20220526_100738_409.jpg","rotate":0,"rotateAnim":0,"scaleAnim":1,"startIndexFrame":153,"timeTransformCombo":4833,"timeTransformIn":300,"timeTransformOut":300,"totalFrame":144,"typeBackground":"COLOR","typeTransformCombo":"NONE","typeTransformIn":"NONE","typeTransformOut":"NONE","valueMatrixBitmapDraw":[0.5625,0,0,0,0.5625,0,0,0,1],"widthBitmap":720}]},"frame":{"listItemStickerData":[],"listItemViewDataOnTimeLine":[]},"keyProjectCurrent":"1653532039761","listTemplateModel":{"list":[]},"music":{"listItemMusicData":[{"durationEnd":15994,"durationStart":6061,"endIndexFrame":298,"indexRowCurrent":0,"indexRowPrevious":0,"keyInHasMap":1653531460028,"linkDownloadMp3":"https://photoforapp84133-dev.s3.ap-southeast-1.amazonaws.com/public/YoutubeAudioLibrary/International/Funky/i'm not her - clara mae.mp3","nameMp3":"i'm not her - clara mae.mp3","pathSaveFile":"/data/user/0/videoeditor.moviemaker/files/Private/HIDE/MUSIC/i'm not her - clara mae.mp3","startIndexFrame":0,"volume":1}]},"nameVideo":"Template 1653532039761","setting":{"quality":720,"ratio":{"height":1.7777778,"width":1}},"sticker":{"listItemStickerData":[],"listItemViewDataOnTimeLine":[]},"text":{"listItemStickerData":[{"DOT":".","TYPE_PHOTO":"png","WIDTH_MAX":360,"alpha":255,"countDeltaTime":0,"dataFrames":{"isNeedLoadBitmap1":false,"isNeedLoadBitmap2":false,"isNeedLoadBitmap2Loop":false,"isNeedLoadBitmap3":false,"isNeedLoadBitmap4":false,"isNeedLoadBitmap4Loop":false,"isNeedLoadBitmap5":false,"isNeedLoadBitmap6":false,"isNeedLoadBitmap6Loop":false,"isNeedLoadBitmap7":false,"isNeedLoadBitmap8":false,"isNeedLoadBitmap8Loop":false,"isNeedLoadBitmap9":false},"deviationXShadow":0,"deviationYShadow":3,"duration":4800,"endColor":-1,"endIndexFrame":298,"flip":1,"heightBitmap":0,"id":"65764f558af6a1677fe4aad865c761","indexColor":0,"indexColorShadow":0,"indexEndFrameTransformCombo":0,"indexEndFrameTransformIn":170,"indexFont":74,"indexFrame":0,"indexStartFrameTransformOut":0,"indexTransition":-1,"isBgText":false,"isBoldText":false,"isDashText":false,"isDashUnderText":false,"isDrawAnim":false,"isFirstFillDataTransformCombo":true,"isInit":true,"isItalicText":false,"isLayerFront":true,"isLoadFrameCache":true,"isTexture":false,"isVisible":true,"linkBubble":"","linkItemFrame":"","linkMask":"","listText":["I'm not Her"],"modeDraw":"SRC_OVER","pathFolder":"","pathFont":"/data/user/0/videoeditor.moviemaker/files/INTERNAL_FONT_FOLDER_UNZIP/retro/retro/LemonMilk.otf","pathSaveBitmapFrame":"","pathTexture":"https://photoforapp.s3.ap-southeast-1.amazonaws.com/Video/TextV2/Style/Basic/5/texture.jpg","pointRotate":{"x":203.17088,"y":611.72754},"pointTranslate":{"x":23.170883,"y":431.72754},"rotate":0.13560486,"scale":1.1344178,"speed":1,"speedOfTransformCombo":15,"startColor":-1,"startIndexFrame":154,"stickerTypeTransformCombo":"NONE","stickerTypeTransformIn":"ZOOM_IN","stickerTypeTransformOut":"NONE","textAlignment":"CENTER","textBlurShadow":1,"textColorShadow":-16777216,"textHeightAllLine":64.75,"textHeightOneLine":42,"textLetterSpacing":0.12,"textLineSpacing":4,"textPadding":15.75,"textSize":45,"textSizeDefault":30,"textString":"I'm not Her","textStroke":{"color":"#FFFFFF","indexPositionInAdapter":-1,"width":0},"timeTransformCombo":300,"timeTransformIn":537,"timeTransformOut":300,"titleShow":"","totalFileNeedDownForOneFrame":0,"typeSticker":"TEXT","urlCover":"","widthBitmap":0}],"listItemViewDataOnTimeLine":[{"durationEnd":0,"durationStart":0,"endIndexFrame":298,"indexRowCurrent":0,"indexRowPrevious":0,"keyInHasMap":1653619572483,"linkDownloadMp3":"","nameMp3":"","pathSaveFile":"","startIndexFrame":154,"volume":1}]},"timeLastUpdate":1653619586796,"videoEffect":{"listItemEffectData":[{"drawMode":"SCREEN","endIndexFrame":153,"indexFrameDrawCurrent":0,"isCenterCrop":true,"isCenterInside":false,"isDraw":true,"isReloadFromCache":true,"jsonObjectDataOfItem":"{\"color\":-1,\"defaultSpeed\":3.0,\"max\":30.0,\"min\":2.0,\"speedCurrent\":14.6}","keyEffect":"Party","keyInHasMap":1653619586802,"pathFolderEffect":"","positionInAdapter":3,"sizeCanvasCurrent":{"x":0,"y":0},"speed":1,"startIndexFrame":0,"title":"Đèn nháy trắng","totalFrame":153,"uri":""},{"drawMode":"SCREEN","endIndexFrame":301,"indexFrameDrawCurrent":0,"isCenterCrop":true,"isCenterInside":false,"isDraw":true,"isReloadFromCache":true,"jsonObjectDataOfItem":"{\"defaultPercentWidth\":1.0,\"defaultSpeed\":3.0,\"isHorizontal\":true,\"max\":10.0,\"maxSpeed\":50.0,\"min\":1.0,\"minSpeed\":2.0,\"percentWidth\":2.7,\"speedCurrent\":23.52}","keyEffect":"Party","keyInHasMap":1653619586807,"pathFolderEffect":"","positionInAdapter":2,"sizeCanvasCurrent":{"x":0,"y":0},"speed":1,"startIndexFrame":153,"title":"Lắc, giật ảnh","totalFrame":148,"uri":""},{"drawMode":"SCREEN","endIndexFrame":301,"indexFrameDrawCurrent":0,"isCenterCrop":true,"isCenterInside":false,"isDraw":true,"isReloadFromCache":true,"jsonObjectDataOfItem":"{\"defaultPercentWidth\":1.0,\"defaultSpeed\":3.0,\"isHorizontal\":false,\"max\":10.0,\"maxSpeed\":50.0,\"min\":1.0,\"minSpeed\":2.0,\"percentWidth\":2.7,\"speedCurrent\":23.52}","keyEffect":"Party","keyInHasMap":1653619586810,"pathFolderEffect":"","positionInAdapter":2,"sizeCanvasCurrent":{"x":0,"y":0},"speed":1,"startIndexFrame":153,"title":"Lắc, giật ảnh","totalFrame":148,"uri":""},{"drawMode":"SCREEN","endIndexFrame":90,"indexFrameDrawCurrent":0,"isCenterCrop":true,"isCenterInside":false,"isDraw":true,"isReloadFromCache":true,"jsonObjectDataOfItem":"{\"color\":-16777216}","keyEffect":"Basic","keyInHasMap":1653619586814,"pathFolderEffect":"","positionInAdapter":1,"sizeCanvasCurrent":{"x":0,"y":0},"speed":1,"startIndexFrame":0,"title":"Mở rèm","totalFrame":90,"uri":""}],"listItemViewDataOnTimeLine":[{"durationEnd":0,"durationStart":0,"endIndexFrame":153,"indexRowCurrent":0,"indexRowPrevious":0,"keyInHasMap":1653619535697,"linkDownloadMp3":"","nameMp3":"","pathSaveFile":"","startIndexFrame":0,"volume":1},{"durationEnd":0,"durationStart":0,"endIndexFrame":301,"indexRowCurrent":0,"indexRowPrevious":0,"keyInHasMap":1653619535699,"linkDownloadMp3":"","nameMp3":"","pathSaveFile":"","startIndexFrame":153,"volume":1},{"durationEnd":0,"durationStart":0,"endIndexFrame":301,"indexRowCurrent":0,"indexRowPrevious":0,"keyInHasMap":1653619535702,"linkDownloadMp3":"","nameMp3":"","pathSaveFile":"","startIndexFrame":153,"volume":1},{"durationEnd":0,"durationStart":0,"endIndexFrame":90,"indexRowCurrent":0,"indexRowPrevious":0,"keyInHasMap":1653619535704,"linkDownloadMp3":"","nameMp3":"","pathSaveFile":"","startIndexFrame":0,"volume":1}]}}