{"durationVideo":8667,"editor":{"listItemPhotoData":[{"backgroundColor":-16777216,"blurBackground":0,"duration":5300,"endIndexFrame":158,"flipHorizontal":1.0,"flipVertical":1.0,"gpuPosition":0,"gpuProgress":0,"heightBitmap":720,"idItemPhoto":"1654663152869","indexEndFrameTransformCombo":0,"indexEndFrameTransformIn":6,"indexStartFrameTransformOut":0,"isCenterCrop":false,"isCenterInside":true,"isCropBitmap":true,"isLoadFromCache":true,"isLocked":true,"itemDataTransition":{"indexCate":6,"indexItem":15,"isMask":false,"keyItem":"BLANCH","linkCover":"https://photoforapp.s3.ap-southeast-1.amazonaws.com/Video/TransitionsServer/Basic/Icon/BLANCH.gif","linkDownload":"https://photoforapp.s3.ap-southeast-1.amazonaws.com/Video/TransitionsServer/Basic/BLANCH.zip","modeDraw":"","nameEn":"Blanch","nameVn":"Làm trắng","paintModeDraw":"SRC_OVER","pathFolderOfTransition":"","pathFolderZipOfTransition":"","positionTransitionInAdapter":97,"timeTransitionCurrent":191,"typeTransition":{"type":"BASIC","typeTransition":"BLANCH"}},"itemTemplateModel":{"duration":0,"heightBitmap":0,"indexSticker":-1,"isCrop":false,"isLocked":false,"md5PathFileOld":"","pathFile":"","rect":{"bottom":0,"left":0,"right":0,"top":0},"typeTemplateModel":"NONE","widthBitmap":0},"linkBackgroundImage":"","objDataAdjust":{"mCurrentBrightnessFilter":50,"mCurrentContrastFilter":50,"mCurrentExposureFilter":50,"mCurrentFadeFilters":0,"mCurrentHighlightFilter":100,"mCurrentHueFilter":0,"mCurrentSaturationFilter":50,"mCurrentShadowFilter":0,"mCurrentSharpenFilter":50,"mCurrentTempFilter":50,"mCurrentVignetteFilter":100,"mListRedoAdjust":[],"mListUndoAdjust":[]},"pathBitmap":"/storage/emulated/0/Pictures/Telegram/IMG_20220608_113412_708.jpg","rectCrop":{"bottom":1000,"left":0,"right":720,"top":280},"rotate":0,"rotateAnim":0.0,"scaleAnim":1.0,"startIndexFrame":0,"timeTransformCombo":5300,"timeTransformIn":211,"timeTransformOut":5300,"totalFrame":158,"typeBackground":"COLOR","typeTransformCombo":"NONE","typeTransformIn":"ZOOM_OUT","typeTransformOut":"NONE","valueMatrixBitmapDraw":[1.0,0.0,0.0,0.0,1.0,0.0,0.0,0.0,1.0],"widthBitmap":720},{"backgroundColor":-16777216,"blurBackground":0,"duration":333,"endIndexFrame":168,"flipHorizontal":1.0,"flipVertical":1.0,"gpuPosition":0,"gpuProgress":0,"heightBitmap":565,"idItemPhoto":"1654663153018","indexEndFrameTransformCombo":0,"indexEndFrameTransformIn":165,"indexStartFrameTransformOut":0,"isCenterCrop":false,"isCenterInside":true,"isCropBitmap":false,"isLoadFromCache":true,"isLocked":false,"itemDataTransition":{"indexCate":6,"indexItem":15,"isMask":false,"keyItem":"BLANCH","linkCover":"https://photoforapp.s3.ap-southeast-1.amazonaws.com/Video/TransitionsServer/Basic/Icon/BLANCH.gif","linkDownload":"https://photoforapp.s3.ap-southeast-1.amazonaws.com/Video/TransitionsServer/Basic/BLANCH.zip","modeDraw":"","nameEn":"Blanch","nameVn":"Làm trắng","paintModeDraw":"SRC_OVER","pathFolderOfTransition":"","pathFolderZipOfTransition":"","positionTransitionInAdapter":97,"timeTransitionCurrent":191,"typeTransition":{"type":"BASIC","typeTransition":"BLANCH"}},"itemTemplateModel":{"duration":0,"heightBitmap":0,"indexSticker":-1,"isCrop":false,"isLocked":false,"md5PathFileOld":"","pathFile":"","rect":{"bottom":0,"left":0,"right":0,"top":0},"typeTemplateModel":"NONE","widthBitmap":0},"linkBackgroundImage":"","objDataAdjust":{"mCurrentBrightnessFilter":50,"mCurrentContrastFilter":50,"mCurrentExposureFilter":50,"mCurrentFadeFilters":0,"mCurrentHighlightFilter":100,"mCurrentHueFilter":0,"mCurrentSaturationFilter":50,"mCurrentShadowFilter":0,"mCurrentSharpenFilter":50,"mCurrentTempFilter":50,"mCurrentVignetteFilter":100,"mListRedoAdjust":[],"mListUndoAdjust":[]},"pathBitmap":"/storage/emulated/0/Pictures/Telegram/IMG_20220608_113120_308.png","rotate":0,"rotateAnim":0.0,"scaleAnim":1.0,"startIndexFrame":159,"timeTransformCombo":333,"timeTransformIn":211,"timeTransformOut":333,"totalFrame":9,"typeBackground":"COLOR","typeTransformCombo":"NONE","typeTransformIn":"ZOOM_OUT","typeTransformOut":"NONE","valueMatrixBitmapDraw":[1.2743363,0.0,0.6371536,0.0,1.2743363,-1.5258789E-5,0.0,0.0,1.0],"widthBitmap":564},{"backgroundColor":-16777216,"blurBackground":0,"duration":367,"endIndexFrame":179,"flipHorizontal":1.0,"flipVertical":1.0,"gpuPosition":0,"gpuProgress":0,"heightBitmap":565,"idItemPhoto":"1654663153140","indexEndFrameTransformCombo":0,"indexEndFrameTransformIn":175,"indexStartFrameTransformOut":0,"isCenterCrop":false,"isCenterInside":true,"isCropBitmap":false,"isLoadFromCache":true,"isLocked":false,"itemDataTransition":{"indexCate":6,"indexItem":15,"isMask":false,"keyItem":"BLANCH","linkCover":"https://photoforapp.s3.ap-southeast-1.amazonaws.com/Video/TransitionsServer/Basic/Icon/BLANCH.gif","linkDownload":"https://photoforapp.s3.ap-southeast-1.amazonaws.com/Video/TransitionsServer/Basic/BLANCH.zip","modeDraw":"","nameEn":"Blanch","nameVn":"Làm trắng","paintModeDraw":"SRC_OVER","pathFolderOfTransition":"","pathFolderZipOfTransition":"","positionTransitionInAdapter":97,"timeTransitionCurrent":191,"typeTransition":{"type":"BASIC","typeTransition":"BLANCH"}},"itemTemplateModel":{"duration":0,"heightBitmap":0,"indexSticker":-1,"isCrop":false,"isLocked":false,"md5PathFileOld":"","pathFile":"","rect":{"bottom":0,"left":0,"right":0,"top":0},"typeTemplateModel":"NONE","widthBitmap":0},"linkBackgroundImage":"","objDataAdjust":{"mCurrentBrightnessFilter":50,"mCurrentContrastFilter":50,"mCurrentExposureFilter":50,"mCurrentFadeFilters":0,"mCurrentHighlightFilter":100,"mCurrentHueFilter":0,"mCurrentSaturationFilter":50,"mCurrentShadowFilter":0,"mCurrentSharpenFilter":50,"mCurrentTempFilter":50,"mCurrentVignetteFilter":100,"mListRedoAdjust":[],"mListUndoAdjust":[]},"pathBitmap":"/storage/emulated/0/Pictures/Telegram/IMG_20220608_113115_018.png","rotate":0,"rotateAnim":0.0,"scaleAnim":1.0,"startIndexFrame":169,"timeTransformCombo":367,"timeTransformIn":211,"timeTransformOut":367,"totalFrame":10,"typeBackground":"COLOR","typeTransformCombo":"NONE","typeTransformIn":"ZOOM_OUT","typeTransformOut":"NONE","valueMatrixBitmapDraw":[1.2743363,0.0,0.6371536,0.0,1.2743363,-1.5258789E-5,0.0,0.0,1.0],"widthBitmap":564},{"backgroundColor":-16777216,"blurBackground":0,"duration":300,"endIndexFrame":188,"flipHorizontal":1.0,"flipVertical":1.0,"gpuPosition":0,"gpuProgress":0,"heightBitmap":565,"idItemPhoto":"1654663153264","indexEndFrameTransformCombo":0,"indexEndFrameTransformIn":186,"indexStartFrameTransformOut":0,"isCenterCrop":false,"isCenterInside":true,"isCropBitmap":false,"isLoadFromCache":true,"isLocked":false,"itemDataTransition":{"indexCate":6,"indexItem":15,"isMask":false,"keyItem":"BLANCH","linkCover":"https://photoforapp.s3.ap-southeast-1.amazonaws.com/Video/TransitionsServer/Basic/Icon/BLANCH.gif","linkDownload":"https://photoforapp.s3.ap-southeast-1.amazonaws.com/Video/TransitionsServer/Basic/BLANCH.zip","modeDraw":"","nameEn":"Blanch","nameVn":"Làm trắng","paintModeDraw":"SRC_OVER","pathFolderOfTransition":"","pathFolderZipOfTransition":"","positionTransitionInAdapter":97,"timeTransitionCurrent":191,"typeTransition":{"type":"BASIC","typeTransition":"BLANCH"}},"itemTemplateModel":{"duration":0,"heightBitmap":0,"indexSticker":-1,"isCrop":false,"isLocked":false,"md5PathFileOld":"","pathFile":"","rect":{"bottom":0,"left":0,"right":0,"top":0},"typeTemplateModel":"NONE","widthBitmap":0},"linkBackgroundImage":"","objDataAdjust":{"mCurrentBrightnessFilter":50,"mCurrentContrastFilter":50,"mCurrentExposureFilter":50,"mCurrentFadeFilters":0,"mCurrentHighlightFilter":100,"mCurrentHueFilter":0,"mCurrentSaturationFilter":50,"mCurrentShadowFilter":0,"mCurrentSharpenFilter":50,"mCurrentTempFilter":50,"mCurrentVignetteFilter":100,"mListRedoAdjust":[],"mListUndoAdjust":[]},"pathBitmap":"/storage/emulated/0/Pictures/Telegram/IMG_20220608_113117_183.png","rotate":0,"rotateAnim":0.0,"scaleAnim":1.0,"startIndexFrame":180,"timeTransformCombo":300,"timeTransformIn":211,"timeTransformOut":300,"totalFrame":8,"typeBackground":"COLOR","typeTransformCombo":"NONE","typeTransformIn":"ZOOM_OUT","typeTransformOut":"NONE","valueMatrixBitmapDraw":[1.2743363,0.0,0.6371536,0.0,1.2743363,-1.5258789E-5,0.0,0.0,1.0],"widthBitmap":564},{"backgroundColor":-16777216,"blurBackground":0,"duration":333,"endIndexFrame":198,"flipHorizontal":1.0,"flipVertical":1.0,"gpuPosition":0,"gpuProgress":0,"heightBitmap":565,"idItemPhoto":"1654663153468","indexEndFrameTransformCombo":0,"indexEndFrameTransformIn":195,"indexStartFrameTransformOut":0,"isCenterCrop":false,"isCenterInside":true,"isCropBitmap":false,"isLoadFromCache":true,"isLocked":false,"itemDataTransition":{"indexCate":6,"indexItem":15,"isMask":false,"keyItem":"BLANCH","linkCover":"https://photoforapp.s3.ap-southeast-1.amazonaws.com/Video/TransitionsServer/Basic/Icon/BLANCH.gif","linkDownload":"https://photoforapp.s3.ap-southeast-1.amazonaws.com/Video/TransitionsServer/Basic/BLANCH.zip","modeDraw":"","nameEn":"Blanch","nameVn":"Làm trắng","paintModeDraw":"SRC_OVER","pathFolderOfTransition":"","pathFolderZipOfTransition":"","positionTransitionInAdapter":97,"timeTransitionCurrent":191,"typeTransition":{"type":"BASIC","typeTransition":"BLANCH"}},"itemTemplateModel":{"duration":0,"heightBitmap":0,"indexSticker":-1,"isCrop":false,"isLocked":false,"md5PathFileOld":"","pathFile":"","rect":{"bottom":0,"left":0,"right":0,"top":0},"typeTemplateModel":"NONE","widthBitmap":0},"linkBackgroundImage":"","objDataAdjust":{"mCurrentBrightnessFilter":50,"mCurrentContrastFilter":50,"mCurrentExposureFilter":50,"mCurrentFadeFilters":0,"mCurrentHighlightFilter":100,"mCurrentHueFilter":0,"mCurrentSaturationFilter":50,"mCurrentShadowFilter":0,"mCurrentSharpenFilter":50,"mCurrentTempFilter":50,"mCurrentVignetteFilter":100,"mListRedoAdjust":[],"mListUndoAdjust":[]},"pathBitmap":"/storage/emulated/0/Pictures/Telegram/IMG_20220608_113118_413.png","rotate":0,"rotateAnim":0.0,"scaleAnim":1.0,"startIndexFrame":189,"timeTransformCombo":333,"timeTransformIn":211,"timeTransformOut":333,"totalFrame":9,"typeBackground":"COLOR","typeTransformCombo":"NONE","typeTransformIn":"ZOOM_OUT","typeTransformOut":"NONE","valueMatrixBitmapDraw":[1.2743363,0.0,0.6371536,0.0,1.2743363,-1.5258789E-5,0.0,0.0,1.0],"widthBitmap":564},{"backgroundColor":-16777216,"blurBackground":0,"duration":300,"endIndexFrame":207,"flipHorizontal":1.0,"flipVertical":1.0,"gpuPosition":0,"gpuProgress":0,"heightBitmap":565,"idItemPhoto":"1654663153577","indexEndFrameTransformCombo":0,"indexEndFrameTransformIn":205,"indexStartFrameTransformOut":0,"isCenterCrop":false,"isCenterInside":true,"isCropBitmap":false,"isLoadFromCache":true,"isLocked":false,"itemDataTransition":{"indexCate":6,"indexItem":15,"isMask":false,"keyItem":"BLANCH","linkCover":"https://photoforapp.s3.ap-southeast-1.amazonaws.com/Video/TransitionsServer/Basic/Icon/BLANCH.gif","linkDownload":"https://photoforapp.s3.ap-southeast-1.amazonaws.com/Video/TransitionsServer/Basic/BLANCH.zip","modeDraw":"","nameEn":"Blanch","nameVn":"Làm trắng","paintModeDraw":"SRC_OVER","pathFolderOfTransition":"","pathFolderZipOfTransition":"","positionTransitionInAdapter":97,"timeTransitionCurrent":191,"typeTransition":{"type":"BASIC","typeTransition":"BLANCH"}},"itemTemplateModel":{"duration":0,"heightBitmap":0,"indexSticker":-1,"isCrop":false,"isLocked":false,"md5PathFileOld":"","pathFile":"","rect":{"bottom":0,"left":0,"right":0,"top":0},"typeTemplateModel":"NONE","widthBitmap":0},"linkBackgroundImage":"","objDataAdjust":{"mCurrentBrightnessFilter":50,"mCurrentContrastFilter":50,"mCurrentExposureFilter":50,"mCurrentFadeFilters":0,"mCurrentHighlightFilter":100,"mCurrentHueFilter":0,"mCurrentSaturationFilter":50,"mCurrentShadowFilter":0,"mCurrentSharpenFilter":50,"mCurrentTempFilter":50,"mCurrentVignetteFilter":100,"mListRedoAdjust":[],"mListUndoAdjust":[]},"pathBitmap":"/storage/emulated/0/Pictures/Telegram/IMG_20220608_113119_437.png","rotate":0,"rotateAnim":0.0,"scaleAnim":1.0,"startIndexFrame":199,"timeTransformCombo":300,"timeTransformIn":211,"timeTransformOut":300,"totalFrame":8,"typeBackground":"COLOR","typeTransformCombo":"NONE","typeTransformIn":"ZOOM_OUT","typeTransformOut":"NONE","valueMatrixBitmapDraw":[1.2743363,0.0,0.6371536,0.0,1.2743363,-1.5258789E-5,0.0,0.0,1.0],"widthBitmap":564},{"backgroundColor":-16777216,"blurBackground":0,"duration":333,"endIndexFrame":217,"flipHorizontal":1.0,"flipVertical":1.0,"gpuPosition":0,"gpuProgress":0,"heightBitmap":565,"idItemPhoto":"1654663153683","indexEndFrameTransformCombo":0,"indexEndFrameTransformIn":214,"indexStartFrameTransformOut":0,"isCenterCrop":false,"isCenterInside":true,"isCropBitmap":false,"isLoadFromCache":true,"isLocked":false,"itemDataTransition":{"indexCate":6,"indexItem":15,"isMask":false,"keyItem":"BLANCH","linkCover":"https://photoforapp.s3.ap-southeast-1.amazonaws.com/Video/TransitionsServer/Basic/Icon/BLANCH.gif","linkDownload":"https://photoforapp.s3.ap-southeast-1.amazonaws.com/Video/TransitionsServer/Basic/BLANCH.zip","modeDraw":"","nameEn":"Blanch","nameVn":"Làm trắng","paintModeDraw":"SRC_OVER","pathFolderOfTransition":"","pathFolderZipOfTransition":"","positionTransitionInAdapter":97,"timeTransitionCurrent":191,"typeTransition":{"type":"BASIC","typeTransition":"BLANCH"}},"itemTemplateModel":{"duration":0,"heightBitmap":0,"indexSticker":-1,"isCrop":false,"isLocked":false,"md5PathFileOld":"","pathFile":"","rect":{"bottom":0,"left":0,"right":0,"top":0},"typeTemplateModel":"NONE","widthBitmap":0},"linkBackgroundImage":"","objDataAdjust":{"mCurrentBrightnessFilter":50,"mCurrentContrastFilter":50,"mCurrentExposureFilter":50,"mCurrentFadeFilters":0,"mCurrentHighlightFilter":100,"mCurrentHueFilter":0,"mCurrentSaturationFilter":50,"mCurrentShadowFilter":0,"mCurrentSharpenFilter":50,"mCurrentTempFilter":50,"mCurrentVignetteFilter":100,"mListRedoAdjust":[],"mListUndoAdjust":[]},"pathBitmap":"/storage/emulated/0/Pictures/Telegram/IMG_20220608_113121_477.png","rotate":0,"rotateAnim":0.0,"scaleAnim":1.0,"startIndexFrame":208,"timeTransformCombo":333,"timeTransformIn":211,"timeTransformOut":333,"totalFrame":9,"typeBackground":"COLOR","typeTransformCombo":"NONE","typeTransformIn":"ZOOM_OUT","typeTransformOut":"NONE","valueMatrixBitmapDraw":[1.2743363,0.0,0.6371536,0.0,1.2743363,-1.5258789E-5,0.0,0.0,1.0],"widthBitmap":564},{"backgroundColor":-16777216,"blurBackground":0,"duration":300,"endIndexFrame":226,"flipHorizontal":1.0,"flipVertical":1.0,"gpuPosition":0,"gpuProgress":0,"heightBitmap":565,"idItemPhoto":"1654663153774","indexEndFrameTransformCombo":0,"indexEndFrameTransformIn":224,"indexStartFrameTransformOut":0,"isCenterCrop":false,"isCenterInside":true,"isCropBitmap":false,"isLoadFromCache":true,"isLocked":false,"itemDataTransition":{"indexCate":6,"indexItem":15,"isMask":false,"keyItem":"BLANCH","linkCover":"https://photoforapp.s3.ap-southeast-1.amazonaws.com/Video/TransitionsServer/Basic/Icon/BLANCH.gif","linkDownload":"https://photoforapp.s3.ap-southeast-1.amazonaws.com/Video/TransitionsServer/Basic/BLANCH.zip","modeDraw":"","nameEn":"Blanch","nameVn":"Làm trắng","paintModeDraw":"SRC_OVER","pathFolderOfTransition":"","pathFolderZipOfTransition":"","positionTransitionInAdapter":97,"timeTransitionCurrent":191,"typeTransition":{"type":"BASIC","typeTransition":"BLANCH"}},"itemTemplateModel":{"duration":0,"heightBitmap":0,"indexSticker":-1,"isCrop":false,"isLocked":false,"md5PathFileOld":"","pathFile":"","rect":{"bottom":0,"left":0,"right":0,"top":0},"typeTemplateModel":"NONE","widthBitmap":0},"linkBackgroundImage":"","objDataAdjust":{"mCurrentBrightnessFilter":50,"mCurrentContrastFilter":50,"mCurrentExposureFilter":50,"mCurrentFadeFilters":0,"mCurrentHighlightFilter":100,"mCurrentHueFilter":0,"mCurrentSaturationFilter":50,"mCurrentShadowFilter":0,"mCurrentSharpenFilter":50,"mCurrentTempFilter":50,"mCurrentVignetteFilter":100,"mListRedoAdjust":[],"mListUndoAdjust":[]},"pathBitmap":"/storage/emulated/0/Pictures/Telegram/IMG_20220608_113123_199.png","rotate":0,"rotateAnim":0.0,"scaleAnim":1.0,"startIndexFrame":218,"timeTransformCombo":300,"timeTransformIn":211,"timeTransformOut":300,"totalFrame":8,"typeBackground":"COLOR","typeTransformCombo":"NONE","typeTransformIn":"ZOOM_OUT","typeTransformOut":"NONE","valueMatrixBitmapDraw":[1.2743363,0.0,0.6371536,0.0,1.2743363,-1.5258789E-5,0.0,0.0,1.0],"widthBitmap":564},{"backgroundColor":-16777216,"blurBackground":0,"duration":333,"endIndexFrame":236,"flipHorizontal":1.0,"flipVertical":1.0,"gpuPosition":0,"gpuProgress":0,"heightBitmap":565,"idItemPhoto":"1654663153871","indexEndFrameTransformCombo":0,"indexEndFrameTransformIn":233,"indexStartFrameTransformOut":0,"isCenterCrop":false,"isCenterInside":true,"isCropBitmap":false,"isLoadFromCache":true,"isLocked":false,"itemDataTransition":{"indexCate":6,"indexItem":15,"isMask":false,"keyItem":"BLANCH","linkCover":"https://photoforapp.s3.ap-southeast-1.amazonaws.com/Video/TransitionsServer/Basic/Icon/BLANCH.gif","linkDownload":"https://photoforapp.s3.ap-southeast-1.amazonaws.com/Video/TransitionsServer/Basic/BLANCH.zip","modeDraw":"","nameEn":"Blanch","nameVn":"Làm trắng","paintModeDraw":"SRC_OVER","pathFolderOfTransition":"","pathFolderZipOfTransition":"","positionTransitionInAdapter":97,"timeTransitionCurrent":191,"typeTransition":{"type":"BASIC","typeTransition":"BLANCH"}},"itemTemplateModel":{"duration":0,"heightBitmap":0,"indexSticker":-1,"isCrop":false,"isLocked":false,"md5PathFileOld":"","pathFile":"","rect":{"bottom":0,"left":0,"right":0,"top":0},"typeTemplateModel":"NONE","widthBitmap":0},"linkBackgroundImage":"","objDataAdjust":{"mCurrentBrightnessFilter":50,"mCurrentContrastFilter":50,"mCurrentExposureFilter":50,"mCurrentFadeFilters":0,"mCurrentHighlightFilter":100,"mCurrentHueFilter":0,"mCurrentSaturationFilter":50,"mCurrentShadowFilter":0,"mCurrentSharpenFilter":50,"mCurrentTempFilter":50,"mCurrentVignetteFilter":100,"mListRedoAdjust":[],"mListUndoAdjust":[]},"pathBitmap":"/storage/emulated/0/Pictures/Telegram/IMG_20220608_113124_298.png","rotate":0,"rotateAnim":0.0,"scaleAnim":1.0,"startIndexFrame":227,"timeTransformCombo":333,"timeTransformIn":211,"timeTransformOut":333,"totalFrame":9,"typeBackground":"COLOR","typeTransformCombo":"NONE","typeTransformIn":"ZOOM_OUT","typeTransformOut":"NONE","valueMatrixBitmapDraw":[1.2743363,0.0,0.6371536,0.0,1.2743363,-1.5258789E-5,0.0,0.0,1.0],"widthBitmap":564},{"backgroundColor":-16777216,"blurBackground":0,"duration":333,"endIndexFrame":246,"flipHorizontal":1.0,"flipVertical":1.0,"gpuPosition":0,"gpuProgress":0,"heightBitmap":565,"idItemPhoto":"1654663153955","indexEndFrameTransformCombo":0,"indexEndFrameTransformIn":243,"indexStartFrameTransformOut":0,"isCenterCrop":false,"isCenterInside":true,"isCropBitmap":false,"isLoadFromCache":true,"isLocked":false,"itemDataTransition":{"indexCate":6,"indexItem":15,"isMask":false,"keyItem":"BLANCH","linkCover":"https://photoforapp.s3.ap-southeast-1.amazonaws.com/Video/TransitionsServer/Basic/Icon/BLANCH.gif","linkDownload":"https://photoforapp.s3.ap-southeast-1.amazonaws.com/Video/TransitionsServer/Basic/BLANCH.zip","modeDraw":"","nameEn":"Blanch","nameVn":"Làm trắng","paintModeDraw":"SRC_OVER","pathFolderOfTransition":"","pathFolderZipOfTransition":"","positionTransitionInAdapter":97,"timeTransitionCurrent":191,"typeTransition":{"type":"BASIC","typeTransition":"BLANCH"}},"itemTemplateModel":{"duration":0,"heightBitmap":0,"indexSticker":-1,"isCrop":false,"isLocked":false,"md5PathFileOld":"","pathFile":"","rect":{"bottom":0,"left":0,"right":0,"top":0},"typeTemplateModel":"NONE","widthBitmap":0},"linkBackgroundImage":"","objDataAdjust":{"mCurrentBrightnessFilter":50,"mCurrentContrastFilter":50,"mCurrentExposureFilter":50,"mCurrentFadeFilters":0,"mCurrentHighlightFilter":100,"mCurrentHueFilter":0,"mCurrentSaturationFilter":50,"mCurrentShadowFilter":0,"mCurrentSharpenFilter":50,"mCurrentTempFilter":50,"mCurrentVignetteFilter":100,"mListRedoAdjust":[],"mListUndoAdjust":[]},"pathBitmap":"/storage/emulated/0/Pictures/Telegram/IMG_20220608_113124_888.png","rotate":0,"rotateAnim":0.0,"scaleAnim":1.0,"startIndexFrame":237,"timeTransformCombo":333,"timeTransformIn":211,"timeTransformOut":333,"totalFrame":9,"typeBackground":"COLOR","typeTransformCombo":"NONE","typeTransformIn":"ZOOM_OUT","typeTransformOut":"NONE","valueMatrixBitmapDraw":[1.2743363,0.0,0.6371536,0.0,1.2743363,-1.5258789E-5,0.0,0.0,1.0],"widthBitmap":564},{"backgroundColor":-16777216,"blurBackground":0,"duration":433,"endIndexFrame":259,"flipHorizontal":1.0,"flipVertical":1.0,"gpuPosition":0,"gpuProgress":0,"heightBitmap":565,"idItemPhoto":"1654663154023","indexEndFrameTransformCombo":0,"indexEndFrameTransformIn":253,"indexStartFrameTransformOut":0,"isCenterCrop":false,"isCenterInside":true,"isCropBitmap":false,"isLoadFromCache":true,"isLocked":false,"itemDataTransition":{"indexCate":0,"isMask":false,"keyItem":"","linkCover":"","linkDownload":"","modeDraw":"","nameEn":"","nameVn":"","paintModeDraw":"SRC_OVER","pathFolderOfTransition":"","pathFolderZipOfTransition":"","positionTransitionInAdapter":0,"timeTransitionCurrent":433,"typeTransition":{"type":"NONE","typeTransition":"NONE"}},"itemTemplateModel":{"duration":0,"heightBitmap":0,"indexSticker":-1,"isCrop":false,"isLocked":false,"md5PathFileOld":"","pathFile":"","rect":{"bottom":0,"left":0,"right":0,"top":0},"typeTemplateModel":"NONE","widthBitmap":0},"linkBackgroundImage":"","objDataAdjust":{"mCurrentBrightnessFilter":50,"mCurrentContrastFilter":50,"mCurrentExposureFilter":50,"mCurrentFadeFilters":0,"mCurrentHighlightFilter":100,"mCurrentHueFilter":0,"mCurrentSaturationFilter":50,"mCurrentShadowFilter":0,"mCurrentSharpenFilter":50,"mCurrentTempFilter":50,"mCurrentVignetteFilter":100,"mListRedoAdjust":[],"mListUndoAdjust":[]},"pathBitmap":"/storage/emulated/0/Pictures/Telegram/20220608_113235.png","rotate":0,"rotateAnim":0.0,"scaleAnim":1.0,"startIndexFrame":247,"timeTransformCombo":433,"timeTransformIn":211,"timeTransformOut":433,"totalFrame":12,"typeBackground":"COLOR","typeTransformCombo":"NONE","typeTransformIn":"ZOOM_OUT","typeTransformOut":"NONE","valueMatrixBitmapDraw":[1.2743363,0.0,0.6371536,0.0,1.2743363,-1.5258789E-5,0.0,0.0,1.0],"widthBitmap":564}]},"frame":{"listItemStickerData":[{"DOT":".","TYPE_PHOTO":"png","WIDTH_MAX":360,"alpha":255,"countDeltaTime":0.0,"dataFrames":{"isNeedLoadBitmap1":true,"isNeedLoadBitmap2":true,"isNeedLoadBitmap2Loop":false,"isNeedLoadBitmap3":true,"isNeedLoadBitmap4":false,"isNeedLoadBitmap4Loop":true,"isNeedLoadBitmap5":true,"isNeedLoadBitmap6":true,"isNeedLoadBitmap6Loop":false,"isNeedLoadBitmap7":true,"isNeedLoadBitmap8":false,"isNeedLoadBitmap8Loop":true,"isNeedLoadBitmap9":false},"deviationXShadow":0.0,"deviationYShadow":0.0,"duration":8666,"endColor":-1,"endIndexFrame":260,"flip":1.0,"heightBitmap":0,"id":"e11ed28f1aedfc248f5cf905f8a127a","indexColor":0,"indexColorShadow":0,"indexEndFrameTransformCombo":0,"indexEndFrameTransformIn":0,"indexFont":0,"indexFrame":0,"indexStartFrameTransformOut":0,"indexTransition":-1,"isBgText":false,"isBoldText":false,"isDashText":false,"isDashUnderText":false,"isDrawAnim":false,"isFirstFillDataTransformCombo":true,"isInit":true,"isItalicText":false,"isLayerFront":true,"isLoadFrameCache":true,"isTexture":false,"isVisible":true,"linkBubble":"","linkItemFrame":"https://photoforapp84133-dev.s3.ap-southeast-1.amazonaws.com/public/Frame/Film/Frame/6/","linkMask":"","listText":[],"modeDraw":"SRC_OVER","pathFolder":"","pathFont":"","pathSaveBitmapFrame":"/data/user/0/videoeditor.moviemaker/files/SaveProject/1654663164741/43c9f48a9eb8673c4ff24f25136e56.png","pathTexture":"","pointRotate":{"x":0.0,"y":0.0},"pointTranslate":{"x":0.0,"y":0.0},"rotate":0.0,"scale":1.0,"speed":1,"speedOfTransformCombo":15,"startColor":-1,"startIndexFrame":0,"stickerTypeTransformCombo":"NONE","stickerTypeTransformIn":"NONE","stickerTypeTransformOut":"NONE","textAlignment":"CENTER","textBlurShadow":0.0,"textColorShadow":-16777216,"textHeightAllLine":0.0,"textHeightOneLine":0.0,"textLetterSpacing":0.0,"textLineSpacing":4.0,"textPadding":6.0,"textSize":1.0,"textSizeDefault":30.0,"textString":"","textStroke":{"color":"#000000","indexPositionInAdapter":-1,"width":0.0},"timeTransformCombo":300,"timeTransformIn":300,"timeTransformOut":300,"titleShow":"","totalFileNeedDownForOneFrame":8,"typeSticker":"FRAME","urlCover":"","widthBitmap":0}],"listItemViewDataOnTimeLine":[{"durationEnd":8666,"durationStart":0,"endIndexFrame":260,"indexRowCurrent":0,"indexRowPrevious":0,"keyInHasMap":1654664482441,"linkDownloadMp3":"","nameMp3":"","pathSaveFile":"","startIndexFrame":0,"volume":1.0}]},"keyProjectCurrent":"1654663164741","listTemplateModel":{"list":[]},"music":{"listItemMusicData":[{"durationEnd":8701,"durationStart":0,"endIndexFrame":261,"indexRowCurrent":0,"indexRowPrevious":0,"keyInHasMap":1654663436486,"linkDownloadMp3":"/storage/emulated/0/Music/G3Video/Direct_ConvertVideoToMp3_1654662962025.mp3","nameMp3":"Direct_ConvertVideoToMp3_1654662962025.mp3","pathSaveFile":"/storage/emulated/0/Music/G3Video/Direct_ConvertVideoToMp3_1654662962025.mp3","startIndexFrame":0,"volume":1.0}]},"nameVideo":"Template 1654663164741","setting":{"quality":720,"ratio":{"height":1.0,"width":1.0}},"sticker":{"listItemStickerData":[],"listItemViewDataOnTimeLine":[]},"text":{"listItemStickerData":[{"DOT":".","TYPE_PHOTO":"png","WIDTH_MAX":360,"alpha":255,"countDeltaTime":0.0,"dataFrames":{"isNeedLoadBitmap1":false,"isNeedLoadBitmap2":false,"isNeedLoadBitmap2Loop":false,"isNeedLoadBitmap3":false,"isNeedLoadBitmap4":false,"isNeedLoadBitmap4Loop":false,"isNeedLoadBitmap5":false,"isNeedLoadBitmap6":false,"isNeedLoadBitmap6Loop":false,"isNeedLoadBitmap7":false,"isNeedLoadBitmap8":false,"isNeedLoadBitmap8Loop":false,"isNeedLoadBitmap9":false},"deviationXShadow":0.0,"deviationYShadow":0.0,"duration":3000,"endColor":-16777216,"endIndexFrame":90,"flip":1.0,"heightBitmap":0,"id":"ddccd43e7e57feaa081c6199a7b8e8","indexColor":0,"indexColorShadow":0,"indexEndFrameTransformCombo":0,"indexEndFrameTransformIn":31,"indexFont":37,"indexFrame":0,"indexStartFrameTransformOut":0,"indexTransition":-1,"isBgText":false,"isBoldText":false,"isDashText":false,"isDashUnderText":false,"isDrawAnim":false,"isFirstFillDataTransformCombo":true,"isInit":true,"isItalicText":false,"isLayerFront":true,"isLoadFrameCache":true,"isTexture":false,"isVisible":true,"linkBubble":"","linkItemFrame":"","linkMask":"","listText":["And you\u0027re spending all your time","In this wrong situation"],"modeDraw":"SRC_OVER","pathFolder":"","pathFont":"/data/user/0/videoeditor.moviemaker/files/INTERNAL_FONT_FOLDER_UNZIP/luxury/luxury/VL_TFPironv2.otf","pathSaveBitmapFrame":"","pathTexture":"","pointRotate":{"x":373.53516,"y":339.58984},"pointTranslate":{"x":193.53516,"y":159.58984},"rotate":-0.4235077,"scale":1.3997979,"speed":1,"speedOfTransformCombo":15,"startColor":-16777216,"startIndexFrame":0,"stickerTypeTransformCombo":"NONE","stickerTypeTransformIn":"ZOOM_IN","stickerTypeTransformOut":"NONE","textAlignment":"CENTER","textBlurShadow":0.0,"textColorShadow":-16777216,"textHeightAllLine":87.75,"textHeightOneLine":36.0,"textLetterSpacing":0.0,"textLineSpacing":17.0,"textPadding":15.75,"textSize":19.0,"textSizeDefault":30.0,"textString":"And you\u0027re spending all your time\nIn this wrong situation","textStroke":{"color":"#000000","indexPositionInAdapter":-1,"width":0.0},"timeTransformCombo":300,"timeTransformIn":1045,"timeTransformOut":300,"titleShow":"","totalFileNeedDownForOneFrame":0,"typeSticker":"TEXT","urlCover":"","widthBitmap":0},{"DOT":".","TYPE_PHOTO":"png","WIDTH_MAX":360,"alpha":255,"countDeltaTime":0.0,"dataFrames":{"isNeedLoadBitmap1":false,"isNeedLoadBitmap2":false,"isNeedLoadBitmap2Loop":false,"isNeedLoadBitmap3":false,"isNeedLoadBitmap4":false,"isNeedLoadBitmap4Loop":false,"isNeedLoadBitmap5":false,"isNeedLoadBitmap6":false,"isNeedLoadBitmap6Loop":false,"isNeedLoadBitmap7":false,"isNeedLoadBitmap8":false,"isNeedLoadBitmap8Loop":false,"isNeedLoadBitmap9":false},"deviationXShadow":0.0,"deviationYShadow":0.0,"duration":2266,"endColor":-16777216,"endIndexFrame":159,"flip":1.0,"heightBitmap":0,"id":"cdfbc33bdbf8c1ea933175fc474e58e","indexColor":0,"indexColorShadow":0,"indexEndFrameTransformCombo":0,"indexEndFrameTransformIn":122,"indexFont":37,"indexFrame":0,"indexStartFrameTransformOut":0,"indexTransition":-1,"isBgText":false,"isBoldText":false,"isDashText":false,"isDashUnderText":false,"isDrawAnim":false,"isFirstFillDataTransformCombo":true,"isInit":true,"isItalicText":false,"isLayerFront":true,"isLoadFrameCache":true,"isTexture":false,"isVisible":false,"linkBubble":"","linkItemFrame":"","linkMask":"","listText":["And anytime you want it to stop"],"modeDraw":"SRC_OVER","pathFolder":"","pathFont":"/data/user/0/videoeditor.moviemaker/files/INTERNAL_FONT_FOLDER_UNZIP/luxury/luxury/VL_TFPironv2.otf","pathSaveBitmapFrame":"","pathTexture":"","pointRotate":{"x":373.53516,"y":339.58984},"pointTranslate":{"x":193.53516,"y":159.58984},"rotate":-0.4235077,"scale":1.3997979,"speed":1,"speedOfTransformCombo":15,"startColor":-16777216,"startIndexFrame":91,"stickerTypeTransformCombo":"NONE","stickerTypeTransformIn":"ZOOM_IN","stickerTypeTransformOut":"NONE","textAlignment":"CENTER","textBlurShadow":0.0,"textColorShadow":-16777216,"textHeightAllLine":53.75,"textHeightOneLine":38.0,"textLetterSpacing":0.0,"textLineSpacing":17.0,"textPadding":15.75,"textSize":21.0,"textSizeDefault":30.0,"textString":"And anytime you want it to stop","textStroke":{"color":"#000000","indexPositionInAdapter":-1,"width":0.0},"timeTransformCombo":300,"timeTransformIn":1045,"timeTransformOut":300,"titleShow":"","totalFileNeedDownForOneFrame":0,"typeSticker":"TEXT","urlCover":"","widthBitmap":0}],"listItemViewDataOnTimeLine":[{"durationEnd":0,"durationStart":0,"endIndexFrame":90,"indexRowCurrent":0,"indexRowPrevious":0,"keyInHasMap":1654664480837,"linkDownloadMp3":"","nameMp3":"","pathSaveFile":"","startIndexFrame":0,"volume":1.0},{"durationEnd":0,"durationStart":0,"endIndexFrame":159,"indexRowCurrent":0,"indexRowPrevious":0,"keyInHasMap":1654664480885,"linkDownloadMp3":"","nameMp3":"","pathSaveFile":"","startIndexFrame":91,"volume":1.0}]},"timeLastUpdate":1654664575489,"videoEffect":{"listItemEffectData":[{"drawMode":"SCREEN","endIndexFrame":45,"indexFrameDrawCurrent":0,"isCenterCrop":true,"isCenterInside":false,"isDraw":true,"isReloadFromCache":true,"jsonObjectDataOfItem":"{\"color\":-16777216}","keyEffect":"Basic","keyInHasMap":1654664575492,"pathFolderEffect":"","positionInAdapter":1,"sizeCanvasCurrent":{"x":0,"y":0},"speed":1,"startIndexFrame":0,"title":"Horizontal open","totalFrame":45,"uri":""},{"drawMode":"SCREEN","endIndexFrame":160,"indexFrameDrawCurrent":56,"isCenterCrop":true,"isCenterInside":false,"isDraw":true,"isReloadFromCache":true,"jsonObjectDataOfItem":"","keyEffect":"SERVER","keyInHasMap":1654664575493,"pathFolderEffect":"/data/user/0/videoeditor.moviemaker/files/FOLDER_EFFECT/Retro/10","positionInAdapter":10,"sizeCanvasCurrent":{"x":720,"y":720},"speed":1,"startIndexFrame":14,"title":"Retro 10","totalFrame":146,"uri":"/data/user/0/videoeditor.moviemaker/files/FOLDER_EFFECT/Retro/10/Retro.m4v"},{"drawMode":"SCREEN","endIndexFrame":260,"indexFrameDrawCurrent":44,"isCenterCrop":true,"isCenterInside":false,"isDraw":true,"isReloadFromCache":true,"jsonObjectDataOfItem":"","keyEffect":"SERVER","keyInHasMap":1654664575495,"pathFolderEffect":"/data/user/0/videoeditor.moviemaker/files/FOLDER_EFFECT/Retro/17","positionInAdapter":17,"sizeCanvasCurrent":{"x":720,"y":720},"speed":1,"startIndexFrame":161,"title":"Retro 17","totalFrame":99,"uri":"/data/user/0/videoeditor.moviemaker/files/FOLDER_EFFECT/Retro/17/Retro.m4v"}],"listItemViewDataOnTimeLine":[{"durationEnd":0,"durationStart":0,"endIndexFrame":45,"indexRowCurrent":0,"indexRowPrevious":0,"keyInHasMap":1654664368101,"linkDownloadMp3":"","nameMp3":"","pathSaveFile":"","startIndexFrame":0,"volume":1.0},{"durationEnd":0,"durationStart":0,"endIndexFrame":160,"indexRowCurrent":0,"indexRowPrevious":0,"keyInHasMap":1654664368106,"linkDownloadMp3":"","nameMp3":"","pathSaveFile":"","startIndexFrame":14,"volume":1.0},{"durationEnd":3299,"durationStart":0,"endIndexFrame":260,"indexRowCurrent":0,"indexRowPrevious":0,"keyInHasMap":1654664368111,"linkDownloadMp3":"","nameMp3":"","pathSaveFile":"","startIndexFrame":161,"volume":1.0}]}}