{
  "durationVideo": 14267,
  "editor": {
    "listItemPhotoData": [
      {
        "backgroundColor": -16777216,
        "blurBackground": 0,
        "duration": 7367,
        "endIndexFrame": 220,
        "flipHorizontal": 1.0,
        "flipVertical": 1.0,
        "gpuPosition": 0,
        "gpuProgress": 0,
        "heightBitmap": 1280,
        "idItemPhoto": "1655800784235",
        "indexEndFrameTransformCombo": 0,
        "indexEndFrameTransformIn": 0,
        "indexStartFrameTransformOut": 0,
        "isCenterCrop": false,
        "isCenterInside": true,
        "isCropBitmap": false,
        "isLoadFromCache": true,
        "isLocked": false,
        "itemDataTransition": {
          "indexCate": 1,
          "indexItem": 4,
          "isMask": false,
          "keyItem": "STRETCH_LEFT",
          "linkCover": "https://photoforapp.s3.ap-southeast-1.amazonaws.com/Video/TransitionsServer/Effect/Icon/STRETCH_LEFT.gif",
          "linkDownload": "https://photoforapp.s3.ap-southeast-1.amazonaws.com/Video/TransitionsServer/Effect/STRETCH_LEFT.zip",
          "modeDraw": "",
          "nameEn": "Stretch left",
          "nameVn": "Kéo dài sang trái",
          "paintModeDraw": "SRC_OVER",
          "pathFolderOfTransition": "",
          "pathFolderZipOfTransition": "",
          "positionTransitionInAdapter": 2,
          "timeTransitionCurrent": 674,
          "typeTransition": {
            "type": "EFFECT",
            "typeTransition": "STRETCH_LEFT"
          }
        },
        "itemTemplateModel": {
          "duration": 0,
          "heightBitmap": 0,
          "indexSticker": -1,
          "isCrop": false,
          "isLocked": false,
          "md5PathFileOld": "",
          "pathFile": "",
          "rect": {
            "bottom": 0,
            "left": 0,
            "right": 0,
            "top": 0
          },
          "typeTemplateModel": "NONE",
          "widthBitmap": 0
        },
        "linkBackgroundImage": "",
        "objDataAdjust": {
          "mCurrentBrightnessFilter": 50,
          "mCurrentContrastFilter": 50,
          "mCurrentExposureFilter": 50,
          "mCurrentFadeFilters": 0,
          "mCurrentHighlightFilter": 100,
          "mCurrentHueFilter": 0,
          "mCurrentSaturationFilter": 50,
          "mCurrentShadowFilter": 0,
          "mCurrentSharpenFilter": 50,
          "mCurrentTempFilter": 50,
          "mCurrentVignetteFilter": 100,
          "mListRedoAdjust": [],
          "mListUndoAdjust": []
        },
        "pathBitmap": "/storage/emulated/0/Pictures/Telegram/IMG_20220621_153907_399.jpg",
        "rotate": 0,
        "rotateAnim": 0.0,
        "scaleAnim": 1.0,
        "startIndexFrame": 0,
        "timeTransformCombo": 7367,
        "timeTransformIn": 300,
        "timeTransformOut": 300,
        "totalFrame": 220,
        "typeBackground": "COLOR",
        "typeTransformCombo": "NONE",
        "typeTransformIn": "NONE",
        "typeTransformOut": "NONE",
        "valueMatrixBitmapDraw": [
          0.5625,
          0.0,
          0.0,
          0.0,
          0.5625,
          0.0,
          0.0,
          0.0,
          1.0
        ],
        "widthBitmap": 720
      },
      {
        "backgroundColor": -16777216,
        "blurBackground": 0,
        "duration": 3900,
        "endIndexFrame": 337,
        "flipHorizontal": 1.0,
        "flipVertical": 1.0,
        "gpuPosition": 0,
        "gpuProgress": 0,
        "heightBitmap": 1280,
        "idItemPhoto": "1655800784437",
        "indexEndFrameTransformCombo": 0,
        "indexEndFrameTransformIn": 0,
        "indexStartFrameTransformOut": 0,
        "isCenterCrop": false,
        "isCenterInside": true,
        "isCropBitmap": false,
        "isLoadFromCache": true,
        "isLocked": false,
        "itemDataTransition": {
          "indexCate": 1,
          "indexItem": 5,
          "isMask": false,
          "keyItem": "STRETCH_RIGHT",
          "linkCover": "https://photoforapp.s3.ap-southeast-1.amazonaws.com/Video/TransitionsServer/Effect/Icon/STRETCH_RIGHT.gif",
          "linkDownload": "https://photoforapp.s3.ap-southeast-1.amazonaws.com/Video/TransitionsServer/Effect/STRETCH_RIGHT.zip",
          "modeDraw": "",
          "nameEn": "Stretch right",
          "nameVn": "Kéo dài sang phải",
          "paintModeDraw": "SRC_OVER",
          "pathFolderOfTransition": "",
          "pathFolderZipOfTransition": "",
          "positionTransitionInAdapter": 3,
          "timeTransitionCurrent": 658,
          "typeTransition": {
            "type": "EFFECT",
            "typeTransition": "STRETCH_RIGHT"
          }
        },
        "itemTemplateModel": {
          "duration": 0,
          "heightBitmap": 0,
          "indexSticker": -1,
          "isCrop": false,
          "isLocked": false,
          "md5PathFileOld": "",
          "pathFile": "",
          "rect": {
            "bottom": 0,
            "left": 0,
            "right": 0,
            "top": 0
          },
          "typeTemplateModel": "NONE",
          "widthBitmap": 0
        },
        "linkBackgroundImage": "",
        "objDataAdjust": {
          "mCurrentBrightnessFilter": 50,
          "mCurrentContrastFilter": 50,
          "mCurrentExposureFilter": 50,
          "mCurrentFadeFilters": 0,
          "mCurrentHighlightFilter": 100,
          "mCurrentHueFilter": 0,
          "mCurrentSaturationFilter": 50,
          "mCurrentShadowFilter": 0,
          "mCurrentSharpenFilter": 50,
          "mCurrentTempFilter": 50,
          "mCurrentVignetteFilter": 100,
          "mListRedoAdjust": [],
          "mListUndoAdjust": []
        },
        "pathBitmap": "/storage/emulated/0/Pictures/Telegram/IMG_20220621_153909_272.jpg",
        "rotate": 0,
        "rotateAnim": 0.0,
        "scaleAnim": 1.0,
        "startIndexFrame": 221,
        "timeTransformCombo": 3900,
        "timeTransformIn": 300,
        "timeTransformOut": 300,
        "totalFrame": 116,
        "typeBackground": "COLOR",
        "typeTransformCombo": "NONE",
        "typeTransformIn": "NONE",
        "typeTransformOut": "NONE",
        "valueMatrixBitmapDraw": [
          0.5625,
          0.0,
          0.0,
          0.0,
          0.5625,
          0.0,
          0.0,
          0.0,
          1.0
        ],
        "widthBitmap": 720
      },
      {
        "backgroundColor": -16777216,
        "blurBackground": 0,
        "duration": 3000,
        "endIndexFrame": 427,
        "flipHorizontal": 1.0,
        "flipVertical": 1.0,
        "gpuPosition": 0,
        "gpuProgress": 0,
        "heightBitmap": 1280,
        "idItemPhoto": "1655800784595",
        "indexEndFrameTransformCombo": 0,
        "indexEndFrameTransformIn": 0,
        "indexStartFrameTransformOut": 0,
        "isCenterCrop": false,
        "isCenterInside": true,
        "isCropBitmap": false,
        "isLoadFromCache": true,
        "isLocked": false,
        "itemDataTransition": {
          "indexCate": 0,
          "isMask": false,
          "keyItem": "",
          "linkCover": "",
          "linkDownload": "",
          "modeDraw": "",
          "nameEn": "",
          "nameVn": "",
          "paintModeDraw": "SRC_OVER",
          "pathFolderOfTransition": "",
          "pathFolderZipOfTransition": "",
          "positionTransitionInAdapter": 0,
          "timeTransitionCurrent": 1000,
          "typeTransition": {
            "type": "NONE",
            "typeTransition": "NONE"
          }
        },
        "itemTemplateModel": {
          "duration": 0,
          "heightBitmap": 0,
          "indexSticker": -1,
          "isCrop": false,
          "isLocked": false,
          "md5PathFileOld": "",
          "pathFile": "",
          "rect": {
            "bottom": 0,
            "left": 0,
            "right": 0,
            "top": 0
          },
          "typeTemplateModel": "NONE",
          "widthBitmap": 0
        },
        "linkBackgroundImage": "",
        "objDataAdjust": {
          "mCurrentBrightnessFilter": 50,
          "mCurrentContrastFilter": 50,
          "mCurrentExposureFilter": 50,
          "mCurrentFadeFilters": 0,
          "mCurrentHighlightFilter": 100,
          "mCurrentHueFilter": 0,
          "mCurrentSaturationFilter": 50,
          "mCurrentShadowFilter": 0,
          "mCurrentSharpenFilter": 50,
          "mCurrentTempFilter": 50,
          "mCurrentVignetteFilter": 100,
          "mListRedoAdjust": [],
          "mListUndoAdjust": []
        },
        "pathBitmap": "/storage/emulated/0/Pictures/Telegram/IMG_20220621_153911_081.jpg",
        "rotate": 0,
        "rotateAnim": 0.0,
        "scaleAnim": 1.0,
        "startIndexFrame": 338,
        "timeTransformCombo": 3000,
        "timeTransformIn": 300,
        "timeTransformOut": 300,
        "totalFrame": 89,
        "typeBackground": "COLOR",
        "typeTransformCombo": "NONE",
        "typeTransformIn": "NONE",
        "typeTransformOut": "NONE",
        "valueMatrixBitmapDraw": [
          0.5625,
          0.0,
          0.0,
          0.0,
          0.5625,
          0.0,
          0.0,
          0.0,
          1.0
        ],
        "widthBitmap": 720
      }
    ]
  },
  "frame": {
    "listItemStickerData": [],
    "listItemViewDataOnTimeLine": []
  },
  "keyProjectCurrent": "1655800800530",
  "listTemplateModel": {
    "list": []
  },
  "music": {
    "listItemMusicData": [
      {
        "durationEnd": 14239,
        "durationFadeIn": 0,
        "durationFadeOut": 0,
        "durationStart": 0,
        "endIndexFrame": 427,
        "indexRowCurrent": 0,
        "indexRowPrevious": 0,
        "keyInHasMap": 1655800816228,
        "linkDownloadMp3": "/storage/emulated/0/Music/G3Video/Direct_ConvertVideoToMp3_1655800810950.mp3",
        "nameMp3": "Direct_ConvertVideoToMp3_1655800810950.mp3",
        "pathDefault": "/storage/emulated/0/Music/G3Video/Direct_ConvertVideoToMp3_1655800810950.mp3",
        "pathSaveFile": "/storage/emulated/0/Music/G3Video/Direct_ConvertVideoToMp3_1655800810950.mp3",
        "positionEffectVoice": 0,
        "speedAudio": 1.0,
        "startIndexFrame": 0,
        "volume": 1.0
      }
    ]
  },
  "nameVideo": "Template 1655800800530",
  "setting": {
    "quality": 720,
    "ratio": {
      "height": 1.7777778,
      "width": 1.0
    }
  },
  "sticker": {
    "listItemStickerData": [],
    "listItemViewDataOnTimeLine": []
  },
  "text": {
    "listItemStickerData": [
      {
        "DOT": ".",
        "TYPE_PHOTO": "png",
        "WIDTH_MAX": 360,
        "alpha": 255,
        "animTextModel": {
          "easeCombo": "LINEAR",
          "easeIn": "LINEAR",
          "easeOut": "LINEAR",
          "endIndexFrameCombo": 221,
          "endIndexFrameIn": 67,
          "endIndexFrameOut": 221,
          "percentIn": 30.316742,
          "percentOut": 0.0,
          "percentSpeedCombo": 30.0,
          "speedFrameCombo": 40,
          "startIndexFrameCombo": 67,
          "startIndexFrameIn": 0,
          "startIndexFrameOut": 0,
          "typeAnimTextCombo": "C006_COMBO",
          "typeAnimTextIn": "TURN_HORIZONTAL_IN",
          "typeAnimTextOut": "NONE_OUT"
        },
        "countDeltaTime": 0.0,
        "dataFrames": {
          "isNeedLoadBitmap1": false,
          "isNeedLoadBitmap2": false,
          "isNeedLoadBitmap2Loop": false,
          "isNeedLoadBitmap3": false,
          "isNeedLoadBitmap4": false,
          "isNeedLoadBitmap4Loop": false,
          "isNeedLoadBitmap5": false,
          "isNeedLoadBitmap6": false,
          "isNeedLoadBitmap6Loop": false,
          "isNeedLoadBitmap7": false,
          "isNeedLoadBitmap8": false,
          "isNeedLoadBitmap8Loop": false,
          "isNeedLoadBitmap9": false
        },
        "deviationXShadow": 0.0,
        "deviationYShadow": 3.0,
        "duration": 7366,
        "endColor": -1,
        "endIndexFrame": 221,
        "flip": 1.0,
        "heightBitmap": 0,
        "id": "9cd24ddd820cc3df1cebc15862463d5",
        "indexColor": 0,
        "indexColorShadow": 5,
        "indexEndFrameTransformCombo": 0,
        "indexEndFrameTransformIn": 0,
        "indexFont": 56,
        "indexFrame": 0,
        "indexStartFrameTransformOut": 0,
        "indexTransition": -1,
        "isBgText": false,
        "isBoldText": false,
        "isDashText": false,
        "isDashUnderText": false,
        "isDrawAnim": false,
        "isFirstFillDataTransformCombo": true,
        "isInit": true,
        "isItalicText": true,
        "isLayerFront": true,
        "isLoadFrameCache": true,
        "isTexture": false,
        "isVisible": false,
        "linkBubble": "",
        "linkItemFrame": "",
        "linkMask": "",
        "listText": [
          "CAPTION CHO",
          "GÁI ĐỘC THÂN"
        ],
        "modeDraw": "SRC_OVER",
        "pathFolder": "",
        "pathFont": "/data/user/0/videoeditor.moviemaker/files/INTERNAL_FONT_FOLDER_UNZIP/FontNormal2/FontNormal2/Rene Bieder - Gentona Bold.otf",
        "pathSaveBitmapFrame": "",
        "pathTexture": "https://photoforapp.s3.ap-southeast-1.amazonaws.com/Video/TextV2/Style/Basic/5/texture.jpg",
        "pointRotate": {
          "x": 200.31982,
          "y": 104.7321
        },
        "pointTranslate": {
          "x": 20.319824,
          "y": -75.2679
        },
        "rotate": 0.0,
        "scale": 1.0,
        "speed": 1,
        "speedOfTransformCombo": 15,
        "startColor": -1,
        "startIndexFrame": 0,
        "stickerTypeTransformCombo": "NONE",
        "stickerTypeTransformIn": "NONE",
        "stickerTypeTransformOut": "NONE",
        "textAlignment": "CENTER",
        "textBlurShadow": 1.0,
        "textColorShadow": -14606047,
        "textHeightAllLine": 140.75,
        "textHeightOneLine": 59.0,
        "textLetterSpacing": 0.04,
        "textLineSpacing": 11.0,
        "textPadding": 15.75,
        "textSize": 45.0,
        "textSizeDefault": 30.0,
        "textString": "CAPTION CHO\nGÁI ĐỘC THÂN",
        "textStroke": {
          "color": "#000000",
          "indexPositionInAdapter": -1,
          "width": 0.0
        },
        "timeTransformCombo": 300,
        "timeTransformIn": 300,
        "timeTransformOut": 300,
        "titleShow": "",
        "totalFileNeedDownForOneFrame": 0,
        "typeSticker": "TEXT",
        "urlCover": "",
        "widthBitmap": 0
      },
      {
        "DOT": ".",
        "TYPE_PHOTO": "png",
        "WIDTH_MAX": 360,
        "alpha": 255,
        "animTextModel": {
          "easeCombo": "LINEAR",
          "easeIn": "LINEAR",
          "easeOut": "LINEAR",
          "endIndexFrameCombo": 336,
          "endIndexFrameIn": 279,
          "endIndexFrameOut": 336,
          "percentIn": 50.0,
          "percentOut": 0.0,
          "percentSpeedCombo": 100.0,
          "speedFrameCombo": 57,
          "startIndexFrameCombo": 279,
          "startIndexFrameIn": 222,
          "startIndexFrameOut": 0,
          "typeAnimTextCombo": "LOADING_COMBO",
          "typeAnimTextIn": "BOING_IN",
          "typeAnimTextOut": "NONE_OUT"
        },
        "countDeltaTime": 0.0,
        "dataFrames": {
          "isNeedLoadBitmap1": false,
          "isNeedLoadBitmap2": false,
          "isNeedLoadBitmap2Loop": false,
          "isNeedLoadBitmap3": false,
          "isNeedLoadBitmap4": false,
          "isNeedLoadBitmap4Loop": false,
          "isNeedLoadBitmap5": false,
          "isNeedLoadBitmap6": false,
          "isNeedLoadBitmap6Loop": false,
          "isNeedLoadBitmap7": false,
          "isNeedLoadBitmap8": false,
          "isNeedLoadBitmap8Loop": false,
          "isNeedLoadBitmap9": false
        },
        "deviationXShadow": 0.0,
        "deviationYShadow": 0.0,
        "duration": 3799,
        "endColor": -1,
        "endIndexFrame": 336,
        "flip": 1.0,
        "heightBitmap": 0,
        "id": "995417880182732e06f7bb436622de1",
        "indexColor": 0,
        "indexColorShadow": 0,
        "indexEndFrameTransformCombo": 0,
        "indexEndFrameTransformIn": 0,
        "indexFont": 164,
        "indexFrame": 0,
        "indexStartFrameTransformOut": 0,
        "indexTransition": -1,
        "isBgText": false,
        "isBoldText": false,
        "isDashText": false,
        "isDashUnderText": false,
        "isDrawAnim": false,
        "isFirstFillDataTransformCombo": true,
        "isInit": true,
        "isItalicText": false,
        "isLayerFront": true,
        "isLoadFrameCache": true,
        "isTexture": false,
        "isVisible": true,
        "linkBubble": "",
        "linkItemFrame": "",
        "linkMask": "",
        "listText": [
          "Thà say xỉn chứ không say tình",
          "Thà đau bao tử chứ không đau lòng"
        ],
        "modeDraw": "SRC_OVER",
        "pathFolder": "",
        "pathFont": "/data/user/0/videoeditor.moviemaker/files/INTERNAL_FONT_FOLDER_UNZIP/luxury/luxury/VL_TFPironv2.otf",
        "pathSaveBitmapFrame": "",
        "pathTexture": "",
        "pointRotate": {
          "x": 204.84802,
          "y": 174.83342
        },
        "pointTranslate": {
          "x": 24.848022,
          "y": -5.16658
        },
        "rotate": -0.028625488,
        "scale": 1.0415772,
        "speed": 1,
        "speedOfTransformCombo": 15,
        "startColor": -1,
        "startIndexFrame": 222,
        "stickerTypeTransformCombo": "NONE",
        "stickerTypeTransformIn": "NONE",
        "stickerTypeTransformOut": "NONE",
        "textAlignment": "CENTER",
        "textBlurShadow": 0.0,
        "textColorShadow": -16777216,
        "textHeightAllLine": 93.75,
        "textHeightOneLine": 39.0,
        "textLetterSpacing": 0.0,
        "textLineSpacing": 20.0,
        "textPadding": 15.75,
        "textSize": 18.0,
        "textSizeDefault": 30.0,
        "textString": "Thà say xỉn chứ không say tình\nThà đau bao tử chứ không đau lòng",
        "textStroke": {
          "color": "#000000",
          "indexPositionInAdapter": -1,
          "width": 0.0
        },
        "timeTransformCombo": 300,
        "timeTransformIn": 300,
        "timeTransformOut": 300,
        "titleShow": "",
        "totalFileNeedDownForOneFrame": 0,
        "typeSticker": "TEXT",
        "urlCover": "",
        "widthBitmap": 0
      },
      {
        "DOT": ".",
        "TYPE_PHOTO": "png",
        "WIDTH_MAX": 360,
        "alpha": 255,
        "animTextModel": {
          "easeCombo": "LINEAR",
          "easeIn": "LINEAR",
          "easeOut": "LINEAR",
          "endIndexFrameCombo": 428,
          "endIndexFrameIn": 396,
          "endIndexFrameOut": 428,
          "percentIn": 50.0,
          "percentOut": 0.0,
          "percentSpeedCombo": 100.0,
          "speedFrameCombo": 32,
          "startIndexFrameCombo": 396,
          "startIndexFrameIn": 339,
          "startIndexFrameOut": 0,
          "typeAnimTextCombo": "LOADING_COMBO",
          "typeAnimTextIn": "BOING_IN",
          "typeAnimTextOut": "NONE_OUT"
        },
        "countDeltaTime": 0.0,
        "dataFrames": {
          "isNeedLoadBitmap1": false,
          "isNeedLoadBitmap2": false,
          "isNeedLoadBitmap2Loop": false,
          "isNeedLoadBitmap3": false,
          "isNeedLoadBitmap4": false,
          "isNeedLoadBitmap4Loop": false,
          "isNeedLoadBitmap5": false,
          "isNeedLoadBitmap6": false,
          "isNeedLoadBitmap6Loop": false,
          "isNeedLoadBitmap7": false,
          "isNeedLoadBitmap8": false,
          "isNeedLoadBitmap8Loop": false,
          "isNeedLoadBitmap9": false
        },
        "deviationXShadow": 0.0,
        "deviationYShadow": 0.0,
        "duration": 2966,
        "endColor": -1,
        "endIndexFrame": 428,
        "flip": 1.0,
        "heightBitmap": 0,
        "id": "e8324ac63d3016b328ea3ac19e4b17d",
        "indexColor": 0,
        "indexColorShadow": 0,
        "indexEndFrameTransformCombo": 0,
        "indexEndFrameTransformIn": 0,
        "indexFont": 164,
        "indexFrame": 0,
        "indexStartFrameTransformOut": 0,
        "indexTransition": -1,
        "isBgText": false,
        "isBoldText": false,
        "isDashText": false,
        "isDashUnderText": false,
        "isDrawAnim": false,
        "isFirstFillDataTransformCombo": true,
        "isInit": true,
        "isItalicText": false,
        "isLayerFront": true,
        "isLoadFrameCache": true,
        "isTexture": false,
        "isVisible": false,
        "linkBubble": "",
        "linkItemFrame": "",
        "linkMask": "",
        "listText": [
          "Gái hiện đại chẳng ngại cô đơn"
        ],
        "modeDraw": "SRC_OVER",
        "pathFolder": "",
        "pathFont": "/data/user/0/videoeditor.moviemaker/files/INTERNAL_FONT_FOLDER_UNZIP/luxury/luxury/VL_TFPironv2.otf",
        "pathSaveBitmapFrame": "",
        "pathTexture": "",
        "pointRotate": {
          "x": 209.37611,
          "y": 139.7828
        },
        "pointTranslate": {
          "x": 29.376114,
          "y": -40.217194
        },
        "rotate": -0.028625488,
        "scale": 1.0415772,
        "speed": 1,
        "speedOfTransformCombo": 15,
        "startColor": -1,
        "startIndexFrame": 339,
        "stickerTypeTransformCombo": "NONE",
        "stickerTypeTransformIn": "NONE",
        "stickerTypeTransformOut": "NONE",
        "textAlignment": "CENTER",
        "textBlurShadow": 0.0,
        "textColorShadow": -16777216,
        "textHeightAllLine": 59.75,
        "textHeightOneLine": 44.0,
        "textLetterSpacing": 0.0,
        "textLineSpacing": 20.0,
        "textPadding": 15.75,
        "textSize": 21.0,
        "textSizeDefault": 30.0,
        "textString": "Gái hiện đại chẳng ngại cô đơn",
        "textStroke": {
          "color": "#000000",
          "indexPositionInAdapter": -1,
          "width": 0.0
        },
        "timeTransformCombo": 300,
        "timeTransformIn": 300,
        "timeTransformOut": 300,
        "titleShow": "",
        "totalFileNeedDownForOneFrame": 0,
        "typeSticker": "TEXT",
        "urlCover": "",
        "widthBitmap": 0
      }
    ],
    "listItemViewDataOnTimeLine": [
      {
        "durationEnd": 0,
        "durationFadeIn": 0,
        "durationFadeOut": 0,
        "durationStart": 0,
        "endIndexFrame": 221,
        "indexRowCurrent": 0,
        "indexRowPrevious": 0,
        "keyInHasMap": 1655801932507,
        "linkDownloadMp3": "",
        "nameMp3": "",
        "pathDefault": "",
        "pathSaveFile": "",
        "positionEffectVoice": 0,
        "speedAudio": 1.0,
        "startIndexFrame": 0,
        "volume": 1.0
      },
      {
        "durationEnd": 0,
        "durationFadeIn": 0,
        "durationFadeOut": 0,
        "durationStart": 0,
        "endIndexFrame": 336,
        "indexRowCurrent": 0,
        "indexRowPrevious": 0,
        "keyInHasMap": 1655801932530,
        "linkDownloadMp3": "",
        "nameMp3": "",
        "pathDefault": "",
        "pathSaveFile": "",
        "positionEffectVoice": 0,
        "speedAudio": 1.0,
        "startIndexFrame": 222,
        "volume": 1.0
      },
      {
        "durationEnd": 0,
        "durationFadeIn": 0,
        "durationFadeOut": 0,
        "durationStart": 0,
        "endIndexFrame": 428,
        "indexRowCurrent": 0,
        "indexRowPrevious": 0,
        "keyInHasMap": 1655801932551,
        "linkDownloadMp3": "",
        "nameMp3": "",
        "pathDefault": "",
        "pathSaveFile": "",
        "positionEffectVoice": 0,
        "speedAudio": 1.0,
        "startIndexFrame": 339,
        "volume": 1.0
      }
    ]
  },
  "timeLastUpdate": 1655801985661,
  "videoEffect": {
    "listItemEffectData": [
      {
        "drawMode": "SCREEN",
        "endIndexFrame": 220,
        "indexFrameDrawCurrent": 0,
        "isCenterCrop": true,
        "isCenterInside": false,
        "isDraw": true,
        "isReloadFromCache": true,
        "jsonObjectDataOfItem": "{\n  \"defaultMinPercentWidth\": 1.0,\n  \"defaultMinSpeed\": 2.0,\n  \"defaultPercentWidth\": 1.0,\n  \"defaultSpeed\": 3.0,\n  \"isHorizontal\": false,\n  \"max\": 9.0,\n  \"maxSpeed\": 48.0,\n  \"min\": 0.0,\n  \"minSpeed\": 0.0,\n  \"percentWidth\": 1.0,\n  \"speedCurrent\": 21.6\n}",
        "keyEffect": "Party",
        "keyInHasMap": 1655801985663,
        "pathFolderEffect": "",
        "positionInAdapter": 2,
        "sizeCanvasCurrent": {
          "x": 0,
          "y": 0
        },
        "speed": 1,
        "startIndexFrame": 0,
        "title": "Stuck frame",
        "totalFrame": 220,
        "uri": ""
      },
      {
        "drawMode": "SCREEN",
        "endIndexFrame": 428,
        "indexFrameDrawCurrent": 0,
        "isCenterCrop": true,
        "isCenterInside": false,
        "isDraw": true,
        "isReloadFromCache": true,
        "jsonObjectDataOfItem": "{\n  \"color\": -1,\n  \"defaultMinSpeed\": 3.0,\n  \"defaultSpeed\": 0.0,\n  \"max\": 3.0,\n  \"min\": 0.0,\n  \"speedCurrent\": 2.52\n}",
        "keyEffect": "Party",
        "keyInHasMap": 1655801985664,
        "pathFolderEffect": "",
        "positionInAdapter": 12,
        "sizeCanvasCurrent": {
          "x": 0,
          "y": 0
        },
        "speed": 1,
        "startIndexFrame": 222,
        "title": "Strobe",
        "totalFrame": 206,
        "uri": ""
      }
    ],
    "listItemViewDataOnTimeLine": [
      {
        "durationEnd": 10100,
        "durationFadeIn": 0,
        "durationFadeOut": 0,
        "durationStart": 0,
        "endIndexFrame": 220,
        "indexRowCurrent": 0,
        "indexRowPrevious": 0,
        "keyInHasMap": 1655801878700,
        "linkDownloadMp3": "",
        "nameMp3": "",
        "pathDefault": "",
        "pathSaveFile": "",
        "positionEffectVoice": 0,
        "speedAudio": 1.0,
        "startIndexFrame": 0,
        "volume": 1.0
      },
      {
        "durationEnd": 6866,
        "durationFadeIn": 0,
        "durationFadeOut": 0,
        "durationStart": 0,
        "endIndexFrame": 428,
        "indexRowCurrent": 0,
        "indexRowPrevious": 0,
        "keyInHasMap": 1655801952444,
        "linkDownloadMp3": "",
        "nameMp3": "",
        "pathDefault": "",
        "pathSaveFile": "",
        "positionEffectVoice": 0,
        "speedAudio": 1.0,
        "startIndexFrame": 222,
        "volume": 1.0
      }
    ]
  }
}