{"durationVideo":10533,"editor":{"listItemPhotoData":[{"backgroundColor":-16777216,"blurBackground":0,"duration":3667,"endIndexFrame":109,"flipHorizontal":1.0,"flipVertical":1.0,"gpuPosition":0,"gpuProgress":0,"heightBitmap":731,"idItemPhoto":"1654755948408","indexEndFrameTransformCombo":109,"indexEndFrameTransformIn":0,"indexStartFrameTransformOut":0,"isCenterCrop":false,"isCenterInside":true,"isCropBitmap":false,"isLoadFromCache":true,"isLocked":false,"itemDataTransition":{"indexCate":2,"indexItem":0,"isMask":false,"keyItem":"CAMERA_PULL_IN","linkCover":"https://photoforapp.s3.ap-southeast-1.amazonaws.com/Video/TransitionsServer/Camera/Icon/CAMERA_PULL_IN.gif","linkDownload":"https://photoforapp.s3.ap-southeast-1.amazonaws.com/Video/TransitionsServer/Camera/CAMERA_PULL_IN.zip","modeDraw":"","nameEn":"Pull in","nameVn":"Kéo vào","paintModeDraw":"SRC_OVER","pathFolderOfTransition":"","pathFolderZipOfTransition":"","positionTransitionInAdapter":18,"timeTransitionCurrent":1000,"typeTransition":{"type":"CAMERA","typeTransition":"CAMERA_PULL_IN"}},"itemTemplateModel":{"duration":0,"heightBitmap":0,"indexSticker":-1,"isCrop":false,"isLocked":false,"md5PathFileOld":"","pathFile":"","rect":{"bottom":0,"left":0,"right":0,"top":0},"typeTemplateModel":"NONE","widthBitmap":0},"linkBackgroundImage":"","objDataAdjust":{"mCurrentBrightnessFilter":50,"mCurrentContrastFilter":50,"mCurrentExposureFilter":50,"mCurrentFadeFilters":0,"mCurrentHighlightFilter":100,"mCurrentHueFilter":0,"mCurrentSaturationFilter":50,"mCurrentShadowFilter":0,"mCurrentSharpenFilter":50,"mCurrentTempFilter":50,"mCurrentVignetteFilter":100,"mListRedoAdjust":[],"mListUndoAdjust":[]},"pathBitmap":"/storage/emulated/0/Pictures/Telegram/IMG_20220609_132249_580.png","rotate":0,"rotateAnim":0.0,"scaleAnim":1.0,"startIndexFrame":0,"timeTransformCombo":3667,"timeTransformIn":300,"timeTransformOut":300,"totalFrame":109,"typeBackground":"COLOR","typeTransformCombo":"ZOOM_1","typeTransformIn":"NONE","typeTransformOut":"NONE","valueMatrixBitmapDraw":[0.98357666,0.0,-8.583069E-6,0.0,0.98357666,0.50274277,0.0,0.0,1.0],"widthBitmap":548},{"backgroundColor":-16777216,"blurBackground":0,"duration":1567,"endIndexFrame":156,"flipHorizontal":1.0,"flipVertical":1.0,"gpuPosition":0,"gpuProgress":0,"heightBitmap":907,"idItemPhoto":"1654755948580","indexEndFrameTransformCombo":0,"indexEndFrameTransformIn":0,"indexStartFrameTransformOut":0,"isCenterCrop":false,"isCenterInside":true,"isCropBitmap":false,"isLoadFromCache":true,"isLocked":false,"itemDataTransition":{"indexCate":1,"indexItem":16,"isMask":false,"keyItem":"16","linkCover":"https://photoforapp.s3.ap-southeast-1.amazonaws.com/Video/TransitionsServer/Effect/Icon/16.gif","linkDownload":"https://photoforapp.s3.ap-southeast-1.amazonaws.com/Video/TransitionsServer/Effect/16.zip","modeDraw":"SCREEN","nameEn":"Glare 7","nameVn":"Glare 7","paintModeDraw":"SCREEN","pathFolderOfTransition":"/data/user/0/videoeditor.moviemaker/files/FolderTransitionZip/Glare 7/16/16","pathFolderZipOfTransition":"/data/user/0/videoeditor.moviemaker/files/Folder_transition/Glare 7/16.zip","positionTransitionInAdapter":11,"timeTransitionCurrent":663,"typeTransition":{"type":"SEVER","typeTransition":"SEVER"}},"itemTemplateModel":{"duration":0,"heightBitmap":0,"indexSticker":-1,"isCrop":false,"isLocked":false,"md5PathFileOld":"","pathFile":"","rect":{"bottom":0,"left":0,"right":0,"top":0},"typeTemplateModel":"NONE","widthBitmap":0},"linkBackgroundImage":"","objDataAdjust":{"mCurrentBrightnessFilter":50,"mCurrentContrastFilter":50,"mCurrentExposureFilter":50,"mCurrentFadeFilters":0,"mCurrentHighlightFilter":100,"mCurrentHueFilter":0,"mCurrentSaturationFilter":50,"mCurrentShadowFilter":0,"mCurrentSharpenFilter":50,"mCurrentTempFilter":50,"mCurrentVignetteFilter":100,"mListRedoAdjust":[],"mListUndoAdjust":[]},"pathBitmap":"/storage/emulated/0/Pictures/Telegram/IMG_20220609_132252_150.png","rotate":0,"rotateAnim":0.0,"scaleAnim":1.0,"startIndexFrame":110,"timeTransformCombo":1567,"timeTransformIn":300,"timeTransformOut":300,"totalFrame":46,"typeBackground":"COLOR","typeTransformCombo":"NONE","typeTransformIn":"NONE","typeTransformOut":"NONE","valueMatrixBitmapDraw":[0.79264706,0.0,3.8146973E-6,0.0,0.79264706,0.53456116,0.0,0.0,1.0],"widthBitmap":680},{"backgroundColor":-16777216,"blurBackground":0,"duration":5300,"endIndexFrame":315,"flipHorizontal":1.0,"flipVertical":1.0,"gpuPosition":0,"gpuProgress":0,"heightBitmap":716,"idItemPhoto":"1654755948821","indexEndFrameTransformCombo":0,"indexEndFrameTransformIn":0,"indexStartFrameTransformOut":0,"isCenterCrop":false,"isCenterInside":true,"isCropBitmap":false,"isLoadFromCache":true,"isLocked":false,"itemDataTransition":{"indexCate":0,"isMask":false,"keyItem":"","linkCover":"","linkDownload":"","modeDraw":"","nameEn":"","nameVn":"","paintModeDraw":"SRC_OVER","pathFolderOfTransition":"","pathFolderZipOfTransition":"","positionTransitionInAdapter":0,"timeTransitionCurrent":1000,"typeTransition":{"type":"NONE","typeTransition":"NONE"}},"itemTemplateModel":{"duration":0,"heightBitmap":0,"indexSticker":-1,"isCrop":false,"isLocked":false,"md5PathFileOld":"","pathFile":"","rect":{"bottom":0,"left":0,"right":0,"top":0},"typeTemplateModel":"NONE","widthBitmap":0},"linkBackgroundImage":"","objDataAdjust":{"mCurrentBrightnessFilter":50,"mCurrentContrastFilter":50,"mCurrentExposureFilter":50,"mCurrentFadeFilters":0,"mCurrentHighlightFilter":100,"mCurrentHueFilter":0,"mCurrentSaturationFilter":50,"mCurrentShadowFilter":0,"mCurrentSharpenFilter":50,"mCurrentTempFilter":50,"mCurrentVignetteFilter":100,"mListRedoAdjust":[],"mListUndoAdjust":[]},"pathBitmap":"/storage/emulated/0/Pictures/Telegram/IMG_20220609_132822_051.png","rotate":0,"rotateAnim":0.0,"scaleAnim":1.0,"startIndexFrame":157,"timeTransformCombo":5300,"timeTransformIn":300,"timeTransformOut":300,"totalFrame":158,"typeBackground":"COLOR","typeTransformCombo":"NONE","typeTransformIn":"NONE","typeTransformOut":"NONE","valueMatrixBitmapDraw":[1.0037243,0.0,1.1920929E-6,0.0,1.0037243,0.6666894,0.0,0.0,1.0],"widthBitmap":537}]},"frame":{"listItemStickerData":[],"listItemViewDataOnTimeLine":[]},"keyProjectCurrent":"1654755950649","listTemplateModel":{"list":[]},"music":{"listItemMusicData":[{"durationEnd":13849,"durationStart":3316,"endIndexFrame":316,"indexRowCurrent":0,"indexRowPrevious":0,"keyInHasMap":1654755956083,"linkDownloadMp3":"/storage/emulated/0/Music/G3Video/Direct_ConvertVideoToMp3_1654755871486.mp3","nameMp3":"Direct_ConvertVideoToMp3_1654755871486.mp3","pathSaveFile":"/storage/emulated/0/Music/G3Video/Direct_ConvertVideoToMp3_1654755871486.mp3","startIndexFrame":0,"volume":1.0}]},"nameVideo":"Template 1654755950649","setting":{"quality":720,"ratio":{"height":1.3339416,"width":1.0}},"sticker":{"listItemStickerData":[],"listItemViewDataOnTimeLine":[]},"text":{"listItemStickerData":[{"DOT":".","TYPE_PHOTO":"png","WIDTH_MAX":360,"alpha":255,"countDeltaTime":0.0,"dataFrames":{"isNeedLoadBitmap1":false,"isNeedLoadBitmap2":false,"isNeedLoadBitmap2Loop":false,"isNeedLoadBitmap3":false,"isNeedLoadBitmap4":false,"isNeedLoadBitmap4Loop":false,"isNeedLoadBitmap5":false,"isNeedLoadBitmap6":false,"isNeedLoadBitmap6Loop":false,"isNeedLoadBitmap7":false,"isNeedLoadBitmap8":false,"isNeedLoadBitmap8Loop":false,"isNeedLoadBitmap9":false},"deviationXShadow":0.0,"deviationYShadow":0.0,"duration":3666,"endColor":-1,"endIndexFrame":110,"flip":1.0,"heightBitmap":0,"id":"bc8032904c55cb993a21cf40fbc23989","indexColor":0,"indexColorShadow":0,"indexEndFrameTransformCombo":0,"indexEndFrameTransformIn":30,"indexFont":126,"indexFrame":0,"indexStartFrameTransformOut":0,"indexTransition":-1,"isBgText":false,"isBoldText":false,"isDashText":false,"isDashUnderText":false,"isDrawAnim":false,"isFirstFillDataTransformCombo":true,"isInit":true,"isItalicText":false,"isLayerFront":true,"isLoadFrameCache":true,"isTexture":false,"isVisible":false,"linkBubble":"","linkItemFrame":"","linkMask":"","listText":["Do you think","i\u0027m cool?"],"modeDraw":"SRC_OVER","pathFolder":"","pathFont":"/data/user/0/videoeditor.moviemaker/files/INTERNAL_FONT_FOLDER_UNZIP/FontNormal1/FontNormal1/iCiel Crocante.otf","pathSaveBitmapFrame":"","pathTexture":"https://photoforapp.s3.ap-southeast-1.amazonaws.com/Video/TextV2/Style/Basic/11/texture.jpg","pointRotate":{"x":268.66153,"y":601.4601},"pointTranslate":{"x":88.66153,"y":421.46008},"rotate":-0.099731445,"scale":0.9608449,"speed":1,"speedOfTransformCombo":15,"startColor":-1,"startIndexFrame":0,"stickerTypeTransformCombo":"NONE","stickerTypeTransformIn":"ZOOM_OUT","stickerTypeTransformOut":"NONE","textAlignment":"CENTER","textBlurShadow":0.0,"textColorShadow":-16777216,"textHeightAllLine":142.75,"textHeightOneLine":61.0,"textLetterSpacing":0.12,"textLineSpacing":28.0,"textPadding":15.75,"textSize":42.0,"textSizeDefault":30.0,"textString":"Do you think\ni\u0027m cool?","textStroke":{"color":"#000000","indexPositionInAdapter":-1,"width":2.0},"timeTransformCombo":300,"timeTransformIn":1013,"timeTransformOut":300,"titleShow":"","totalFileNeedDownForOneFrame":0,"typeSticker":"TEXT","urlCover":"","widthBitmap":0},{"DOT":".","TYPE_PHOTO":"png","WIDTH_MAX":360,"alpha":255,"countDeltaTime":0.0,"dataFrames":{"isNeedLoadBitmap1":false,"isNeedLoadBitmap2":false,"isNeedLoadBitmap2Loop":false,"isNeedLoadBitmap3":false,"isNeedLoadBitmap4":false,"isNeedLoadBitmap4Loop":false,"isNeedLoadBitmap5":false,"isNeedLoadBitmap6":false,"isNeedLoadBitmap6Loop":false,"isNeedLoadBitmap7":false,"isNeedLoadBitmap8":false,"isNeedLoadBitmap8Loop":false,"isNeedLoadBitmap9":false},"deviationXShadow":0.0,"deviationYShadow":0.0,"duration":5266,"endColor":-1,"endIndexFrame":316,"flip":1.0,"heightBitmap":0,"id":"f6e13bc8ef43ce94304c3f111f4d1c4d","indexColor":0,"indexColorShadow":0,"indexEndFrameTransformCombo":0,"indexEndFrameTransformIn":188,"indexFont":126,"indexFrame":0,"indexStartFrameTransformOut":0,"indexTransition":-1,"isBgText":false,"isBoldText":false,"isDashText":false,"isDashUnderText":false,"isDrawAnim":false,"isFirstFillDataTransformCombo":true,"isInit":true,"isItalicText":false,"isLayerFront":true,"isLoadFrameCache":true,"isTexture":false,"isVisible":true,"linkBubble":"","linkItemFrame":"","linkMask":"","listText":["Yes, I am!!!"],"modeDraw":"SRC_OVER","pathFolder":"","pathFont":"/data/user/0/videoeditor.moviemaker/files/INTERNAL_FONT_FOLDER_UNZIP/FontNormal1/FontNormal1/iCiel Crocante.otf","pathSaveBitmapFrame":"","pathTexture":"https://photoforapp.s3.ap-southeast-1.amazonaws.com/Video/TextV2/Style/Basic/11/texture.jpg","pointRotate":{"x":268.66153,"y":601.4601},"pointTranslate":{"x":88.66153,"y":421.46008},"rotate":-0.099731445,"scale":0.9608449,"speed":1,"speedOfTransformCombo":15,"startColor":-1,"startIndexFrame":158,"stickerTypeTransformCombo":"NONE","stickerTypeTransformIn":"NONE","stickerTypeTransformOut":"NONE","textAlignment":"CENTER","textBlurShadow":0.0,"textColorShadow":-16777216,"textHeightAllLine":93.75,"textHeightOneLine":73.0,"textLetterSpacing":0.12,"textLineSpacing":28.0,"textPadding":15.75,"textSize":52.0,"textSizeDefault":30.0,"textString":"Yes, I am!!!","textStroke":{"color":"#000000","indexPositionInAdapter":-1,"width":2.0},"timeTransformCombo":300,"timeTransformIn":1013,"timeTransformOut":300,"titleShow":"","totalFileNeedDownForOneFrame":0,"typeSticker":"TEXT","urlCover":"","widthBitmap":0}],"listItemViewDataOnTimeLine":[{"durationEnd":0,"durationStart":0,"endIndexFrame":110,"indexRowCurrent":0,"indexRowPrevious":0,"keyInHasMap":1654757184071,"linkDownloadMp3":"","nameMp3":"","pathSaveFile":"","startIndexFrame":0,"volume":1.0},{"durationEnd":0,"durationStart":0,"endIndexFrame":316,"indexRowCurrent":0,"indexRowPrevious":0,"keyInHasMap":1654757184119,"linkDownloadMp3":"","nameMp3":"","pathSaveFile":"","startIndexFrame":158,"volume":1.0}]},"timeLastUpdate":1654757277695,"videoEffect":{"listItemEffectData":[{"drawMode":"SCREEN","endIndexFrame":316,"indexFrameDrawCurrent":0,"isCenterCrop":true,"isCenterInside":false,"isDraw":true,"isReloadFromCache":true,"jsonObjectDataOfItem":"{\"defaultPercentWidth\":1.0,\"defaultSpeed\":3.0,\"isHorizontal\":false,\"max\":10.0,\"maxSpeed\":50.0,\"min\":1.0,\"minSpeed\":2.0,\"percentWidth\":2.07,\"speedCurrent\":24.0}","keyEffect":"Party","keyInHasMap":1654757277699,"pathFolderEffect":"","positionInAdapter":2,"sizeCanvasCurrent":{"x":0,"y":0},"speed":1,"startIndexFrame":158,"title":"Stuck frame","totalFrame":158,"uri":""},{"drawMode":"SCREEN","endIndexFrame":157,"indexFrameDrawCurrent":45,"isCenterCrop":true,"isCenterInside":false,"isDraw":true,"isReloadFromCache":true,"jsonObjectDataOfItem":"","keyEffect":"SERVER","keyInHasMap":1654757277701,"pathFolderEffect":"/data/user/0/videoeditor.moviemaker/files/FOLDER_EFFECT/Neon/20","positionInAdapter":20,"sizeCanvasCurrent":{"x":539,"y":720},"speed":1,"startIndexFrame":111,"title":"Neon 20","totalFrame":46,"uri":"/data/user/0/videoeditor.moviemaker/files/FOLDER_EFFECT/Neon/20/Neon.m4v"},{"drawMode":"SCREEN","endIndexFrame":316,"indexFrameDrawCurrent":5,"isCenterCrop":true,"isCenterInside":false,"isDraw":true,"isReloadFromCache":true,"jsonObjectDataOfItem":"","keyEffect":"SERVER","keyInHasMap":1654757277704,"pathFolderEffect":"/data/user/0/videoeditor.moviemaker/files/FOLDER_EFFECT/Fire/11","positionInAdapter":11,"sizeCanvasCurrent":{"x":539,"y":720},"speed":1,"startIndexFrame":157,"title":"Fire 11","totalFrame":159,"uri":"/data/user/0/videoeditor.moviemaker/files/FOLDER_EFFECT/Fire/11/Fire.m4v"}],"listItemViewDataOnTimeLine":[{"durationEnd":0,"durationStart":0,"endIndexFrame":316,"indexRowCurrent":0,"indexRowPrevious":0,"keyInHasMap":1654756797964,"linkDownloadMp3":"","nameMp3":"","pathSaveFile":"","startIndexFrame":158,"volume":1.0},{"durationEnd":0,"durationStart":0,"endIndexFrame":157,"indexRowCurrent":0,"indexRowPrevious":0,"keyInHasMap":1654756797971,"linkDownloadMp3":"","nameMp3":"","pathSaveFile":"","startIndexFrame":111,"volume":1.0},{"durationEnd":0,"durationStart":0,"endIndexFrame":316,"indexRowCurrent":0,"indexRowPrevious":0,"keyInHasMap":1654756797975,"linkDownloadMp3":"","nameMp3":"","pathSaveFile":"","startIndexFrame":157,"volume":1.0}]}}