{"durationVideo":7633,"editor":{"listItemPhotoData":[{"backgroundColor":-16777216,"blurBackground":0,"duration":1967,"endIndexFrame":58,"flipHorizontal":1.0,"flipVertical":1.0,"gpuPosition":0,"gpuProgress":0,"heightBitmap":1239,"idItemPhoto":"1654068229017","indexEndFrameTransformCombo":0,"indexEndFrameTransformIn":0,"indexStartFrameTransformOut":0,"isCenterCrop":false,"isCenterInside":true,"isCropBitmap":true,"isLoadFromCache":true,"isLocked":false,"itemDataTransition":{"indexCate":1,"indexItem":9,"isMask":false,"keyItem":"WHITE_SMOKE","linkCover":"https://photoforapp.s3.ap-southeast-1.amazonaws.com/Video/TransitionsServer/Effect/Icon/WHITE_SMOKE.gif","linkDownload":"https://photoforapp.s3.ap-southeast-1.amazonaws.com/Video/TransitionsServer/Effect/WHITE_SMOKE.zip","modeDraw":"","nameEn":"White smoke","nameVn":"Khói trắng","paintModeDraw":"SRC_OVER","pathFolderOfTransition":"","pathFolderZipOfTransition":"","positionTransitionInAdapter":4,"timeTransitionCurrent":842,"typeTransition":{"type":"EFFECT","typeTransition":"WHITE_SMOKE"}},"itemTemplateModel":{"duration":0,"heightBitmap":0,"indexSticker":-1,"isCrop":false,"isLocked":false,"md5PathFileOld":"","pathFile":"","rect":{"bottom":0,"left":0,"right":0,"top":0},"typeTemplateModel":"NONE","widthBitmap":0},"linkBackgroundImage":"","objDataAdjust":{"mCurrentBrightnessFilter":50,"mCurrentContrastFilter":50,"mCurrentExposureFilter":50,"mCurrentFadeFilters":0,"mCurrentHighlightFilter":100,"mCurrentHueFilter":0,"mCurrentSaturationFilter":50,"mCurrentShadowFilter":0,"mCurrentSharpenFilter":50,"mCurrentTempFilter":50,"mCurrentVignetteFilter":100,"mListRedoAdjust":[],"mListUndoAdjust":[]},"pathBitmap":"/storage/emulated/0/Pictures/Telegram/IMG_20220601_150932_899.png","rectCrop":{"bottom":1239,"left":71,"right":768,"top":0},"rotate":0,"rotateAnim":0.0,"scaleAnim":1.0,"startIndexFrame":0,"timeTransformCombo":1967,"timeTransformIn":300,"timeTransformOut":300,"totalFrame":58,"typeBackground":"COLOR","typeTransformCombo":"NONE","typeTransformIn":"NONE","typeTransformOut":"NONE","valueMatrixBitmapDraw":[0.5810617,0.0,-1.5258789E-5,0.0,0.5810617,0.03225708,0.0,0.0,1.0],"widthBitmap":697},{"backgroundColor":-16777216,"blurBackground":0,"duration":1933,"endIndexFrame":116,"flipHorizontal":1.0,"flipVertical":1.0,"gpuPosition":0,"gpuProgress":0,"heightBitmap":1119,"idItemPhoto":"1654069638998","indexEndFrameTransformCombo":0,"indexEndFrameTransformIn":0,"indexStartFrameTransformOut":0,"isCenterCrop":false,"isCenterInside":true,"isCropBitmap":true,"isLoadFromCache":true,"isLocked":false,"itemDataTransition":{"indexCate":2,"indexItem":0,"isMask":false,"keyItem":"CAMERA_PULL_IN","linkCover":"https://photoforapp.s3.ap-southeast-1.amazonaws.com/Video/TransitionsServer/Camera/Icon/CAMERA_PULL_IN.gif","linkDownload":"https://photoforapp.s3.ap-southeast-1.amazonaws.com/Video/TransitionsServer/Camera/CAMERA_PULL_IN.zip","modeDraw":"","nameEn":"Pull in","nameVn":"Kéo vào","paintModeDraw":"SRC_OVER","pathFolderOfTransition":"","pathFolderZipOfTransition":"","positionTransitionInAdapter":18,"timeTransitionCurrent":534,"typeTransition":{"type":"CAMERA","typeTransition":"CAMERA_PULL_IN"}},"itemTemplateModel":{"duration":0,"heightBitmap":0,"indexSticker":-1,"isCrop":false,"isLocked":false,"md5PathFileOld":"","pathFile":"","rect":{"bottom":0,"left":0,"right":0,"top":0},"typeTemplateModel":"NONE","widthBitmap":0},"linkBackgroundImage":"","objDataAdjust":{"mCurrentBrightnessFilter":50,"mCurrentContrastFilter":50,"mCurrentExposureFilter":50,"mCurrentFadeFilters":0,"mCurrentHighlightFilter":100,"mCurrentHueFilter":0,"mCurrentSaturationFilter":50,"mCurrentShadowFilter":0,"mCurrentSharpenFilter":50,"mCurrentTempFilter":50,"mCurrentVignetteFilter":100,"mListRedoAdjust":[],"mListUndoAdjust":[]},"pathBitmap":"/storage/emulated/0/Pictures/Telegram/IMG_20220601_150930_269.png","rectCrop":{"bottom":1119,"left":41,"right":670,"top":0},"rotate":0,"rotateAnim":0.0,"scaleAnim":1.0,"startIndexFrame":59,"timeTransformCombo":1933,"timeTransformIn":300,"timeTransformOut":300,"totalFrame":57,"typeBackground":"COLOR","typeTransformCombo":"NONE","typeTransformIn":"NONE","typeTransformOut":"NONE","valueMatrixBitmapDraw":[0.64343166,0.0,0.14074707,0.0,0.64343166,-3.0517578E-5,0.0,0.0,1.0],"widthBitmap":629},{"backgroundColor":-16777216,"blurBackground":0,"duration":1933,"endIndexFrame":174,"flipHorizontal":1.0,"flipVertical":1.0,"gpuPosition":0,"gpuProgress":0,"heightBitmap":1238,"idItemPhoto":"1654069639365","indexEndFrameTransformCombo":0,"indexEndFrameTransformIn":0,"indexStartFrameTransformOut":0,"isCenterCrop":false,"isCenterInside":true,"isCropBitmap":true,"isLoadFromCache":true,"isLocked":false,"itemDataTransition":{"indexCate":1,"indexItem":9,"isMask":false,"keyItem":"WHITE_SMOKE","linkCover":"https://photoforapp.s3.ap-southeast-1.amazonaws.com/Video/TransitionsServer/Effect/Icon/WHITE_SMOKE.gif","linkDownload":"https://photoforapp.s3.ap-southeast-1.amazonaws.com/Video/TransitionsServer/Effect/WHITE_SMOKE.zip","modeDraw":"","nameEn":"White smoke","nameVn":"Khói trắng","paintModeDraw":"SRC_OVER","pathFolderOfTransition":"","pathFolderZipOfTransition":"","positionTransitionInAdapter":4,"timeTransitionCurrent":624,"typeTransition":{"type":"EFFECT","typeTransition":"WHITE_SMOKE"}},"itemTemplateModel":{"duration":0,"heightBitmap":0,"indexSticker":-1,"isCrop":false,"isLocked":false,"md5PathFileOld":"","pathFile":"","rect":{"bottom":0,"left":0,"right":0,"top":0},"typeTemplateModel":"NONE","widthBitmap":0},"linkBackgroundImage":"","objDataAdjust":{"mCurrentBrightnessFilter":50,"mCurrentContrastFilter":50,"mCurrentExposureFilter":50,"mCurrentFadeFilters":0,"mCurrentHighlightFilter":100,"mCurrentHueFilter":0,"mCurrentSaturationFilter":50,"mCurrentShadowFilter":0,"mCurrentSharpenFilter":50,"mCurrentTempFilter":50,"mCurrentVignetteFilter":100,"mListRedoAdjust":[],"mListUndoAdjust":[]},"pathBitmap":"/storage/emulated/0/Pictures/Telegram/IMG_20220601_150931_434.png","rectCrop":{"bottom":1238,"left":124,"right":820,"top":0},"rotate":0,"rotateAnim":0.0,"scaleAnim":1.0,"startIndexFrame":117,"timeTransformCombo":1933,"timeTransformIn":300,"timeTransformOut":300,"totalFrame":57,"typeBackground":"COLOR","typeTransformCombo":"NONE","typeTransformIn":"NONE","typeTransformOut":"NONE","valueMatrixBitmapDraw":[0.5815832,0.0,0.109046936,0.0,0.5815832,0.0,0.0,0.0,1.0],"widthBitmap":696},{"backgroundColor":-16777216,"blurBackground":0,"duration":1800,"endIndexFrame":228,"flipHorizontal":1.0,"flipVertical":1.0,"gpuPosition":0,"gpuProgress":0,"heightBitmap":1108,"idItemPhoto":"1654069731752","indexEndFrameTransformCombo":0,"indexEndFrameTransformIn":0,"indexStartFrameTransformOut":0,"isCenterCrop":false,"isCenterInside":true,"isCropBitmap":true,"isLoadFromCache":true,"isLocked":false,"itemDataTransition":{"indexCate":0,"isMask":false,"keyItem":"","linkCover":"","linkDownload":"","modeDraw":"","nameEn":"","nameVn":"","paintModeDraw":"SRC_OVER","pathFolderOfTransition":"","pathFolderZipOfTransition":"","positionTransitionInAdapter":0,"timeTransitionCurrent":1000,"typeTransition":{"type":"NONE","typeTransition":"NONE"}},"itemTemplateModel":{"duration":0,"heightBitmap":0,"indexSticker":-1,"isCrop":false,"isLocked":false,"md5PathFileOld":"","pathFile":"","rect":{"bottom":0,"left":0,"right":0,"top":0},"typeTemplateModel":"NONE","widthBitmap":0},"linkBackgroundImage":"","objDataAdjust":{"mCurrentBrightnessFilter":50,"mCurrentContrastFilter":50,"mCurrentExposureFilter":50,"mCurrentFadeFilters":0,"mCurrentHighlightFilter":100,"mCurrentHueFilter":0,"mCurrentSaturationFilter":50,"mCurrentShadowFilter":0,"mCurrentSharpenFilter":50,"mCurrentTempFilter":50,"mCurrentVignetteFilter":100,"mListRedoAdjust":[],"mListUndoAdjust":[]},"pathBitmap":"/storage/emulated/0/Pictures/Telegram/IMG_20220601_150929_676.png","rectCrop":{"bottom":1178,"left":106,"right":729,"top":70},"rotate":0,"rotateAnim":0.0,"scaleAnim":1.0,"startIndexFrame":175,"timeTransformCombo":1800,"timeTransformIn":300,"timeTransformOut":300,"totalFrame":53,"typeBackground":"COLOR","typeTransformCombo":"NONE","typeTransformIn":"NONE","typeTransformOut":"NONE","valueMatrixBitmapDraw":[0.6498195,0.0,0.08123779,0.0,0.6498195,7.6293945E-6,0.0,0.0,1.0],"widthBitmap":623}]},"frame":{"listItemStickerData":[],"listItemViewDataOnTimeLine":[]},"keyProjectCurrent":"1654068233320","listTemplateModel":{"list":[]},"music":{"listItemMusicData":[{"durationEnd":7855,"durationStart":222,"endIndexFrame":229,"indexRowCurrent":0,"indexRowPrevious":0,"keyInHasMap":1654068251326,"linkDownloadMp3":"https://photoforapp84133-dev.s3.ap-southeast-1.amazonaws.com/public/YoutubeAudioLibrary/International/Funky/mi mi mi - serebro.mp3","nameMp3":"mi mi mi - serebro.mp3","pathSaveFile":"/data/user/0/videoeditor.moviemaker/files/Private/HIDE/MUSIC/mi mi mi - serebro.mp3","startIndexFrame":0,"volume":1.0}]},"nameVideo":"Template 1654068233320","setting":{"quality":720,"ratio":{"height":16.0,"width":9.0}},"sticker":{"listItemStickerData":[],"listItemViewDataOnTimeLine":[]},"text":{"listItemStickerData":[],"listItemViewDataOnTimeLine":[]},"timeLastUpdate":1654071293163,"videoEffect":{"listItemEffectData":[{"drawMode":"SCREEN","endIndexFrame":118,"indexFrameDrawCurrent":68,"isCenterCrop":true,"isCenterInside":false,"isDraw":true,"isReloadFromCache":true,"jsonObjectDataOfItem":"","keyEffect":"SERVER","keyInHasMap":1654071293165,"pathFolderEffect":"/data/user/0/videoeditor.moviemaker/files/FOLDER_EFFECT/Heart/10","positionInAdapter":10,"sizeCanvasCurrent":{"x":405,"y":720},"speed":1,"startIndexFrame":50,"title":"Heart 10","totalFrame":68,"uri":"/data/user/0/videoeditor.moviemaker/files/FOLDER_EFFECT/Heart/10/Heart.m4v"},{"drawMode":"SCREEN","endIndexFrame":229,"indexFrameDrawCurrent":62,"isCenterCrop":true,"isCenterInside":false,"isDraw":true,"isReloadFromCache":true,"jsonObjectDataOfItem":"","keyEffect":"SERVER","keyInHasMap":1654071293167,"pathFolderEffect":"/data/user/0/videoeditor.moviemaker/files/FOLDER_EFFECT/Heart/10","positionInAdapter":10,"sizeCanvasCurrent":{"x":405,"y":720},"speed":1,"startIndexFrame":166,"title":"Heart 10","totalFrame":63,"uri":"/data/user/0/videoeditor.moviemaker/files/FOLDER_EFFECT/Heart/10/Heart.m4v"},{"drawMode":"SCREEN","endIndexFrame":229,"indexFrameDrawCurrent":48,"isCenterCrop":true,"isCenterInside":false,"isDraw":true,"isReloadFromCache":true,"jsonObjectDataOfItem":"","keyEffect":"SERVER","keyInHasMap":1654071293168,"pathFolderEffect":"/data/user/0/videoeditor.moviemaker/files/FOLDER_EFFECT/Cute/13","positionInAdapter":13,"sizeCanvasCurrent":{"x":405,"y":720},"speed":1,"startIndexFrame":0,"title":"Cute 13","totalFrame":229,"uri":"/data/user/0/videoeditor.moviemaker/files/FOLDER_EFFECT/Cute/13/Cute.m4v"}],"listItemViewDataOnTimeLine":[{"durationEnd":3733,"durationStart":0,"endIndexFrame":118,"indexRowCurrent":0,"indexRowPrevious":0,"keyInHasMap":1654071003274,"linkDownloadMp3":"","nameMp3":"","pathSaveFile":"","startIndexFrame":50,"volume":1.0},{"durationEnd":0,"durationStart":0,"endIndexFrame":229,"indexRowCurrent":0,"indexRowPrevious":0,"keyInHasMap":1654071003289,"linkDownloadMp3":"","nameMp3":"","pathSaveFile":"","startIndexFrame":166,"volume":1.0},{"durationEnd":7633,"durationStart":0,"endIndexFrame":229,"indexRowCurrent":0,"indexRowPrevious":0,"keyInHasMap":1654071259828,"linkDownloadMp3":"","nameMp3":"","pathSaveFile":"","startIndexFrame":0,"volume":1.0}]}}