{
  "durationVideo": 9900,
  "editor": {
    "listItemPhotoData": [
      {
        "backgroundColor": -16777216,
        "blurBackground": 0,
        "duration": 5267,
        "endIndexFrame": 157,
        "flipHorizontal": 1.0,
        "flipVertical": 1.0,
        "gpuPosition": 0,
        "gpuProgress": 0,
        "heightBitmap": 843,
        "idItemPhoto": "1658127957616",
        "indexEndFrameTransformCombo": 156,
        "indexEndFrameTransformIn": 61,
        "indexStartFrameTransformOut": 0,
        "isCalledCutBody": false,
        "isCenterCrop": false,
        "isCenterInside": true,
        "isCropBitmap": true,
        "isLoadFromCache": true,
        "isLocked": false,
        "itemDataTransition": {
          "indexCate": 2,
          "indexItem": 2,
          "isMask": false,
          "keyItem": "CAMERA_PULL_OUT",
          "linkCover": "https://photoforapp.s3.ap-southeast-1.amazonaws.com/Video/TransitionsServer/Camera/Icon/CAMERA_PULL_OUT.gif",
          "linkDownload": "https://photoforapp.s3.ap-southeast-1.amazonaws.com/Video/TransitionsServer/Camera/CAMERA_PULL_OUT.zip",
          "modeDraw": "",
          "nameEn": "Pull Out",
          "nameVn": "Kéo ra",
          "paintModeDraw": "SRC_OVER",
          "pathFolderOfTransition": "",
          "pathFolderZipOfTransition": "",
          "positionTransitionInAdapter": 20,
          "timeTransitionCurrent": 389,
          "typeTransition": {
            "type": "CAMERA",
            "typeTransition": "CAMERA_PULL_OUT"
          }
        },
        "itemTemplateModel": {
          "duration": 0,
          "heightBitmap": 0,
          "indexSticker": -1,
          "isCrop": false,
          "isLocked": false,
          "md5PathFileOld": "",
          "pathFile": "",
          "rect": {
            "bottom": 0,
            "left": 0,
            "right": 0,
            "top": 0
          },
          "typeTemplateModel": "NONE",
          "widthBitmap": 0
        },
        "linkBackgroundImage": "",
        "objDataAdjust": {
          "mCurrentBrightnessFilter": 50,
          "mCurrentContrastFilter": 50,
          "mCurrentExposureFilter": 50,
          "mCurrentFadeFilters": 0,
          "mCurrentHighlightFilter": 100,
          "mCurrentHueFilter": 0,
          "mCurrentSaturationFilter": 50,
          "mCurrentShadowFilter": 0,
          "mCurrentSharpenFilter": 50,
          "mCurrentTempFilter": 50,
          "mCurrentVignetteFilter": 100,
          "mListRedoAdjust": [],
          "mListUndoAdjust": []
        },
        "pathBitmap": "/storage/emulated/0/DCIM/Ảnh Test/Girl/281832959_368415791927844_7803174819558826227_n.jpg",
        "rectCrop": {
          "bottom": 1280,
          "left": 244,
          "right": 718,
          "top": 437
        },
        "rotate": 0,
        "rotateAnim": 0.0,
        "scaleAnim": 1.0,
        "startIndexFrame": 0,
        "timeTransformCombo": 5267,
        "timeTransformIn": 2055,
        "timeTransformOut": 300,
        "totalFrame": 157,
        "typeBackground": "COLOR",
        "typeTransformCombo": "NONE",
        "typeTransformIn": "SWING_LEFT",
        "typeTransformOut": "NONE",
        "valueMatrixBitmapDraw": [
          0.8640925,
          0.0,
          -2.289936,
          0.0,
          0.8640925,
          -4.2149925,
          0.0,
          0.0,
          1.0
        ],
        "widthBitmap": 474
      },
      {
        "backgroundColor": -16777216,
        "blurBackground": 0,
        "duration": 4633,
        "endIndexFrame": 296,
        "flipHorizontal": 1.0,
        "flipVertical": 1.0,
        "gpuPosition": 0,
        "gpuProgress": 0,
        "heightBitmap": 999,
        "idItemPhoto": "1658127957978",
        "indexEndFrameTransformCombo": 0,
        "indexEndFrameTransformIn": 0,
        "indexStartFrameTransformOut": 0,
        "isCalledCutBody": false,
        "isCenterCrop": false,
        "isCenterInside": true,
        "isCropBitmap": true,
        "isLoadFromCache": true,
        "isLocked": false,
        "itemDataTransition": {
          "indexCate": 0,
          "isMask": false,
          "keyItem": "",
          "linkCover": "",
          "linkDownload": "",
          "modeDraw": "",
          "nameEn": "",
          "nameVn": "",
          "paintModeDraw": "SRC_OVER",
          "pathFolderOfTransition": "",
          "pathFolderZipOfTransition": "",
          "positionTransitionInAdapter": 0,
          "timeTransitionCurrent": 1000,
          "typeTransition": {
            "type": "NONE",
            "typeTransition": "NONE"
          }
        },
        "itemTemplateModel": {
          "duration": 0,
          "heightBitmap": 0,
          "indexSticker": -1,
          "isCrop": false,
          "isLocked": false,
          "md5PathFileOld": "",
          "pathFile": "",
          "rect": {
            "bottom": 0,
            "left": 0,
            "right": 0,
            "top": 0
          },
          "typeTemplateModel": "NONE",
          "widthBitmap": 0
        },
        "linkBackgroundImage": "",
        "objDataAdjust": {
          "mCurrentBrightnessFilter": 50,
          "mCurrentContrastFilter": 50,
          "mCurrentExposureFilter": 50,
          "mCurrentFadeFilters": 0,
          "mCurrentHighlightFilter": 100,
          "mCurrentHueFilter": 0,
          "mCurrentSaturationFilter": 50,
          "mCurrentShadowFilter": 0,
          "mCurrentSharpenFilter": 50,
          "mCurrentTempFilter": 50,
          "mCurrentVignetteFilter": 100,
          "mListRedoAdjust": [],
          "mListUndoAdjust": []
        },
        "pathBitmap": "/storage/emulated/0/DCIM/Ảnh Test/Girl/285449485_378389364263820_7014023383237015379_n.jpg",
        "rectCrop": {
          "bottom": 1280,
          "left": 211,
          "right": 773,
          "top": 281
        },
        "rotate": 0,
        "rotateAnim": 0.0,
        "scaleAnim": 1.0,
        "startIndexFrame": 158,
        "timeTransformCombo": 4633,
        "timeTransformIn": 300,
        "timeTransformOut": 300,
        "totalFrame": 138,
        "typeBackground": "COLOR",
        "typeTransformCombo": "NONE",
        "typeTransformIn": "NONE",
        "typeTransformOut": "NONE",
        "valueMatrixBitmapDraw": [
          0.73064053,
          0.0,
          -2.8099937,
          0.0,
          0.73064053,
          -4.954933,
          0.0,
          0.0,
          1.0
        ],
        "widthBitmap": 562
      }
    ]
  },
  "frame": {
    "listItemStickerData": [],
    "listItemViewDataOnTimeLine": []
  },
  "keyProjectCurrent": "1658128118667",
  "listTemplateModel": {
    "list": []
  },
  "music": {
    "listItemMusicData": [
      {
        "durationEnd": 9792,
        "durationFadeIn": 0,
        "durationFadeOut": 0,
        "durationStart": 0,
        "endIndexFrame": 293,
        "indexRowCurrent": 0,
        "indexRowPrevious": 0,
        "keyInHasMap": 1658128245248,
        "linkDownloadMp3": "/storage/emulated/0/Music/G3Video/Direct_ConvertVideoToMp3_1658127855817.mp3",
        "nameMp3": "Direct_ConvertVideoToMp3_1658127855817.mp3",
        "pathDefault": "/storage/emulated/0/Music/G3Video/Direct_ConvertVideoToMp3_1658127855817.mp3",
        "pathSaveFile": "/storage/emulated/0/Music/G3Video/Direct_ConvertVideoToMp3_1658127855817.mp3",
        "positionEffectVoice": 0,
        "speedAudio": 1.0,
        "startIndexFrame": 0,
        "volume": 1.0
      }
    ]
  },
  "nameVideo": "Template 1658128118667",
  "setting": {
    "quality": 720,
    "ratio": {
      "height": 16.0,
      "width": 9.0
    }
  },
  "sticker": {
    "listItemStickerData": [],
    "listItemViewDataOnTimeLine": []
  },
  "text": {
    "listItemStickerData": [],
    "listItemViewDataOnTimeLine": []
  },
  "timeLastUpdate": 1658132358829,
  "videoEffect": {
    "listItemEffectData": [
      {
        "drawMode": "SCREEN",
        "endIndexFrame": 47,
        "indexFrameDrawCurrent": 0,
        "isCenterCrop": true,
        "isCenterInside": false,
        "isDraw": true,
        "isNeedCutBody": false,
        "isReloadFromCache": true,
        "jsonObjectDataOfItem": "{\n  \"color\": -16777216,\n  \"defaultAlpha\": 200,\n  \"defaultMinSpeed\": 4.0,\n  \"defaultSpeed\": 0.0,\n  \"max\": 4.0,\n  \"min\": 0.0,\n  \"speedCurrent\": 0.0\n}",
        "keyEffect": "Party",
        "keyInHasMap": 1658132358830,
        "pathFolderEffect": "",
        "positionInAdapter": 11,
        "speed": 1,
        "startIndexFrame": 4,
        "title": "Black Flash",
        "totalFrame": 43,
        "uri": ""
      },
      {
        "drawMode": "SCREEN",
        "endIndexFrame": 67,
        "indexFrameDrawCurrent": 0,
        "isCenterCrop": true,
        "isCenterInside": false,
        "isDraw": true,
        "isNeedCutBody": false,
        "isReloadFromCache": true,
        "jsonObjectDataOfItem": "{\n  \"defaultMinShow\": 6.0,\n  \"defaultMinSpeed\": 10.0,\n  \"defaultShow\": 6.0,\n  \"defaultSpeed\": 0.0,\n  \"maxShow\": 6.0,\n  \"maxSpeed\": 10.0,\n  \"minShow\": 0.0,\n  \"minSpeed\": 0.0,\n  \"showCurrent\": 6.0,\n  \"speedCurrent\": 0.0\n}",
        "keyEffect": "Party",
        "keyInHasMap": 1658132358831,
        "pathFolderEffect": "",
        "positionInAdapter": 7,
        "speed": 1,
        "startIndexFrame": 49,
        "title": "Pulse",
        "totalFrame": 18,
        "uri": ""
      },
      {
        "drawMode": "SCREEN",
        "endIndexFrame": 124,
        "indexFrameDrawCurrent": 0,
        "isCenterCrop": true,
        "isCenterInside": false,
        "isDraw": true,
        "isNeedCutBody": false,
        "isReloadFromCache": true,
        "jsonObjectDataOfItem": "",
        "keyEffect": "Split",
        "keyInHasMap": 1658132358832,
        "pathFolderEffect": "",
        "positionInAdapter": 2,
        "speed": 1,
        "startIndexFrame": 112,
        "title": "Four screen",
        "totalFrame": 12,
        "uri": ""
      },
      {
        "drawMode": "SCREEN",
        "endIndexFrame": 136,
        "indexFrameDrawCurrent": 0,
        "isCenterCrop": true,
        "isCenterInside": false,
        "isDraw": true,
        "isNeedCutBody": false,
        "isReloadFromCache": true,
        "jsonObjectDataOfItem": "",
        "keyEffect": "Split",
        "keyInHasMap": 1658132358833,
        "pathFolderEffect": "",
        "positionInAdapter": 4,
        "speed": 1,
        "startIndexFrame": 125,
        "title": "Six screen",
        "totalFrame": 11,
        "uri": ""
      },
      {
        "drawMode": "SCREEN",
        "endIndexFrame": 143,
        "indexFrameDrawCurrent": 0,
        "isCenterCrop": true,
        "isCenterInside": false,
        "isDraw": true,
        "isNeedCutBody": false,
        "isReloadFromCache": true,
        "jsonObjectDataOfItem": "",
        "keyEffect": "Split",
        "keyInHasMap": 1658132358834,
        "pathFolderEffect": "",
        "positionInAdapter": 5,
        "speed": 1,
        "startIndexFrame": 137,
        "title": "Nine screen",
        "totalFrame": 6,
        "uri": ""
      },
      {
        "drawMode": "SCREEN",
        "endIndexFrame": 155,
        "indexFrameDrawCurrent": 0,
        "isCenterCrop": true,
        "isCenterInside": false,
        "isDraw": true,
        "isNeedCutBody": false,
        "isReloadFromCache": true,
        "jsonObjectDataOfItem": "",
        "keyEffect": "Split",
        "keyInHasMap": 1658132358834,
        "pathFolderEffect": "",
        "positionInAdapter": 5,
        "speed": 1,
        "startIndexFrame": 149,
        "title": "Nine screen",
        "totalFrame": 6,
        "uri": ""
      },
      {
        "drawMode": "SCREEN",
        "endIndexFrame": 297,
        "indexFrameDrawCurrent": 17,
        "isCenterCrop": true,
        "isCenterInside": false,
        "isDraw": true,
        "isNeedCutBody": false,
        "isReloadFromCache": true,
        "jsonObjectDataOfItem": "",
        "keyEffect": "SERVER",
        "keyInHasMap": 1658132358835,
        "pathFolderEffect": "/data/user/0/videoeditor.moviemaker/files/FOLDER_EFFECT/Lightleak/17",
        "positionInAdapter": 17,
        "speed": 1,
        "startIndexFrame": 159,
        "title": "Lightleak 17",
        "totalFrame": 138,
        "uri": "/data/user/0/videoeditor.moviemaker/files/FOLDER_EFFECT/Lightleak/17/Lightleak.m4v"
      },
      {
        "drawMode": "SCREEN",
        "endIndexFrame": 176,
        "indexFrameDrawCurrent": 0,
        "isCenterCrop": true,
        "isCenterInside": false,
        "isDraw": true,
        "isNeedCutBody": false,
        "isReloadFromCache": true,
        "jsonObjectDataOfItem": "{\n  \"defaultMinPercentWidth\": 1.0,\n  \"defaultMinSpeed\": 2.0,\n  \"defaultPercentWidth\": 1.0,\n  \"defaultSpeed\": 3.0,\n  \"isHorizontal\": false,\n  \"max\": 9.0,\n  \"maxSpeed\": 48.0,\n  \"min\": 0.0,\n  \"minSpeed\": 0.0,\n  \"percentWidth\": 1.35,\n  \"speedCurrent\": 5.76\n}",
        "keyEffect": "Party",
        "keyInHasMap": 1658132358837,
        "pathFolderEffect": "",
        "positionInAdapter": 2,
        "speed": 1,
        "startIndexFrame": 173,
        "title": "Stuck frame",
        "totalFrame": 3,
        "uri": ""
      },
      {
        "drawMode": "SCREEN",
        "endIndexFrame": 193,
        "indexFrameDrawCurrent": 0,
        "isCenterCrop": true,
        "isCenterInside": false,
        "isDraw": true,
        "isNeedCutBody": false,
        "isReloadFromCache": true,
        "jsonObjectDataOfItem": "{\n  \"defaultMinPercentWidth\": 1.0,\n  \"defaultMinSpeed\": 2.0,\n  \"defaultPercentWidth\": 1.0,\n  \"defaultSpeed\": 3.0,\n  \"isHorizontal\": false,\n  \"max\": 9.0,\n  \"maxSpeed\": 48.0,\n  \"min\": 0.0,\n  \"minSpeed\": 0.0,\n  \"percentWidth\": 1.35,\n  \"speedCurrent\": 5.76\n}",
        "keyEffect": "Party",
        "keyInHasMap": 1658132358838,
        "pathFolderEffect": "",
        "positionInAdapter": 2,
        "speed": 1,
        "startIndexFrame": 191,
        "title": "Stuck frame",
        "totalFrame": 2,
        "uri": ""
      },
      {
        "drawMode": "SCREEN",
        "endIndexFrame": 206,
        "indexFrameDrawCurrent": 0,
        "isCenterCrop": true,
        "isCenterInside": false,
        "isDraw": true,
        "isNeedCutBody": false,
        "isReloadFromCache": true,
        "jsonObjectDataOfItem": "{\n  \"defaultMinPercentWidth\": 1.0,\n  \"defaultMinSpeed\": 2.0,\n  \"defaultPercentWidth\": 1.0,\n  \"defaultSpeed\": 3.0,\n  \"isHorizontal\": false,\n  \"max\": 9.0,\n  \"maxSpeed\": 48.0,\n  \"min\": 0.0,\n  \"minSpeed\": 0.0,\n  \"percentWidth\": 1.35,\n  \"speedCurrent\": 5.76\n}",
        "keyEffect": "Party",
        "keyInHasMap": 1658132358839,
        "pathFolderEffect": "",
        "positionInAdapter": 2,
        "speed": 1,
        "startIndexFrame": 204,
        "title": "Stuck frame",
        "totalFrame": 2,
        "uri": ""
      },
      {
        "drawMode": "SCREEN",
        "endIndexFrame": 232,
        "indexFrameDrawCurrent": 0,
        "isCenterCrop": true,
        "isCenterInside": false,
        "isDraw": true,
        "isNeedCutBody": false,
        "isReloadFromCache": true,
        "jsonObjectDataOfItem": "{\n  \"defaultMinPercentWidth\": 1.0,\n  \"defaultMinSpeed\": 2.0,\n  \"defaultPercentWidth\": 1.0,\n  \"defaultSpeed\": 3.0,\n  \"isHorizontal\": false,\n  \"max\": 9.0,\n  \"maxSpeed\": 48.0,\n  \"min\": 0.0,\n  \"minSpeed\": 0.0,\n  \"percentWidth\": 1.35,\n  \"speedCurrent\": 5.76\n}",
        "keyEffect": "Party",
        "keyInHasMap": 1658132358840,
        "pathFolderEffect": "",
        "positionInAdapter": 2,
        "speed": 1,
        "startIndexFrame": 230,
        "title": "Stuck frame",
        "totalFrame": 2,
        "uri": ""
      },
      {
        "drawMode": "SCREEN",
        "endIndexFrame": 216,
        "indexFrameDrawCurrent": 0,
        "isCenterCrop": true,
        "isCenterInside": false,
        "isDraw": true,
        "isNeedCutBody": false,
        "isReloadFromCache": true,
        "jsonObjectDataOfItem": "{\n  \"defaultMinPercentWidth\": 1.0,\n  \"defaultMinSpeed\": 2.0,\n  \"defaultPercentWidth\": 1.0,\n  \"defaultSpeed\": 3.0,\n  \"isHorizontal\": false,\n  \"max\": 9.0,\n  \"maxSpeed\": 48.0,\n  \"min\": 0.0,\n  \"minSpeed\": 0.0,\n  \"percentWidth\": 1.35,\n  \"speedCurrent\": 5.76\n}",
        "keyEffect": "Party",
        "keyInHasMap": 1658132358842,
        "pathFolderEffect": "",
        "positionInAdapter": 2,
        "speed": 1,
        "startIndexFrame": 215,
        "title": "Stuck frame",
        "totalFrame": 1,
        "uri": ""
      },
      {
        "drawMode": "SCREEN",
        "endIndexFrame": 245,
        "indexFrameDrawCurrent": 0,
        "isCenterCrop": true,
        "isCenterInside": false,
        "isDraw": true,
        "isNeedCutBody": false,
        "isReloadFromCache": true,
        "jsonObjectDataOfItem": "{\n  \"defaultMinPercentWidth\": 1.0,\n  \"defaultMinSpeed\": 2.0,\n  \"defaultPercentWidth\": 1.0,\n  \"defaultSpeed\": 3.0,\n  \"isHorizontal\": false,\n  \"max\": 9.0,\n  \"maxSpeed\": 48.0,\n  \"min\": 0.0,\n  \"minSpeed\": 0.0,\n  \"percentWidth\": 1.35,\n  \"speedCurrent\": 5.76\n}",
        "keyEffect": "Party",
        "keyInHasMap": 1658132358843,
        "pathFolderEffect": "",
        "positionInAdapter": 2,
        "speed": 1,
        "startIndexFrame": 243,
        "title": "Stuck frame",
        "totalFrame": 2,
        "uri": ""
      },
      {
        "drawMode": "SCREEN",
        "endIndexFrame": 259,
        "indexFrameDrawCurrent": 0,
        "isCenterCrop": true,
        "isCenterInside": false,
        "isDraw": true,
        "isNeedCutBody": false,
        "isReloadFromCache": true,
        "jsonObjectDataOfItem": "{\n  \"defaultMinPercentWidth\": 1.0,\n  \"defaultMinSpeed\": 2.0,\n  \"defaultPercentWidth\": 1.0,\n  \"defaultSpeed\": 3.0,\n  \"isHorizontal\": false,\n  \"max\": 9.0,\n  \"maxSpeed\": 48.0,\n  \"min\": 0.0,\n  \"minSpeed\": 0.0,\n  \"percentWidth\": 1.35,\n  \"speedCurrent\": 5.76\n}",
        "keyEffect": "Party",
        "keyInHasMap": 1658132358844,
        "pathFolderEffect": "",
        "positionInAdapter": 2,
        "speed": 1,
        "startIndexFrame": 257,
        "title": "Stuck frame",
        "totalFrame": 2,
        "uri": ""
      },
      {
        "drawMode": "SCREEN",
        "endIndexFrame": 271,
        "indexFrameDrawCurrent": 0,
        "isCenterCrop": true,
        "isCenterInside": false,
        "isDraw": true,
        "isNeedCutBody": false,
        "isReloadFromCache": true,
        "jsonObjectDataOfItem": "{\n  \"defaultMinPercentWidth\": 1.0,\n  \"defaultMinSpeed\": 2.0,\n  \"defaultPercentWidth\": 1.0,\n  \"defaultSpeed\": 3.0,\n  \"isHorizontal\": false,\n  \"max\": 9.0,\n  \"maxSpeed\": 48.0,\n  \"min\": 0.0,\n  \"minSpeed\": 0.0,\n  \"percentWidth\": 1.35,\n  \"speedCurrent\": 5.76\n}",
        "keyEffect": "Party",
        "keyInHasMap": 1658132358845,
        "pathFolderEffect": "",
        "positionInAdapter": 2,
        "speed": 1,
        "startIndexFrame": 269,
        "title": "Stuck frame",
        "totalFrame": 2,
        "uri": ""
      },
      {
        "drawMode": "SCREEN",
        "endIndexFrame": 283,
        "indexFrameDrawCurrent": 0,
        "isCenterCrop": true,
        "isCenterInside": false,
        "isDraw": true,
        "isNeedCutBody": false,
        "isReloadFromCache": true,
        "jsonObjectDataOfItem": "{\n  \"defaultMinPercentWidth\": 1.0,\n  \"defaultMinSpeed\": 2.0,\n  \"defaultPercentWidth\": 1.0,\n  \"defaultSpeed\": 3.0,\n  \"isHorizontal\": false,\n  \"max\": 9.0,\n  \"maxSpeed\": 48.0,\n  \"min\": 0.0,\n  \"minSpeed\": 0.0,\n  \"percentWidth\": 1.35,\n  \"speedCurrent\": 5.76\n}",
        "keyEffect": "Party",
        "keyInHasMap": 1658132358847,
        "pathFolderEffect": "",
        "positionInAdapter": 2,
        "speed": 1,
        "startIndexFrame": 281,
        "title": "Stuck frame",
        "totalFrame": 2,
        "uri": ""
      },
      {
        "drawMode": "SCREEN",
        "endIndexFrame": 295,
        "indexFrameDrawCurrent": 0,
        "isCenterCrop": true,
        "isCenterInside": false,
        "isDraw": true,
        "isNeedCutBody": false,
        "isReloadFromCache": true,
        "jsonObjectDataOfItem": "{\n  \"defaultMinPercentWidth\": 1.0,\n  \"defaultMinSpeed\": 2.0,\n  \"defaultPercentWidth\": 1.0,\n  \"defaultSpeed\": 3.0,\n  \"isHorizontal\": false,\n  \"max\": 9.0,\n  \"maxSpeed\": 48.0,\n  \"min\": 0.0,\n  \"minSpeed\": 0.0,\n  \"percentWidth\": 1.35,\n  \"speedCurrent\": 5.76\n}",
        "keyEffect": "Party",
        "keyInHasMap": 1658132358848,
        "pathFolderEffect": "",
        "positionInAdapter": 2,
        "speed": 1,
        "startIndexFrame": 293,
        "title": "Stuck frame",
        "totalFrame": 2,
        "uri": ""
      },
      {
        "drawMode": "SCREEN",
        "endIndexFrame": 175,
        "indexFrameDrawCurrent": 0,
        "isCenterCrop": true,
        "isCenterInside": false,
        "isDraw": true,
        "isNeedCutBody": false,
        "isReloadFromCache": true,
        "jsonObjectDataOfItem": "{\n  \"color\": -1,\n  \"defaultMinSpeed\": 2.0,\n  \"defaultSpeed\": 3.0,\n  \"max\": 28.0,\n  \"min\": 0.0,\n  \"speedCurrent\": 0.0\n}",
        "keyEffect": "Party",
        "keyInHasMap": 1658132358848,
        "pathFolderEffect": "",
        "positionInAdapter": 3,
        "speed": 1,
        "startIndexFrame": 173,
        "title": "White flash",
        "totalFrame": 2,
        "uri": ""
      },
      {
        "drawMode": "SCREEN",
        "endIndexFrame": 194,
        "indexFrameDrawCurrent": 0,
        "isCenterCrop": true,
        "isCenterInside": false,
        "isDraw": true,
        "isNeedCutBody": false,
        "isReloadFromCache": true,
        "jsonObjectDataOfItem": "{\n  \"color\": -1,\n  \"defaultMinSpeed\": 2.0,\n  \"defaultSpeed\": 3.0,\n  \"max\": 28.0,\n  \"min\": 0.0,\n  \"speedCurrent\": 0.0\n}",
        "keyEffect": "Party",
        "keyInHasMap": 1658132358849,
        "pathFolderEffect": "",
        "positionInAdapter": 3,
        "speed": 1,
        "startIndexFrame": 192,
        "title": "White flash",
        "totalFrame": 2,
        "uri": ""
      },
      {
        "drawMode": "SCREEN",
        "endIndexFrame": 206,
        "indexFrameDrawCurrent": 0,
        "isCenterCrop": true,
        "isCenterInside": false,
        "isDraw": true,
        "isNeedCutBody": false,
        "isReloadFromCache": true,
        "jsonObjectDataOfItem": "{\n  \"color\": -1,\n  \"defaultMinSpeed\": 2.0,\n  \"defaultSpeed\": 3.0,\n  \"max\": 28.0,\n  \"min\": 0.0,\n  \"speedCurrent\": 0.0\n}",
        "keyEffect": "Party",
        "keyInHasMap": 1658132358850,
        "pathFolderEffect": "",
        "positionInAdapter": 3,
        "speed": 1,
        "startIndexFrame": 204,
        "title": "White flash",
        "totalFrame": 2,
        "uri": ""
      },
      {
        "drawMode": "SCREEN",
        "endIndexFrame": 217,
        "indexFrameDrawCurrent": 0,
        "isCenterCrop": true,
        "isCenterInside": false,
        "isDraw": true,
        "isNeedCutBody": false,
        "isReloadFromCache": true,
        "jsonObjectDataOfItem": "{\n  \"color\": -1,\n  \"defaultMinSpeed\": 2.0,\n  \"defaultSpeed\": 3.0,\n  \"max\": 28.0,\n  \"min\": 0.0,\n  \"speedCurrent\": 0.0\n}",
        "keyEffect": "Party",
        "keyInHasMap": 1658132358850,
        "pathFolderEffect": "",
        "positionInAdapter": 3,
        "speed": 1,
        "startIndexFrame": 215,
        "title": "White flash",
        "totalFrame": 2,
        "uri": ""
      },
      {
        "drawMode": "SCREEN",
        "endIndexFrame": 232,
        "indexFrameDrawCurrent": 0,
        "isCenterCrop": true,
        "isCenterInside": false,
        "isDraw": true,
        "isNeedCutBody": false,
        "isReloadFromCache": true,
        "jsonObjectDataOfItem": "{\n  \"color\": -1,\n  \"defaultMinSpeed\": 2.0,\n  \"defaultSpeed\": 3.0,\n  \"max\": 28.0,\n  \"min\": 0.0,\n  \"speedCurrent\": 0.0\n}",
        "keyEffect": "Party",
        "keyInHasMap": 1658132358851,
        "pathFolderEffect": "",
        "positionInAdapter": 3,
        "speed": 1,
        "startIndexFrame": 230,
        "title": "White flash",
        "totalFrame": 2,
        "uri": ""
      },
      {
        "drawMode": "SCREEN",
        "endIndexFrame": 245,
        "indexFrameDrawCurrent": 0,
        "isCenterCrop": true,
        "isCenterInside": false,
        "isDraw": true,
        "isNeedCutBody": false,
        "isReloadFromCache": true,
        "jsonObjectDataOfItem": "{\n  \"color\": -1,\n  \"defaultMinSpeed\": 2.0,\n  \"defaultSpeed\": 3.0,\n  \"max\": 28.0,\n  \"min\": 0.0,\n  \"speedCurrent\": 0.0\n}",
        "keyEffect": "Party",
        "keyInHasMap": 1658132358852,
        "pathFolderEffect": "",
        "positionInAdapter": 3,
        "speed": 1,
        "startIndexFrame": 243,
        "title": "White flash",
        "totalFrame": 2,
        "uri": ""
      },
      {
        "drawMode": "SCREEN",
        "endIndexFrame": 258,
        "indexFrameDrawCurrent": 0,
        "isCenterCrop": true,
        "isCenterInside": false,
        "isDraw": true,
        "isNeedCutBody": false,
        "isReloadFromCache": true,
        "jsonObjectDataOfItem": "{\n  \"color\": -1,\n  \"defaultMinSpeed\": 2.0,\n  \"defaultSpeed\": 3.0,\n  \"max\": 28.0,\n  \"min\": 0.0,\n  \"speedCurrent\": 0.0\n}",
        "keyEffect": "Party",
        "keyInHasMap": 1658132358852,
        "pathFolderEffect": "",
        "positionInAdapter": 3,
        "speed": 1,
        "startIndexFrame": 256,
        "title": "White flash",
        "totalFrame": 2,
        "uri": ""
      },
      {
        "drawMode": "SCREEN",
        "endIndexFrame": 271,
        "indexFrameDrawCurrent": 0,
        "isCenterCrop": true,
        "isCenterInside": false,
        "isDraw": true,
        "isNeedCutBody": false,
        "isReloadFromCache": true,
        "jsonObjectDataOfItem": "{\n  \"color\": -1,\n  \"defaultMinSpeed\": 2.0,\n  \"defaultSpeed\": 3.0,\n  \"max\": 28.0,\n  \"min\": 0.0,\n  \"speedCurrent\": 0.0\n}",
        "keyEffect": "Party",
        "keyInHasMap": 1658132358853,
        "pathFolderEffect": "",
        "positionInAdapter": 3,
        "speed": 1,
        "startIndexFrame": 269,
        "title": "White flash",
        "totalFrame": 2,
        "uri": ""
      },
      {
        "drawMode": "SCREEN",
        "endIndexFrame": 284,
        "indexFrameDrawCurrent": 0,
        "isCenterCrop": true,
        "isCenterInside": false,
        "isDraw": true,
        "isNeedCutBody": false,
        "isReloadFromCache": true,
        "jsonObjectDataOfItem": "{\n  \"color\": -1,\n  \"defaultMinSpeed\": 2.0,\n  \"defaultSpeed\": 3.0,\n  \"max\": 28.0,\n  \"min\": 0.0,\n  \"speedCurrent\": 0.0\n}",
        "keyEffect": "Party",
        "keyInHasMap": 1658132358854,
        "pathFolderEffect": "",
        "positionInAdapter": 3,
        "speed": 1,
        "startIndexFrame": 282,
        "title": "White flash",
        "totalFrame": 2,
        "uri": ""
      },
      {
        "drawMode": "SCREEN",
        "endIndexFrame": 295,
        "indexFrameDrawCurrent": 0,
        "isCenterCrop": true,
        "isCenterInside": false,
        "isDraw": true,
        "isNeedCutBody": false,
        "isReloadFromCache": true,
        "jsonObjectDataOfItem": "{\n  \"color\": -1,\n  \"defaultMinSpeed\": 2.0,\n  \"defaultSpeed\": 3.0,\n  \"max\": 28.0,\n  \"min\": 0.0,\n  \"speedCurrent\": 0.0\n}",
        "keyEffect": "Party",
        "keyInHasMap": 1658132358855,
        "pathFolderEffect": "",
        "positionInAdapter": 3,
        "speed": 1,
        "startIndexFrame": 293,
        "title": "White flash",
        "totalFrame": 2,
        "uri": ""
      }
    ],
    "listItemViewDataOnTimeLine": [
      {
        "durationEnd": 5200,
        "durationFadeIn": 0,
        "durationFadeOut": 0,
        "durationStart": 0,
        "endIndexFrame": 47,
        "indexRowCurrent": 0,
        "indexRowPrevious": 0,
        "keyInHasMap": 1658129130240,
        "linkDownloadMp3": "",
        "nameMp3": "",
        "pathDefault": "",
        "pathSaveFile": "",
        "positionEffectVoice": 0,
        "speedAudio": 1.0,
        "startIndexFrame": 4,
        "volume": 1.0
      },
      {
        "durationEnd": 3100,
        "durationFadeIn": 0,
        "durationFadeOut": 0,
        "durationStart": 0,
        "endIndexFrame": 67,
        "indexRowCurrent": 0,
        "indexRowPrevious": 0,
        "keyInHasMap": 1658129254444,
        "linkDownloadMp3": "",
        "nameMp3": "",
        "pathDefault": "",
        "pathSaveFile": "",
        "positionEffectVoice": 0,
        "speedAudio": 1.0,
        "startIndexFrame": 49,
        "volume": 1.0
      },
      {
        "durationEnd": 433,
        "durationFadeIn": 0,
        "durationFadeOut": 0,
        "durationStart": 0,
        "endIndexFrame": 124,
        "indexRowCurrent": 0,
        "indexRowPrevious": 0,
        "keyInHasMap": 1658129530810,
        "linkDownloadMp3": "",
        "nameMp3": "",
        "pathDefault": "",
        "pathSaveFile": "",
        "positionEffectVoice": 0,
        "speedAudio": 1.0,
        "startIndexFrame": 112,
        "volume": 1.0
      },
      {
        "durationEnd": 400,
        "durationFadeIn": 0,
        "durationFadeOut": 0,
        "durationStart": 0,
        "endIndexFrame": 136,
        "indexRowCurrent": 0,
        "indexRowPrevious": 0,
        "keyInHasMap": 1658129636901,
        "linkDownloadMp3": "",
        "nameMp3": "",
        "pathDefault": "",
        "pathSaveFile": "",
        "positionEffectVoice": 0,
        "speedAudio": 1.0,
        "startIndexFrame": 125,
        "volume": 1.0
      },
      {
        "durationEnd": 433,
        "durationFadeIn": 0,
        "durationFadeOut": 0,
        "durationStart": 0,
        "endIndexFrame": 143,
        "indexRowCurrent": 0,
        "indexRowPrevious": 0,
        "keyInHasMap": 1658129728981,
        "linkDownloadMp3": "",
        "nameMp3": "",
        "pathDefault": "",
        "pathSaveFile": "",
        "positionEffectVoice": 0,
        "speedAudio": 1.0,
        "startIndexFrame": 137,
        "volume": 1.0
      },
      {
        "durationEnd": 266,
        "durationFadeIn": 0,
        "durationFadeOut": 0,
        "durationStart": 0,
        "endIndexFrame": 155,
        "indexRowCurrent": 0,
        "indexRowPrevious": 0,
        "keyInHasMap": 1658130984230,
        "linkDownloadMp3": "",
        "nameMp3": "",
        "pathDefault": "",
        "pathSaveFile": "",
        "positionEffectVoice": 0,
        "speedAudio": 1.0,
        "startIndexFrame": 149,
        "volume": 1.0
      },
      {
        "durationEnd": 4600,
        "durationFadeIn": 0,
        "durationFadeOut": 0,
        "durationStart": 0,
        "endIndexFrame": 297,
        "indexRowCurrent": 0,
        "indexRowPrevious": 0,
        "keyInHasMap": 1658131603858,
        "linkDownloadMp3": "",
        "nameMp3": "",
        "pathDefault": "",
        "pathSaveFile": "",
        "positionEffectVoice": 0,
        "speedAudio": 1.0,
        "startIndexFrame": 159,
        "volume": 1.0
      },
      {
        "durationEnd": 2700,
        "durationFadeIn": 0,
        "durationFadeOut": 0,
        "durationStart": 0,
        "endIndexFrame": 176,
        "indexRowCurrent": 0,
        "indexRowPrevious": 0,
        "keyInHasMap": 1658131660770,
        "linkDownloadMp3": "",
        "nameMp3": "",
        "pathDefault": "",
        "pathSaveFile": "",
        "positionEffectVoice": 0,
        "speedAudio": 1.0,
        "startIndexFrame": 173,
        "volume": 1.0
      },
      {
        "durationEnd": 133,
        "durationFadeIn": 0,
        "durationFadeOut": 0,
        "durationStart": 0,
        "endIndexFrame": 193,
        "indexRowCurrent": 0,
        "indexRowPrevious": 0,
        "keyInHasMap": 1658131794130,
        "linkDownloadMp3": "",
        "nameMp3": "",
        "pathDefault": "",
        "pathSaveFile": "",
        "positionEffectVoice": 0,
        "speedAudio": 1.0,
        "startIndexFrame": 191,
        "volume": 1.0
      },
      {
        "durationEnd": 100,
        "durationFadeIn": 0,
        "durationFadeOut": 0,
        "durationStart": 0,
        "endIndexFrame": 206,
        "indexRowCurrent": 0,
        "indexRowPrevious": 0,
        "keyInHasMap": 1658131825174,
        "linkDownloadMp3": "",
        "nameMp3": "",
        "pathDefault": "",
        "pathSaveFile": "",
        "positionEffectVoice": 0,
        "speedAudio": 1.0,
        "startIndexFrame": 204,
        "volume": 1.0
      },
      {
        "durationEnd": 133,
        "durationFadeIn": 0,
        "durationFadeOut": 0,
        "durationStart": 0,
        "endIndexFrame": 232,
        "indexRowCurrent": 0,
        "indexRowPrevious": 0,
        "keyInHasMap": 1658131911253,
        "linkDownloadMp3": "",
        "nameMp3": "",
        "pathDefault": "",
        "pathSaveFile": "",
        "positionEffectVoice": 0,
        "speedAudio": 1.0,
        "startIndexFrame": 230,
        "volume": 1.0
      },
      {
        "durationEnd": 0,
        "durationFadeIn": 0,
        "durationFadeOut": 0,
        "durationStart": 0,
        "endIndexFrame": 216,
        "indexRowCurrent": 0,
        "indexRowPrevious": 0,
        "keyInHasMap": 1658131994557,
        "linkDownloadMp3": "",
        "nameMp3": "",
        "pathDefault": "",
        "pathSaveFile": "",
        "positionEffectVoice": 0,
        "speedAudio": 1.0,
        "startIndexFrame": 215,
        "volume": 1.0
      },
      {
        "durationEnd": 0,
        "durationFadeIn": 0,
        "durationFadeOut": 0,
        "durationStart": 0,
        "endIndexFrame": 245,
        "indexRowCurrent": 0,
        "indexRowPrevious": 0,
        "keyInHasMap": 1658132115570,
        "linkDownloadMp3": "",
        "nameMp3": "",
        "pathDefault": "",
        "pathSaveFile": "",
        "positionEffectVoice": 0,
        "speedAudio": 1.0,
        "startIndexFrame": 243,
        "volume": 1.0
      },
      {
        "durationEnd": 0,
        "durationFadeIn": 0,
        "durationFadeOut": 0,
        "durationStart": 0,
        "endIndexFrame": 259,
        "indexRowCurrent": 0,
        "indexRowPrevious": 0,
        "keyInHasMap": 1658132117464,
        "linkDownloadMp3": "",
        "nameMp3": "",
        "pathDefault": "",
        "pathSaveFile": "",
        "positionEffectVoice": 0,
        "speedAudio": 1.0,
        "startIndexFrame": 257,
        "volume": 1.0
      },
      {
        "durationEnd": 0,
        "durationFadeIn": 0,
        "durationFadeOut": 0,
        "durationStart": 0,
        "endIndexFrame": 271,
        "indexRowCurrent": 0,
        "indexRowPrevious": 0,
        "keyInHasMap": 1658132119932,
        "linkDownloadMp3": "",
        "nameMp3": "",
        "pathDefault": "",
        "pathSaveFile": "",
        "positionEffectVoice": 0,
        "speedAudio": 1.0,
        "startIndexFrame": 269,
        "volume": 1.0
      },
      {
        "durationEnd": 0,
        "durationFadeIn": 0,
        "durationFadeOut": 0,
        "durationStart": 0,
        "endIndexFrame": 283,
        "indexRowCurrent": 0,
        "indexRowPrevious": 0,
        "keyInHasMap": 1658132122743,
        "linkDownloadMp3": "",
        "nameMp3": "",
        "pathDefault": "",
        "pathSaveFile": "",
        "positionEffectVoice": 0,
        "speedAudio": 1.0,
        "startIndexFrame": 281,
        "volume": 1.0
      },
      {
        "durationEnd": 0,
        "durationFadeIn": 0,
        "durationFadeOut": 0,
        "durationStart": 0,
        "endIndexFrame": 295,
        "indexRowCurrent": 0,
        "indexRowPrevious": 0,
        "keyInHasMap": 1658132127036,
        "linkDownloadMp3": "",
        "nameMp3": "",
        "pathDefault": "",
        "pathSaveFile": "",
        "positionEffectVoice": 0,
        "speedAudio": 1.0,
        "startIndexFrame": 293,
        "volume": 1.0
      },
      {
        "durationEnd": 100,
        "durationFadeIn": 0,
        "durationFadeOut": 0,
        "durationStart": 0,
        "endIndexFrame": 175,
        "indexRowCurrent": 0,
        "indexRowPrevious": 0,
        "keyInHasMap": 1658132157102,
        "linkDownloadMp3": "",
        "nameMp3": "",
        "pathDefault": "",
        "pathSaveFile": "",
        "positionEffectVoice": 0,
        "speedAudio": 1.0,
        "startIndexFrame": 173,
        "volume": 1.0
      },
      {
        "durationEnd": 0,
        "durationFadeIn": 0,
        "durationFadeOut": 0,
        "durationStart": 0,
        "endIndexFrame": 194,
        "indexRowCurrent": 0,
        "indexRowPrevious": 0,
        "keyInHasMap": 1658132183055,
        "linkDownloadMp3": "",
        "nameMp3": "",
        "pathDefault": "",
        "pathSaveFile": "",
        "positionEffectVoice": 0,
        "speedAudio": 1.0,
        "startIndexFrame": 192,
        "volume": 1.0
      },
      {
        "durationEnd": 0,
        "durationFadeIn": 0,
        "durationFadeOut": 0,
        "durationStart": 0,
        "endIndexFrame": 206,
        "indexRowCurrent": 0,
        "indexRowPrevious": 0,
        "keyInHasMap": 1658132186542,
        "linkDownloadMp3": "",
        "nameMp3": "",
        "pathDefault": "",
        "pathSaveFile": "",
        "positionEffectVoice": 0,
        "speedAudio": 1.0,
        "startIndexFrame": 204,
        "volume": 1.0
      },
      {
        "durationEnd": 0,
        "durationFadeIn": 0,
        "durationFadeOut": 0,
        "durationStart": 0,
        "endIndexFrame": 217,
        "indexRowCurrent": 0,
        "indexRowPrevious": 0,
        "keyInHasMap": 1658132188931,
        "linkDownloadMp3": "",
        "nameMp3": "",
        "pathDefault": "",
        "pathSaveFile": "",
        "positionEffectVoice": 0,
        "speedAudio": 1.0,
        "startIndexFrame": 215,
        "volume": 1.0
      },
      {
        "durationEnd": 0,
        "durationFadeIn": 0,
        "durationFadeOut": 0,
        "durationStart": 0,
        "endIndexFrame": 232,
        "indexRowCurrent": 0,
        "indexRowPrevious": 0,
        "keyInHasMap": 1658132190865,
        "linkDownloadMp3": "",
        "nameMp3": "",
        "pathDefault": "",
        "pathSaveFile": "",
        "positionEffectVoice": 0,
        "speedAudio": 1.0,
        "startIndexFrame": 230,
        "volume": 1.0
      },
      {
        "durationEnd": 0,
        "durationFadeIn": 0,
        "durationFadeOut": 0,
        "durationStart": 0,
        "endIndexFrame": 245,
        "indexRowCurrent": 0,
        "indexRowPrevious": 0,
        "keyInHasMap": 1658132193001,
        "linkDownloadMp3": "",
        "nameMp3": "",
        "pathDefault": "",
        "pathSaveFile": "",
        "positionEffectVoice": 0,
        "speedAudio": 1.0,
        "startIndexFrame": 243,
        "volume": 1.0
      },
      {
        "durationEnd": 0,
        "durationFadeIn": 0,
        "durationFadeOut": 0,
        "durationStart": 0,
        "endIndexFrame": 258,
        "indexRowCurrent": 0,
        "indexRowPrevious": 0,
        "keyInHasMap": 1658132197404,
        "linkDownloadMp3": "",
        "nameMp3": "",
        "pathDefault": "",
        "pathSaveFile": "",
        "positionEffectVoice": 0,
        "speedAudio": 1.0,
        "startIndexFrame": 256,
        "volume": 1.0
      },
      {
        "durationEnd": 0,
        "durationFadeIn": 0,
        "durationFadeOut": 0,
        "durationStart": 0,
        "endIndexFrame": 271,
        "indexRowCurrent": 0,
        "indexRowPrevious": 0,
        "keyInHasMap": 1658132200258,
        "linkDownloadMp3": "",
        "nameMp3": "",
        "pathDefault": "",
        "pathSaveFile": "",
        "positionEffectVoice": 0,
        "speedAudio": 1.0,
        "startIndexFrame": 269,
        "volume": 1.0
      },
      {
        "durationEnd": 0,
        "durationFadeIn": 0,
        "durationFadeOut": 0,
        "durationStart": 0,
        "endIndexFrame": 284,
        "indexRowCurrent": 0,
        "indexRowPrevious": 0,
        "keyInHasMap": 1658132202223,
        "linkDownloadMp3": "",
        "nameMp3": "",
        "pathDefault": "",
        "pathSaveFile": "",
        "positionEffectVoice": 0,
        "speedAudio": 1.0,
        "startIndexFrame": 282,
        "volume": 1.0
      },
      {
        "durationEnd": 0,
        "durationFadeIn": 0,
        "durationFadeOut": 0,
        "durationStart": 0,
        "endIndexFrame": 295,
        "indexRowCurrent": 0,
        "indexRowPrevious": 0,
        "keyInHasMap": 1658132209300,
        "linkDownloadMp3": "",
        "nameMp3": "",
        "pathDefault": "",
        "pathSaveFile": "",
        "positionEffectVoice": 0,
        "speedAudio": 1.0,
        "startIndexFrame": 293,
        "volume": 1.0
      }
    ]
  }
}