{"durationVideo":5100,"editor":{"listItemPhotoData":[{"backgroundColor":0,"blurBackground":0,"duration":1800,"endIndexFrame":53,"flipHorizontal":1.0,"flipVertical":1.0,"gpuPosition":0,"gpuProgress":0,"heightBitmap":1874,"idItemPhoto":"1653449711569","indexEndFrameTransformCombo":0,"indexEndFrameTransformIn":24,"indexStartFrameTransformOut":0,"isCenterCrop":false,"isCenterInside":true,"isLoadFromCache":true,"itemDataTransition":{"indexCate":0,"isMask":false,"keyItem":"","linkCover":"","linkDownload":"","modeDraw":"","nameEn":"","nameVn":"","paintModeDraw":"SRC_OVER","pathFolderOfTransition":"","positionTransitionInAdapter":0,"timeTransitionCurrent":1500,"typeTransition":{"type":"NONE","typeTransition":"NONE"}},"itemOverlayDataEditorOverlay":{"alpha":255,"folder":"Film","indexCate":8,"link":"https://photoforapp.s3.ap-southeast-1.amazonaws.com/PhotoFilter/PhotoFilter_V2/Filter/Film/12.jpg","modeDraw":"LIGHTEN","positionInAdapter":132},"itemTemplateModel":{"duration":0,"heightBitmap":0,"isCrop":false,"pathFile":"","rect":{"bottom":0,"left":0,"right":0,"top":0},"widthBitmap":0},"linkBackgroundImage":"","matrixBitmapDraw":{},"objDataAdjust":{"mCurrentBrightnessFilter":50,"mCurrentContrastFilter":50,"mCurrentExposureFilter":50,"mCurrentFadeFilters":0,"mCurrentHighlightFilter":100,"mCurrentHueFilter":0,"mCurrentSaturationFilter":50,"mCurrentShadowFilter":0,"mCurrentSharpenFilter":50,"mCurrentTempFilter":50,"mCurrentVignetteFilter":100,"mListRedoAdjust":[],"mListUndoAdjust":[]},"pathBitmap":"/storage/emulated/0/Pictures/Telegram/IMG_20220525_101157_981.jpg","rotate":0,"rotateAnim":0.0,"scaleAnim":1.0,"startIndexFrame":0,"timeTransformCombo":1800,"timeTransformIn":816,"timeTransformOut":300,"totalFrame":53,"typeBackground":"COLOR","typeTransformCombo":"NONE","typeTransformIn":"ZOOM_OUT","typeTransformOut":"NONE","valueMatrixBitmapDraw":[0.38420492,0.0,0.024002075,0.0,0.38420492,-1.5258789E-5,0.0,0.0,1.0],"widthBitmap":1054},{"backgroundColor":0,"blurBackground":0,"duration":800,"endIndexFrame":77,"flipHorizontal":1.0,"flipVertical":1.0,"gpuPosition":0,"gpuProgress":0,"heightBitmap":1867,"idItemPhoto":"1653449711795","indexEndFrameTransformCombo":0,"indexEndFrameTransformIn":0,"indexStartFrameTransformOut":0,"isCenterCrop":false,"isCenterInside":true,"isLoadFromCache":true,"itemDataTransition":{"indexCate":0,"isMask":false,"keyItem":"","linkCover":"","linkDownload":"","modeDraw":"","nameEn":"","nameVn":"","paintModeDraw":"SRC_OVER","pathFolderOfTransition":"","positionTransitionInAdapter":0,"timeTransitionCurrent":800,"typeTransition":{"type":"NONE","typeTransition":"NONE"}},"itemOverlayDataEditorOverlay":{"alpha":255,"folder":"Film","indexCate":8,"link":"https://photoforapp.s3.ap-southeast-1.amazonaws.com/PhotoFilter/PhotoFilter_V2/Filter/Film/12.jpg","modeDraw":"LIGHTEN","positionInAdapter":132},"itemTemplateModel":{"duration":0,"heightBitmap":0,"isCrop":false,"pathFile":"","rect":{"bottom":0,"left":0,"right":0,"top":0},"widthBitmap":0},"linkBackgroundImage":"","matrixBitmapDraw":{},"objDataAdjust":{"mCurrentBrightnessFilter":50,"mCurrentContrastFilter":50,"mCurrentExposureFilter":50,"mCurrentFadeFilters":0,"mCurrentHighlightFilter":100,"mCurrentHueFilter":0,"mCurrentSaturationFilter":50,"mCurrentShadowFilter":0,"mCurrentSharpenFilter":50,"mCurrentTempFilter":50,"mCurrentVignetteFilter":100,"mListRedoAdjust":[],"mListUndoAdjust":[]},"pathBitmap":"/storage/emulated/0/Pictures/Telegram/IMG_20220525_101200_011.jpg","rotate":0,"rotateAnim":0.0,"scaleAnim":1.0,"startIndexFrame":54,"timeTransformCombo":800,"timeTransformIn":300,"timeTransformOut":300,"totalFrame":23,"typeBackground":"COLOR","typeTransformCombo":"NONE","typeTransformIn":"NONE","typeTransformOut":"NONE","valueMatrixBitmapDraw":[0.38564542,0.0,0.03614807,0.0,0.38564542,0.0,0.0,0.0,1.0],"widthBitmap":1050},{"backgroundColor":0,"blurBackground":0,"duration":1100,"endIndexFrame":110,"flipHorizontal":1.0,"flipVertical":1.0,"gpuPosition":0,"gpuProgress":0,"heightBitmap":1877,"idItemPhoto":"1653449712007","indexEndFrameTransformCombo":0,"indexEndFrameTransformIn":0,"indexStartFrameTransformOut":0,"isCenterCrop":false,"isCenterInside":true,"isLoadFromCache":true,"itemDataTransition":{"indexCate":0,"isMask":false,"keyItem":"","linkCover":"","linkDownload":"","modeDraw":"","nameEn":"","nameVn":"","paintModeDraw":"SRC_OVER","pathFolderOfTransition":"","positionTransitionInAdapter":0,"timeTransitionCurrent":1100,"typeTransition":{"type":"NONE","typeTransition":"NONE"}},"itemOverlayDataEditorOverlay":{"alpha":136,"folder":"Film","indexCate":8,"link":"https://photoforapp.s3.ap-southeast-1.amazonaws.com/PhotoFilter/PhotoFilter_V2/Filter/Film/12.jpg","modeDraw":"LIGHTEN","positionInAdapter":132},"itemTemplateModel":{"duration":0,"heightBitmap":0,"isCrop":false,"pathFile":"","rect":{"bottom":0,"left":0,"right":0,"top":0},"widthBitmap":0},"linkBackgroundImage":"","matrixBitmapDraw":{},"objDataAdjust":{"mCurrentBrightnessFilter":50,"mCurrentContrastFilter":50,"mCurrentExposureFilter":50,"mCurrentFadeFilters":0,"mCurrentHighlightFilter":100,"mCurrentHueFilter":0,"mCurrentSaturationFilter":50,"mCurrentShadowFilter":0,"mCurrentSharpenFilter":50,"mCurrentTempFilter":50,"mCurrentVignetteFilter":100,"mListRedoAdjust":[],"mListUndoAdjust":[]},"pathBitmap":"/storage/emulated/0/Pictures/Telegram/IMG_20220525_101203_113.jpg","rotate":0,"rotateAnim":0.0,"scaleAnim":1.0,"startIndexFrame":78,"timeTransformCombo":1100,"timeTransformIn":300,"timeTransformOut":300,"totalFrame":32,"typeBackground":"COLOR","typeTransformCombo":"NONE","typeTransformIn":"NONE","typeTransformOut":"NONE","valueMatrixBitmapDraw":[0.38352272,0.0,0.0,0.0,0.38352272,0.063934326,0.0,0.0,1.0],"widthBitmap":1056},{"backgroundColor":0,"blurBackground":0,"duration":1400,"endIndexFrame":152,"flipHorizontal":1.0,"flipVertical":1.0,"gpuPosition":0,"gpuProgress":0,"heightBitmap":1875,"idItemPhoto":"1653449712213","indexEndFrameTransformCombo":0,"indexEndFrameTransformIn":0,"indexStartFrameTransformOut":0,"isCenterCrop":false,"isCenterInside":true,"isLoadFromCache":true,"itemDataTransition":{"indexCate":0,"isMask":false,"keyItem":"","linkCover":"","linkDownload":"","modeDraw":"","nameEn":"","nameVn":"","paintModeDraw":"SRC_OVER","pathFolderOfTransition":"","positionTransitionInAdapter":0,"timeTransitionCurrent":1400,"typeTransition":{"type":"NONE","typeTransition":"NONE"}},"itemOverlayDataEditorOverlay":{"alpha":135,"folder":"Film","indexCate":8,"link":"https://photoforapp.s3.ap-southeast-1.amazonaws.com/PhotoFilter/PhotoFilter_V2/Filter/Film/12.jpg","modeDraw":"LIGHTEN","positionInAdapter":132},"itemTemplateModel":{"duration":0,"heightBitmap":0,"isCrop":false,"pathFile":"","rect":{"bottom":0,"left":0,"right":0,"top":0},"widthBitmap":0},"linkBackgroundImage":"","matrixBitmapDraw":{},"objDataAdjust":{"mCurrentBrightnessFilter":50,"mCurrentContrastFilter":50,"mCurrentExposureFilter":50,"mCurrentFadeFilters":0,"mCurrentHighlightFilter":100,"mCurrentHueFilter":0,"mCurrentSaturationFilter":50,"mCurrentShadowFilter":0,"mCurrentSharpenFilter":50,"mCurrentTempFilter":50,"mCurrentVignetteFilter":100,"mListRedoAdjust":[],"mListUndoAdjust":[]},"pathBitmap":"/storage/emulated/0/Pictures/Telegram/IMG_20220525_101204_130.jpg","rotate":0,"rotateAnim":0.0,"scaleAnim":1.0,"startIndexFrame":111,"timeTransformCombo":1400,"timeTransformIn":300,"timeTransformOut":300,"totalFrame":41,"typeBackground":"COLOR","typeTransformCombo":"NONE","typeTransformIn":"NONE","typeTransformOut":"NONE","valueMatrixBitmapDraw":[0.38388625,0.0,0.0,0.0,0.38388625,0.10664368,0.0,0.0,1.0],"widthBitmap":1055}]},"frame":{"listItemStickerData":[],"listItemViewDataOnTimeLine":[]},"keyProjectCurrent":"1653450620198","listTemplateModel":{"list":[]},"music":{"listItemMusicData":[{"durationEnd":5000,"durationStart":0,"endIndexFrame":150,"indexRowCurrent":0,"indexRowPrevious":0,"keyInHasMap":1653449730139,"linkDownloadMp3":"/storage/emulated/0/Music/G3Video/Direct_ConvertVideoToMp3_1653447633138.mp3","nameMp3":"Direct_ConvertVideoToMp3_1653447633138.mp3","pathSaveFile":"/storage/emulated/0/Music/G3Video/Direct_ConvertVideoToMp3_1653447633138.mp3","startIndexFrame":0,"volume":1.0}]},"nameVideo":"Template 1653450620198","setting":{"quality":720,"ratio":{"height":16.0,"width":9.0}},"sticker":{"listItemStickerData":[],"listItemViewDataOnTimeLine":[]},"text":{"listItemStickerData":[{"DOT":".","TYPE_PHOTO":"png","WIDTH_MAX":360,"alpha":255,"countDeltaTime":0.0,"dataFrames":{"isNeedLoadBitmap1":false,"isNeedLoadBitmap2":false,"isNeedLoadBitmap2Loop":false,"isNeedLoadBitmap3":false,"isNeedLoadBitmap4":false,"isNeedLoadBitmap4Loop":false,"isNeedLoadBitmap5":false,"isNeedLoadBitmap6":false,"isNeedLoadBitmap6Loop":false,"isNeedLoadBitmap7":false,"isNeedLoadBitmap8":false,"isNeedLoadBitmap8Loop":false,"isNeedLoadBitmap9":false},"deviationXShadow":0.0,"deviationYShadow":0.0,"duration":4466,"endColor":-278483,"endIndexFrame":134,"flip":1.0,"heightBitmap":0,"id":"895624747d63f4bd5da28a1eb2f0b113","indexColor":9,"indexColorShadow":13,"indexEndFrameTransformCombo":9,"indexEndFrameTransformIn":0,"indexFont":57,"indexFrame":0,"indexStartFrameTransformOut":0,"indexTransition":-1,"isBgText":false,"isBoldText":false,"isDashText":false,"isDashUnderText":false,"isDrawAnim":false,"isFirstFillDataTransformCombo":false,"isInit":true,"isItalicText":false,"isLayerFront":true,"isLoadFrameCache":true,"isTexture":false,"isVisible":false,"linkBubble":"","linkItemFrame":"","linkMask":"","listText":["APR.   05 2022"],"modeDraw":"SRC_OVER","pathFolder":"","pathFont":"/data/user/0/videoeditor.moviemaker/files/INTERNAL_FONT_FOLDER_UNZIP/peronalities/peronalities/UVF Bourgeois-Med.ttf","pathSaveBitmapFrame":"","pathTexture":"","pointRotate":{"x":266.50073,"y":668.02094},"pointTranslate":{"x":86.50072,"y":488.02094},"rotate":-0.1300354,"scale":0.64584565,"speed":1,"speedOfTransformCombo":15,"startColor":-278483,"startIndexFrame":0,"stickerTypeTransformCombo":"NONE","stickerTypeTransformIn":"NONE","stickerTypeTransformOut":"NONE","textAlignment":"CENTER","textBlurShadow":4.4,"textColorShadow":-16121,"textHeightAllLine":48.75,"textHeightOneLine":33.0,"textLetterSpacing":0.12,"textLineSpacing":4.0,"textPadding":15.75,"textSize":47.0,"textSizeDefault":30.0,"textString":"APR.   05 2022","textStroke":{"color":"#000000","indexPositionInAdapter":-1,"width":0.0},"textTypeFont":{"mStyle":0,"native_instance":528264020416},"timeTransformCombo":314,"timeTransformIn":300,"timeTransformOut":300,"titleShow":"","totalFileNeedDownForOneFrame":0,"typeSticker":"TEXT","urlCover":"","widthBitmap":0}],"listItemViewDataOnTimeLine":[{"durationEnd":4466,"durationStart":0,"endIndexFrame":134,"indexRowCurrent":0,"indexRowPrevious":0,"keyInHasMap":1653450102365,"linkDownloadMp3":"","nameMp3":"","pathSaveFile":"","startIndexFrame":0,"volume":1.0}]},"timeLastUpdate":1653450888025,"videoEffect":{"listItemEffectData":[{"drawMode":"SCREEN","endIndexFrame":60,"indexFrameDrawCurrent":0,"isCenterCrop":true,"isCenterInside":false,"isDraw":true,"isReloadFromCache":true,"jsonObjectDataOfItem":"{\"color\":-16777216}","keyEffect":"Basic","keyInHasMap":1653450888027,"pathFolderEffect":"","positionInAdapter":1,"sizeCanvasCurrent":{"x":0,"y":0},"speed":1,"startIndexFrame":0,"title":"Mở rèm","totalFrame":60,"uri":""},{"drawMode":"SCREEN","endIndexFrame":78,"indexFrameDrawCurrent":0,"isCenterCrop":true,"isCenterInside":false,"isDraw":true,"isReloadFromCache":true,"jsonObjectDataOfItem":"","keyEffect":"Basic","keyInHasMap":1653450888029,"pathFolderEffect":"","positionInAdapter":6,"sizeCanvasCurrent":{"x":0,"y":0},"speed":1,"startIndexFrame":47,"title":"Phóng to","totalFrame":31,"uri":""},{"drawMode":"SCREEN","endIndexFrame":110,"indexFrameDrawCurrent":0,"isCenterCrop":true,"isCenterInside":false,"isDraw":true,"isReloadFromCache":true,"jsonObjectDataOfItem":"","keyEffect":"Basic","keyInHasMap":1653450888031,"pathFolderEffect":"","positionInAdapter":6,"sizeCanvasCurrent":{"x":0,"y":0},"speed":1,"startIndexFrame":75,"title":"Phóng to","totalFrame":35,"uri":""},{"drawMode":"SCREEN","endIndexFrame":145,"indexFrameDrawCurrent":0,"isCenterCrop":true,"isCenterInside":false,"isDraw":true,"isReloadFromCache":true,"jsonObjectDataOfItem":"","keyEffect":"Basic","keyInHasMap":1653450888032,"pathFolderEffect":"","positionInAdapter":6,"sizeCanvasCurrent":{"x":0,"y":0},"speed":1,"startIndexFrame":109,"title":"Phóng to","totalFrame":36,"uri":""}],"listItemViewDataOnTimeLine":[{"durationEnd":1999,"durationStart":0,"endIndexFrame":60,"indexRowCurrent":0,"indexRowPrevious":0,"keyInHasMap":1653449804792,"linkDownloadMp3":"","nameMp3":"","pathSaveFile":"","startIndexFrame":0,"volume":1.0},{"durationEnd":1033,"durationStart":0,"endIndexFrame":78,"indexRowCurrent":0,"indexRowPrevious":0,"keyInHasMap":1653449874507,"linkDownloadMp3":"","nameMp3":"","pathSaveFile":"","startIndexFrame":47,"volume":1.0},{"durationEnd":1233,"durationStart":0,"endIndexFrame":110,"indexRowCurrent":0,"indexRowPrevious":0,"keyInHasMap":1653449888573,"linkDownloadMp3":"","nameMp3":"","pathSaveFile":"","startIndexFrame":75,"volume":1.0},{"durationEnd":1466,"durationStart":0,"endIndexFrame":145,"indexRowCurrent":0,"indexRowPrevious":0,"keyInHasMap":1653449896839,"linkDownloadMp3":"","nameMp3":"","pathSaveFile":"","startIndexFrame":109,"volume":1.0}]}}