{
  "durationVideo": 15000,
  "editor": {
    "listItemPhotoData": [
      {
        "backgroundColor": -16777216,
        "blurBackground": 0,
        "duration": 15000,
        "endIndexFrame": 449,
        "flipHorizontal": 1.0,
        "flipVertical": 1.0,
        "gpuPosition": 0,
        "gpuProgress": 0,
        "heightBitmap": 1280,
        "idItemPhoto": "1656303086814",
        "indexEndFrameTransformCombo": 0,
        "indexEndFrameTransformIn": 0,
        "indexStartFrameTransformOut": 0,
        "isCenterCrop": false,
        "isCenterInside": true,
        "isCropBitmap": false,
        "isLoadFromCache": true,
        "isLocked": false,
        "itemDataTransition": {
          "indexCate": 0,
          "isMask": false,
          "keyItem": "",
          "linkCover": "",
          "linkDownload": "",
          "modeDraw": "",
          "nameEn": "",
          "nameVn": "",
          "paintModeDraw": "SRC_OVER",
          "pathFolderOfTransition": "",
          "pathFolderZipOfTransition": "",
          "positionTransitionInAdapter": 0,
          "timeTransitionCurrent": 1000,
          "typeTransition": {
            "type": "NONE",
            "typeTransition": "NONE"
          }
        },
        "itemTemplateModel": {
          "duration": 0,
          "heightBitmap": 0,
          "indexSticker": -1,
          "isCrop": false,
          "isLocked": false,
          "md5PathFileOld": "",
          "pathFile": "",
          "rect": {
            "bottom": 0,
            "left": 0,
            "right": 0,
            "top": 0
          },
          "typeTemplateModel": "NONE",
          "widthBitmap": 0
        },
        "linkBackgroundImage": "",
        "objDataAdjust": {
          "mCurrentBrightnessFilter": 50,
          "mCurrentContrastFilter": 50,
          "mCurrentExposureFilter": 50,
          "mCurrentFadeFilters": 0,
          "mCurrentHighlightFilter": 100,
          "mCurrentHueFilter": 0,
          "mCurrentSaturationFilter": 50,
          "mCurrentShadowFilter": 0,
          "mCurrentSharpenFilter": 50,
          "mCurrentTempFilter": 50,
          "mCurrentVignetteFilter": 100,
          "mListRedoAdjust": [],
          "mListUndoAdjust": []
        },
        "pathBitmap": "/storage/emulated/0/Pictures/Telegram/IMG_20220627_110946_754.jpg",
        "rotate": 0,
        "rotateAnim": 0.0,
        "scaleAnim": 1.0,
        "startIndexFrame": 0,
        "timeTransformCombo": 15000,
        "timeTransformIn": 300,
        "timeTransformOut": 300,
        "totalFrame": 449,
        "typeBackground": "COLOR",
        "typeTransformCombo": "NONE",
        "typeTransformIn": "NONE",
        "typeTransformOut": "NONE",
        "valueMatrixBitmapDraw": [
          0.5625,
          0.0,
          0.0,
          0.0,
          0.5625,
          0.0,
          0.0,
          0.0,
          1.0
        ],
        "widthBitmap": 720
      }
    ]
  },
  "frame": {
    "listItemStickerData": [],
    "listItemViewDataOnTimeLine": []
  },
  "keyProjectCurrent": "1656303089890",
  "listTemplateModel": {
    "list": []
  },
  "music": {
    "listItemMusicData": [
      {
        "durationEnd": 14969,
        "durationFadeIn": 0,
        "durationFadeOut": 0,
        "durationStart": 0,
        "endIndexFrame": 450,
        "indexRowCurrent": 0,
        "indexRowPrevious": 0,
        "keyInHasMap": 1656303119243,
        "linkDownloadMp3": "/storage/emulated/0/Music/G3Video/Direct_ConvertVideoToMp3_1656303115286.mp3",
        "nameMp3": "Direct_ConvertVideoToMp3_1656303115286.mp3",
        "pathDefault": "/storage/emulated/0/Music/G3Video/Direct_ConvertVideoToMp3_1656303115286.mp3",
        "pathSaveFile": "/storage/emulated/0/Music/G3Video/Direct_ConvertVideoToMp3_1656303115286.mp3",
        "positionEffectVoice": 0,
        "speedAudio": 1.0,
        "startIndexFrame": 1,
        "volume": 1.0
      }
    ]
  },
  "nameVideo": "Template 1656303089890",
  "setting": {
    "quality": 720,
    "ratio": {
      "height": 1.7777778,
      "width": 1.0
    }
  },
  "sticker": {
    "listItemStickerData": [],
    "listItemViewDataOnTimeLine": []
  },
  "text": {
    "listItemStickerData": [
      {
        "DOT": ".",
        "TYPE_PHOTO": "png",
        "WIDTH_MAX": 360,
        "alpha": 255,
        "animTextModel": {
          "easeCombo": "LINEAR",
          "easeIn": "LINEAR",
          "easeOut": "LINEAR",
          "endIndexFrameCombo": 449,
          "endIndexFrameIn": 0,
          "endIndexFrameOut": 449,
          "percentIn": 0.0,
          "percentOut": 0.0,
          "percentSpeedCombo": 30.0,
          "speedFrameCombo": 0,
          "startIndexFrameCombo": 0,
          "startIndexFrameIn": 0,
          "startIndexFrameOut": 0,
          "typeAnimTextCombo": "NONE",
          "typeAnimTextIn": "NONE_IN",
          "typeAnimTextOut": "NONE_OUT"
        },
        "countDeltaTime": 0.0,
        "dataFrames": {
          "isNeedLoadBitmap1": false,
          "isNeedLoadBitmap2": false,
          "isNeedLoadBitmap2Loop": false,
          "isNeedLoadBitmap3": false,
          "isNeedLoadBitmap4": false,
          "isNeedLoadBitmap4Loop": false,
          "isNeedLoadBitmap5": false,
          "isNeedLoadBitmap6": false,
          "isNeedLoadBitmap6Loop": false,
          "isNeedLoadBitmap7": false,
          "isNeedLoadBitmap8": false,
          "isNeedLoadBitmap8Loop": false,
          "isNeedLoadBitmap9": false
        },
        "deviationXShadow": 0.0,
        "deviationYShadow": 0.0,
        "duration": 14966,
        "endColor": -1,
        "endIndexFrame": 449,
        "flip": 1.0,
        "heightBitmap": 0,
        "id": "b1d227f2ccfd21e31ec1a61998c82ad",
        "indexColor": 0,
        "indexColorShadow": 0,
        "indexEndFrameTransformCombo": 0,
        "indexEndFrameTransformIn": 0,
        "indexFont": 223,
        "indexFrame": 0,
        "indexStartFrameTransformOut": 0,
        "indexTransition": -1,
        "isBgText": false,
        "isBoldText": false,
        "isDashText": false,
        "isDashUnderText": false,
        "isDrawAnim": false,
        "isFirstFillDataTransformCombo": true,
        "isInit": true,
        "isItalicText": false,
        "isLayerFront": true,
        "isLoadFrameCache": true,
        "isTexture": false,
        "isVisible": true,
        "linkBubble": "",
        "linkItemFrame": "",
        "linkMask": "",
        "listText": [
          "Sản phẩm này dễ dỗi",
          " Vui lòng chiều chuộng và yêu thương 💖"
        ],
        "modeDraw": "SRC_OVER",
        "pathFolder": "",
        "pathFont": "/data/user/0/videoeditor.moviemaker/files/INTERNAL_FONT_FOLDER_UNZIP/FontNormal3/FontNormal3/FS BlondeScript-Regular.otf",
        "pathSaveBitmapFrame": "",
        "pathTexture": "https://photoforapp.s3.ap-southeast-1.amazonaws.com/Video/TextV2/Style/Basic/11/texture.jpg",
        "pointRotate": {
          "x": 197.65701,
          "y": 55.790817
        },
        "pointTranslate": {
          "x": 17.657013,
          "y": -124.20918
        },
        "rotate": 0.1351471,
        "scale": 1.0500238,
        "speed": 1,
        "speedOfTransformCombo": 15,
        "startColor": -1,
        "startIndexFrame": 0,
        "stickerTypeTransformCombo": "NONE",
        "stickerTypeTransformIn": "NONE",
        "stickerTypeTransformOut": "NONE",
        "textAlignment": "CENTER",
        "textBlurShadow": 0.0,
        "textColorShadow": 855638016,
        "textHeightAllLine": 78.75,
        "textHeightOneLine": 29.0,
        "textLetterSpacing": 0.0,
        "textLineSpacing": 0.0,
        "textPadding": 15.75,
        "textSize": 24.0,
        "textSizeDefault": 30.0,
        "textString": "Sản phẩm này dễ dỗi\n Vui lòng chiều chuộng và yêu thương 💖",
        "textStroke": {
          "color": "#000000",
          "indexPositionInAdapter": -1,
          "width": 2.0
        },
        "timeTransformCombo": 300,
        "timeTransformIn": 300,
        "timeTransformOut": 300,
        "titleShow": "",
        "totalFileNeedDownForOneFrame": 0,
        "typeSticker": "TEXT",
        "urlCover": "",
        "widthBitmap": 0
      }
    ],
    "listItemViewDataOnTimeLine": [
      {
        "durationEnd": 0,
        "durationFadeIn": 0,
        "durationFadeOut": 0,
        "durationStart": 0,
        "endIndexFrame": 449,
        "indexRowCurrent": 0,
        "indexRowPrevious": 0,
        "keyInHasMap": 1656321484249,
        "linkDownloadMp3": "",
        "nameMp3": "",
        "pathDefault": "",
        "pathSaveFile": "",
        "positionEffectVoice": 0,
        "speedAudio": 1.0,
        "startIndexFrame": 0,
        "volume": 1.0
      }
    ]
  },
  "timeLastUpdate": 1656321485540,
  "videoEffect": {
    "listItemEffectData": [
      {
        "drawMode": "SCREEN",
        "endIndexFrame": 450,
        "indexFrameDrawCurrent": 9,
        "isCenterCrop": true,
        "isCenterInside": false,
        "isDraw": true,
        "isReloadFromCache": true,
        "jsonObjectDataOfItem": "",
        "keyEffect": "SERVER",
        "keyInHasMap": 1656321485542,
        "pathFolderEffect": "/data/user/0/videoeditor.moviemaker/files/FOLDER_EFFECT/Retro/0",
        "positionInAdapter": 0,
        "sizeCanvasCurrent": {
          "x": 405,
          "y": 720
        },
        "speed": 1,
        "startIndexFrame": 0,
        "title": "Retro 0",
        "totalFrame": 450,
        "uri": "/data/user/0/videoeditor.moviemaker/files/FOLDER_EFFECT/Retro/0/Retro.m4v"
      },
      {
        "drawMode": "SCREEN",
        "endIndexFrame": 50,
        "indexFrameDrawCurrent": 0,
        "isCenterCrop": true,
        "isCenterInside": false,
        "isDraw": true,
        "isReloadFromCache": true,
        "jsonObjectDataOfItem": "{\n  \"defaultMinSpeed\": 10.0,\n  \"defaultMinZoom\": 1.1,\n  \"defaultShow\": 10,\n  \"defaultSpeed\": 0.0,\n  \"defaultZoom\": 0.0,\n  \"maxSpeed\": 10.0,\n  \"maxZoom\": 0.7,\n  \"minSpeed\": 0.0,\n  \"minZoom\": 0.0,\n  \"speedCurrent\": 0.0,\n  \"variabilityZoom\": 1.0,\n  \"zoomCurrent\": 0.0\n}",
        "keyEffect": "Party",
        "keyInHasMap": 1656321485545,
        "pathFolderEffect": "",
        "positionInAdapter": 8,
        "sizeCanvasCurrent": {
          "x": 0,
          "y": 0
        },
        "speed": 1,
        "startIndexFrame": 46,
        "title": "Astral",
        "totalFrame": 4,
        "uri": ""
      },
      {
        "drawMode": "SCREEN",
        "endIndexFrame": 50,
        "indexFrameDrawCurrent": 0,
        "isCenterCrop": true,
        "isCenterInside": false,
        "isDraw": true,
        "isReloadFromCache": true,
        "jsonObjectDataOfItem": "{\n  \"defaultMinSpeed\": 10.0,\n  \"defaultMinZoom\": 1.1,\n  \"defaultShow\": 10,\n  \"defaultSpeed\": 0.0,\n  \"defaultZoom\": 0.0,\n  \"maxSpeed\": 10.0,\n  \"maxZoom\": 0.7,\n  \"minSpeed\": 0.0,\n  \"minZoom\": 0.0,\n  \"speedCurrent\": 0.0,\n  \"variabilityZoom\": 1.0,\n  \"zoomCurrent\": 0.0\n}",
        "keyEffect": "Party",
        "keyInHasMap": 1656321485549,
        "pathFolderEffect": "",
        "positionInAdapter": 8,
        "sizeCanvasCurrent": {
          "x": 0,
          "y": 0
        },
        "speed": 1,
        "startIndexFrame": 46,
        "title": "Astral",
        "totalFrame": 4,
        "uri": ""
      },
      {
        "drawMode": "SCREEN",
        "endIndexFrame": 91,
        "indexFrameDrawCurrent": 0,
        "isCenterCrop": true,
        "isCenterInside": false,
        "isDraw": true,
        "isReloadFromCache": true,
        "jsonObjectDataOfItem": "{\n  \"defaultMinSpeed\": 10.0,\n  \"defaultMinZoom\": 1.1,\n  \"defaultShow\": 10,\n  \"defaultSpeed\": 0.0,\n  \"defaultZoom\": 0.0,\n  \"maxSpeed\": 10.0,\n  \"maxZoom\": 0.7,\n  \"minSpeed\": 0.0,\n  \"minZoom\": 0.0,\n  \"speedCurrent\": 0.0,\n  \"variabilityZoom\": 1.0,\n  \"zoomCurrent\": 0.0\n}",
        "keyEffect": "Party",
        "keyInHasMap": 1656321485551,
        "pathFolderEffect": "",
        "positionInAdapter": 8,
        "sizeCanvasCurrent": {
          "x": 0,
          "y": 0
        },
        "speed": 1,
        "startIndexFrame": 88,
        "title": "Astral",
        "totalFrame": 3,
        "uri": ""
      },
      {
        "drawMode": "SCREEN",
        "endIndexFrame": 134,
        "indexFrameDrawCurrent": 0,
        "isCenterCrop": true,
        "isCenterInside": false,
        "isDraw": true,
        "isReloadFromCache": true,
        "jsonObjectDataOfItem": "{\n  \"defaultMinSpeed\": 10.0,\n  \"defaultMinZoom\": 1.1,\n  \"defaultShow\": 10,\n  \"defaultSpeed\": 0.0,\n  \"defaultZoom\": 0.0,\n  \"maxSpeed\": 10.0,\n  \"maxZoom\": 0.7,\n  \"minSpeed\": 0.0,\n  \"minZoom\": 0.0,\n  \"speedCurrent\": 0.0,\n  \"variabilityZoom\": 1.0,\n  \"zoomCurrent\": 0.0\n}",
        "keyEffect": "Party",
        "keyInHasMap": 1656321485554,
        "pathFolderEffect": "",
        "positionInAdapter": 8,
        "sizeCanvasCurrent": {
          "x": 0,
          "y": 0
        },
        "speed": 1,
        "startIndexFrame": 131,
        "title": "Astral",
        "totalFrame": 3,
        "uri": ""
      },
      {
        "drawMode": "SCREEN",
        "endIndexFrame": 274,
        "indexFrameDrawCurrent": 0,
        "isCenterCrop": true,
        "isCenterInside": false,
        "isDraw": true,
        "isReloadFromCache": true,
        "jsonObjectDataOfItem": "{\n  \"color\": -16777216,\n  \"defaultAlpha\": 200,\n  \"defaultMinSpeed\": 4.0,\n  \"defaultSpeed\": 0.0,\n  \"max\": 4.0,\n  \"min\": 0.0,\n  \"speedCurrent\": 0.0\n}",
        "keyEffect": "Party",
        "keyInHasMap": 1656321485556,
        "pathFolderEffect": "",
        "positionInAdapter": 11,
        "sizeCanvasCurrent": {
          "x": 0,
          "y": 0
        },
        "speed": 1,
        "startIndexFrame": 226,
        "title": "Chớp đen",
        "totalFrame": 48,
        "uri": ""
      },
      {
        "drawMode": "SCREEN",
        "endIndexFrame": 274,
        "indexFrameDrawCurrent": 0,
        "isCenterCrop": true,
        "isCenterInside": false,
        "isDraw": true,
        "isReloadFromCache": true,
        "jsonObjectDataOfItem": "{\n  \"color\": -16777216,\n  \"defaultAlpha\": 200,\n  \"defaultMinSpeed\": 4.0,\n  \"defaultSpeed\": 0.0,\n  \"max\": 4.0,\n  \"min\": 0.0,\n  \"speedCurrent\": 0.0\n}",
        "keyEffect": "Party",
        "keyInHasMap": 1656321485557,
        "pathFolderEffect": "",
        "positionInAdapter": 11,
        "sizeCanvasCurrent": {
          "x": 0,
          "y": 0
        },
        "speed": 1,
        "startIndexFrame": 226,
        "title": "Chớp đen",
        "totalFrame": 48,
        "uri": ""
      },
      {
        "drawMode": "SCREEN",
        "endIndexFrame": 339,
        "indexFrameDrawCurrent": 0,
        "isCenterCrop": true,
        "isCenterInside": false,
        "isDraw": true,
        "isReloadFromCache": true,
        "jsonObjectDataOfItem": "{\n  \"color\": -16777216,\n  \"defaultAlpha\": 200,\n  \"defaultMinSpeed\": 4.0,\n  \"defaultSpeed\": 0.0,\n  \"max\": 4.0,\n  \"min\": 0.0,\n  \"speedCurrent\": 0.0\n}",
        "keyEffect": "Party",
        "keyInHasMap": 1656321485561,
        "pathFolderEffect": "",
        "positionInAdapter": 11,
        "sizeCanvasCurrent": {
          "x": 0,
          "y": 0
        },
        "speed": 1,
        "startIndexFrame": 312,
        "title": "Chớp đen",
        "totalFrame": 27,
        "uri": ""
      }
    ],
    "listItemViewDataOnTimeLine": [
      {
        "durationEnd": 0,
        "durationFadeIn": 0,
        "durationFadeOut": 0,
        "durationStart": 0,
        "endIndexFrame": 450,
        "indexRowCurrent": 0,
        "indexRowPrevious": 0,
        "keyInHasMap": 1656304429065,
        "linkDownloadMp3": "",
        "nameMp3": "",
        "pathDefault": "",
        "pathSaveFile": "",
        "positionEffectVoice": 0,
        "speedAudio": 1.0,
        "startIndexFrame": 0,
        "volume": 1.0
      },
      {
        "durationEnd": 0,
        "durationFadeIn": 0,
        "durationFadeOut": 0,
        "durationStart": 0,
        "endIndexFrame": 50,
        "indexRowCurrent": 0,
        "indexRowPrevious": 0,
        "keyInHasMap": 1656304429068,
        "linkDownloadMp3": "",
        "nameMp3": "",
        "pathDefault": "",
        "pathSaveFile": "",
        "positionEffectVoice": 0,
        "speedAudio": 1.0,
        "startIndexFrame": 46,
        "volume": 1.0
      },
      {
        "durationEnd": 0,
        "durationFadeIn": 0,
        "durationFadeOut": 0,
        "durationStart": 0,
        "endIndexFrame": 50,
        "indexRowCurrent": 0,
        "indexRowPrevious": 0,
        "keyInHasMap": 1656304429070,
        "linkDownloadMp3": "",
        "nameMp3": "",
        "pathDefault": "",
        "pathSaveFile": "",
        "positionEffectVoice": 0,
        "speedAudio": 1.0,
        "startIndexFrame": 46,
        "volume": 1.0
      },
      {
        "durationEnd": 0,
        "durationFadeIn": 0,
        "durationFadeOut": 0,
        "durationStart": 0,
        "endIndexFrame": 91,
        "indexRowCurrent": 0,
        "indexRowPrevious": 0,
        "keyInHasMap": 1656304429072,
        "linkDownloadMp3": "",
        "nameMp3": "",
        "pathDefault": "",
        "pathSaveFile": "",
        "positionEffectVoice": 0,
        "speedAudio": 1.0,
        "startIndexFrame": 88,
        "volume": 1.0
      },
      {
        "durationEnd": 0,
        "durationFadeIn": 0,
        "durationFadeOut": 0,
        "durationStart": 0,
        "endIndexFrame": 134,
        "indexRowCurrent": 0,
        "indexRowPrevious": 0,
        "keyInHasMap": 1656304429074,
        "linkDownloadMp3": "",
        "nameMp3": "",
        "pathDefault": "",
        "pathSaveFile": "",
        "positionEffectVoice": 0,
        "speedAudio": 1.0,
        "startIndexFrame": 131,
        "volume": 1.0
      },
      {
        "durationEnd": 0,
        "durationFadeIn": 0,
        "durationFadeOut": 0,
        "durationStart": 0,
        "endIndexFrame": 274,
        "indexRowCurrent": 0,
        "indexRowPrevious": 0,
        "keyInHasMap": 1656304429076,
        "linkDownloadMp3": "",
        "nameMp3": "",
        "pathDefault": "",
        "pathSaveFile": "",
        "positionEffectVoice": 0,
        "speedAudio": 1.0,
        "startIndexFrame": 226,
        "volume": 1.0
      },
      {
        "durationEnd": 0,
        "durationFadeIn": 0,
        "durationFadeOut": 0,
        "durationStart": 0,
        "endIndexFrame": 274,
        "indexRowCurrent": 0,
        "indexRowPrevious": 0,
        "keyInHasMap": 1656304429077,
        "linkDownloadMp3": "",
        "nameMp3": "",
        "pathDefault": "",
        "pathSaveFile": "",
        "positionEffectVoice": 0,
        "speedAudio": 1.0,
        "startIndexFrame": 226,
        "volume": 1.0
      },
      {
        "durationEnd": 0,
        "durationFadeIn": 0,
        "durationFadeOut": 0,
        "durationStart": 0,
        "endIndexFrame": 339,
        "indexRowCurrent": 0,
        "indexRowPrevious": 0,
        "keyInHasMap": 1656304429078,
        "linkDownloadMp3": "",
        "nameMp3": "",
        "pathDefault": "",
        "pathSaveFile": "",
        "positionEffectVoice": 0,
        "speedAudio": 1.0,
        "startIndexFrame": 312,
        "volume": 1.0
      }
    ]
  }
}