{
  "durationVideo": 12100,
  "editor": {
    "listItemPhotoData": [
      {
        "backgroundColor": -16777216,
        "blurBackground": 0,
        "duration": 12100,
        "endIndexFrame": 362,
        "flipHorizontal": 1.0,
        "flipVertical": 1.0,
        "gpuPosition": 0,
        "gpuProgress": 0,
        "heightBitmap": 900,
        "idItemPhoto": "1657177051118",
        "indexEndFrameTransformCombo": 0,
        "indexEndFrameTransformIn": 0,
        "indexStartFrameTransformOut": 0,
        "isCalledCutBody": false,
        "isCenterCrop": false,
        "isCenterInside": false,
        "isCropBitmap": false,
        "isLoadFromCache": true,
        "isLocked": false,
        "itemDataTransition": {
          "indexCate": 0,
          "isMask": false,
          "keyItem": "",
          "linkCover": "",
          "linkDownload": "",
          "modeDraw": "",
          "nameEn": "",
          "nameVn": "",
          "paintModeDraw": "SRC_OVER",
          "pathFolderOfTransition": "",
          "pathFolderZipOfTransition": "",
          "positionTransitionInAdapter": 0,
          "timeTransitionCurrent": 1000,
          "typeTransition": {
            "type": "NONE",
            "typeTransition": "NONE"
          }
        },
        "itemTemplateModel": {
          "duration": 0,
          "heightBitmap": 0,
          "indexSticker": -1,
          "isCrop": false,
          "isLocked": false,
          "md5PathFileOld": "",
          "pathFile": "",
          "rect": {
            "bottom": 0,
            "left": 0,
            "right": 0,
            "top": 0
          },
          "typeTemplateModel": "NONE",
          "widthBitmap": 0
        },
        "linkBackgroundImage": "",
        "objDataAdjust": {
          "mCurrentBrightnessFilter": 50,
          "mCurrentContrastFilter": 50,
          "mCurrentExposureFilter": 50,
          "mCurrentFadeFilters": 0,
          "mCurrentHighlightFilter": 100,
          "mCurrentHueFilter": 0,
          "mCurrentSaturationFilter": 50,
          "mCurrentShadowFilter": 0,
          "mCurrentSharpenFilter": 50,
          "mCurrentTempFilter": 50,
          "mCurrentVignetteFilter": 100,
          "mListRedoAdjust": [],
          "mListUndoAdjust": []
        },
        "pathBitmap": "/storage/emulated/0/Pictures/Telegram/IMG_20220707_135722_182.jpg",
        "rotate": 0,
        "rotateAnim": 0.0,
        "scaleAnim": 1.0,
        "startIndexFrame": 0,
        "timeTransformCombo": 12100,
        "timeTransformIn": 300,
        "timeTransformOut": 300,
        "totalFrame": 362,
        "typeBackground": "COLOR",
        "typeTransformCombo": "NONE",
        "typeTransformIn": "NONE",
        "typeTransformOut": "NONE",
        "valueMatrixBitmapDraw": [
          0.37103122,
          0.0,
          37.66398,
          0.0,
          0.37103122,
          110.05928,
          0.0,
          0.0,
          1.0
        ],
        "widthBitmap": 900
      }
    ]
  },
  "frame": {
    "listItemStickerData": [],
    "listItemViewDataOnTimeLine": []
  },
  "keyProjectCurrent": "1657177057415",
  "listTemplateModel": {
    "list": []
  },
  "music": {
    "listItemMusicData": [
      {
        "durationEnd": 12100,
        "durationFadeIn": 0,
        "durationFadeOut": 0,
        "durationStart": 0,
        "endIndexFrame": 363,
        "indexRowCurrent": 0,
        "indexRowPrevious": 0,
        "keyInHasMap": 1657177063726,
        "linkDownloadMp3": "/storage/emulated/0/Music/G3Video/Direct_ConvertVideoToMp3_1657177059018.mp3",
        "nameMp3": "Direct_ConvertVideoToMp3_1657177059018.mp3",
        "pathDefault": "/storage/emulated/0/Music/G3Video/Direct_ConvertVideoToMp3_1657177059018.mp3",
        "pathSaveFile": "/storage/emulated/0/Music/G3Video/Direct_ConvertVideoToMp3_1657177059018.mp3",
        "positionEffectVoice": 0,
        "speedAudio": 1.0,
        "startIndexFrame": 0,
        "volume": 1.0
      }
    ]
  },
  "nameVideo": "Template 1657177057415",
  "setting": {
    "quality": 720,
    "ratio": {
      "height": 16.0,
      "width": 9.0
    }
  },
  "sticker": {
    "listItemStickerData": [
      {
        "DOT": ".",
        "TYPE_PHOTO": "png",
        "WIDTH_MAX": 360,
        "alpha": 255,
        "animTextModel": {
          "easeCombo": "LINEAR",
          "easeIn": "LINEAR",
          "easeOut": "LINEAR",
          "endIndexFrameCombo": 363,
          "endIndexFrameIn": 0,
          "endIndexFrameOut": 363,
          "percentIn": 0.0,
          "percentOut": 0.0,
          "percentSpeedCombo": 30.0,
          "speedFrameCombo": 0,
          "startIndexFrameCombo": 0,
          "startIndexFrameIn": 0,
          "startIndexFrameOut": 0,
          "typeAnimTextCombo": "NONE",
          "typeAnimTextIn": "NONE_IN",
          "typeAnimTextOut": "NONE_OUT"
        },
        "countDeltaTime": 0.0,
        "dataFrames": {
          "isNeedLoadBitmap1": false,
          "isNeedLoadBitmap2": false,
          "isNeedLoadBitmap2Loop": false,
          "isNeedLoadBitmap3": false,
          "isNeedLoadBitmap4": false,
          "isNeedLoadBitmap4Loop": false,
          "isNeedLoadBitmap5": false,
          "isNeedLoadBitmap6": false,
          "isNeedLoadBitmap6Loop": false,
          "isNeedLoadBitmap7": false,
          "isNeedLoadBitmap8": false,
          "isNeedLoadBitmap8Loop": false,
          "isNeedLoadBitmap9": false
        },
        "deviationXShadow": 0.0,
        "deviationYShadow": 0.0,
        "duration": 12100,
        "endColor": -1,
        "endIndexFrame": 363,
        "flip": 1.0,
        "heightBitmap": 360,
        "id": "ceed9642228d43714ce4c4bbf52cd",
        "indexColor": 0,
        "indexColorShadow": 0,
        "indexEndFrameTransformCombo": 0,
        "indexEndFrameTransformIn": 0,
        "indexFont": 0,
        "indexFrame": 0,
        "indexStartFrameTransformOut": 0,
        "indexTransition": -1,
        "isBgText": false,
        "isBoldText": false,
        "isDashText": false,
        "isDashUnderText": false,
        "isDrawAnim": false,
        "isFirstFillDataTransformCombo": true,
        "isInit": true,
        "isItalicText": false,
        "isLayerFront": true,
        "isLoadFrameCache": true,
        "isTexture": false,
        "isVisible": true,
        "linkBubble": "",
        "linkItemFrame": "",
        "linkMask": "",
        "listText": [],
        "modeDraw": "SRC_OVER",
        "pathFolder": "https://photoforapp.s3.ap-southeast-1.amazonaws.com/Video/Sticker/GIF_GIF/Film/15.png",
        "pathFont": "",
        "pathSaveBitmapFrame": "",
        "pathTexture": "",
        "pointRotate": {
          "x": 91.051544,
          "y": 69.25464
        },
        "pointTranslate": {
          "x": -88.948456,
          "y": -110.74536
        },
        "rotate": -0.7484665,
        "scale": 0.2758423,
        "speed": 1,
        "speedOfTransformCombo": 15,
        "startColor": -1,
        "startIndexFrame": 0,
        "stickerTypeTransformCombo": "NONE",
        "stickerTypeTransformIn": "NONE",
        "stickerTypeTransformOut": "NONE",
        "textAlignment": "CENTER",
        "textBlurShadow": 0.0,
        "textColorShadow": -16777216,
        "textHeightAllLine": 0.0,
        "textHeightOneLine": 0.0,
        "textLetterSpacing": 0.0,
        "textLineSpacing": 4.0,
        "textPadding": 6.0,
        "textSize": 1.0,
        "textSizeDefault": 30.0,
        "textString": "",
        "textStroke": {
          "color": "#000000",
          "indexPositionInAdapter": -1,
          "width": 0.0
        },
        "timeTransformCombo": 300,
        "timeTransformIn": 300,
        "timeTransformOut": 300,
        "titleShow": "Fi15",
        "totalFileNeedDownForOneFrame": 0,
        "typeSticker": "ONE_PHOTO",
        "urlCover": "https://photoforapp.s3.ap-southeast-1.amazonaws.com/Video/Sticker/GIF_GIF/Film/15.png",
        "widthBitmap": 360
      }
    ],
    "listItemViewDataOnTimeLine": [
      {
        "durationEnd": 3000,
        "durationFadeIn": 0,
        "durationFadeOut": 0,
        "durationStart": 0,
        "endIndexFrame": 363,
        "indexRowCurrent": 0,
        "indexRowPrevious": 0,
        "keyInHasMap": 1657177652671,
        "linkDownloadMp3": "",
        "nameMp3": "",
        "pathDefault": "",
        "pathSaveFile": "",
        "positionEffectVoice": 0,
        "speedAudio": 1.0,
        "startIndexFrame": 0,
        "volume": 1.0
      }
    ]
  },
  "text": {
    "listItemStickerData": [
      {
        "DOT": ".",
        "TYPE_PHOTO": "png",
        "WIDTH_MAX": 360,
        "alpha": 255,
        "animTextModel": {
          "easeCombo": "LINEAR",
          "easeIn": "LINEAR",
          "easeOut": "LINEAR",
          "endIndexFrameCombo": 104,
          "endIndexFrameIn": 82,
          "endIndexFrameOut": 104,
          "percentIn": 78.84615,
          "percentOut": 0.0,
          "percentSpeedCombo": 30.0,
          "speedFrameCombo": 0,
          "startIndexFrameCombo": 0,
          "startIndexFrameIn": 0,
          "startIndexFrameOut": 0,
          "typeAnimTextCombo": "NONE",
          "typeAnimTextIn": "FADE_WIPE_RIGHT_IN",
          "typeAnimTextOut": "NONE_OUT"
        },
        "countDeltaTime": 0.0,
        "dataFrames": {
          "isNeedLoadBitmap1": false,
          "isNeedLoadBitmap2": false,
          "isNeedLoadBitmap2Loop": false,
          "isNeedLoadBitmap3": false,
          "isNeedLoadBitmap4": false,
          "isNeedLoadBitmap4Loop": false,
          "isNeedLoadBitmap5": false,
          "isNeedLoadBitmap6": false,
          "isNeedLoadBitmap6Loop": false,
          "isNeedLoadBitmap7": false,
          "isNeedLoadBitmap8": false,
          "isNeedLoadBitmap8Loop": false,
          "isNeedLoadBitmap9": false
        },
        "deviationXShadow": 0.0,
        "deviationYShadow": 0.0,
        "duration": 3466,
        "endColor": -1,
        "endIndexFrame": 104,
        "flip": 1.0,
        "heightBitmap": 0,
        "id": "518f39ad8b65f66cf4635a7ce4a978cc",
        "indexColor": 0,
        "indexColorShadow": 0,
        "indexEndFrameTransformCombo": 0,
        "indexEndFrameTransformIn": 0,
        "indexFont": 1,
        "indexFrame": 0,
        "indexStartFrameTransformOut": 0,
        "indexTransition": -1,
        "isBgText": true,
        "isBoldText": false,
        "isDashText": false,
        "isDashUnderText": false,
        "isDrawAnim": false,
        "isFirstFillDataTransformCombo": true,
        "isInit": true,
        "isItalicText": false,
        "isLayerFront": true,
        "isLoadFrameCache": true,
        "isTexture": false,
        "isVisible": false,
        "linkBubble": "https://photoforapp.s3.ap-southeast-1.amazonaws.com/Video/TextV2/frame/195/layer_1.png",
        "linkItemFrame": "",
        "linkMask": "https://photoforapp.s3.ap-southeast-1.amazonaws.com/Video/TextV2/frame/195/layer_2_mask.png",
        "listText": [
          "Sezo encanta, sorriso me hipnotiza-iza"
        ],
        "modeDraw": "SRC_OVER",
        "pathFolder": "",
        "pathFont": "/data/user/0/videoeditor.moviemaker/files/UN_ZIP_TEXT_BUBBLE/195/mvboli/mvboli/mvboli.ttf",
        "pathSaveBitmapFrame": "",
        "pathTexture": "",
        "pointRotate": {
          "x": 203.13562,
          "y": 549.65533
        },
        "pointTranslate": {
          "x": 23.13562,
          "y": 369.65533
        },
        "rotate": -0.12251282,
        "scale": 0.9354291,
        "speed": 1,
        "speedOfTransformCombo": 15,
        "startColor": -1,
        "startIndexFrame": 0,
        "stickerTypeTransformCombo": "NONE",
        "stickerTypeTransformIn": "NONE",
        "stickerTypeTransformOut": "NONE",
        "textAlignment": "CENTER",
        "textBlurShadow": 0.0,
        "textColorShadow": -16777216,
        "textHeightAllLine": 37.75,
        "textHeightOneLine": 22.0,
        "textLetterSpacing": 0.0,
        "textLineSpacing": 4.0,
        "textPadding": 15.75,
        "textSize": 18.0,
        "textSizeDefault": 30.0,
        "textString": "Sezo encanta, sorriso me hipnotiza-iza",
        "textStroke": {
          "color": "",
          "indexPositionInAdapter": -1,
          "width": 0.0
        },
        "timeTransformCombo": 300,
        "timeTransformIn": 300,
        "timeTransformOut": 300,
        "titleShow": "",
        "totalFileNeedDownForOneFrame": 0,
        "typeSticker": "TEXT",
        "urlCover": "",
        "widthBitmap": 0
      },
      {
        "DOT": ".",
        "TYPE_PHOTO": "png",
        "WIDTH_MAX": 360,
        "alpha": 255,
        "animTextModel": {
          "easeCombo": "LINEAR",
          "easeIn": "LINEAR",
          "easeOut": "LINEAR",
          "endIndexFrameCombo": 171,
          "endIndexFrameIn": 157,
          "endIndexFrameOut": 171,
          "percentIn": 82.53968,
          "percentOut": 0.0,
          "percentSpeedCombo": 30.0,
          "speedFrameCombo": 0,
          "startIndexFrameCombo": 157,
          "startIndexFrameIn": 105,
          "startIndexFrameOut": 0,
          "typeAnimTextCombo": "NONE",
          "typeAnimTextIn": "FADE_WIPE_RIGHT_IN",
          "typeAnimTextOut": "NONE_OUT"
        },
        "countDeltaTime": 0.0,
        "dataFrames": {
          "isNeedLoadBitmap1": false,
          "isNeedLoadBitmap2": false,
          "isNeedLoadBitmap2Loop": false,
          "isNeedLoadBitmap3": false,
          "isNeedLoadBitmap4": false,
          "isNeedLoadBitmap4Loop": false,
          "isNeedLoadBitmap5": false,
          "isNeedLoadBitmap6": false,
          "isNeedLoadBitmap6Loop": false,
          "isNeedLoadBitmap7": false,
          "isNeedLoadBitmap8": false,
          "isNeedLoadBitmap8Loop": false,
          "isNeedLoadBitmap9": false
        },
        "deviationXShadow": 0.0,
        "deviationYShadow": 0.0,
        "duration": 2200,
        "endColor": -1,
        "endIndexFrame": 171,
        "flip": 1.0,
        "heightBitmap": 0,
        "id": "39f66e1d5be61f25ff171e737718d1f",
        "indexColor": 0,
        "indexColorShadow": 0,
        "indexEndFrameTransformCombo": 0,
        "indexEndFrameTransformIn": 0,
        "indexFont": 1,
        "indexFrame": 0,
        "indexStartFrameTransformOut": 0,
        "indexTransition": -1,
        "isBgText": true,
        "isBoldText": false,
        "isDashText": false,
        "isDashUnderText": false,
        "isDrawAnim": false,
        "isFirstFillDataTransformCombo": true,
        "isInit": true,
        "isItalicText": false,
        "isLayerFront": true,
        "isLoadFrameCache": true,
        "isTexture": false,
        "isVisible": false,
        "linkBubble": "https://photoforapp.s3.ap-southeast-1.amazonaws.com/Video/TextV2/frame/195/layer_1.png",
        "linkItemFrame": "",
        "linkMask": "https://photoforapp.s3.ap-southeast-1.amazonaws.com/Video/TextV2/frame/195/layer_2_mask.png",
        "listText": [
          "Sempre quis f**** a sua brisa"
        ],
        "modeDraw": "SRC_OVER",
        "pathFolder": "",
        "pathFont": "/data/user/0/videoeditor.moviemaker/files/UN_ZIP_TEXT_BUBBLE/195/mvboli/mvboli/mvboli.ttf",
        "pathSaveBitmapFrame": "",
        "pathTexture": "",
        "pointRotate": {
          "x": 203.13562,
          "y": 549.65533
        },
        "pointTranslate": {
          "x": 23.13562,
          "y": 369.65533
        },
        "rotate": -0.12251282,
        "scale": 0.9354291,
        "speed": 1,
        "speedOfTransformCombo": 15,
        "startColor": -1,
        "startIndexFrame": 105,
        "stickerTypeTransformCombo": "NONE",
        "stickerTypeTransformIn": "NONE",
        "stickerTypeTransformOut": "NONE",
        "textAlignment": "CENTER",
        "textBlurShadow": 0.0,
        "textColorShadow": -16777216,
        "textHeightAllLine": 44.75,
        "textHeightOneLine": 29.0,
        "textLetterSpacing": 0.0,
        "textLineSpacing": 4.0,
        "textPadding": 15.75,
        "textSize": 25.0,
        "textSizeDefault": 30.0,
        "textString": "Sempre quis f**** a sua brisa",
        "textStroke": {
          "color": "",
          "indexPositionInAdapter": -1,
          "width": 0.0
        },
        "timeTransformCombo": 300,
        "timeTransformIn": 300,
        "timeTransformOut": 300,
        "titleShow": "",
        "totalFileNeedDownForOneFrame": 0,
        "typeSticker": "TEXT",
        "urlCover": "",
        "widthBitmap": 0
      },
      {
        "DOT": ".",
        "TYPE_PHOTO": "png",
        "WIDTH_MAX": 360,
        "alpha": 255,
        "animTextModel": {
          "easeCombo": "LINEAR",
          "easeIn": "LINEAR",
          "easeOut": "LINEAR",
          "endIndexFrameCombo": 230,
          "endIndexFrameIn": 214,
          "endIndexFrameOut": 230,
          "percentIn": 72.881355,
          "percentOut": 0.0,
          "percentSpeedCombo": 30.0,
          "speedFrameCombo": 0,
          "startIndexFrameCombo": 214,
          "startIndexFrameIn": 171,
          "startIndexFrameOut": 0,
          "typeAnimTextCombo": "NONE",
          "typeAnimTextIn": "FADE_WIPE_RIGHT_IN",
          "typeAnimTextOut": "NONE_OUT"
        },
        "countDeltaTime": 0.0,
        "dataFrames": {
          "isNeedLoadBitmap1": false,
          "isNeedLoadBitmap2": false,
          "isNeedLoadBitmap2Loop": false,
          "isNeedLoadBitmap3": false,
          "isNeedLoadBitmap4": false,
          "isNeedLoadBitmap4Loop": false,
          "isNeedLoadBitmap5": false,
          "isNeedLoadBitmap6": false,
          "isNeedLoadBitmap6Loop": false,
          "isNeedLoadBitmap7": false,
          "isNeedLoadBitmap8": false,
          "isNeedLoadBitmap8Loop": false,
          "isNeedLoadBitmap9": false
        },
        "deviationXShadow": 0.0,
        "deviationYShadow": 0.0,
        "duration": 1966,
        "endColor": -1,
        "endIndexFrame": 230,
        "flip": 1.0,
        "heightBitmap": 0,
        "id": "bcca2051f688d33d78299f5fef76daf0",
        "indexColor": 0,
        "indexColorShadow": 0,
        "indexEndFrameTransformCombo": 0,
        "indexEndFrameTransformIn": 0,
        "indexFont": 1,
        "indexFrame": 0,
        "indexStartFrameTransformOut": 0,
        "indexTransition": -1,
        "isBgText": true,
        "isBoldText": false,
        "isDashText": false,
        "isDashUnderText": false,
        "isDrawAnim": false,
        "isFirstFillDataTransformCombo": true,
        "isInit": true,
        "isItalicText": false,
        "isLayerFront": true,
        "isLoadFrameCache": true,
        "isTexture": false,
        "isVisible": false,
        "linkBubble": "https://photoforapp.s3.ap-southeast-1.amazonaws.com/Video/TextV2/frame/195/layer_1.png",
        "linkItemFrame": "",
        "linkMask": "https://photoforapp.s3.ap-southeast-1.amazonaws.com/Video/TextV2/frame/195/layer_2_mask.png",
        "listText": [
          "   E elasiz: Fode, fode    "
        ],
        "modeDraw": "SRC_OVER",
        "pathFolder": "",
        "pathFont": "/data/user/0/videoeditor.moviemaker/files/UN_ZIP_TEXT_BUBBLE/195/mvboli/mvboli/mvboli.ttf",
        "pathSaveBitmapFrame": "",
        "pathTexture": "",
        "pointRotate": {
          "x": 203.13562,
          "y": 549.65533
        },
        "pointTranslate": {
          "x": 23.13562,
          "y": 369.65533
        },
        "rotate": -0.12251282,
        "scale": 0.9354291,
        "speed": 1,
        "speedOfTransformCombo": 15,
        "startColor": -1,
        "startIndexFrame": 171,
        "stickerTypeTransformCombo": "NONE",
        "stickerTypeTransformIn": "NONE",
        "stickerTypeTransformOut": "NONE",
        "textAlignment": "CENTER",
        "textBlurShadow": 0.0,
        "textColorShadow": -16777216,
        "textHeightAllLine": 43.75,
        "textHeightOneLine": 28.0,
        "textLetterSpacing": 0.0,
        "textLineSpacing": 4.0,
        "textPadding": 15.75,
        "textSize": 27.0,
        "textSizeDefault": 30.0,
        "textString": "   E elasiz: Fode, fode    ",
        "textStroke": {
          "color": "",
          "indexPositionInAdapter": -1,
          "width": 0.0
        },
        "timeTransformCombo": 300,
        "timeTransformIn": 300,
        "timeTransformOut": 300,
        "titleShow": "",
        "totalFileNeedDownForOneFrame": 0,
        "typeSticker": "TEXT",
        "urlCover": "",
        "widthBitmap": 0
      },
      {
        "DOT": ".",
        "TYPE_PHOTO": "png",
        "WIDTH_MAX": 360,
        "alpha": 255,
        "animTextModel": {
          "easeCombo": "LINEAR",
          "easeIn": "LINEAR",
          "easeOut": "LINEAR",
          "endIndexFrameCombo": 274,
          "endIndexFrameIn": 262,
          "endIndexFrameOut": 274,
          "percentIn": 72.093025,
          "percentOut": 0.0,
          "percentSpeedCombo": 30.0,
          "speedFrameCombo": 0,
          "startIndexFrameCombo": 262,
          "startIndexFrameIn": 230,
          "startIndexFrameOut": 0,
          "typeAnimTextCombo": "NONE",
          "typeAnimTextIn": "FADE_WIPE_RIGHT_IN",
          "typeAnimTextOut": "NONE_OUT"
        },
        "countDeltaTime": 0.0,
        "dataFrames": {
          "isNeedLoadBitmap1": false,
          "isNeedLoadBitmap2": false,
          "isNeedLoadBitmap2Loop": false,
          "isNeedLoadBitmap3": false,
          "isNeedLoadBitmap4": false,
          "isNeedLoadBitmap4Loop": false,
          "isNeedLoadBitmap5": false,
          "isNeedLoadBitmap6": false,
          "isNeedLoadBitmap6Loop": false,
          "isNeedLoadBitmap7": false,
          "isNeedLoadBitmap8": false,
          "isNeedLoadBitmap8Loop": false,
          "isNeedLoadBitmap9": false
        },
        "deviationXShadow": 0.0,
        "deviationYShadow": 0.0,
        "duration": 1466,
        "endColor": -1,
        "endIndexFrame": 274,
        "flip": 1.0,
        "heightBitmap": 0,
        "id": "bd68fde596b7d4131fbd1d8cc0e427",
        "indexColor": 0,
        "indexColorShadow": 0,
        "indexEndFrameTransformCombo": 0,
        "indexEndFrameTransformIn": 0,
        "indexFont": 1,
        "indexFrame": 0,
        "indexStartFrameTransformOut": 0,
        "indexTransition": -1,
        "isBgText": true,
        "isBoldText": false,
        "isDashText": false,
        "isDashUnderText": false,
        "isDrawAnim": false,
        "isFirstFillDataTransformCombo": true,
        "isInit": true,
        "isItalicText": false,
        "isLayerFront": true,
        "isLoadFrameCache": true,
        "isTexture": false,
        "isVisible": false,
        "linkBubble": "https://photoforapp.s3.ap-southeast-1.amazonaws.com/Video/TextV2/frame/195/layer_1.png",
        "linkItemFrame": "",
        "linkMask": "https://photoforapp.s3.ap-southeast-1.amazonaws.com/Video/TextV2/frame/195/layer_2_mask.png",
        "listText": [
          "Lambe, lambe, mete bem"
        ],
        "modeDraw": "SRC_OVER",
        "pathFolder": "",
        "pathFont": "/data/user/0/videoeditor.moviemaker/files/UN_ZIP_TEXT_BUBBLE/195/mvboli/mvboli/mvboli.ttf",
        "pathSaveBitmapFrame": "",
        "pathTexture": "",
        "pointRotate": {
          "x": 203.13562,
          "y": 549.65533
        },
        "pointTranslate": {
          "x": 23.13562,
          "y": 369.65533
        },
        "rotate": -0.12251282,
        "scale": 0.9354291,
        "speed": 1,
        "speedOfTransformCombo": 15,
        "startColor": -1,
        "startIndexFrame": 230,
        "stickerTypeTransformCombo": "NONE",
        "stickerTypeTransformIn": "NONE",
        "stickerTypeTransformOut": "NONE",
        "textAlignment": "CENTER",
        "textBlurShadow": 0.0,
        "textColorShadow": -16777216,
        "textHeightAllLine": 44.75,
        "textHeightOneLine": 29.0,
        "textLetterSpacing": 0.0,
        "textLineSpacing": 4.0,
        "textPadding": 15.75,
        "textSize": 28.0,
        "textSizeDefault": 30.0,
        "textString": "Lambe, lambe, mete bem",
        "textStroke": {
          "color": "",
          "indexPositionInAdapter": -1,
          "width": 0.0
        },
        "timeTransformCombo": 300,
        "timeTransformIn": 300,
        "timeTransformOut": 300,
        "titleShow": "",
        "totalFileNeedDownForOneFrame": 0,
        "typeSticker": "TEXT",
        "urlCover": "",
        "widthBitmap": 0
      },
      {
        "DOT": ".",
        "TYPE_PHOTO": "png",
        "WIDTH_MAX": 360,
        "alpha": 255,
        "animTextModel": {
          "easeCombo": "LINEAR",
          "easeIn": "LINEAR",
          "easeOut": "LINEAR",
          "endIndexFrameCombo": 314,
          "endIndexFrameIn": 305,
          "endIndexFrameOut": 314,
          "percentIn": 76.92308,
          "percentOut": 0.0,
          "percentSpeedCombo": 30.0,
          "speedFrameCombo": 0,
          "startIndexFrameCombo": 283,
          "startIndexFrameIn": 275,
          "startIndexFrameOut": 0,
          "typeAnimTextCombo": "NONE",
          "typeAnimTextIn": "FADE_WIPE_RIGHT_IN",
          "typeAnimTextOut": "NONE_OUT"
        },
        "countDeltaTime": 0.0,
        "dataFrames": {
          "isNeedLoadBitmap1": false,
          "isNeedLoadBitmap2": false,
          "isNeedLoadBitmap2Loop": false,
          "isNeedLoadBitmap3": false,
          "isNeedLoadBitmap4": false,
          "isNeedLoadBitmap4Loop": false,
          "isNeedLoadBitmap5": false,
          "isNeedLoadBitmap6": false,
          "isNeedLoadBitmap6Loop": false,
          "isNeedLoadBitmap7": false,
          "isNeedLoadBitmap8": false,
          "isNeedLoadBitmap8Loop": false,
          "isNeedLoadBitmap9": false
        },
        "deviationXShadow": 0.0,
        "deviationYShadow": 0.0,
        "duration": 1300,
        "endColor": -1,
        "endIndexFrame": 314,
        "flip": 1.0,
        "heightBitmap": 0,
        "id": "1863c222a3f698f2bd91d9a014abd1",
        "indexColor": 0,
        "indexColorShadow": 0,
        "indexEndFrameTransformCombo": 0,
        "indexEndFrameTransformIn": 0,
        "indexFont": 1,
        "indexFrame": 0,
        "indexStartFrameTransformOut": 0,
        "indexTransition": -1,
        "isBgText": true,
        "isBoldText": false,
        "isDashText": false,
        "isDashUnderText": false,
        "isDrawAnim": false,
        "isFirstFillDataTransformCombo": true,
        "isInit": true,
        "isItalicText": false,
        "isLayerFront": true,
        "isLoadFrameCache": true,
        "isTexture": false,
        "isVisible": false,
        "linkBubble": "https://photoforapp.s3.ap-southeast-1.amazonaws.com/Video/TextV2/frame/195/layer_1.png",
        "linkItemFrame": "",
        "linkMask": "https://photoforapp.s3.ap-southeast-1.amazonaws.com/Video/TextV2/frame/195/layer_2_mask.png",
        "listText": [
          "   Nunca vi tempo ruim    "
        ],
        "modeDraw": "SRC_OVER",
        "pathFolder": "",
        "pathFont": "/data/user/0/videoeditor.moviemaker/files/UN_ZIP_TEXT_BUBBLE/195/mvboli/mvboli/mvboli.ttf",
        "pathSaveBitmapFrame": "",
        "pathTexture": "",
        "pointRotate": {
          "x": 203.13562,
          "y": 549.65533
        },
        "pointTranslate": {
          "x": 23.13562,
          "y": 369.65533
        },
        "rotate": -0.12251282,
        "scale": 0.9354291,
        "speed": 1,
        "speedOfTransformCombo": 15,
        "startColor": -1,
        "startIndexFrame": 275,
        "stickerTypeTransformCombo": "NONE",
        "stickerTypeTransformIn": "NONE",
        "stickerTypeTransformOut": "NONE",
        "textAlignment": "CENTER",
        "textBlurShadow": 0.0,
        "textColorShadow": -16777216,
        "textHeightAllLine": 45.75,
        "textHeightOneLine": 30.0,
        "textLetterSpacing": 0.0,
        "textLineSpacing": 4.0,
        "textPadding": 15.75,
        "textSize": 25.0,
        "textSizeDefault": 30.0,
        "textString": "   Nunca vi tempo ruim    ",
        "textStroke": {
          "color": "",
          "indexPositionInAdapter": -1,
          "width": 0.0
        },
        "timeTransformCombo": 300,
        "timeTransformIn": 300,
        "timeTransformOut": 300,
        "titleShow": "",
        "totalFileNeedDownForOneFrame": 0,
        "typeSticker": "TEXT",
        "urlCover": "",
        "widthBitmap": 0
      },
      {
        "DOT": ".",
        "TYPE_PHOTO": "png",
        "WIDTH_MAX": 360,
        "alpha": 255,
        "animTextModel": {
          "easeCombo": "LINEAR",
          "easeIn": "LINEAR",
          "easeOut": "LINEAR",
          "endIndexFrameCombo": 363,
          "endIndexFrameIn": 356,
          "endIndexFrameOut": 363,
          "percentIn": 85.416664,
          "percentOut": 0.0,
          "percentSpeedCombo": 30.0,
          "speedFrameCombo": 0,
          "startIndexFrameCombo": 345,
          "startIndexFrameIn": 315,
          "startIndexFrameOut": 0,
          "typeAnimTextCombo": "NONE",
          "typeAnimTextIn": "FADE_WIPE_RIGHT_IN",
          "typeAnimTextOut": "NONE_OUT"
        },
        "countDeltaTime": 0.0,
        "dataFrames": {
          "isNeedLoadBitmap1": false,
          "isNeedLoadBitmap2": false,
          "isNeedLoadBitmap2Loop": false,
          "isNeedLoadBitmap3": false,
          "isNeedLoadBitmap4": false,
          "isNeedLoadBitmap4Loop": false,
          "isNeedLoadBitmap5": false,
          "isNeedLoadBitmap6": false,
          "isNeedLoadBitmap6Loop": false,
          "isNeedLoadBitmap7": false,
          "isNeedLoadBitmap8": false,
          "isNeedLoadBitmap8Loop": false,
          "isNeedLoadBitmap9": false
        },
        "deviationXShadow": 0.0,
        "deviationYShadow": 0.0,
        "duration": 1600,
        "endColor": -1,
        "endIndexFrame": 363,
        "flip": 1.0,
        "heightBitmap": 0,
        "id": "e2b02f66efdab14a665b982e77aefa",
        "indexColor": 0,
        "indexColorShadow": 0,
        "indexEndFrameTransformCombo": 0,
        "indexEndFrameTransformIn": 0,
        "indexFont": 1,
        "indexFrame": 0,
        "indexStartFrameTransformOut": 0,
        "indexTransition": -1,
        "isBgText": true,
        "isBoldText": false,
        "isDashText": false,
        "isDashUnderText": false,
        "isDrawAnim": false,
        "isFirstFillDataTransformCombo": true,
        "isInit": true,
        "isItalicText": false,
        "isLayerFront": true,
        "isLoadFrameCache": true,
        "isTexture": false,
        "isVisible": true,
        "linkBubble": "https://photoforapp.s3.ap-southeast-1.amazonaws.com/Video/TextV2/frame/195/layer_1.png",
        "linkItemFrame": "",
        "linkMask": "https://photoforapp.s3.ap-southeast-1.amazonaws.com/Video/TextV2/frame/195/layer_2_mask.png",
        "listText": [
          "  chupada dento da Benz  "
        ],
        "modeDraw": "SRC_OVER",
        "pathFolder": "",
        "pathFont": "/data/user/0/videoeditor.moviemaker/files/UN_ZIP_TEXT_BUBBLE/195/mvboli/mvboli/mvboli.ttf",
        "pathSaveBitmapFrame": "",
        "pathTexture": "",
        "pointRotate": {
          "x": 203.13562,
          "y": 549.65533
        },
        "pointTranslate": {
          "x": 23.13562,
          "y": 369.65533
        },
        "rotate": -0.12251282,
        "scale": 0.9354291,
        "speed": 1,
        "speedOfTransformCombo": 15,
        "startColor": -1,
        "startIndexFrame": 315,
        "stickerTypeTransformCombo": "NONE",
        "stickerTypeTransformIn": "NONE",
        "stickerTypeTransformOut": "NONE",
        "textAlignment": "CENTER",
        "textBlurShadow": 0.0,
        "textColorShadow": -16777216,
        "textHeightAllLine": 45.75,
        "textHeightOneLine": 30.0,
        "textLetterSpacing": 0.0,
        "textLineSpacing": 4.0,
        "textPadding": 15.75,
        "textSize": 26.0,
        "textSizeDefault": 30.0,
        "textString": "  chupada dento da Benz  ",
        "textStroke": {
          "color": "",
          "indexPositionInAdapter": -1,
          "width": 0.0
        },
        "timeTransformCombo": 300,
        "timeTransformIn": 300,
        "timeTransformOut": 300,
        "titleShow": "",
        "totalFileNeedDownForOneFrame": 0,
        "typeSticker": "TEXT",
        "urlCover": "",
        "widthBitmap": 0
      }
    ],
    "listItemViewDataOnTimeLine": [
      {
        "durationEnd": 3599,
        "durationFadeIn": 0,
        "durationFadeOut": 0,
        "durationStart": 0,
        "endIndexFrame": 104,
        "indexRowCurrent": 0,
        "indexRowPrevious": 0,
        "keyInHasMap": 1657177257326,
        "linkDownloadMp3": "",
        "nameMp3": "",
        "pathDefault": "",
        "pathSaveFile": "",
        "positionEffectVoice": 0,
        "speedAudio": 1.0,
        "startIndexFrame": 0,
        "volume": 1.0
      },
      {
        "durationEnd": 2766,
        "durationFadeIn": 0,
        "durationFadeOut": 0,
        "durationStart": 0,
        "endIndexFrame": 171,
        "indexRowCurrent": 0,
        "indexRowPrevious": 0,
        "keyInHasMap": 1657177349687,
        "linkDownloadMp3": "",
        "nameMp3": "",
        "pathDefault": "",
        "pathSaveFile": "",
        "positionEffectVoice": 0,
        "speedAudio": 1.0,
        "startIndexFrame": 105,
        "volume": 1.0
      },
      {
        "durationEnd": 2033,
        "durationFadeIn": 0,
        "durationFadeOut": 0,
        "durationStart": 0,
        "endIndexFrame": 230,
        "indexRowCurrent": 0,
        "indexRowPrevious": 0,
        "keyInHasMap": 1657177413137,
        "linkDownloadMp3": "",
        "nameMp3": "",
        "pathDefault": "",
        "pathSaveFile": "",
        "positionEffectVoice": 0,
        "speedAudio": 1.0,
        "startIndexFrame": 171,
        "volume": 1.0
      },
      {
        "durationEnd": 1466,
        "durationFadeIn": 0,
        "durationFadeOut": 0,
        "durationStart": 0,
        "endIndexFrame": 274,
        "indexRowCurrent": 0,
        "indexRowPrevious": 0,
        "keyInHasMap": 1657177468646,
        "linkDownloadMp3": "",
        "nameMp3": "",
        "pathDefault": "",
        "pathSaveFile": "",
        "positionEffectVoice": 0,
        "speedAudio": 1.0,
        "startIndexFrame": 230,
        "volume": 1.0
      },
      {
        "durationEnd": 2933,
        "durationFadeIn": 0,
        "durationFadeOut": 0,
        "durationStart": 0,
        "endIndexFrame": 314,
        "indexRowCurrent": 0,
        "indexRowPrevious": 0,
        "keyInHasMap": 1657177520715,
        "linkDownloadMp3": "",
        "nameMp3": "",
        "pathDefault": "",
        "pathSaveFile": "",
        "positionEffectVoice": 0,
        "speedAudio": 1.0,
        "startIndexFrame": 275,
        "volume": 1.0
      },
      {
        "durationEnd": 1600,
        "durationFadeIn": 0,
        "durationFadeOut": 0,
        "durationStart": 0,
        "endIndexFrame": 363,
        "indexRowCurrent": 0,
        "indexRowPrevious": 0,
        "keyInHasMap": 1657177578140,
        "linkDownloadMp3": "",
        "nameMp3": "",
        "pathDefault": "",
        "pathSaveFile": "",
        "positionEffectVoice": 0,
        "speedAudio": 1.0,
        "startIndexFrame": 315,
        "volume": 1.0
      }
    ]
  },
  "timeLastUpdate": 1657178004403,
  "videoEffect": {
    "listItemEffectData": [
      {
        "drawMode": "SCREEN",
        "endIndexFrame": 363,
        "indexFrameDrawCurrent": 0,
        "isCenterCrop": true,
        "isCenterInside": false,
        "isDraw": true,
        "isNeedCutBody": false,
        "isReloadFromCache": true,
        "jsonObjectDataOfItem": "",
        "keyEffect": "SERVER",
        "keyInHasMap": 1657178004404,
        "pathFolderEffect": "/data/user/0/videoeditor.moviemaker/files/FOLDER_EFFECT/Retro/14",
        "positionInAdapter": 14,
        "speed": 1,
        "startIndexFrame": 0,
        "title": "Retro 14",
        "totalFrame": 363,
        "uri": "/data/user/0/videoeditor.moviemaker/files/FOLDER_EFFECT/Retro/14/Retro.m4v"
      }
    ],
    "listItemViewDataOnTimeLine": [
      {
        "durationEnd": 12100,
        "durationFadeIn": 0,
        "durationFadeOut": 0,
        "durationStart": 0,
        "endIndexFrame": 363,
        "indexRowCurrent": 0,
        "indexRowPrevious": 0,
        "keyInHasMap": 1657177740954,
        "linkDownloadMp3": "",
        "nameMp3": "",
        "pathDefault": "",
        "pathSaveFile": "",
        "positionEffectVoice": 0,
        "speedAudio": 1.0,
        "startIndexFrame": 0,
        "volume": 1.0
      }
    ]
  }
}