{"durationVideo":8600,"editor":{"listItemPhotoData":[{"backgroundColor":0,"blurBackground":0,"duration":2333,"endIndexFrame":69,"flipHorizontal":1.0,"flipVertical":1.0,"gpuPosition":5,"gpuProgress":0,"heightBitmap":1280,"idItemPhoto":"1653365912413","indexEndFrameTransformCombo":0,"indexEndFrameTransformIn":0,"indexStartFrameTransformOut":0,"isCenterCrop":false,"isCenterInside":true,"isLoadFromCache":true,"itemDataTransition":{"indexCate":0,"isMask":false,"keyItem":"","linkCover":"","linkDownload":"","modeDraw":"","nameEn":"","nameVn":"","paintModeDraw":"SRC_OVER","pathFolderOfTransition":"","positionTransitionInAdapter":0,"timeTransitionCurrent":1000,"typeTransition":{"type":"NONE","typeTransition":"NONE"}},"itemTemplateModel":{"duration":0,"heightBitmap":0,"isCrop":false,"pathFile":"","rect":{"bottom":0,"left":0,"right":0,"top":0},"widthBitmap":0},"linkBackgroundImage":"","matrixBitmapDraw":{},"objDataAdjust":{"mCurrentBrightnessFilter":50,"mCurrentContrastFilter":50,"mCurrentExposureFilter":50,"mCurrentFadeFilters":0,"mCurrentHighlightFilter":100,"mCurrentHueFilter":0,"mCurrentSaturationFilter":50,"mCurrentShadowFilter":0,"mCurrentSharpenFilter":50,"mCurrentTempFilter":50,"mCurrentVignetteFilter":100,"mListRedoAdjust":[],"mListUndoAdjust":[]},"pathBitmap":"/storage/emulated/0/Pictures/Telegram/IMG_20220324_145713_888.jpg","rotate":0,"rotateAnim":0.0,"scaleAnim":1.0,"startIndexFrame":0,"timeTransformCombo":2333,"timeTransformIn":300,"timeTransformOut":300,"totalFrame":69,"typeBackground":"COLOR","typeTransformCombo":"NONE","typeTransformIn":"NONE","typeTransformOut":"NONE","valueMatrixBitmapDraw":[0.84305555,0.0,7.6293945E-6,0.0,0.84305555,0.44444275,0.0,0.0,1.0],"widthBitmap":720},{"backgroundColor":0,"blurBackground":0,"duration":2333,"endIndexFrame":139,"flipHorizontal":1.0,"flipVertical":1.0,"gpuPosition":0,"gpuProgress":0,"heightBitmap":1280,"idItemPhoto":"1653366022566","indexEndFrameTransformCombo":0,"indexEndFrameTransformIn":0,"indexStartFrameTransformOut":0,"isCenterCrop":false,"isCenterInside":true,"isLoadFromCache":true,"itemDataTransition":{"indexCate":0,"isMask":false,"keyItem":"","linkCover":"","linkDownload":"","modeDraw":"","nameEn":"","nameVn":"","paintModeDraw":"SRC_OVER","pathFolderOfTransition":"","positionTransitionInAdapter":0,"timeTransitionCurrent":1000,"typeTransition":{"type":"NONE","typeTransition":"NONE"}},"itemTemplateModel":{"duration":0,"heightBitmap":0,"isCrop":false,"pathFile":"","rect":{"bottom":0,"left":0,"right":0,"top":0},"widthBitmap":0},"linkBackgroundImage":"","matrixBitmapDraw":{},"objDataAdjust":{"mCurrentBrightnessFilter":50,"mCurrentContrastFilter":50,"mCurrentExposureFilter":50,"mCurrentFadeFilters":0,"mCurrentHighlightFilter":100,"mCurrentHueFilter":0,"mCurrentSaturationFilter":50,"mCurrentShadowFilter":0,"mCurrentSharpenFilter":50,"mCurrentTempFilter":50,"mCurrentVignetteFilter":100,"mListRedoAdjust":[],"mListUndoAdjust":[]},"pathBitmap":"/storage/emulated/0/Pictures/Telegram/IMG_20220324_145713_888.jpg","rotate":0,"rotateAnim":0.0,"scaleAnim":1.0,"startIndexFrame":70,"timeTransformCombo":2333,"timeTransformIn":300,"timeTransformOut":300,"totalFrame":69,"typeBackground":"COLOR","typeTransformCombo":"NONE","typeTransformIn":"NONE","typeTransformOut":"NONE","valueMatrixBitmapDraw":[0.84305555,0.0,7.6293945E-6,0.0,0.84305555,0.44444275,0.0,0.0,1.0],"widthBitmap":720},{"backgroundColor":0,"blurBackground":0,"duration":2300,"endIndexFrame":208,"flipHorizontal":1.0,"flipVertical":1.0,"gpuPosition":5,"gpuProgress":0,"heightBitmap":1280,"idItemPhoto":"1653365912487","indexEndFrameTransformCombo":0,"indexEndFrameTransformIn":0,"indexStartFrameTransformOut":0,"isCenterCrop":false,"isCenterInside":true,"isLoadFromCache":true,"itemDataTransition":{"indexCate":0,"isMask":false,"keyItem":"","linkCover":"","linkDownload":"","modeDraw":"","nameEn":"","nameVn":"","paintModeDraw":"SRC_OVER","pathFolderOfTransition":"","positionTransitionInAdapter":0,"timeTransitionCurrent":1000,"typeTransition":{"type":"NONE","typeTransition":"NONE"}},"itemTemplateModel":{"duration":0,"heightBitmap":0,"isCrop":false,"pathFile":"","rect":{"bottom":0,"left":0,"right":0,"top":0},"widthBitmap":0},"linkBackgroundImage":"","matrixBitmapDraw":{},"objDataAdjust":{"mCurrentBrightnessFilter":50,"mCurrentContrastFilter":50,"mCurrentExposureFilter":50,"mCurrentFadeFilters":0,"mCurrentHighlightFilter":100,"mCurrentHueFilter":0,"mCurrentSaturationFilter":50,"mCurrentShadowFilter":0,"mCurrentSharpenFilter":50,"mCurrentTempFilter":50,"mCurrentVignetteFilter":100,"mListRedoAdjust":[],"mListUndoAdjust":[]},"pathBitmap":"/storage/emulated/0/Pictures/Telegram/IMG_20220324_145711_500.jpg","rotate":0,"rotateAnim":0.0,"scaleAnim":1.0,"startIndexFrame":140,"timeTransformCombo":2300,"timeTransformIn":300,"timeTransformOut":300,"totalFrame":68,"typeBackground":"COLOR","typeTransformCombo":"NONE","typeTransformIn":"NONE","typeTransformOut":"NONE","valueMatrixBitmapDraw":[0.84305555,0.0,7.6293945E-6,0.0,0.84305555,0.44444275,0.0,0.0,1.0],"widthBitmap":720},{"backgroundColor":0,"blurBackground":0,"duration":1633,"endIndexFrame":257,"flipHorizontal":1.0,"flipVertical":1.0,"gpuPosition":0,"gpuProgress":0,"heightBitmap":1280,"idItemPhoto":"1653366045864","indexEndFrameTransformCombo":0,"indexEndFrameTransformIn":0,"indexStartFrameTransformOut":0,"isCenterCrop":false,"isCenterInside":true,"isLoadFromCache":true,"itemDataTransition":{"indexCate":0,"isMask":false,"keyItem":"","linkCover":"","linkDownload":"","modeDraw":"","nameEn":"","nameVn":"","paintModeDraw":"SRC_OVER","pathFolderOfTransition":"","positionTransitionInAdapter":0,"timeTransitionCurrent":1000,"typeTransition":{"type":"NONE","typeTransition":"NONE"}},"itemTemplateModel":{"duration":0,"heightBitmap":0,"isCrop":false,"pathFile":"","rect":{"bottom":0,"left":0,"right":0,"top":0},"widthBitmap":0},"linkBackgroundImage":"","matrixBitmapDraw":{},"objDataAdjust":{"mCurrentBrightnessFilter":50,"mCurrentContrastFilter":50,"mCurrentExposureFilter":50,"mCurrentFadeFilters":0,"mCurrentHighlightFilter":100,"mCurrentHueFilter":0,"mCurrentSaturationFilter":50,"mCurrentShadowFilter":0,"mCurrentSharpenFilter":50,"mCurrentTempFilter":50,"mCurrentVignetteFilter":100,"mListRedoAdjust":[],"mListUndoAdjust":[]},"pathBitmap":"/storage/emulated/0/Pictures/Telegram/IMG_20220324_145711_500.jpg","rotate":0,"rotateAnim":0.0,"scaleAnim":1.0,"startIndexFrame":209,"timeTransformCombo":1633,"timeTransformIn":300,"timeTransformOut":300,"totalFrame":48,"typeBackground":"COLOR","typeTransformCombo":"NONE","typeTransformIn":"NONE","typeTransformOut":"NONE","valueMatrixBitmapDraw":[0.84305555,0.0,7.6293945E-6,0.0,0.84305555,0.44444275,0.0,0.0,1.0],"widthBitmap":720}]},"frame":{"listItemStickerData":[{"DOT":".","TYPE_PHOTO":"png","WIDTH_MAX":360,"alpha":255,"countDeltaTime":0.0,"dataFrames":{"isNeedLoadBitmap1":true,"isNeedLoadBitmap2":false,"isNeedLoadBitmap2Loop":false,"isNeedLoadBitmap3":true,"isNeedLoadBitmap4":false,"isNeedLoadBitmap4Loop":false,"isNeedLoadBitmap5":true,"isNeedLoadBitmap6":true,"isNeedLoadBitmap6Loop":false,"isNeedLoadBitmap7":true,"isNeedLoadBitmap8":false,"isNeedLoadBitmap8Loop":false,"isNeedLoadBitmap9":true},"deviationXShadow":0.0,"deviationYShadow":0.0,"duration":9266,"endColor":-1,"endIndexFrame":278,"flip":1.0,"heightBitmap":0,"id":"b42b3d5eb6cbda34713ecbfb41a6e56","indexColor":0,"indexColorShadow":0,"indexEndFrameTransformCombo":0,"indexEndFrameTransformIn":0,"indexFont":0,"indexFrame":0,"indexStartFrameTransformOut":0,"indexTransition":-1,"isBgText":false,"isBoldText":false,"isDashText":false,"isDashUnderText":false,"isDrawAnim":false,"isFirstFillDataTransformCombo":true,"isInit":true,"isItalicText":false,"isLayerFront":true,"isLoadFrameCache":true,"isTexture":false,"isVisible":true,"linkBubble":"","linkItemFrame":"https://photoforapp84133-dev.s3.ap-southeast-1.amazonaws.com/public/Frame/Film/Frame/2/","linkMask":"","listText":[],"modeDraw":"SRC_OVER","pathFolder":"","pathFont":"","pathSaveBitmapFrame":"/data/user/0/videoeditor.moviemaker/files/SaveProject/1653367062533/2b322a265e9f79da732d34c0c731a7.png","pathTexture":"","pointRotate":{"x":0.0,"y":0.0},"pointTranslate":{"x":0.5,"y":0.0},"rotate":0.0,"scale":1.0,"speed":1,"speedOfTransformCombo":15,"startColor":-1,"startIndexFrame":0,"stickerTypeTransformCombo":"NONE","stickerTypeTransformIn":"NONE","stickerTypeTransformOut":"NONE","textAlignment":"CENTER","textBlurShadow":0.0,"textColorShadow":-16777216,"textHeightAllLine":0.0,"textHeightOneLine":0.0,"textLetterSpacing":0.0,"textLineSpacing":4.0,"textPadding":6.0,"textSize":1.0,"textSizeDefault":30.0,"textString":"","textStroke":{"color":"#000000","indexPositionInAdapter":-1,"width":0.0},"textTypeFont":{"mStyle":0,"native_instance":499060835344},"timeTransformCombo":300,"timeTransformIn":300,"timeTransformOut":300,"titleShow":"","totalFileNeedDownForOneFrame":6,"typeSticker":"FRAME","urlCover":"","widthBitmap":0}],"listItemViewDataOnTimeLine":[{"durationEnd":0,"durationStart":0,"endIndexFrame":278,"indexRowCurrent":0,"indexRowPrevious":0,"keyInHasMap":1653376752773,"linkDownloadMp3":"","nameMp3":"","pathSaveFile":"","startIndexFrame":0,"volume":1.0}]},"keyProjectCurrent":"1653367062533","listTemplateModel":{"list":[]},"music":{"listItemMusicData":[{"durationEnd":8599,"durationStart":0,"endIndexFrame":257,"indexRowCurrent":0,"indexRowPrevious":0,"keyInHasMap":1653365946385,"linkDownloadMp3":"/storage/emulated/0/Music/G3RingTone/1.mp3","nameMp3":"1.mp3","pathSaveFile":"/storage/emulated/0/Music/G3RingTone/1.mp3","startIndexFrame":0,"volume":1.0}]},"nameVideo":"Template 1653367062533","setting":{"quality":1080,"ratio":{"height":16.0,"width":9.0}},"sticker":{"listItemStickerData":[],"listItemViewDataOnTimeLine":[]},"text":{"listItemStickerData":[],"listItemViewDataOnTimeLine":[]},"timeLastUpdate":1653376840207,"videoEffect":{"listItemEffectData":[{"drawMode":"SCREEN","endIndexFrame":72,"indexFrameDrawCurrent":0,"isCenterCrop":true,"isCenterInside":false,"isDraw":true,"isReloadFromCache":true,"jsonObjectDataOfItem":"","keyEffect":"Basic","keyInHasMap":1653376840210,"pathFolderEffect":"","positionInAdapter":6,"sizeCanvasCurrent":{"x":0,"y":0},"speed":1,"startIndexFrame":0,"title":"Phóng to","totalFrame":72,"uri":""},{"drawMode":"SCREEN","endIndexFrame":209,"indexFrameDrawCurrent":0,"isCenterCrop":true,"isCenterInside":false,"isDraw":true,"isReloadFromCache":true,"jsonObjectDataOfItem":"","keyEffect":"Basic","keyInHasMap":1653376840212,"pathFolderEffect":"","positionInAdapter":6,"sizeCanvasCurrent":{"x":0,"y":0},"speed":1,"startIndexFrame":140,"title":"Phóng to","totalFrame":69,"uri":""},{"drawMode":"SCREEN","endIndexFrame":278,"indexFrameDrawCurrent":82,"isCenterCrop":true,"isCenterInside":false,"isDraw":true,"isReloadFromCache":true,"jsonObjectDataOfItem":"","keyEffect":"SERVER","keyInHasMap":1653376840214,"pathFolderEffect":"/data/user/0/videoeditor.moviemaker/files/FOLDER_EFFECT/Lightleak/9","positionInAdapter":9,"sizeCanvasCurrent":{"x":607,"y":1080},"speed":1,"startIndexFrame":0,"title":"Lightleak 9","totalFrame":278,"uri":"/data/user/0/videoeditor.moviemaker/files/FOLDER_EFFECT/Lightleak/9/Lightleak.m4v"}],"listItemViewDataOnTimeLine":[{"durationEnd":0,"durationStart":0,"endIndexFrame":72,"indexRowCurrent":0,"indexRowPrevious":0,"keyInHasMap":1653376481839,"linkDownloadMp3":"","nameMp3":"","pathSaveFile":"","startIndexFrame":0,"volume":1.0},{"durationEnd":0,"durationStart":0,"endIndexFrame":209,"indexRowCurrent":0,"indexRowPrevious":0,"keyInHasMap":1653376481841,"linkDownloadMp3":"","nameMp3":"","pathSaveFile":"","startIndexFrame":140,"volume":1.0},{"durationEnd":0,"durationStart":0,"endIndexFrame":278,"indexRowCurrent":0,"indexRowPrevious":0,"keyInHasMap":1653376481844,"linkDownloadMp3":"","nameMp3":"","pathSaveFile":"","startIndexFrame":0,"volume":1.0}]}}