{
  "durationVideo": 9700,
  "editor": {
    "listItemPhotoData": [
      {
        "backgroundColor": -16777216,
        "blurBackground": 0,
        "duration": 3367,
        "endIndexFrame": 100,
        "flipHorizontal": 1.0,
        "flipVertical": 1.0,
        "gpuPosition": 0,
        "gpuProgress": 0,
        "heightBitmap": 1052,
        "idItemPhoto": "1656311275760",
        "indexEndFrameTransformCombo": 100,
        "indexEndFrameTransformIn": 0,
        "indexStartFrameTransformOut": 0,
        "isCenterCrop": false,
        "isCenterInside": true,
        "isCropBitmap": true,
        "isLoadFromCache": true,
        "isLocked": false,
        "itemDataTransition": {
          "indexCate": 2,
          "indexItem": 5,
          "isMask": false,
          "keyItem": "CAMERA_UP",
          "linkCover": "https://photoforapp.s3.ap-southeast-1.amazonaws.com/Video/TransitionsServer/Camera/Icon/CAMERA_UP.gif",
          "linkDownload": "https://photoforapp.s3.ap-southeast-1.amazonaws.com/Video/TransitionsServer/Camera/CAMERA_UP.zip",
          "modeDraw": "",
          "nameEn": "Up",
          "nameVn": "Lên",
          "paintModeDraw": "SRC_OVER",
          "pathFolderOfTransition": "",
          "pathFolderZipOfTransition": "",
          "positionTransitionInAdapter": 0,
          "timeTransitionCurrent": 1000,
          "typeTransition": {
            "type": "NONE",
            "typeTransition": "NONE"
          }
        },
        "itemTemplateModel": {
          "duration": 0,
          "heightBitmap": 0,
          "indexSticker": -1,
          "isCrop": false,
          "isLocked": false,
          "md5PathFileOld": "",
          "pathFile": "",
          "rect": {
            "bottom": 0,
            "left": 0,
            "right": 0,
            "top": 0
          },
          "typeTemplateModel": "NONE",
          "widthBitmap": 0
        },
        "linkBackgroundImage": "",
        "objDataAdjust": {
          "mCurrentBrightnessFilter": 50,
          "mCurrentContrastFilter": 50,
          "mCurrentExposureFilter": 50,
          "mCurrentFadeFilters": 0,
          "mCurrentHighlightFilter": 100,
          "mCurrentHueFilter": 0,
          "mCurrentSaturationFilter": 50,
          "mCurrentShadowFilter": 0,
          "mCurrentSharpenFilter": 50,
          "mCurrentTempFilter": 50,
          "mCurrentVignetteFilter": 100,
          "mListRedoAdjust": [],
          "mListUndoAdjust": []
        },
        "pathBitmap": "/storage/emulated/0/DCIM/Ảnh Test/Girl/380.jpg",
        "rectCrop": {
          "bottom": 1052,
          "left": 0,
          "right": 592,
          "top": 0
        },
        "rotate": 0,
        "rotateAnim": 0.0,
        "scaleAnim": 1.0,
        "startIndexFrame": 0,
        "timeTransformCombo": 3367,
        "timeTransformIn": 300,
        "timeTransformOut": 300,
        "totalFrame": 100,
        "typeBackground": "COLOR",
        "typeTransformCombo": "WOBBLE",
        "typeTransformIn": "NONE",
        "typeTransformOut": "NONE",
        "valueMatrixBitmapDraw": [
          0.6841216,
          0.0,
          7.6293945E-6,
          0.0,
          0.6841216,
          0.15203094,
          0.0,
          0.0,
          1.0
        ],
        "widthBitmap": 592
      },
      {
        "backgroundColor": -16777216,
        "blurBackground": 0,
        "duration": 6333,
        "endIndexFrame": 290,
        "flipHorizontal": 1.0,
        "flipVertical": 1.0,
        "gpuPosition": 0,
        "gpuProgress": 0,
        "heightBitmap": 1773,
        "idItemPhoto": "1656311276161",
        "indexEndFrameTransformCombo": 153,
        "indexEndFrameTransformIn": 146,
        "indexStartFrameTransformOut": 0,
        "isCenterCrop": true,
        "isCenterInside": false,
        "isCropBitmap": false,
        "isLoadFromCache": true,
        "isLocked": false,
        "itemDataTransition": {
          "indexCate": 0,
          "isMask": false,
          "keyItem": "",
          "linkCover": "",
          "linkDownload": "",
          "modeDraw": "",
          "nameEn": "",
          "nameVn": "",
          "paintModeDraw": "SRC_OVER",
          "pathFolderOfTransition": "",
          "pathFolderZipOfTransition": "",
          "positionTransitionInAdapter": 0,
          "timeTransitionCurrent": 1000,
          "typeTransition": {
            "type": "NONE",
            "typeTransition": "NONE"
          }
        },
        "itemTemplateModel": {
          "duration": 0,
          "heightBitmap": 0,
          "indexSticker": -1,
          "isCrop": false,
          "isLocked": false,
          "md5PathFileOld": "",
          "pathFile": "",
          "rect": {
            "bottom": 0,
            "left": 0,
            "right": 0,
            "top": 0
          },
          "typeTemplateModel": "NONE",
          "widthBitmap": 0
        },
        "linkBackgroundImage": "",
        "objDataAdjust": {
          "mCurrentBrightnessFilter": 50,
          "mCurrentContrastFilter": 50,
          "mCurrentExposureFilter": 50,
          "mCurrentFadeFilters": 0,
          "mCurrentHighlightFilter": 100,
          "mCurrentHueFilter": 0,
          "mCurrentSaturationFilter": 50,
          "mCurrentShadowFilter": 0,
          "mCurrentSharpenFilter": 50,
          "mCurrentTempFilter": 50,
          "mCurrentVignetteFilter": 100,
          "mListRedoAdjust": [],
          "mListUndoAdjust": []
        },
        "pathBitmap": "/storage/emulated/0/DCIM/Ảnh Test/Girl/395.jpg",
        "rotate": 0,
        "rotateAnim": 0.0,
        "scaleAnim": 1.0,
        "startIndexFrame": 101,
        "timeTransformCombo": 1757,
        "timeTransformIn": 1510,
        "timeTransformOut": 300,
        "totalFrame": 189,
        "typeBackground": "COLOR",
        "typeTransformCombo": "NONE",
        "typeTransformIn": "ZOOM_OUT",
        "typeTransformOut": "NONE",
        "valueMatrixBitmapDraw": [
          0.40609136,
          0.0,
          -57.398476,
          0.0,
          0.40609136,
          1.5258789E-5,
          0.0,
          0.0,
          1.0
        ],
        "widthBitmap": 1280
      }
    ]
  },
  "frame": {
    "listItemStickerData": [],
    "listItemViewDataOnTimeLine": []
  },
  "keyProjectCurrent": "1656311289716",
  "listTemplateModel": {
    "list": []
  },
  "music": {
    "listItemMusicData": [
      {
        "durationEnd": 9671,
        "durationFadeIn": 0,
        "durationFadeOut": 0,
        "durationStart": 0,
        "endIndexFrame": 291,
        "indexRowCurrent": 0,
        "indexRowPrevious": 0,
        "keyInHasMap": 1656311323973,
        "linkDownloadMp3": "/storage/emulated/0/Music/G3Video/Direct_ConvertVideoToMp3_1656311239771.mp3",
        "nameMp3": "Direct_ConvertVideoToMp3_1656311239771.mp3",
        "pathDefault": "/storage/emulated/0/Music/G3Video/Direct_ConvertVideoToMp3_1656311239771.mp3",
        "pathSaveFile": "/storage/emulated/0/Music/G3Video/Direct_ConvertVideoToMp3_1656311239771.mp3",
        "positionEffectVoice": 0,
        "speedAudio": 1.0,
        "startIndexFrame": 1,
        "volume": 1.0
      }
    ]
  },
  "nameVideo": "Template 1656311289716",
  "setting": {
    "quality": 720,
    "ratio": {
      "height": 16.0,
      "width": 9.0
    }
  },
  "sticker": {
    "listItemStickerData": [],
    "listItemViewDataOnTimeLine": []
  },
  "text": {
    "listItemStickerData": [],
    "listItemViewDataOnTimeLine": []
  },
  "timeLastUpdate": 1656415565692,
  "videoEffect": {
    "listItemEffectData": [
      {
        "drawMode": "SCREEN",
        "endIndexFrame": 291,
        "indexFrameDrawCurrent": 0,
        "isCenterCrop": true,
        "isCenterInside": false,
        "isDraw": true,
        "isReloadFromCache": true,
        "jsonObjectDataOfItem": "{\n  \"defaultMinPercentWidth\": 1.0,\n  \"defaultMinSpeed\": 2.0,\n  \"defaultPercentWidth\": 1.0,\n  \"defaultSpeed\": 3.0,\n  \"isHorizontal\": false,\n  \"max\": 9.0,\n  \"maxSpeed\": 48.0,\n  \"min\": 0.0,\n  \"minSpeed\": 0.0,\n  \"percentWidth\": 0.0,\n  \"speedCurrent\": 38.4\n}",
        "keyEffect": "Party",
        "keyInHasMap": 1656415565694,
        "pathFolderEffect": "",
        "positionInAdapter": 2,
        "sizeCanvasCurrent": {
          "x": 0,
          "y": 0
        },
        "speed": 1,
        "startIndexFrame": 101,
        "title": "Stuck frame",
        "totalFrame": 190,
        "uri": ""
      },
      {
        "drawMode": "SCREEN",
        "endIndexFrame": 136,
        "indexFrameDrawCurrent": 0,
        "isCenterCrop": true,
        "isCenterInside": false,
        "isDraw": true,
        "isReloadFromCache": true,
        "jsonObjectDataOfItem": "{\n  \"color\": -16777216,\n  \"defaultAlpha\": 200,\n  \"defaultMinSpeed\": 4.0,\n  \"defaultSpeed\": 0.0,\n  \"max\": 4.0,\n  \"min\": 0.0,\n  \"speedCurrent\": 0.0\n}",
        "keyEffect": "Party",
        "keyInHasMap": 1656415565696,
        "pathFolderEffect": "",
        "positionInAdapter": 11,
        "sizeCanvasCurrent": {
          "x": 0,
          "y": 0
        },
        "speed": 1,
        "startIndexFrame": 116,
        "title": "Black Flash",
        "totalFrame": 20,
        "uri": ""
      },
      {
        "drawMode": "SCREEN",
        "endIndexFrame": 110,
        "indexFrameDrawCurrent": 0,
        "isCenterCrop": true,
        "isCenterInside": false,
        "isDraw": true,
        "isReloadFromCache": true,
        "jsonObjectDataOfItem": "{\n  \"color\": -16777216,\n  \"defaultAlpha\": 200,\n  \"defaultMinSpeed\": 4.0,\n  \"defaultSpeed\": 0.0,\n  \"max\": 4.0,\n  \"min\": 0.0,\n  \"speedCurrent\": 4.0\n}",
        "keyEffect": "Party",
        "keyInHasMap": 1656415565697,
        "pathFolderEffect": "",
        "positionInAdapter": 11,
        "sizeCanvasCurrent": {
          "x": 0,
          "y": 0
        },
        "speed": 1,
        "startIndexFrame": 102,
        "title": "Black Flash",
        "totalFrame": 8,
        "uri": ""
      },
      {
        "drawMode": "SCREEN",
        "endIndexFrame": 291,
        "indexFrameDrawCurrent": 0,
        "isCenterCrop": true,
        "isCenterInside": false,
        "isDraw": true,
        "isReloadFromCache": true,
        "jsonObjectDataOfItem": "{\n  \"defaultMinRange\": 1.18,\n  \"defaultMinSpeed\": 15.0,\n  \"defaultRange\": 0.0,\n  \"defaultSpeed\": 0.0,\n  \"maxRange\": 0.2,\n  \"maxSpeed\": 45.0,\n  \"minRange\": 0.0,\n  \"minSpeed\": 0.0,\n  \"rangeCurrent\": 0.0,\n  \"speedCurrent\": 45.0\n}",
        "keyEffect": "Party",
        "keyInHasMap": 1656415565699,
        "pathFolderEffect": "",
        "positionInAdapter": 14,
        "sizeCanvasCurrent": {
          "x": 0,
          "y": 0
        },
        "speed": 1,
        "startIndexFrame": 102,
        "title": "Shake 2",
        "totalFrame": 189,
        "uri": ""
      },
      {
        "drawMode": "SCREEN",
        "endIndexFrame": 154,
        "indexFrameDrawCurrent": 0,
        "isCenterCrop": true,
        "isCenterInside": false,
        "isDraw": true,
        "isReloadFromCache": true,
        "jsonObjectDataOfItem": "{\n  \"color\": -16777216,\n  \"defaultAlpha\": 200,\n  \"defaultMinSpeed\": 4.0,\n  \"defaultSpeed\": 0.0,\n  \"max\": 4.0,\n  \"min\": 0.0,\n  \"speedCurrent\": 4.0\n}",
        "keyEffect": "Party",
        "keyInHasMap": 1656415565700,
        "pathFolderEffect": "",
        "positionInAdapter": 11,
        "sizeCanvasCurrent": {
          "x": 0,
          "y": 0
        },
        "speed": 1,
        "startIndexFrame": 146,
        "title": "Black Flash",
        "totalFrame": 8,
        "uri": ""
      },
      {
        "drawMode": "SCREEN",
        "endIndexFrame": 174,
        "indexFrameDrawCurrent": 0,
        "isCenterCrop": true,
        "isCenterInside": false,
        "isDraw": true,
        "isReloadFromCache": true,
        "jsonObjectDataOfItem": "{\n  \"color\": -16777216,\n  \"defaultAlpha\": 200,\n  \"defaultMinSpeed\": 4.0,\n  \"defaultSpeed\": 0.0,\n  \"max\": 4.0,\n  \"min\": 0.0,\n  \"speedCurrent\": 4.0\n}",
        "keyEffect": "Party",
        "keyInHasMap": 1656415565702,
        "pathFolderEffect": "",
        "positionInAdapter": 11,
        "sizeCanvasCurrent": {
          "x": 0,
          "y": 0
        },
        "speed": 1,
        "startIndexFrame": 166,
        "title": "Black Flash",
        "totalFrame": 8,
        "uri": ""
      },
      {
        "drawMode": "SCREEN",
        "endIndexFrame": 227,
        "indexFrameDrawCurrent": 0,
        "isCenterCrop": true,
        "isCenterInside": false,
        "isDraw": true,
        "isReloadFromCache": true,
        "jsonObjectDataOfItem": "{\n  \"color\": -16777216,\n  \"defaultAlpha\": 200,\n  \"defaultMinSpeed\": 4.0,\n  \"defaultSpeed\": 0.0,\n  \"max\": 4.0,\n  \"min\": 0.0,\n  \"speedCurrent\": 4.0\n}",
        "keyEffect": "Party",
        "keyInHasMap": 1656415565703,
        "pathFolderEffect": "",
        "positionInAdapter": 11,
        "sizeCanvasCurrent": {
          "x": 0,
          "y": 0
        },
        "speed": 1,
        "startIndexFrame": 219,
        "title": "Black Flash",
        "totalFrame": 8,
        "uri": ""
      },
      {
        "drawMode": "SCREEN",
        "endIndexFrame": 227,
        "indexFrameDrawCurrent": 0,
        "isCenterCrop": true,
        "isCenterInside": false,
        "isDraw": true,
        "isReloadFromCache": true,
        "jsonObjectDataOfItem": "{\n  \"color\": -16777216,\n  \"defaultAlpha\": 200,\n  \"defaultMinSpeed\": 4.0,\n  \"defaultSpeed\": 0.0,\n  \"max\": 4.0,\n  \"min\": 0.0,\n  \"speedCurrent\": 4.0\n}",
        "keyEffect": "Party",
        "keyInHasMap": 1656415565705,
        "pathFolderEffect": "",
        "positionInAdapter": 11,
        "sizeCanvasCurrent": {
          "x": 0,
          "y": 0
        },
        "speed": 1,
        "startIndexFrame": 219,
        "title": "Black Flash",
        "totalFrame": 8,
        "uri": ""
      },
      {
        "drawMode": "SCREEN",
        "endIndexFrame": 244,
        "indexFrameDrawCurrent": 0,
        "isCenterCrop": true,
        "isCenterInside": false,
        "isDraw": true,
        "isReloadFromCache": true,
        "jsonObjectDataOfItem": "{\n  \"color\": -16777216,\n  \"defaultAlpha\": 200,\n  \"defaultMinSpeed\": 4.0,\n  \"defaultSpeed\": 0.0,\n  \"max\": 4.0,\n  \"min\": 0.0,\n  \"speedCurrent\": 4.0\n}",
        "keyEffect": "Party",
        "keyInHasMap": 1656415565707,
        "pathFolderEffect": "",
        "positionInAdapter": 11,
        "sizeCanvasCurrent": {
          "x": 0,
          "y": 0
        },
        "speed": 1,
        "startIndexFrame": 237,
        "title": "Black Flash",
        "totalFrame": 7,
        "uri": ""
      },
      {
        "drawMode": "SCREEN",
        "endIndexFrame": 275,
        "indexFrameDrawCurrent": 0,
        "isCenterCrop": true,
        "isCenterInside": false,
        "isDraw": true,
        "isReloadFromCache": true,
        "jsonObjectDataOfItem": "{\n  \"color\": -16777216,\n  \"defaultAlpha\": 200,\n  \"defaultMinSpeed\": 4.0,\n  \"defaultSpeed\": 0.0,\n  \"max\": 4.0,\n  \"min\": 0.0,\n  \"speedCurrent\": 0.0\n}",
        "keyEffect": "Party",
        "keyInHasMap": 1656415565708,
        "pathFolderEffect": "",
        "positionInAdapter": 11,
        "sizeCanvasCurrent": {
          "x": 0,
          "y": 0
        },
        "speed": 1,
        "startIndexFrame": 255,
        "title": "Black Flash",
        "totalFrame": 20,
        "uri": ""
      },
      {
        "drawMode": "SCREEN",
        "endIndexFrame": 291,
        "indexFrameDrawCurrent": 0,
        "isCenterCrop": true,
        "isCenterInside": false,
        "isDraw": true,
        "isReloadFromCache": true,
        "jsonObjectDataOfItem": "{\n  \"color\": -16777216,\n  \"defaultAlpha\": 200,\n  \"defaultMinSpeed\": 4.0,\n  \"defaultSpeed\": 0.0,\n  \"max\": 4.0,\n  \"min\": 0.0,\n  \"speedCurrent\": 4.0\n}",
        "keyEffect": "Party",
        "keyInHasMap": 1656415565709,
        "pathFolderEffect": "",
        "positionInAdapter": 11,
        "sizeCanvasCurrent": {
          "x": 0,
          "y": 0
        },
        "speed": 1,
        "startIndexFrame": 284,
        "title": "Black Flash",
        "totalFrame": 7,
        "uri": ""
      },
      {
        "drawMode": "SCREEN",
        "endIndexFrame": 205,
        "indexFrameDrawCurrent": 0,
        "isCenterCrop": true,
        "isCenterInside": false,
        "isDraw": true,
        "isReloadFromCache": true,
        "jsonObjectDataOfItem": "{\n  \"color\": -16777216,\n  \"defaultAlpha\": 200,\n  \"defaultMinSpeed\": 4.0,\n  \"defaultSpeed\": 0.0,\n  \"max\": 4.0,\n  \"min\": 0.0,\n  \"speedCurrent\": 0.0\n}",
        "keyEffect": "Party",
        "keyInHasMap": 1656415565711,
        "pathFolderEffect": "",
        "positionInAdapter": 11,
        "sizeCanvasCurrent": {
          "x": 0,
          "y": 0
        },
        "speed": 1,
        "startIndexFrame": 192,
        "title": "Black Flash",
        "totalFrame": 13,
        "uri": ""
      }
    ],
    "listItemViewDataOnTimeLine": [
      {
        "durationEnd": 0,
        "durationFadeIn": 0,
        "durationFadeOut": 0,
        "durationStart": 0,
        "endIndexFrame": 291,
        "indexRowCurrent": 0,
        "indexRowPrevious": 0,
        "keyInHasMap": 1656381476098,
        "linkDownloadMp3": "",
        "nameMp3": "",
        "pathDefault": "",
        "pathSaveFile": "",
        "positionEffectVoice": 0,
        "speedAudio": 1.0,
        "startIndexFrame": 101,
        "volume": 1.0
      },
      {
        "durationEnd": 0,
        "durationFadeIn": 0,
        "durationFadeOut": 0,
        "durationStart": 0,
        "endIndexFrame": 136,
        "indexRowCurrent": 0,
        "indexRowPrevious": 0,
        "keyInHasMap": 1656381476103,
        "linkDownloadMp3": "",
        "nameMp3": "",
        "pathDefault": "",
        "pathSaveFile": "",
        "positionEffectVoice": 0,
        "speedAudio": 1.0,
        "startIndexFrame": 116,
        "volume": 1.0
      },
      {
        "durationEnd": 0,
        "durationFadeIn": 0,
        "durationFadeOut": 0,
        "durationStart": 0,
        "endIndexFrame": 110,
        "indexRowCurrent": 0,
        "indexRowPrevious": 0,
        "keyInHasMap": 1656381476110,
        "linkDownloadMp3": "",
        "nameMp3": "",
        "pathDefault": "",
        "pathSaveFile": "",
        "positionEffectVoice": 0,
        "speedAudio": 1.0,
        "startIndexFrame": 102,
        "volume": 1.0
      },
      {
        "durationEnd": 0,
        "durationFadeIn": 0,
        "durationFadeOut": 0,
        "durationStart": 0,
        "endIndexFrame": 291,
        "indexRowCurrent": 0,
        "indexRowPrevious": 0,
        "keyInHasMap": 1656381476115,
        "linkDownloadMp3": "",
        "nameMp3": "",
        "pathDefault": "",
        "pathSaveFile": "",
        "positionEffectVoice": 0,
        "speedAudio": 1.0,
        "startIndexFrame": 102,
        "volume": 1.0
      },
      {
        "durationEnd": 0,
        "durationFadeIn": 0,
        "durationFadeOut": 0,
        "durationStart": 0,
        "endIndexFrame": 154,
        "indexRowCurrent": 0,
        "indexRowPrevious": 0,
        "keyInHasMap": 1656381476118,
        "linkDownloadMp3": "",
        "nameMp3": "",
        "pathDefault": "",
        "pathSaveFile": "",
        "positionEffectVoice": 0,
        "speedAudio": 1.0,
        "startIndexFrame": 146,
        "volume": 1.0
      },
      {
        "durationEnd": 0,
        "durationFadeIn": 0,
        "durationFadeOut": 0,
        "durationStart": 0,
        "endIndexFrame": 174,
        "indexRowCurrent": 0,
        "indexRowPrevious": 0,
        "keyInHasMap": 1656381476121,
        "linkDownloadMp3": "",
        "nameMp3": "",
        "pathDefault": "",
        "pathSaveFile": "",
        "positionEffectVoice": 0,
        "speedAudio": 1.0,
        "startIndexFrame": 166,
        "volume": 1.0
      },
      {
        "durationEnd": 0,
        "durationFadeIn": 0,
        "durationFadeOut": 0,
        "durationStart": 0,
        "endIndexFrame": 227,
        "indexRowCurrent": 0,
        "indexRowPrevious": 0,
        "keyInHasMap": 1656381476124,
        "linkDownloadMp3": "",
        "nameMp3": "",
        "pathDefault": "",
        "pathSaveFile": "",
        "positionEffectVoice": 0,
        "speedAudio": 1.0,
        "startIndexFrame": 219,
        "volume": 1.0
      },
      {
        "durationEnd": 0,
        "durationFadeIn": 0,
        "durationFadeOut": 0,
        "durationStart": 0,
        "endIndexFrame": 227,
        "indexRowCurrent": 0,
        "indexRowPrevious": 0,
        "keyInHasMap": 1656381476129,
        "linkDownloadMp3": "",
        "nameMp3": "",
        "pathDefault": "",
        "pathSaveFile": "",
        "positionEffectVoice": 0,
        "speedAudio": 1.0,
        "startIndexFrame": 219,
        "volume": 1.0
      },
      {
        "durationEnd": 0,
        "durationFadeIn": 0,
        "durationFadeOut": 0,
        "durationStart": 0,
        "endIndexFrame": 244,
        "indexRowCurrent": 0,
        "indexRowPrevious": 0,
        "keyInHasMap": 1656381476132,
        "linkDownloadMp3": "",
        "nameMp3": "",
        "pathDefault": "",
        "pathSaveFile": "",
        "positionEffectVoice": 0,
        "speedAudio": 1.0,
        "startIndexFrame": 237,
        "volume": 1.0
      },
      {
        "durationEnd": 0,
        "durationFadeIn": 0,
        "durationFadeOut": 0,
        "durationStart": 0,
        "endIndexFrame": 275,
        "indexRowCurrent": 0,
        "indexRowPrevious": 0,
        "keyInHasMap": 1656381476136,
        "linkDownloadMp3": "",
        "nameMp3": "",
        "pathDefault": "",
        "pathSaveFile": "",
        "positionEffectVoice": 0,
        "speedAudio": 1.0,
        "startIndexFrame": 255,
        "volume": 1.0
      },
      {
        "durationEnd": 0,
        "durationFadeIn": 0,
        "durationFadeOut": 0,
        "durationStart": 0,
        "endIndexFrame": 291,
        "indexRowCurrent": 0,
        "indexRowPrevious": 0,
        "keyInHasMap": 1656381476138,
        "linkDownloadMp3": "",
        "nameMp3": "",
        "pathDefault": "",
        "pathSaveFile": "",
        "positionEffectVoice": 0,
        "speedAudio": 1.0,
        "startIndexFrame": 284,
        "volume": 1.0
      },
      {
        "durationEnd": 766,
        "durationFadeIn": 0,
        "durationFadeOut": 0,
        "durationStart": 0,
        "endIndexFrame": 205,
        "indexRowCurrent": 0,
        "indexRowPrevious": 0,
        "keyInHasMap": 1656412707981,
        "linkDownloadMp3": "",
        "nameMp3": "",
        "pathDefault": "",
        "pathSaveFile": "",
        "positionEffectVoice": 0,
        "speedAudio": 1.0,
        "startIndexFrame": 192,
        "volume": 1.0
      }
    ]
  }
}