{"durationVideo":8000,"editor":{"listItemPhotoData":[{"backgroundColor":-657931,"blurBackground":0,"duration":8000,"endIndexFrame":239,"flipHorizontal":1.0,"flipVertical":1.0,"gpuPosition":0,"gpuProgress":0,"heightBitmap":720,"idItemPhoto":"1653876525190","indexEndFrameTransformCombo":0,"indexEndFrameTransformIn":55,"indexStartFrameTransformOut":0,"isCenterCrop":false,"isCenterInside":false,"isCropBitmap":false,"isLoadFromCache":true,"itemDataTransition":{"indexCate":0,"isMask":false,"keyItem":"","linkCover":"","linkDownload":"","modeDraw":"","nameEn":"","nameVn":"","paintModeDraw":"SRC_OVER","pathFolderOfTransition":"","pathFolderZipOfTransition":"","positionTransitionInAdapter":0,"timeTransitionCurrent":1000,"typeTransition":{"type":"NONE","typeTransition":"NONE"}},"itemTemplateModel":{"duration":0,"heightBitmap":0,"indexSticker":-1,"isCrop":false,"pathFile":"","rect":{"bottom":0,"left":0,"right":0,"top":0},"typeTemplateModel":"NONE","widthBitmap":0},"linkBackgroundImage":"","objDataAdjust":{"mCurrentBrightnessFilter":50,"mCurrentContrastFilter":50,"mCurrentExposureFilter":50,"mCurrentFadeFilters":0,"mCurrentHighlightFilter":100,"mCurrentHueFilter":0,"mCurrentSaturationFilter":50,"mCurrentShadowFilter":0,"mCurrentSharpenFilter":50,"mCurrentTempFilter":50,"mCurrentVignetteFilter":100,"mListRedoAdjust":[],"mListUndoAdjust":[]},"pathBitmap":"/storage/emulated/0/Pictures/Telegram/IMG_20220530_090726_888.jpg","rotate":0,"rotateAnim":0.0,"scaleAnim":1.0,"startIndexFrame":0,"timeTransformCombo":8000,"timeTransformIn":1844,"timeTransformOut":300,"totalFrame":239,"typeBackground":"COLOR","typeTransformCombo":"NONE","typeTransformIn":"MOVE_LEFT_TO_RIGHT","typeTransformOut":"NONE","valueMatrixBitmapDraw":[0.30114377,0.0,10.565491,0.0,0.30114377,17.02539,0.0,0.0,1.0],"widthBitmap":1280}]},"frame":{"listItemStickerData":[],"listItemViewDataOnTimeLine":[]},"keyProjectCurrent":"1653876580459","listTemplateModel":{"list":[]},"music":{"listItemMusicData":[{"durationEnd":7999,"durationStart":0,"endIndexFrame":240,"indexRowCurrent":0,"indexRowPrevious":0,"keyInHasMap":1653876830855,"linkDownloadMp3":"https://photoforapp84133-dev.s3.ap-southeast-1.amazonaws.com/public/YoutubeAudioLibrary/International/Bright/afterglow - ed sheeran.mp3","nameMp3":"afterglow - ed sheeran.mp3","pathSaveFile":"/data/user/0/videoeditor.moviemaker/files/Private/HIDE/MUSIC/afterglow - ed sheeran.mp3","startIndexFrame":0,"volume":1.0},{"durationEnd":549,"durationStart":0,"endIndexFrame":62,"indexRowCurrent":0,"indexRowPrevious":0,"keyInHasMap":1653877909133,"linkDownloadMp3":"https://photoforapp84133-dev.s3.ap-southeast-1.amazonaws.com/public/SoundEffect/Fight/Bright/cut knife paper.mp3","nameMp3":"cut knife paper.mp3","pathSaveFile":"/data/user/0/videoeditor.moviemaker/files/Private/HIDE/MUSIC/cut knife paper.mp3","startIndexFrame":46,"volume":1.0}]},"nameVideo":"Template 1653876580459","setting":{"quality":720,"ratio":{"height":16.0,"width":9.0}},"sticker":{"listItemStickerData":[{"DOT":".","TYPE_PHOTO":"png","WIDTH_MAX":360,"alpha":255,"countDeltaTime":0.0,"dataFrames":{"isNeedLoadBitmap1":false,"isNeedLoadBitmap2":false,"isNeedLoadBitmap2Loop":false,"isNeedLoadBitmap3":false,"isNeedLoadBitmap4":false,"isNeedLoadBitmap4Loop":false,"isNeedLoadBitmap5":false,"isNeedLoadBitmap6":false,"isNeedLoadBitmap6Loop":false,"isNeedLoadBitmap7":false,"isNeedLoadBitmap8":false,"isNeedLoadBitmap8Loop":false,"isNeedLoadBitmap9":false},"deviationXShadow":0.0,"deviationYShadow":0.0,"duration":7999,"endColor":-1,"endIndexFrame":240,"flip":1.0,"heightBitmap":202,"id":"71b71cd577c6538979e6669527f533fe","indexColor":0,"indexColorShadow":0,"indexEndFrameTransformCombo":0,"indexEndFrameTransformIn":55,"indexFont":0,"indexFrame":0,"indexStartFrameTransformOut":0,"indexTransition":-1,"isBgText":false,"isBoldText":false,"isDashText":false,"isDashUnderText":false,"isDrawAnim":false,"isFirstFillDataTransformCombo":true,"isInit":true,"isItalicText":false,"isLayerFront":true,"isLoadFrameCache":true,"isTexture":false,"isVisible":true,"linkBubble":"","linkItemFrame":"","linkMask":"","listText":[],"modeDraw":"SRC_OVER","pathFolder":"/storage/emulated/0/Pictures/Telegram/IMG_20220530_090810_640.jpg","pathFont":"","pathSaveBitmapFrame":"","pathTexture":"","pointRotate":{"x":-189.93616,"y":593.6709},"pointTranslate":{"x":23.00299,"y":492.6709},"rotate":0.10848999,"scale":1.0914977,"speed":1,"speedOfTransformCombo":15,"startColor":-1,"startIndexFrame":0,"stickerTypeTransformCombo":"NONE","stickerTypeTransformIn":"MOVE_LEFT_TO_RIGHT","stickerTypeTransformOut":"NONE","textAlignment":"CENTER","textBlurShadow":0.0,"textColorShadow":-16777216,"textHeightAllLine":0.0,"textHeightOneLine":0.0,"textLetterSpacing":0.0,"textLineSpacing":4.0,"textPadding":6.0,"textSize":1.0,"textSizeDefault":30.0,"textString":"","textStroke":{"color":"#000000","indexPositionInAdapter":-1,"width":0.0},"timeTransformCombo":300,"timeTransformIn":1842,"timeTransformOut":300,"titleShow":"/storage/emulated/0/Pictures/Telegram/IMG_20220530_090810_640.jpg","totalFileNeedDownForOneFrame":0,"typeSticker":"ONE_PHOTO","urlCover":"/storage/emulated/0/Pictures/Telegram/IMG_20220530_090810_640.jpg","widthBitmap":360},{"DOT":".","TYPE_PHOTO":"png","WIDTH_MAX":360,"alpha":255,"countDeltaTime":0.0,"dataFrames":{"isNeedLoadBitmap1":false,"isNeedLoadBitmap2":false,"isNeedLoadBitmap2Loop":false,"isNeedLoadBitmap3":false,"isNeedLoadBitmap4":false,"isNeedLoadBitmap4Loop":false,"isNeedLoadBitmap5":false,"isNeedLoadBitmap6":false,"isNeedLoadBitmap6Loop":false,"isNeedLoadBitmap7":false,"isNeedLoadBitmap8":false,"isNeedLoadBitmap8Loop":false,"isNeedLoadBitmap9":false},"deviationXShadow":0.0,"deviationYShadow":0.0,"duration":7999,"endColor":-1,"endIndexFrame":240,"flip":1.0,"heightBitmap":202,"id":"decde2ae3f737d5810abeabb85f19091","indexColor":0,"indexColorShadow":0,"indexEndFrameTransformCombo":0,"indexEndFrameTransformIn":55,"indexFont":0,"indexFrame":0,"indexStartFrameTransformOut":0,"indexTransition":-1,"isBgText":false,"isBoldText":false,"isDashText":false,"isDashUnderText":false,"isDrawAnim":false,"isFirstFillDataTransformCombo":true,"isInit":true,"isItalicText":false,"isLayerFront":true,"isLoadFrameCache":true,"isTexture":false,"isVisible":true,"linkBubble":"","linkItemFrame":"","linkMask":"","listText":[],"modeDraw":"SRC_OVER","pathFolder":"/storage/emulated/0/Pictures/Telegram/IMG_20220530_090809_213.jpg","pathFont":"","pathSaveBitmapFrame":"","pathTexture":"","pointRotate":{"x":588.0786,"y":359.29187},"pointTranslate":{"x":22.332382,"y":258.29187},"rotate":0.21134949,"scale":1.0715172,"speed":1,"speedOfTransformCombo":15,"startColor":-1,"startIndexFrame":0,"stickerTypeTransformCombo":"NONE","stickerTypeTransformIn":"MOVE_RIGHT_TO_LEFT","stickerTypeTransformOut":"NONE","textAlignment":"CENTER","textBlurShadow":0.0,"textColorShadow":-16777216,"textHeightAllLine":0.0,"textHeightOneLine":0.0,"textLetterSpacing":0.0,"textLineSpacing":4.0,"textPadding":6.0,"textSize":1.0,"textSizeDefault":30.0,"textString":"","textStroke":{"color":"#000000","indexPositionInAdapter":-1,"width":0.0},"timeTransformCombo":300,"timeTransformIn":1847,"timeTransformOut":300,"titleShow":"/storage/emulated/0/Pictures/Telegram/IMG_20220530_090809_213.jpg","totalFileNeedDownForOneFrame":0,"typeSticker":"ONE_PHOTO","urlCover":"/storage/emulated/0/Pictures/Telegram/IMG_20220530_090809_213.jpg","widthBitmap":360}],"listItemViewDataOnTimeLine":[{"durationEnd":0,"durationStart":0,"endIndexFrame":240,"indexRowCurrent":0,"indexRowPrevious":0,"keyInHasMap":1653877832735,"linkDownloadMp3":"","nameMp3":"","pathSaveFile":"","startIndexFrame":0,"volume":1.0},{"durationEnd":0,"durationStart":0,"endIndexFrame":240,"indexRowCurrent":0,"indexRowPrevious":0,"keyInHasMap":1653877832758,"linkDownloadMp3":"","nameMp3":"","pathSaveFile":"","startIndexFrame":0,"volume":1.0}]},"text":{"listItemStickerData":[],"listItemViewDataOnTimeLine":[]},"timeLastUpdate":1653878219079,"videoEffect":{"listItemEffectData":[{"drawMode":"SCREEN","endIndexFrame":76,"indexFrameDrawCurrent":0,"isCenterCrop":true,"isCenterInside":false,"isDraw":true,"isReloadFromCache":true,"jsonObjectDataOfItem":"{\"defaultPercentFrame\":50.0,\"max\":80.0,\"min\":10.0,\"percentFrame\":49.7}","keyEffect":"Basic","keyInHasMap":1653878219089,"pathFolderEffect":"","positionInAdapter":5,"sizeCanvasCurrent":{"x":0,"y":0},"speed":1,"startIndexFrame":46,"title":"Sáng tỏ dần","totalFrame":30,"uri":""},{"drawMode":"SCREEN","endIndexFrame":101,"indexFrameDrawCurrent":0,"isCenterCrop":true,"isCenterInside":false,"isDraw":true,"isReloadFromCache":true,"jsonObjectDataOfItem":"","keyEffect":"Basic","keyInHasMap":1653878219092,"pathFolderEffect":"","positionInAdapter":3,"sizeCanvasCurrent":{"x":0,"y":0},"speed":1,"startIndexFrame":0,"title":"Tô màu","totalFrame":101,"uri":""},{"drawMode":"SCREEN","endIndexFrame":240,"indexFrameDrawCurrent":16,"isCenterCrop":true,"isCenterInside":false,"isDraw":true,"isReloadFromCache":true,"jsonObjectDataOfItem":"","keyEffect":"SERVER","keyInHasMap":1653878219093,"pathFolderEffect":"/data/user/0/videoeditor.moviemaker/files/FOLDER_EFFECT/Falling/9","positionInAdapter":9,"sizeCanvasCurrent":{"x":405,"y":720},"speed":1,"startIndexFrame":77,"title":"Falling 9","totalFrame":163,"uri":"/data/user/0/videoeditor.moviemaker/files/FOLDER_EFFECT/Falling/9/Falling.m4v"}],"listItemViewDataOnTimeLine":[{"durationEnd":999,"durationStart":0,"endIndexFrame":76,"indexRowCurrent":0,"indexRowPrevious":0,"keyInHasMap":1653877863567,"linkDownloadMp3":"","nameMp3":"","pathSaveFile":"","startIndexFrame":46,"volume":1.0},{"durationEnd":5000,"durationStart":0,"endIndexFrame":101,"indexRowCurrent":0,"indexRowPrevious":0,"keyInHasMap":1653877886736,"linkDownloadMp3":"","nameMp3":"","pathSaveFile":"","startIndexFrame":0,"volume":1.0},{"durationEnd":5433,"durationStart":0,"endIndexFrame":240,"indexRowCurrent":0,"indexRowPrevious":0,"keyInHasMap":1653878080050,"linkDownloadMp3":"","nameMp3":"","pathSaveFile":"","startIndexFrame":77,"volume":1.0}]}}