{
  "durationVideo": 12033,
  "editor": {
    "listItemPhotoData": [
      {
        "backgroundColor": -16777216,
        "blurBackground": 0,
        "duration": 1000,
        "endIndexFrame": 29,
        "flipHorizontal": 1.0,
        "flipVertical": 1.0,
        "gpuPosition": 0,
        "gpuProgress": 0,
        "heightBitmap": 900,
        "idItemPhoto": "1655866476428",
        "indexEndFrameTransformCombo": 0,
        "indexEndFrameTransformIn": 0,
        "indexStartFrameTransformOut": 0,
        "isCenterCrop": false,
        "isCenterInside": true,
        "isCropBitmap": false,
        "isLoadFromCache": true,
        "isLocked": false,
        "itemDataTransition": {
          "indexCate": 6,
          "indexItem": 1,
          "isMask": false,
          "keyItem": "1",
          "linkCover": "https://photoforapp.s3.ap-southeast-1.amazonaws.com/Video/TransitionsServer/Basic/Icon/1.gif",
          "linkDownload": "https://photoforapp.s3.ap-southeast-1.amazonaws.com/Video/TransitionsServer/Basic/1.zip",
          "modeDraw": "",
          "nameEn": "Eye",
          "nameVn": "Mắt",
          "paintModeDraw": "SRC_OVER",
          "pathFolderOfTransition": "/data/user/0/videoeditor.moviemaker/files/FolderTransitionZip/Eye/1/1",
          "pathFolderZipOfTransition": "/data/user/0/videoeditor.moviemaker/files/Folder_transition/Eye/1.zip",
          "positionTransitionInAdapter": 86,
          "timeTransitionCurrent": 377,
          "typeTransition": {
            "type": "SEVER",
            "typeTransition": "SEVER"
          }
        },
        "itemTemplateModel": {
          "duration": 0,
          "heightBitmap": 0,
          "indexSticker": -1,
          "isCrop": false,
          "isLocked": false,
          "md5PathFileOld": "",
          "pathFile": "",
          "rect": {
            "bottom": 0,
            "left": 0,
            "right": 0,
            "top": 0
          },
          "typeTemplateModel": "NONE",
          "widthBitmap": 0
        },
        "linkBackgroundImage": "",
        "objDataAdjust": {
          "mCurrentBrightnessFilter": 50,
          "mCurrentContrastFilter": 50,
          "mCurrentExposureFilter": 50,
          "mCurrentFadeFilters": 0,
          "mCurrentHighlightFilter": 100,
          "mCurrentHueFilter": 0,
          "mCurrentSaturationFilter": 50,
          "mCurrentShadowFilter": 0,
          "mCurrentSharpenFilter": 50,
          "mCurrentTempFilter": 50,
          "mCurrentVignetteFilter": 100,
          "mListRedoAdjust": [],
          "mListUndoAdjust": []
        },
        "pathBitmap": "/storage/emulated/0/Pictures/Telegram/IMG_20220622_095246_681.jpg",
        "rotate": 0,
        "rotateAnim": 0.0,
        "scaleAnim": 1.0,
        "startIndexFrame": 0,
        "timeTransformCombo": 1000,
        "timeTransformIn": 300,
        "timeTransformOut": 300,
        "totalFrame": 29,
        "typeBackground": "COLOR",
        "typeTransformCombo": "NONE",
        "typeTransformIn": "NONE",
        "typeTransformOut": "NONE",
        "valueMatrixBitmapDraw": [
          0.8,
          0.0,
          0.0,
          0.0,
          0.8,
          0.0,
          0.0,
          0.0,
          1.0
        ],
        "widthBitmap": 900
      },
      {
        "backgroundColor": -16777216,
        "blurBackground": 0,
        "duration": 700,
        "endIndexFrame": 50,
        "flipHorizontal": 1.0,
        "flipVertical": 1.0,
        "gpuPosition": 0,
        "gpuProgress": 0,
        "heightBitmap": 900,
        "idItemPhoto": "1655866476577",
        "indexEndFrameTransformCombo": 0,
        "indexEndFrameTransformIn": 0,
        "indexStartFrameTransformOut": 0,
        "isCenterCrop": false,
        "isCenterInside": true,
        "isCropBitmap": false,
        "isLoadFromCache": true,
        "isLocked": false,
        "itemDataTransition": {
          "indexCate": 6,
          "indexItem": 1,
          "isMask": false,
          "keyItem": "1",
          "linkCover": "https://photoforapp.s3.ap-southeast-1.amazonaws.com/Video/TransitionsServer/Basic/Icon/1.gif",
          "linkDownload": "https://photoforapp.s3.ap-southeast-1.amazonaws.com/Video/TransitionsServer/Basic/1.zip",
          "modeDraw": "",
          "nameEn": "Eye",
          "nameVn": "Mắt",
          "paintModeDraw": "SRC_OVER",
          "pathFolderOfTransition": "/data/user/0/videoeditor.moviemaker/files/FolderTransitionZip/Eye/1/1",
          "pathFolderZipOfTransition": "/data/user/0/videoeditor.moviemaker/files/Folder_transition/Eye/1.zip",
          "positionTransitionInAdapter": 86,
          "timeTransitionCurrent": 377,
          "typeTransition": {
            "type": "SEVER",
            "typeTransition": "SEVER"
          }
        },
        "itemTemplateModel": {
          "duration": 0,
          "heightBitmap": 0,
          "indexSticker": -1,
          "isCrop": false,
          "isLocked": false,
          "md5PathFileOld": "",
          "pathFile": "",
          "rect": {
            "bottom": 0,
            "left": 0,
            "right": 0,
            "top": 0
          },
          "typeTemplateModel": "NONE",
          "widthBitmap": 0
        },
        "linkBackgroundImage": "",
        "objDataAdjust": {
          "mCurrentBrightnessFilter": 50,
          "mCurrentContrastFilter": 50,
          "mCurrentExposureFilter": 50,
          "mCurrentFadeFilters": 0,
          "mCurrentHighlightFilter": 100,
          "mCurrentHueFilter": 0,
          "mCurrentSaturationFilter": 50,
          "mCurrentShadowFilter": 0,
          "mCurrentSharpenFilter": 50,
          "mCurrentTempFilter": 50,
          "mCurrentVignetteFilter": 100,
          "mListRedoAdjust": [],
          "mListUndoAdjust": []
        },
        "pathBitmap": "/storage/emulated/0/Pictures/Telegram/IMG_20220622_095248_606.jpg",
        "rotate": 0,
        "rotateAnim": 0.0,
        "scaleAnim": 1.0,
        "startIndexFrame": 30,
        "timeTransformCombo": 700,
        "timeTransformIn": 300,
        "timeTransformOut": 300,
        "totalFrame": 20,
        "typeBackground": "COLOR",
        "typeTransformCombo": "NONE",
        "typeTransformIn": "NONE",
        "typeTransformOut": "NONE",
        "valueMatrixBitmapDraw": [
          0.8,
          0.0,
          0.0,
          0.0,
          0.8,
          0.0,
          0.0,
          0.0,
          1.0
        ],
        "widthBitmap": 900
      },
      {
        "backgroundColor": -16777216,
        "blurBackground": 0,
        "duration": 733,
        "endIndexFrame": 72,
        "flipHorizontal": 1.0,
        "flipVertical": 1.0,
        "gpuPosition": 0,
        "gpuProgress": 0,
        "heightBitmap": 900,
        "idItemPhoto": "1655866476669",
        "indexEndFrameTransformCombo": 0,
        "indexEndFrameTransformIn": 0,
        "indexStartFrameTransformOut": 0,
        "isCenterCrop": false,
        "isCenterInside": true,
        "isCropBitmap": false,
        "isLoadFromCache": true,
        "isLocked": false,
        "itemDataTransition": {
          "indexCate": 6,
          "indexItem": 1,
          "isMask": false,
          "keyItem": "1",
          "linkCover": "https://photoforapp.s3.ap-southeast-1.amazonaws.com/Video/TransitionsServer/Basic/Icon/1.gif",
          "linkDownload": "https://photoforapp.s3.ap-southeast-1.amazonaws.com/Video/TransitionsServer/Basic/1.zip",
          "modeDraw": "",
          "nameEn": "Eye",
          "nameVn": "Mắt",
          "paintModeDraw": "SRC_OVER",
          "pathFolderOfTransition": "/data/user/0/videoeditor.moviemaker/files/FolderTransitionZip/Eye/1/1",
          "pathFolderZipOfTransition": "/data/user/0/videoeditor.moviemaker/files/Folder_transition/Eye/1.zip",
          "positionTransitionInAdapter": 86,
          "timeTransitionCurrent": 377,
          "typeTransition": {
            "type": "SEVER",
            "typeTransition": "SEVER"
          }
        },
        "itemTemplateModel": {
          "duration": 0,
          "heightBitmap": 0,
          "indexSticker": -1,
          "isCrop": false,
          "isLocked": false,
          "md5PathFileOld": "",
          "pathFile": "",
          "rect": {
            "bottom": 0,
            "left": 0,
            "right": 0,
            "top": 0
          },
          "typeTemplateModel": "NONE",
          "widthBitmap": 0
        },
        "linkBackgroundImage": "",
        "objDataAdjust": {
          "mCurrentBrightnessFilter": 50,
          "mCurrentContrastFilter": 50,
          "mCurrentExposureFilter": 50,
          "mCurrentFadeFilters": 0,
          "mCurrentHighlightFilter": 100,
          "mCurrentHueFilter": 0,
          "mCurrentSaturationFilter": 50,
          "mCurrentShadowFilter": 0,
          "mCurrentSharpenFilter": 50,
          "mCurrentTempFilter": 50,
          "mCurrentVignetteFilter": 100,
          "mListRedoAdjust": [],
          "mListUndoAdjust": []
        },
        "pathBitmap": "/storage/emulated/0/Pictures/Telegram/IMG_20220622_095249_637.jpg",
        "rotate": 0,
        "rotateAnim": 0.0,
        "scaleAnim": 1.0,
        "startIndexFrame": 51,
        "timeTransformCombo": 733,
        "timeTransformIn": 300,
        "timeTransformOut": 300,
        "totalFrame": 21,
        "typeBackground": "COLOR",
        "typeTransformCombo": "NONE",
        "typeTransformIn": "NONE",
        "typeTransformOut": "NONE",
        "valueMatrixBitmapDraw": [
          0.8,
          0.0,
          0.0,
          0.0,
          0.8,
          0.0,
          0.0,
          0.0,
          1.0
        ],
        "widthBitmap": 900
      },
      {
        "backgroundColor": -16777216,
        "blurBackground": 0,
        "duration": 733,
        "endIndexFrame": 94,
        "flipHorizontal": 1.0,
        "flipVertical": 1.0,
        "gpuPosition": 0,
        "gpuProgress": 0,
        "heightBitmap": 900,
        "idItemPhoto": "1655866476751",
        "indexEndFrameTransformCombo": 0,
        "indexEndFrameTransformIn": 0,
        "indexStartFrameTransformOut": 0,
        "isCenterCrop": false,
        "isCenterInside": true,
        "isCropBitmap": false,
        "isLoadFromCache": true,
        "isLocked": false,
        "itemDataTransition": {
          "indexCate": 6,
          "indexItem": 1,
          "isMask": false,
          "keyItem": "1",
          "linkCover": "https://photoforapp.s3.ap-southeast-1.amazonaws.com/Video/TransitionsServer/Basic/Icon/1.gif",
          "linkDownload": "https://photoforapp.s3.ap-southeast-1.amazonaws.com/Video/TransitionsServer/Basic/1.zip",
          "modeDraw": "",
          "nameEn": "Eye",
          "nameVn": "Mắt",
          "paintModeDraw": "SRC_OVER",
          "pathFolderOfTransition": "/data/user/0/videoeditor.moviemaker/files/FolderTransitionZip/Eye/1/1",
          "pathFolderZipOfTransition": "/data/user/0/videoeditor.moviemaker/files/Folder_transition/Eye/1.zip",
          "positionTransitionInAdapter": 86,
          "timeTransitionCurrent": 377,
          "typeTransition": {
            "type": "SEVER",
            "typeTransition": "SEVER"
          }
        },
        "itemTemplateModel": {
          "duration": 0,
          "heightBitmap": 0,
          "indexSticker": -1,
          "isCrop": false,
          "isLocked": false,
          "md5PathFileOld": "",
          "pathFile": "",
          "rect": {
            "bottom": 0,
            "left": 0,
            "right": 0,
            "top": 0
          },
          "typeTemplateModel": "NONE",
          "widthBitmap": 0
        },
        "linkBackgroundImage": "",
        "objDataAdjust": {
          "mCurrentBrightnessFilter": 50,
          "mCurrentContrastFilter": 50,
          "mCurrentExposureFilter": 50,
          "mCurrentFadeFilters": 0,
          "mCurrentHighlightFilter": 100,
          "mCurrentHueFilter": 0,
          "mCurrentSaturationFilter": 50,
          "mCurrentShadowFilter": 0,
          "mCurrentSharpenFilter": 50,
          "mCurrentTempFilter": 50,
          "mCurrentVignetteFilter": 100,
          "mListRedoAdjust": [],
          "mListUndoAdjust": []
        },
        "pathBitmap": "/storage/emulated/0/Pictures/Telegram/IMG_20220622_095239_691.jpg",
        "rotate": 0,
        "rotateAnim": 0.0,
        "scaleAnim": 1.0,
        "startIndexFrame": 73,
        "timeTransformCombo": 733,
        "timeTransformIn": 300,
        "timeTransformOut": 300,
        "totalFrame": 21,
        "typeBackground": "COLOR",
        "typeTransformCombo": "NONE",
        "typeTransformIn": "NONE",
        "typeTransformOut": "NONE",
        "valueMatrixBitmapDraw": [
          0.8,
          0.0,
          0.0,
          0.0,
          0.8,
          0.0,
          0.0,
          0.0,
          1.0
        ],
        "widthBitmap": 900
      },
      {
        "backgroundColor": -16777216,
        "blurBackground": 0,
        "duration": 900,
        "endIndexFrame": 121,
        "flipHorizontal": 1.0,
        "flipVertical": 1.0,
        "gpuPosition": 0,
        "gpuProgress": 0,
        "heightBitmap": 900,
        "idItemPhoto": "1655866476843",
        "indexEndFrameTransformCombo": 0,
        "indexEndFrameTransformIn": 0,
        "indexStartFrameTransformOut": 0,
        "isCenterCrop": false,
        "isCenterInside": true,
        "isCropBitmap": false,
        "isLoadFromCache": true,
        "isLocked": false,
        "itemDataTransition": {
          "indexCate": 6,
          "indexItem": 1,
          "isMask": false,
          "keyItem": "1",
          "linkCover": "https://photoforapp.s3.ap-southeast-1.amazonaws.com/Video/TransitionsServer/Basic/Icon/1.gif",
          "linkDownload": "https://photoforapp.s3.ap-southeast-1.amazonaws.com/Video/TransitionsServer/Basic/1.zip",
          "modeDraw": "",
          "nameEn": "Eye",
          "nameVn": "Mắt",
          "paintModeDraw": "SRC_OVER",
          "pathFolderOfTransition": "/data/user/0/videoeditor.moviemaker/files/FolderTransitionZip/Eye/1/1",
          "pathFolderZipOfTransition": "/data/user/0/videoeditor.moviemaker/files/Folder_transition/Eye/1.zip",
          "positionTransitionInAdapter": 86,
          "timeTransitionCurrent": 377,
          "typeTransition": {
            "type": "SEVER",
            "typeTransition": "SEVER"
          }
        },
        "itemTemplateModel": {
          "duration": 0,
          "heightBitmap": 0,
          "indexSticker": -1,
          "isCrop": false,
          "isLocked": false,
          "md5PathFileOld": "",
          "pathFile": "",
          "rect": {
            "bottom": 0,
            "left": 0,
            "right": 0,
            "top": 0
          },
          "typeTemplateModel": "NONE",
          "widthBitmap": 0
        },
        "linkBackgroundImage": "",
        "objDataAdjust": {
          "mCurrentBrightnessFilter": 50,
          "mCurrentContrastFilter": 50,
          "mCurrentExposureFilter": 50,
          "mCurrentFadeFilters": 0,
          "mCurrentHighlightFilter": 100,
          "mCurrentHueFilter": 0,
          "mCurrentSaturationFilter": 50,
          "mCurrentShadowFilter": 0,
          "mCurrentSharpenFilter": 50,
          "mCurrentTempFilter": 50,
          "mCurrentVignetteFilter": 100,
          "mListRedoAdjust": [],
          "mListUndoAdjust": []
        },
        "pathBitmap": "/storage/emulated/0/Pictures/Telegram/IMG_20220622_095244_625.jpg",
        "rotate": 0,
        "rotateAnim": 0.0,
        "scaleAnim": 1.0,
        "startIndexFrame": 95,
        "timeTransformCombo": 900,
        "timeTransformIn": 300,
        "timeTransformOut": 300,
        "totalFrame": 26,
        "typeBackground": "COLOR",
        "typeTransformCombo": "NONE",
        "typeTransformIn": "NONE",
        "typeTransformOut": "NONE",
        "valueMatrixBitmapDraw": [
          0.8,
          0.0,
          0.0,
          0.0,
          0.8,
          0.0,
          0.0,
          0.0,
          1.0
        ],
        "widthBitmap": 900
      },
      {
        "backgroundColor": -16777216,
        "blurBackground": 0,
        "duration": 767,
        "endIndexFrame": 144,
        "flipHorizontal": 1.0,
        "flipVertical": 1.0,
        "gpuPosition": 0,
        "gpuProgress": 0,
        "heightBitmap": 900,
        "idItemPhoto": "1655866476965",
        "indexEndFrameTransformCombo": 0,
        "indexEndFrameTransformIn": 0,
        "indexStartFrameTransformOut": 0,
        "isCenterCrop": false,
        "isCenterInside": true,
        "isCropBitmap": false,
        "isLoadFromCache": true,
        "isLocked": false,
        "itemDataTransition": {
          "indexCate": 6,
          "indexItem": 1,
          "isMask": false,
          "keyItem": "1",
          "linkCover": "https://photoforapp.s3.ap-southeast-1.amazonaws.com/Video/TransitionsServer/Basic/Icon/1.gif",
          "linkDownload": "https://photoforapp.s3.ap-southeast-1.amazonaws.com/Video/TransitionsServer/Basic/1.zip",
          "modeDraw": "",
          "nameEn": "Eye",
          "nameVn": "Mắt",
          "paintModeDraw": "SRC_OVER",
          "pathFolderOfTransition": "/data/user/0/videoeditor.moviemaker/files/FolderTransitionZip/Eye/1/1",
          "pathFolderZipOfTransition": "/data/user/0/videoeditor.moviemaker/files/Folder_transition/Eye/1.zip",
          "positionTransitionInAdapter": 86,
          "timeTransitionCurrent": 377,
          "typeTransition": {
            "type": "SEVER",
            "typeTransition": "SEVER"
          }
        },
        "itemTemplateModel": {
          "duration": 0,
          "heightBitmap": 0,
          "indexSticker": -1,
          "isCrop": false,
          "isLocked": false,
          "md5PathFileOld": "",
          "pathFile": "",
          "rect": {
            "bottom": 0,
            "left": 0,
            "right": 0,
            "top": 0
          },
          "typeTemplateModel": "NONE",
          "widthBitmap": 0
        },
        "linkBackgroundImage": "",
        "objDataAdjust": {
          "mCurrentBrightnessFilter": 50,
          "mCurrentContrastFilter": 50,
          "mCurrentExposureFilter": 50,
          "mCurrentFadeFilters": 0,
          "mCurrentHighlightFilter": 100,
          "mCurrentHueFilter": 0,
          "mCurrentSaturationFilter": 50,
          "mCurrentShadowFilter": 0,
          "mCurrentSharpenFilter": 50,
          "mCurrentTempFilter": 50,
          "mCurrentVignetteFilter": 100,
          "mListRedoAdjust": [],
          "mListUndoAdjust": []
        },
        "pathBitmap": "/storage/emulated/0/Pictures/Telegram/IMG_20220622_095243_268.jpg",
        "rotate": 0,
        "rotateAnim": 0.0,
        "scaleAnim": 1.0,
        "startIndexFrame": 122,
        "timeTransformCombo": 767,
        "timeTransformIn": 300,
        "timeTransformOut": 300,
        "totalFrame": 22,
        "typeBackground": "COLOR",
        "typeTransformCombo": "NONE",
        "typeTransformIn": "NONE",
        "typeTransformOut": "NONE",
        "valueMatrixBitmapDraw": [
          0.8,
          0.0,
          0.0,
          0.0,
          0.8,
          0.0,
          0.0,
          0.0,
          1.0
        ],
        "widthBitmap": 900
      },
      {
        "backgroundColor": -16777216,
        "blurBackground": 0,
        "duration": 800,
        "endIndexFrame": 168,
        "flipHorizontal": 1.0,
        "flipVertical": 1.0,
        "gpuPosition": 0,
        "gpuProgress": 0,
        "heightBitmap": 900,
        "idItemPhoto": "1655866477070",
        "indexEndFrameTransformCombo": 0,
        "indexEndFrameTransformIn": 0,
        "indexStartFrameTransformOut": 0,
        "isCenterCrop": false,
        "isCenterInside": true,
        "isCropBitmap": false,
        "isLoadFromCache": true,
        "isLocked": false,
        "itemDataTransition": {
          "indexCate": 6,
          "indexItem": 1,
          "isMask": false,
          "keyItem": "1",
          "linkCover": "https://photoforapp.s3.ap-southeast-1.amazonaws.com/Video/TransitionsServer/Basic/Icon/1.gif",
          "linkDownload": "https://photoforapp.s3.ap-southeast-1.amazonaws.com/Video/TransitionsServer/Basic/1.zip",
          "modeDraw": "",
          "nameEn": "Eye",
          "nameVn": "Mắt",
          "paintModeDraw": "SRC_OVER",
          "pathFolderOfTransition": "/data/user/0/videoeditor.moviemaker/files/FolderTransitionZip/Eye/1/1",
          "pathFolderZipOfTransition": "/data/user/0/videoeditor.moviemaker/files/Folder_transition/Eye/1.zip",
          "positionTransitionInAdapter": 86,
          "timeTransitionCurrent": 377,
          "typeTransition": {
            "type": "SEVER",
            "typeTransition": "SEVER"
          }
        },
        "itemTemplateModel": {
          "duration": 0,
          "heightBitmap": 0,
          "indexSticker": -1,
          "isCrop": false,
          "isLocked": false,
          "md5PathFileOld": "",
          "pathFile": "",
          "rect": {
            "bottom": 0,
            "left": 0,
            "right": 0,
            "top": 0
          },
          "typeTemplateModel": "NONE",
          "widthBitmap": 0
        },
        "linkBackgroundImage": "",
        "objDataAdjust": {
          "mCurrentBrightnessFilter": 50,
          "mCurrentContrastFilter": 50,
          "mCurrentExposureFilter": 50,
          "mCurrentFadeFilters": 0,
          "mCurrentHighlightFilter": 100,
          "mCurrentHueFilter": 0,
          "mCurrentSaturationFilter": 50,
          "mCurrentShadowFilter": 0,
          "mCurrentSharpenFilter": 50,
          "mCurrentTempFilter": 50,
          "mCurrentVignetteFilter": 100,
          "mListRedoAdjust": [],
          "mListUndoAdjust": []
        },
        "pathBitmap": "/storage/emulated/0/Pictures/Telegram/IMG_20220622_095241_830.jpg",
        "rotate": 0,
        "rotateAnim": 0.0,
        "scaleAnim": 1.0,
        "startIndexFrame": 145,
        "timeTransformCombo": 800,
        "timeTransformIn": 300,
        "timeTransformOut": 300,
        "totalFrame": 23,
        "typeBackground": "COLOR",
        "typeTransformCombo": "NONE",
        "typeTransformIn": "NONE",
        "typeTransformOut": "NONE",
        "valueMatrixBitmapDraw": [
          0.8,
          0.0,
          0.0,
          0.0,
          0.8,
          0.0,
          0.0,
          0.0,
          1.0
        ],
        "widthBitmap": 900
      },
      {
        "backgroundColor": -16777216,
        "blurBackground": 0,
        "duration": 800,
        "endIndexFrame": 192,
        "flipHorizontal": 1.0,
        "flipVertical": 1.0,
        "gpuPosition": 0,
        "gpuProgress": 0,
        "heightBitmap": 900,
        "idItemPhoto": "1655866477192",
        "indexEndFrameTransformCombo": 0,
        "indexEndFrameTransformIn": 0,
        "indexStartFrameTransformOut": 0,
        "isCenterCrop": false,
        "isCenterInside": true,
        "isCropBitmap": false,
        "isLoadFromCache": true,
        "isLocked": false,
        "itemDataTransition": {
          "indexCate": 6,
          "indexItem": 1,
          "isMask": false,
          "keyItem": "1",
          "linkCover": "https://photoforapp.s3.ap-southeast-1.amazonaws.com/Video/TransitionsServer/Basic/Icon/1.gif",
          "linkDownload": "https://photoforapp.s3.ap-southeast-1.amazonaws.com/Video/TransitionsServer/Basic/1.zip",
          "modeDraw": "",
          "nameEn": "Eye",
          "nameVn": "Mắt",
          "paintModeDraw": "SRC_OVER",
          "pathFolderOfTransition": "/data/user/0/videoeditor.moviemaker/files/FolderTransitionZip/Eye/1/1",
          "pathFolderZipOfTransition": "/data/user/0/videoeditor.moviemaker/files/Folder_transition/Eye/1.zip",
          "positionTransitionInAdapter": 86,
          "timeTransitionCurrent": 377,
          "typeTransition": {
            "type": "SEVER",
            "typeTransition": "SEVER"
          }
        },
        "itemTemplateModel": {
          "duration": 0,
          "heightBitmap": 0,
          "indexSticker": -1,
          "isCrop": false,
          "isLocked": false,
          "md5PathFileOld": "",
          "pathFile": "",
          "rect": {
            "bottom": 0,
            "left": 0,
            "right": 0,
            "top": 0
          },
          "typeTemplateModel": "NONE",
          "widthBitmap": 0
        },
        "linkBackgroundImage": "",
        "objDataAdjust": {
          "mCurrentBrightnessFilter": 50,
          "mCurrentContrastFilter": 50,
          "mCurrentExposureFilter": 50,
          "mCurrentFadeFilters": 0,
          "mCurrentHighlightFilter": 100,
          "mCurrentHueFilter": 0,
          "mCurrentSaturationFilter": 50,
          "mCurrentShadowFilter": 0,
          "mCurrentSharpenFilter": 50,
          "mCurrentTempFilter": 50,
          "mCurrentVignetteFilter": 100,
          "mListRedoAdjust": [],
          "mListUndoAdjust": []
        },
        "pathBitmap": "/storage/emulated/0/Pictures/Telegram/IMG_20220622_095253_355.jpg",
        "rotate": 0,
        "rotateAnim": 0.0,
        "scaleAnim": 1.0,
        "startIndexFrame": 169,
        "timeTransformCombo": 800,
        "timeTransformIn": 300,
        "timeTransformOut": 300,
        "totalFrame": 23,
        "typeBackground": "COLOR",
        "typeTransformCombo": "NONE",
        "typeTransformIn": "NONE",
        "typeTransformOut": "NONE",
        "valueMatrixBitmapDraw": [
          0.8,
          0.0,
          0.0,
          0.0,
          0.8,
          0.0,
          0.0,
          0.0,
          1.0
        ],
        "widthBitmap": 900
      },
      {
        "backgroundColor": -16777216,
        "blurBackground": 0,
        "duration": 800,
        "endIndexFrame": 216,
        "flipHorizontal": 1.0,
        "flipVertical": 1.0,
        "gpuPosition": 0,
        "gpuProgress": 0,
        "heightBitmap": 900,
        "idItemPhoto": "1655866477296",
        "indexEndFrameTransformCombo": 0,
        "indexEndFrameTransformIn": 0,
        "indexStartFrameTransformOut": 0,
        "isCenterCrop": false,
        "isCenterInside": true,
        "isCropBitmap": false,
        "isLoadFromCache": true,
        "isLocked": false,
        "itemDataTransition": {
          "indexCate": 6,
          "indexItem": 1,
          "isMask": false,
          "keyItem": "1",
          "linkCover": "https://photoforapp.s3.ap-southeast-1.amazonaws.com/Video/TransitionsServer/Basic/Icon/1.gif",
          "linkDownload": "https://photoforapp.s3.ap-southeast-1.amazonaws.com/Video/TransitionsServer/Basic/1.zip",
          "modeDraw": "",
          "nameEn": "Eye",
          "nameVn": "Mắt",
          "paintModeDraw": "SRC_OVER",
          "pathFolderOfTransition": "/data/user/0/videoeditor.moviemaker/files/FolderTransitionZip/Eye/1/1",
          "pathFolderZipOfTransition": "/data/user/0/videoeditor.moviemaker/files/Folder_transition/Eye/1.zip",
          "positionTransitionInAdapter": 86,
          "timeTransitionCurrent": 377,
          "typeTransition": {
            "type": "SEVER",
            "typeTransition": "SEVER"
          }
        },
        "itemTemplateModel": {
          "duration": 0,
          "heightBitmap": 0,
          "indexSticker": -1,
          "isCrop": false,
          "isLocked": false,
          "md5PathFileOld": "",
          "pathFile": "",
          "rect": {
            "bottom": 0,
            "left": 0,
            "right": 0,
            "top": 0
          },
          "typeTemplateModel": "NONE",
          "widthBitmap": 0
        },
        "linkBackgroundImage": "",
        "objDataAdjust": {
          "mCurrentBrightnessFilter": 50,
          "mCurrentContrastFilter": 50,
          "mCurrentExposureFilter": 50,
          "mCurrentFadeFilters": 0,
          "mCurrentHighlightFilter": 100,
          "mCurrentHueFilter": 0,
          "mCurrentSaturationFilter": 50,
          "mCurrentShadowFilter": 0,
          "mCurrentSharpenFilter": 50,
          "mCurrentTempFilter": 50,
          "mCurrentVignetteFilter": 100,
          "mListRedoAdjust": [],
          "mListUndoAdjust": []
        },
        "pathBitmap": "/storage/emulated/0/Pictures/Telegram/IMG_20220622_095255_442.jpg",
        "rotate": 0,
        "rotateAnim": 0.0,
        "scaleAnim": 1.0,
        "startIndexFrame": 193,
        "timeTransformCombo": 800,
        "timeTransformIn": 300,
        "timeTransformOut": 300,
        "totalFrame": 23,
        "typeBackground": "COLOR",
        "typeTransformCombo": "NONE",
        "typeTransformIn": "NONE",
        "typeTransformOut": "NONE",
        "valueMatrixBitmapDraw": [
          0.8,
          0.0,
          0.0,
          0.0,
          0.8,
          0.0,
          0.0,
          0.0,
          1.0
        ],
        "widthBitmap": 900
      },
      {
        "backgroundColor": -16777216,
        "blurBackground": 0,
        "duration": 900,
        "endIndexFrame": 243,
        "flipHorizontal": 1.0,
        "flipVertical": 1.0,
        "gpuPosition": 0,
        "gpuProgress": 0,
        "heightBitmap": 900,
        "idItemPhoto": "1655866477377",
        "indexEndFrameTransformCombo": 0,
        "indexEndFrameTransformIn": 0,
        "indexStartFrameTransformOut": 0,
        "isCenterCrop": false,
        "isCenterInside": true,
        "isCropBitmap": false,
        "isLoadFromCache": true,
        "isLocked": false,
        "itemDataTransition": {
          "indexCate": 6,
          "indexItem": 1,
          "isMask": false,
          "keyItem": "1",
          "linkCover": "https://photoforapp.s3.ap-southeast-1.amazonaws.com/Video/TransitionsServer/Basic/Icon/1.gif",
          "linkDownload": "https://photoforapp.s3.ap-southeast-1.amazonaws.com/Video/TransitionsServer/Basic/1.zip",
          "modeDraw": "",
          "nameEn": "Eye",
          "nameVn": "Mắt",
          "paintModeDraw": "SRC_OVER",
          "pathFolderOfTransition": "/data/user/0/videoeditor.moviemaker/files/FolderTransitionZip/Eye/1/1",
          "pathFolderZipOfTransition": "/data/user/0/videoeditor.moviemaker/files/Folder_transition/Eye/1.zip",
          "positionTransitionInAdapter": 86,
          "timeTransitionCurrent": 377,
          "typeTransition": {
            "type": "SEVER",
            "typeTransition": "SEVER"
          }
        },
        "itemTemplateModel": {
          "duration": 0,
          "heightBitmap": 0,
          "indexSticker": -1,
          "isCrop": false,
          "isLocked": false,
          "md5PathFileOld": "",
          "pathFile": "",
          "rect": {
            "bottom": 0,
            "left": 0,
            "right": 0,
            "top": 0
          },
          "typeTemplateModel": "NONE",
          "widthBitmap": 0
        },
        "linkBackgroundImage": "",
        "objDataAdjust": {
          "mCurrentBrightnessFilter": 50,
          "mCurrentContrastFilter": 50,
          "mCurrentExposureFilter": 50,
          "mCurrentFadeFilters": 0,
          "mCurrentHighlightFilter": 100,
          "mCurrentHueFilter": 0,
          "mCurrentSaturationFilter": 50,
          "mCurrentShadowFilter": 0,
          "mCurrentSharpenFilter": 50,
          "mCurrentTempFilter": 50,
          "mCurrentVignetteFilter": 100,
          "mListRedoAdjust": [],
          "mListUndoAdjust": []
        },
        "pathBitmap": "/storage/emulated/0/Pictures/Telegram/IMG_20220622_095251_667.jpg",
        "rotate": 0,
        "rotateAnim": 0.0,
        "scaleAnim": 1.0,
        "startIndexFrame": 217,
        "timeTransformCombo": 900,
        "timeTransformIn": 300,
        "timeTransformOut": 300,
        "totalFrame": 26,
        "typeBackground": "COLOR",
        "typeTransformCombo": "NONE",
        "typeTransformIn": "NONE",
        "typeTransformOut": "NONE",
        "valueMatrixBitmapDraw": [
          0.8,
          0.0,
          0.0,
          0.0,
          0.8,
          0.0,
          0.0,
          0.0,
          1.0
        ],
        "widthBitmap": 900
      },
      {
        "backgroundColor": -16777216,
        "blurBackground": 0,
        "duration": 800,
        "endIndexFrame": 267,
        "flipHorizontal": 1.0,
        "flipVertical": 1.0,
        "gpuPosition": 0,
        "gpuProgress": 0,
        "heightBitmap": 900,
        "idItemPhoto": "1655866477456",
        "indexEndFrameTransformCombo": 0,
        "indexEndFrameTransformIn": 0,
        "indexStartFrameTransformOut": 0,
        "isCenterCrop": false,
        "isCenterInside": true,
        "isCropBitmap": false,
        "isLoadFromCache": true,
        "isLocked": false,
        "itemDataTransition": {
          "indexCate": 6,
          "indexItem": 1,
          "isMask": false,
          "keyItem": "1",
          "linkCover": "https://photoforapp.s3.ap-southeast-1.amazonaws.com/Video/TransitionsServer/Basic/Icon/1.gif",
          "linkDownload": "https://photoforapp.s3.ap-southeast-1.amazonaws.com/Video/TransitionsServer/Basic/1.zip",
          "modeDraw": "",
          "nameEn": "Eye",
          "nameVn": "Mắt",
          "paintModeDraw": "SRC_OVER",
          "pathFolderOfTransition": "/data/user/0/videoeditor.moviemaker/files/FolderTransitionZip/Eye/1/1",
          "pathFolderZipOfTransition": "/data/user/0/videoeditor.moviemaker/files/Folder_transition/Eye/1.zip",
          "positionTransitionInAdapter": 86,
          "timeTransitionCurrent": 377,
          "typeTransition": {
            "type": "SEVER",
            "typeTransition": "SEVER"
          }
        },
        "itemTemplateModel": {
          "duration": 0,
          "heightBitmap": 0,
          "indexSticker": -1,
          "isCrop": false,
          "isLocked": false,
          "md5PathFileOld": "",
          "pathFile": "",
          "rect": {
            "bottom": 0,
            "left": 0,
            "right": 0,
            "top": 0
          },
          "typeTemplateModel": "NONE",
          "widthBitmap": 0
        },
        "linkBackgroundImage": "",
        "objDataAdjust": {
          "mCurrentBrightnessFilter": 50,
          "mCurrentContrastFilter": 50,
          "mCurrentExposureFilter": 50,
          "mCurrentFadeFilters": 0,
          "mCurrentHighlightFilter": 100,
          "mCurrentHueFilter": 0,
          "mCurrentSaturationFilter": 50,
          "mCurrentShadowFilter": 0,
          "mCurrentSharpenFilter": 50,
          "mCurrentTempFilter": 50,
          "mCurrentVignetteFilter": 100,
          "mListRedoAdjust": [],
          "mListUndoAdjust": []
        },
        "pathBitmap": "/storage/emulated/0/Pictures/Telegram/IMG_20220622_095257_059.jpg",
        "rotate": 0,
        "rotateAnim": 0.0,
        "scaleAnim": 1.0,
        "startIndexFrame": 244,
        "timeTransformCombo": 800,
        "timeTransformIn": 300,
        "timeTransformOut": 300,
        "totalFrame": 23,
        "typeBackground": "COLOR",
        "typeTransformCombo": "NONE",
        "typeTransformIn": "NONE",
        "typeTransformOut": "NONE",
        "valueMatrixBitmapDraw": [
          0.8,
          0.0,
          0.0,
          0.0,
          0.8,
          0.0,
          0.0,
          0.0,
          1.0
        ],
        "widthBitmap": 900
      },
      {
        "backgroundColor": -16777216,
        "blurBackground": 0,
        "duration": 800,
        "endIndexFrame": 291,
        "flipHorizontal": 1.0,
        "flipVertical": 1.0,
        "gpuPosition": 0,
        "gpuProgress": 0,
        "heightBitmap": 900,
        "idItemPhoto": "1655866477536",
        "indexEndFrameTransformCombo": 0,
        "indexEndFrameTransformIn": 0,
        "indexStartFrameTransformOut": 0,
        "isCenterCrop": false,
        "isCenterInside": true,
        "isCropBitmap": false,
        "isLoadFromCache": true,
        "isLocked": false,
        "itemDataTransition": {
          "indexCate": 6,
          "indexItem": 1,
          "isMask": false,
          "keyItem": "1",
          "linkCover": "https://photoforapp.s3.ap-southeast-1.amazonaws.com/Video/TransitionsServer/Basic/Icon/1.gif",
          "linkDownload": "https://photoforapp.s3.ap-southeast-1.amazonaws.com/Video/TransitionsServer/Basic/1.zip",
          "modeDraw": "",
          "nameEn": "Eye",
          "nameVn": "Mắt",
          "paintModeDraw": "SRC_OVER",
          "pathFolderOfTransition": "/data/user/0/videoeditor.moviemaker/files/FolderTransitionZip/Eye/1/1",
          "pathFolderZipOfTransition": "/data/user/0/videoeditor.moviemaker/files/Folder_transition/Eye/1.zip",
          "positionTransitionInAdapter": 86,
          "timeTransitionCurrent": 377,
          "typeTransition": {
            "type": "SEVER",
            "typeTransition": "SEVER"
          }
        },
        "itemTemplateModel": {
          "duration": 0,
          "heightBitmap": 0,
          "indexSticker": -1,
          "isCrop": false,
          "isLocked": false,
          "md5PathFileOld": "",
          "pathFile": "",
          "rect": {
            "bottom": 0,
            "left": 0,
            "right": 0,
            "top": 0
          },
          "typeTemplateModel": "NONE",
          "widthBitmap": 0
        },
        "linkBackgroundImage": "",
        "objDataAdjust": {
          "mCurrentBrightnessFilter": 50,
          "mCurrentContrastFilter": 50,
          "mCurrentExposureFilter": 50,
          "mCurrentFadeFilters": 0,
          "mCurrentHighlightFilter": 100,
          "mCurrentHueFilter": 0,
          "mCurrentSaturationFilter": 50,
          "mCurrentShadowFilter": 0,
          "mCurrentSharpenFilter": 50,
          "mCurrentTempFilter": 50,
          "mCurrentVignetteFilter": 100,
          "mListRedoAdjust": [],
          "mListUndoAdjust": []
        },
        "pathBitmap": "/storage/emulated/0/Pictures/Telegram/IMG_20220622_095300_046.jpg",
        "rotate": 0,
        "rotateAnim": 0.0,
        "scaleAnim": 1.0,
        "startIndexFrame": 268,
        "timeTransformCombo": 800,
        "timeTransformIn": 300,
        "timeTransformOut": 300,
        "totalFrame": 23,
        "typeBackground": "COLOR",
        "typeTransformCombo": "NONE",
        "typeTransformIn": "NONE",
        "typeTransformOut": "NONE",
        "valueMatrixBitmapDraw": [
          0.8,
          0.0,
          0.0,
          0.0,
          0.8,
          0.0,
          0.0,
          0.0,
          1.0
        ],
        "widthBitmap": 900
      },
      {
        "backgroundColor": -16777216,
        "blurBackground": 0,
        "duration": 800,
        "endIndexFrame": 315,
        "flipHorizontal": 1.0,
        "flipVertical": 1.0,
        "gpuPosition": 0,
        "gpuProgress": 0,
        "heightBitmap": 900,
        "idItemPhoto": "1655866477607",
        "indexEndFrameTransformCombo": 0,
        "indexEndFrameTransformIn": 0,
        "indexStartFrameTransformOut": 0,
        "isCenterCrop": false,
        "isCenterInside": true,
        "isCropBitmap": false,
        "isLoadFromCache": true,
        "isLocked": false,
        "itemDataTransition": {
          "indexCate": 6,
          "indexItem": 1,
          "isMask": false,
          "keyItem": "1",
          "linkCover": "https://photoforapp.s3.ap-southeast-1.amazonaws.com/Video/TransitionsServer/Basic/Icon/1.gif",
          "linkDownload": "https://photoforapp.s3.ap-southeast-1.amazonaws.com/Video/TransitionsServer/Basic/1.zip",
          "modeDraw": "",
          "nameEn": "Eye",
          "nameVn": "Mắt",
          "paintModeDraw": "SRC_OVER",
          "pathFolderOfTransition": "/data/user/0/videoeditor.moviemaker/files/FolderTransitionZip/Eye/1/1",
          "pathFolderZipOfTransition": "/data/user/0/videoeditor.moviemaker/files/Folder_transition/Eye/1.zip",
          "positionTransitionInAdapter": 86,
          "timeTransitionCurrent": 377,
          "typeTransition": {
            "type": "SEVER",
            "typeTransition": "SEVER"
          }
        },
        "itemTemplateModel": {
          "duration": 0,
          "heightBitmap": 0,
          "indexSticker": -1,
          "isCrop": false,
          "isLocked": false,
          "md5PathFileOld": "",
          "pathFile": "",
          "rect": {
            "bottom": 0,
            "left": 0,
            "right": 0,
            "top": 0
          },
          "typeTemplateModel": "NONE",
          "widthBitmap": 0
        },
        "linkBackgroundImage": "",
        "objDataAdjust": {
          "mCurrentBrightnessFilter": 50,
          "mCurrentContrastFilter": 50,
          "mCurrentExposureFilter": 50,
          "mCurrentFadeFilters": 0,
          "mCurrentHighlightFilter": 100,
          "mCurrentHueFilter": 0,
          "mCurrentSaturationFilter": 50,
          "mCurrentShadowFilter": 0,
          "mCurrentSharpenFilter": 50,
          "mCurrentTempFilter": 50,
          "mCurrentVignetteFilter": 100,
          "mListRedoAdjust": [],
          "mListUndoAdjust": []
        },
        "pathBitmap": "/storage/emulated/0/Pictures/Telegram/IMG_20220622_095301_943.jpg",
        "rotate": 0,
        "rotateAnim": 0.0,
        "scaleAnim": 1.0,
        "startIndexFrame": 292,
        "timeTransformCombo": 800,
        "timeTransformIn": 300,
        "timeTransformOut": 300,
        "totalFrame": 23,
        "typeBackground": "COLOR",
        "typeTransformCombo": "NONE",
        "typeTransformIn": "NONE",
        "typeTransformOut": "NONE",
        "valueMatrixBitmapDraw": [
          0.8,
          0.0,
          0.0,
          0.0,
          0.8,
          0.0,
          0.0,
          0.0,
          1.0
        ],
        "widthBitmap": 900
      },
      {
        "backgroundColor": -16777216,
        "blurBackground": 0,
        "duration": 1500,
        "endIndexFrame": 360,
        "flipHorizontal": 1.0,
        "flipVertical": 1.0,
        "gpuPosition": 0,
        "gpuProgress": 0,
        "heightBitmap": 900,
        "idItemPhoto": "1655866477677",
        "indexEndFrameTransformCombo": 0,
        "indexEndFrameTransformIn": 0,
        "indexStartFrameTransformOut": 0,
        "isCenterCrop": false,
        "isCenterInside": true,
        "isCropBitmap": false,
        "isLoadFromCache": true,
        "isLocked": false,
        "itemDataTransition": {
          "indexCate": 0,
          "isMask": false,
          "keyItem": "",
          "linkCover": "",
          "linkDownload": "",
          "modeDraw": "",
          "nameEn": "",
          "nameVn": "",
          "paintModeDraw": "SRC_OVER",
          "pathFolderOfTransition": "",
          "pathFolderZipOfTransition": "",
          "positionTransitionInAdapter": 0,
          "timeTransitionCurrent": 1500,
          "typeTransition": {
            "type": "NONE",
            "typeTransition": "NONE"
          }
        },
        "itemTemplateModel": {
          "duration": 0,
          "heightBitmap": 0,
          "indexSticker": -1,
          "isCrop": false,
          "isLocked": false,
          "md5PathFileOld": "",
          "pathFile": "",
          "rect": {
            "bottom": 0,
            "left": 0,
            "right": 0,
            "top": 0
          },
          "typeTemplateModel": "NONE",
          "widthBitmap": 0
        },
        "linkBackgroundImage": "",
        "objDataAdjust": {
          "mCurrentBrightnessFilter": 50,
          "mCurrentContrastFilter": 50,
          "mCurrentExposureFilter": 50,
          "mCurrentFadeFilters": 0,
          "mCurrentHighlightFilter": 100,
          "mCurrentHueFilter": 0,
          "mCurrentSaturationFilter": 50,
          "mCurrentShadowFilter": 0,
          "mCurrentSharpenFilter": 50,
          "mCurrentTempFilter": 50,
          "mCurrentVignetteFilter": 100,
          "mListRedoAdjust": [],
          "mListUndoAdjust": []
        },
        "pathBitmap": "/storage/emulated/0/Pictures/Telegram/IMG_20220622_095237_448.jpg",
        "rotate": 0,
        "rotateAnim": 0.0,
        "scaleAnim": 1.0,
        "startIndexFrame": 316,
        "timeTransformCombo": 1500,
        "timeTransformIn": 300,
        "timeTransformOut": 300,
        "totalFrame": 44,
        "typeBackground": "COLOR",
        "typeTransformCombo": "NONE",
        "typeTransformIn": "NONE",
        "typeTransformOut": "NONE",
        "valueMatrixBitmapDraw": [
          0.8,
          0.0,
          0.0,
          0.0,
          0.8,
          0.0,
          0.0,
          0.0,
          1.0
        ],
        "widthBitmap": 900
      }
    ]
  },
  "frame": {
    "listItemStickerData": [],
    "listItemViewDataOnTimeLine": []
  },
  "keyProjectCurrent": "1655866517847",
  "listTemplateModel": {
    "list": []
  },
  "music": {
    "listItemMusicData": [
      {
        "durationEnd": 12033,
        "durationFadeIn": 0,
        "durationFadeOut": 0,
        "durationStart": 0,
        "endIndexFrame": 361,
        "indexRowCurrent": 0,
        "indexRowPrevious": 0,
        "keyInHasMap": 1655866525515,
        "linkDownloadMp3": "/storage/emulated/0/Music/G3Video/Direct_ConvertVideoToMp3_1655866521821.mp3",
        "nameMp3": "Direct_ConvertVideoToMp3_1655866521821.mp3",
        "pathDefault": "/storage/emulated/0/Music/G3Video/Direct_ConvertVideoToMp3_1655866521821.mp3",
        "pathSaveFile": "/storage/emulated/0/Music/G3Video/Direct_ConvertVideoToMp3_1655866521821.mp3",
        "positionEffectVoice": 0,
        "speedAudio": 1.0,
        "startIndexFrame": 0,
        "volume": 1.0
      }
    ]
  },
  "nameVideo": "Template 1655866517847",
  "setting": {
    "quality": 720,
    "ratio": {
      "height": 1.0,
      "width": 1.0
    }
  },
  "sticker": {
    "listItemStickerData": [],
    "listItemViewDataOnTimeLine": []
  },
  "text": {
    "listItemStickerData": [
      {
        "DOT": ".",
        "TYPE_PHOTO": "png",
        "WIDTH_MAX": 360,
        "alpha": 255,
        "animTextModel": {
          "easeCombo": "LINEAR",
          "easeIn": "LINEAR",
          "easeOut": "LINEAR",
          "endIndexFrameCombo": 360,
          "endIndexFrameIn": 0,
          "endIndexFrameOut": 360,
          "percentIn": 0.0,
          "percentOut": 0.0,
          "percentSpeedCombo": 30.0,
          "speedFrameCombo": 0,
          "startIndexFrameCombo": 0,
          "startIndexFrameIn": 0,
          "startIndexFrameOut": 0,
          "typeAnimTextCombo": "NONE",
          "typeAnimTextIn": "NONE_IN",
          "typeAnimTextOut": "NONE_OUT"
        },
        "countDeltaTime": 0.0,
        "dataFrames": {
          "isNeedLoadBitmap1": false,
          "isNeedLoadBitmap2": false,
          "isNeedLoadBitmap2Loop": false,
          "isNeedLoadBitmap3": false,
          "isNeedLoadBitmap4": false,
          "isNeedLoadBitmap4Loop": false,
          "isNeedLoadBitmap5": false,
          "isNeedLoadBitmap6": false,
          "isNeedLoadBitmap6Loop": false,
          "isNeedLoadBitmap7": false,
          "isNeedLoadBitmap8": false,
          "isNeedLoadBitmap8Loop": false,
          "isNeedLoadBitmap9": false
        },
        "deviationXShadow": 0.0,
        "deviationYShadow": 0.0,
        "duration": 12000,
        "endColor": -1,
        "endIndexFrame": 360,
        "flip": 1.0,
        "heightBitmap": 0,
        "id": "13f5308b8a099c1f733c8d196b8a4",
        "indexColor": 0,
        "indexColorShadow": 0,
        "indexEndFrameTransformCombo": 0,
        "indexEndFrameTransformIn": 0,
        "indexFont": 145,
        "indexFrame": 0,
        "indexStartFrameTransformOut": 0,
        "indexTransition": -1,
        "isBgText": false,
        "isBoldText": false,
        "isDashText": false,
        "isDashUnderText": false,
        "isDrawAnim": false,
        "isFirstFillDataTransformCombo": true,
        "isInit": true,
        "isItalicText": false,
        "isLayerFront": true,
        "isLoadFrameCache": true,
        "isTexture": false,
        "isVisible": true,
        "linkBubble": "",
        "linkItemFrame": "",
        "linkMask": "",
        "listText": [
          "Holiday"
        ],
        "modeDraw": "SRC_OVER",
        "pathFolder": "",
        "pathFont": "/data/user/0/videoeditor.moviemaker/files/INTERNAL_FONT_FOLDER_UNZIP/autum/autum/Autumn Chant.otf",
        "pathSaveBitmapFrame": "",
        "pathTexture": "",
        "pointRotate": {
          "x": 367.73438,
          "y": 48.671875
        },
        "pointTranslate": {
          "x": 187.73438,
          "y": -131.32812
        },
        "rotate": -1.1572113,
        "scale": 1.0959859,
        "speed": 1,
        "speedOfTransformCombo": 15,
        "startColor": -1,
        "startIndexFrame": 0,
        "stickerTypeTransformCombo": "NONE",
        "stickerTypeTransformIn": "NONE",
        "stickerTypeTransformOut": "NONE",
        "textAlignment": "CENTER",
        "textBlurShadow": 0.0,
        "textColorShadow": -16777216,
        "textHeightAllLine": 92.75,
        "textHeightOneLine": 77.0,
        "textLetterSpacing": 0.0,
        "textLineSpacing": 4.0,
        "textPadding": 15.75,
        "textSize": 55.0,
        "textSizeDefault": 30.0,
        "textString": "Holiday",
        "textStroke": {
          "color": "#000000",
          "indexPositionInAdapter": -1,
          "width": 0.0
        },
        "timeTransformCombo": 300,
        "timeTransformIn": 300,
        "timeTransformOut": 300,
        "titleShow": "",
        "totalFileNeedDownForOneFrame": 0,
        "typeSticker": "TEXT",
        "urlCover": "",
        "widthBitmap": 0
      },
      {
        "DOT": ".",
        "TYPE_PHOTO": "png",
        "WIDTH_MAX": 360,
        "alpha": 255,
        "animTextModel": {
          "easeCombo": "LINEAR",
          "easeIn": "LINEAR",
          "easeOut": "LINEAR",
          "endIndexFrameCombo": 360,
          "endIndexFrameIn": 0,
          "endIndexFrameOut": 360,
          "percentIn": 0.0,
          "percentOut": 0.0,
          "percentSpeedCombo": 30.0,
          "speedFrameCombo": 0,
          "startIndexFrameCombo": 0,
          "startIndexFrameIn": 0,
          "startIndexFrameOut": 0,
          "typeAnimTextCombo": "NONE",
          "typeAnimTextIn": "NONE_IN",
          "typeAnimTextOut": "NONE_OUT"
        },
        "countDeltaTime": 0.0,
        "dataFrames": {
          "isNeedLoadBitmap1": false,
          "isNeedLoadBitmap2": false,
          "isNeedLoadBitmap2Loop": false,
          "isNeedLoadBitmap3": false,
          "isNeedLoadBitmap4": false,
          "isNeedLoadBitmap4Loop": false,
          "isNeedLoadBitmap5": false,
          "isNeedLoadBitmap6": false,
          "isNeedLoadBitmap6Loop": false,
          "isNeedLoadBitmap7": false,
          "isNeedLoadBitmap8": false,
          "isNeedLoadBitmap8Loop": false,
          "isNeedLoadBitmap9": false
        },
        "deviationXShadow": 0.0,
        "deviationYShadow": 0.0,
        "duration": 12000,
        "endColor": -1,
        "endIndexFrame": 360,
        "flip": 1.0,
        "heightBitmap": 0,
        "id": "416376a1c8d4df71f13a36a9a04955",
        "indexColor": 0,
        "indexColorShadow": 0,
        "indexEndFrameTransformCombo": 0,
        "indexEndFrameTransformIn": 0,
        "indexFont": 226,
        "indexFrame": 0,
        "indexStartFrameTransformOut": 0,
        "indexTransition": -1,
        "isBgText": false,
        "isBoldText": false,
        "isDashText": false,
        "isDashUnderText": false,
        "isDrawAnim": false,
        "isFirstFillDataTransformCombo": true,
        "isInit": true,
        "isItalicText": false,
        "isLayerFront": true,
        "isLoadFrameCache": true,
        "isTexture": false,
        "isVisible": true,
        "linkBubble": "",
        "linkItemFrame": "",
        "linkMask": "",
        "listText": [
          "Liệu em có muốn đi nghỉ cùng anh"
        ],
        "modeDraw": "SRC_OVER",
        "pathFolder": "",
        "pathFont": "/data/user/0/videoeditor.moviemaker/files/INTERNAL_FONT_FOLDER_UNZIP/FontNormal3/FontNormal3/Geogrotesque-Light.otf",
        "pathSaveBitmapFrame": "",
        "pathTexture": "",
        "pointRotate": {
          "x": 343.30078,
          "y": 680.3125
        },
        "pointTranslate": {
          "x": 163.30078,
          "y": 500.3125
        },
        "rotate": -0.7436218,
        "scale": 1.4399045,
        "speed": 1,
        "speedOfTransformCombo": 15,
        "startColor": -1,
        "startIndexFrame": 0,
        "stickerTypeTransformCombo": "NONE",
        "stickerTypeTransformIn": "NONE",
        "stickerTypeTransformOut": "NONE",
        "textAlignment": "CENTER",
        "textBlurShadow": 0.0,
        "textColorShadow": -16777216,
        "textHeightAllLine": 33.75,
        "textHeightOneLine": 18.0,
        "textLetterSpacing": 0.36,
        "textLineSpacing": 4.0,
        "textPadding": 15.75,
        "textSize": 13.0,
        "textSizeDefault": 30.0,
        "textString": "Liệu em có muốn đi nghỉ cùng anh",
        "textStroke": {
          "color": "#000000",
          "indexPositionInAdapter": -1,
          "width": 0.0
        },
        "timeTransformCombo": 300,
        "timeTransformIn": 300,
        "timeTransformOut": 300,
        "titleShow": "",
        "totalFileNeedDownForOneFrame": 0,
        "typeSticker": "TEXT",
        "urlCover": "",
        "widthBitmap": 0
      }
    ],
    "listItemViewDataOnTimeLine": [
      {
        "durationEnd": 0,
        "durationFadeIn": 0,
        "durationFadeOut": 0,
        "durationStart": 0,
        "endIndexFrame": 360,
        "indexRowCurrent": 0,
        "indexRowPrevious": 0,
        "keyInHasMap": 1655890914095,
        "linkDownloadMp3": "",
        "nameMp3": "",
        "pathDefault": "",
        "pathSaveFile": "",
        "positionEffectVoice": 0,
        "speedAudio": 1.0,
        "startIndexFrame": 0,
        "volume": 1.0
      },
      {
        "durationEnd": 0,
        "durationFadeIn": 0,
        "durationFadeOut": 0,
        "durationStart": 0,
        "endIndexFrame": 360,
        "indexRowCurrent": 0,
        "indexRowPrevious": 0,
        "keyInHasMap": 1655890914108,
        "linkDownloadMp3": "",
        "nameMp3": "",
        "pathDefault": "",
        "pathSaveFile": "",
        "positionEffectVoice": 0,
        "speedAudio": 1.0,
        "startIndexFrame": 0,
        "volume": 1.0
      }
    ]
  },
  "timeLastUpdate": 1655890918518,
  "videoEffect": {
    "listItemEffectData": [],
    "listItemViewDataOnTimeLine": []
  }
}