{"durationVideo":9000,"editor":{"listItemPhotoData":[{"backgroundColor":0,"blurBackground":0,"duration":9000,"endIndexFrame":269,"flipHorizontal":1.0,"flipVertical":1.0,"gpuPosition":0,"gpuProgress":0,"heightBitmap":1226,"idItemPhoto":"1653451068622","indexEndFrameTransformCombo":0,"indexEndFrameTransformIn":0,"indexStartFrameTransformOut":0,"isCenterCrop":false,"isCenterInside":false,"isCropBitmap":false,"isLoadFromCache":true,"itemDataTransition":{"indexCate":0,"isMask":false,"keyItem":"","linkCover":"","linkDownload":"","modeDraw":"","nameEn":"","nameVn":"","paintModeDraw":"SRC_OVER","pathFolderOfTransition":"","positionTransitionInAdapter":0,"timeTransitionCurrent":1000,"typeTransition":{"type":"NONE","typeTransition":"NONE"}},"itemOverlayDataEditorOverlay":{"alpha":120,"folder":"Window","indexCate":37,"link":"https://photoforapp.s3.ap-southeast-1.amazonaws.com/PhotoFilter/PhotoFilter_V2/Filter/Window/7.jpg","modeDraw":"OVERLAY","positionInAdapter":998},"itemTemplateModel":{"duration":0,"heightBitmap":0,"isCrop":false,"pathFile":"","rect":{"bottom":0,"left":0,"right":0,"top":0},"typeTemplateModel":"NONE","widthBitmap":0},"linkBackgroundImage":"","matrixBitmapDraw":{},"objDataAdjust":{"mCurrentBrightnessFilter":50,"mCurrentContrastFilter":50,"mCurrentExposureFilter":50,"mCurrentFadeFilters":0,"mCurrentHighlightFilter":100,"mCurrentHueFilter":0,"mCurrentSaturationFilter":50,"mCurrentShadowFilter":0,"mCurrentSharpenFilter":50,"mCurrentTempFilter":50,"mCurrentVignetteFilter":100,"mListRedoAdjust":[],"mListUndoAdjust":[]},"pathBitmap":"/storage/emulated/0/Pictures/Telegram/IMG_20220512_100045_496.png","rotate":0,"rotateAnim":0.0,"scaleAnim":1.0,"startIndexFrame":0,"timeTransformCombo":9000,"timeTransformIn":300,"timeTransformOut":300,"totalFrame":269,"typeBackground":"COLOR","typeTransformCombo":"NONE","typeTransformIn":"NONE","typeTransformOut":"NONE","valueMatrixBitmapDraw":[0.50078803,0.0,-21.115211,0.0,0.50078803,38.94522,0.0,0.0,1.0],"widthBitmap":689}]},"frame":{"listItemStickerData":[{"DOT":".","TYPE_PHOTO":"png","WIDTH_MAX":360,"alpha":255,"countDeltaTime":0.0,"dataFrames":{"isNeedLoadBitmap1":true,"isNeedLoadBitmap2":false,"isNeedLoadBitmap2Loop":true,"isNeedLoadBitmap3":true,"isNeedLoadBitmap4":false,"isNeedLoadBitmap4Loop":true,"isNeedLoadBitmap5":true,"isNeedLoadBitmap6":false,"isNeedLoadBitmap6Loop":true,"isNeedLoadBitmap7":true,"isNeedLoadBitmap8":false,"isNeedLoadBitmap8Loop":true,"isNeedLoadBitmap9":false},"deviationXShadow":0.0,"deviationYShadow":0.0,"duration":9000,"endColor":-1,"endIndexFrame":270,"flip":1.0,"heightBitmap":0,"id":"67aaaf0a820fd833ed7ad16b04b9d6","indexColor":0,"indexColorShadow":0,"indexEndFrameTransformCombo":0,"indexEndFrameTransformIn":0,"indexFont":0,"indexFrame":0,"indexStartFrameTransformOut":0,"indexTransition":-1,"isBgText":false,"isBoldText":false,"isDashText":false,"isDashUnderText":false,"isDrawAnim":false,"isFirstFillDataTransformCombo":true,"isInit":true,"isItalicText":false,"isLayerFront":true,"isLoadFrameCache":true,"isTexture":false,"isVisible":true,"linkBubble":"","linkItemFrame":"https://photoforapp84133-dev.s3.ap-southeast-1.amazonaws.com/public/Frame/Color/Frame/22/","linkMask":"","listText":[],"modeDraw":"SRC_OVER","pathFolder":"","pathFont":"","pathSaveBitmapFrame":"/data/user/0/videoeditor.moviemaker/files/SaveProject/1653451998606/aa3c64fad26bd680d6b5ded8e9149abc.png","pathTexture":"","pointRotate":{"x":0.0,"y":0.0},"pointTranslate":{"x":0.5,"y":0.0},"rotate":0.0,"scale":1.0,"speed":1,"speedOfTransformCombo":15,"startColor":-1,"startIndexFrame":0,"stickerTypeTransformCombo":"NONE","stickerTypeTransformIn":"NONE","stickerTypeTransformOut":"NONE","textAlignment":"CENTER","textBlurShadow":0.0,"textColorShadow":-16777216,"textHeightAllLine":0.0,"textHeightOneLine":0.0,"textLetterSpacing":0.0,"textLineSpacing":4.0,"textPadding":6.0,"textSize":1.0,"textSizeDefault":30.0,"textString":"","textStroke":{"color":"#000000","indexPositionInAdapter":-1,"width":0.0},"textTypeFont":{"mStyle":0,"native_instance":528262848928},"timeTransformCombo":300,"timeTransformIn":300,"timeTransformOut":300,"titleShow":"","totalFileNeedDownForOneFrame":8,"typeSticker":"FRAME","urlCover":"","widthBitmap":0}],"listItemViewDataOnTimeLine":[{"durationEnd":0,"durationStart":0,"endIndexFrame":270,"indexRowCurrent":0,"indexRowPrevious":0,"keyInHasMap":1653469970645,"linkDownloadMp3":"","nameMp3":"","pathSaveFile":"","startIndexFrame":0,"volume":1.0}]},"keyProjectCurrent":"1653451998606","listTemplateModel":{"list":[]},"music":{"listItemMusicData":[{"durationEnd":9000,"durationStart":0,"endIndexFrame":270,"indexRowCurrent":0,"indexRowPrevious":0,"keyInHasMap":1653451214815,"linkDownloadMp3":"https://photoforapp84133-dev.s3.ap-southeast-1.amazonaws.com/public/YoutubeAudioLibrary/International/Happy/someone you loved – lewis capaldi.mp3","nameMp3":"someone you loved – lewis capaldi.mp3","pathSaveFile":"/data/user/0/videoeditor.moviemaker/files/Private/HIDE/MUSIC/someone you loved – lewis capaldi.mp3","startIndexFrame":0,"volume":1.0}]},"nameVideo":"Template 1653451998606","setting":{"quality":720,"ratio":{"height":16.0,"width":9.0}},"sticker":{"listItemStickerData":[{"DOT":".","TYPE_PHOTO":"png","WIDTH_MAX":360,"alpha":255,"countDeltaTime":0.0,"dataFrames":{"isNeedLoadBitmap1":false,"isNeedLoadBitmap2":false,"isNeedLoadBitmap2Loop":false,"isNeedLoadBitmap3":false,"isNeedLoadBitmap4":false,"isNeedLoadBitmap4Loop":false,"isNeedLoadBitmap5":false,"isNeedLoadBitmap6":false,"isNeedLoadBitmap6Loop":false,"isNeedLoadBitmap7":false,"isNeedLoadBitmap8":false,"isNeedLoadBitmap8Loop":false,"isNeedLoadBitmap9":false},"deviationXShadow":0.0,"deviationYShadow":0.0,"duration":8800,"endColor":-1,"endIndexFrame":264,"flip":1.0,"heightBitmap":330,"id":"c7b62af77e5becfc087928d285efccd","indexColor":0,"indexColorShadow":0,"indexEndFrameTransformCombo":0,"indexEndFrameTransformIn":0,"indexFont":0,"indexFrame":0,"indexStartFrameTransformOut":0,"indexTransition":-1,"isBgText":false,"isBoldText":false,"isDashText":false,"isDashUnderText":false,"isDrawAnim":false,"isFirstFillDataTransformCombo":true,"isInit":true,"isItalicText":false,"isLayerFront":true,"isLoadFrameCache":true,"isTexture":false,"isVisible":true,"linkBubble":"","linkItemFrame":"","linkMask":"","listText":[],"modeDraw":"SRC_OVER","pathFolder":"https://photoforapp.s3.ap-southeast-1.amazonaws.com/Video/Sticker/GIF_GIF/Aesthetic/43.gif","pathFont":"","pathSaveBitmapFrame":"","pathTexture":"","pointRotate":{"x":101.20528,"y":43.836},"pointTranslate":{"x":-63.794724,"y":-121.164},"rotate":0.009552002,"scale":0.4823491,"speed":1,"speedOfTransformCombo":15,"startColor":-1,"startIndexFrame":0,"stickerTypeTransformCombo":"NONE","stickerTypeTransformIn":"NONE","stickerTypeTransformOut":"NONE","textAlignment":"CENTER","textBlurShadow":0.0,"textColorShadow":-16777216,"textHeightAllLine":0.0,"textHeightOneLine":0.0,"textLetterSpacing":0.0,"textLineSpacing":4.0,"textPadding":6.0,"textSize":1.0,"textSizeDefault":30.0,"textString":"","textStroke":{"color":"#000000","indexPositionInAdapter":-1,"width":0.0},"textTypeFont":{"mStyle":0,"native_instance":528262848928},"timeTransformCombo":300,"timeTransformIn":300,"timeTransformOut":300,"titleShow":"Ae43","totalFileNeedDownForOneFrame":0,"typeSticker":"LIST_PHOTO","urlCover":"https://photoforapp.s3.ap-southeast-1.amazonaws.com/Video/Sticker/GIF_GIF/Aesthetic/43.gif","widthBitmap":330}],"listItemViewDataOnTimeLine":[{"durationEnd":0,"durationStart":0,"endIndexFrame":264,"indexRowCurrent":0,"indexRowPrevious":0,"keyInHasMap":1653469970600,"linkDownloadMp3":"","nameMp3":"","pathSaveFile":"","startIndexFrame":0,"volume":1.0}]},"text":{"listItemStickerData":[{"DOT":".","TYPE_PHOTO":"png","WIDTH_MAX":360,"alpha":255,"countDeltaTime":0.0,"dataFrames":{"isNeedLoadBitmap1":false,"isNeedLoadBitmap2":false,"isNeedLoadBitmap2Loop":false,"isNeedLoadBitmap3":false,"isNeedLoadBitmap4":false,"isNeedLoadBitmap4Loop":false,"isNeedLoadBitmap5":false,"isNeedLoadBitmap6":false,"isNeedLoadBitmap6Loop":false,"isNeedLoadBitmap7":false,"isNeedLoadBitmap8":false,"isNeedLoadBitmap8Loop":false,"isNeedLoadBitmap9":false},"deviationXShadow":0.0,"deviationYShadow":0.0,"duration":2800,"endColor":-1,"endIndexFrame":84,"flip":1.0,"heightBitmap":0,"id":"4c1165b1f4345998147b5ac427da845c","indexColor":0,"indexColorShadow":0,"indexEndFrameTransformCombo":0,"indexEndFrameTransformIn":0,"indexFont":0,"indexFrame":0,"indexStartFrameTransformOut":0,"indexTransition":-1,"isBgText":true,"isBoldText":false,"isDashText":false,"isDashUnderText":false,"isDrawAnim":false,"isFirstFillDataTransformCombo":true,"isInit":true,"isItalicText":false,"isLayerFront":true,"isLoadFrameCache":true,"isTexture":false,"isVisible":true,"linkBubble":"https://photoforapp.s3.ap-southeast-1.amazonaws.com/Video/TextV2/frame/197/layer_1.png","linkItemFrame":"","linkMask":"https://photoforapp.s3.ap-southeast-1.amazonaws.com/Video/TextV2/frame/197/layer_2_mask.png","listText":["i need somebody to heal"],"modeDraw":"SRC_OVER","pathFolder":"","pathFont":"/data/user/0/videoeditor.moviemaker/files/UN_ZIP_TEXT_BUBBLE/197/mvboli/mvboli/mvboli.ttf","pathSaveBitmapFrame":"","pathTexture":"","pointRotate":{"x":202.16455,"y":664.8345},"pointTranslate":{"x":22.16455,"y":484.83447},"rotate":0.3007965,"scale":0.90765584,"speed":1,"speedOfTransformCombo":15,"startColor":-1,"startIndexFrame":0,"stickerTypeTransformCombo":"NONE","stickerTypeTransformIn":"NONE","stickerTypeTransformOut":"NONE","textAlignment":"CENTER","textBlurShadow":0.0,"textColorShadow":-16777216,"textHeightAllLine":48.75,"textHeightOneLine":33.0,"textLetterSpacing":0.0,"textLineSpacing":4.0,"textPadding":15.75,"textSize":29.0,"textSizeDefault":30.0,"textString":"i need somebody to heal","textStroke":{"color":"","indexPositionInAdapter":-1,"width":0.0},"textTypeFont":{"mStyle":0,"native_instance":528264078496},"timeTransformCombo":300,"timeTransformIn":300,"timeTransformOut":300,"titleShow":"","totalFileNeedDownForOneFrame":0,"typeSticker":"TEXT","urlCover":"","widthBitmap":0},{"DOT":".","TYPE_PHOTO":"png","WIDTH_MAX":360,"alpha":255,"countDeltaTime":0.0,"dataFrames":{"isNeedLoadBitmap1":false,"isNeedLoadBitmap2":false,"isNeedLoadBitmap2Loop":false,"isNeedLoadBitmap3":false,"isNeedLoadBitmap4":false,"isNeedLoadBitmap4Loop":false,"isNeedLoadBitmap5":false,"isNeedLoadBitmap6":false,"isNeedLoadBitmap6Loop":false,"isNeedLoadBitmap7":false,"isNeedLoadBitmap8":false,"isNeedLoadBitmap8Loop":false,"isNeedLoadBitmap9":false},"deviationXShadow":0.0,"deviationYShadow":0.0,"duration":2066,"endColor":-1,"endIndexFrame":146,"flip":1.0,"heightBitmap":0,"id":"39eed86ca8d73a821fe482794026e7ec","indexColor":0,"indexColorShadow":0,"indexEndFrameTransformCombo":0,"indexEndFrameTransformIn":0,"indexFont":0,"indexFrame":0,"indexStartFrameTransformOut":0,"indexTransition":-1,"isBgText":true,"isBoldText":false,"isDashText":false,"isDashUnderText":false,"isDrawAnim":false,"isFirstFillDataTransformCombo":true,"isInit":true,"isItalicText":false,"isLayerFront":true,"isLoadFrameCache":true,"isTexture":false,"isVisible":false,"linkBubble":"https://photoforapp.s3.ap-southeast-1.amazonaws.com/Video/TextV2/frame/197/layer_1.png","linkItemFrame":"","linkMask":"https://photoforapp.s3.ap-southeast-1.amazonaws.com/Video/TextV2/frame/197/layer_2_mask.png","listText":["somebody to know"],"modeDraw":"SRC_OVER","pathFolder":"","pathFont":"/data/user/0/videoeditor.moviemaker/files/UN_ZIP_TEXT_BUBBLE/197/mvboli/mvboli/mvboli.ttf","pathSaveBitmapFrame":"","pathTexture":"","pointRotate":{"x":202.16455,"y":664.8345},"pointTranslate":{"x":22.16455,"y":484.83447},"rotate":0.3007965,"scale":0.90765584,"speed":1,"speedOfTransformCombo":15,"startColor":-1,"startIndexFrame":84,"stickerTypeTransformCombo":"NONE","stickerTypeTransformIn":"NONE","stickerTypeTransformOut":"NONE","textAlignment":"CENTER","textBlurShadow":0.0,"textColorShadow":-16777216,"textHeightAllLine":66.75,"textHeightOneLine":51.0,"textLetterSpacing":0.0,"textLineSpacing":20.0,"textPadding":15.75,"textSize":31.0,"textSizeDefault":30.0,"textString":"somebody to know","textStroke":{"color":"","indexPositionInAdapter":-1,"width":0.0},"textTypeFont":{"mStyle":0,"native_instance":528263063200},"timeTransformCombo":300,"timeTransformIn":300,"timeTransformOut":300,"titleShow":"","totalFileNeedDownForOneFrame":0,"typeSticker":"TEXT","urlCover":"","widthBitmap":0},{"DOT":".","TYPE_PHOTO":"png","WIDTH_MAX":360,"alpha":255,"countDeltaTime":0.0,"dataFrames":{"isNeedLoadBitmap1":false,"isNeedLoadBitmap2":false,"isNeedLoadBitmap2Loop":false,"isNeedLoadBitmap3":false,"isNeedLoadBitmap4":false,"isNeedLoadBitmap4Loop":false,"isNeedLoadBitmap5":false,"isNeedLoadBitmap6":false,"isNeedLoadBitmap6Loop":false,"isNeedLoadBitmap7":false,"isNeedLoadBitmap8":false,"isNeedLoadBitmap8Loop":false,"isNeedLoadBitmap9":false},"deviationXShadow":0.0,"deviationYShadow":0.0,"duration":1933,"endColor":-1,"endIndexFrame":204,"flip":1.0,"heightBitmap":0,"id":"c25cf48f6dc3296645c6c4495921f6e","indexColor":0,"indexColorShadow":0,"indexEndFrameTransformCombo":0,"indexEndFrameTransformIn":0,"indexFont":0,"indexFrame":0,"indexStartFrameTransformOut":0,"indexTransition":-1,"isBgText":true,"isBoldText":false,"isDashText":false,"isDashUnderText":false,"isDrawAnim":false,"isFirstFillDataTransformCombo":true,"isInit":true,"isItalicText":false,"isLayerFront":true,"isLoadFrameCache":true,"isTexture":false,"isVisible":false,"linkBubble":"https://photoforapp.s3.ap-southeast-1.amazonaws.com/Video/TextV2/frame/197/layer_1.png","linkItemFrame":"","linkMask":"https://photoforapp.s3.ap-southeast-1.amazonaws.com/Video/TextV2/frame/197/layer_2_mask.png","listText":["somebody to have"],"modeDraw":"SRC_OVER","pathFolder":"","pathFont":"/data/user/0/videoeditor.moviemaker/files/UN_ZIP_TEXT_BUBBLE/197/mvboli/mvboli/mvboli.ttf","pathSaveBitmapFrame":"","pathTexture":"","pointRotate":{"x":202.16455,"y":664.8345},"pointTranslate":{"x":22.16455,"y":484.83447},"rotate":0.3007965,"scale":0.90765584,"speed":1,"speedOfTransformCombo":15,"startColor":-1,"startIndexFrame":146,"stickerTypeTransformCombo":"NONE","stickerTypeTransformIn":"NONE","stickerTypeTransformOut":"NONE","textAlignment":"CENTER","textBlurShadow":0.0,"textColorShadow":-16777216,"textHeightAllLine":66.75,"textHeightOneLine":51.0,"textLetterSpacing":0.0,"textLineSpacing":20.0,"textPadding":15.75,"textSize":31.0,"textSizeDefault":30.0,"textString":"somebody to have","textStroke":{"color":"","indexPositionInAdapter":-1,"width":0.0},"textTypeFont":{"mStyle":0,"native_instance":528263692240},"timeTransformCombo":300,"timeTransformIn":300,"timeTransformOut":300,"titleShow":"","totalFileNeedDownForOneFrame":0,"typeSticker":"TEXT","urlCover":"","widthBitmap":0},{"DOT":".","TYPE_PHOTO":"png","WIDTH_MAX":360,"alpha":255,"countDeltaTime":0.0,"dataFrames":{"isNeedLoadBitmap1":false,"isNeedLoadBitmap2":false,"isNeedLoadBitmap2Loop":false,"isNeedLoadBitmap3":false,"isNeedLoadBitmap4":false,"isNeedLoadBitmap4Loop":false,"isNeedLoadBitmap5":false,"isNeedLoadBitmap6":false,"isNeedLoadBitmap6Loop":false,"isNeedLoadBitmap7":false,"isNeedLoadBitmap8":false,"isNeedLoadBitmap8Loop":false,"isNeedLoadBitmap9":false},"deviationXShadow":0.0,"deviationYShadow":0.0,"duration":2166,"endColor":-1,"endIndexFrame":270,"flip":1.0,"heightBitmap":0,"id":"7bce94f8239aefe3869e6f4ab85c8159","indexColor":0,"indexColorShadow":0,"indexEndFrameTransformCombo":0,"indexEndFrameTransformIn":0,"indexFont":0,"indexFrame":0,"indexStartFrameTransformOut":0,"indexTransition":-1,"isBgText":true,"isBoldText":false,"isDashText":false,"isDashUnderText":false,"isDrawAnim":false,"isFirstFillDataTransformCombo":true,"isInit":true,"isItalicText":false,"isLayerFront":true,"isLoadFrameCache":true,"isTexture":false,"isVisible":false,"linkBubble":"https://photoforapp.s3.ap-southeast-1.amazonaws.com/Video/TextV2/frame/197/layer_1.png","linkItemFrame":"","linkMask":"https://photoforapp.s3.ap-southeast-1.amazonaws.com/Video/TextV2/frame/197/layer_2_mask.png","listText":["somebody to hold"],"modeDraw":"SRC_OVER","pathFolder":"","pathFont":"/data/user/0/videoeditor.moviemaker/files/UN_ZIP_TEXT_BUBBLE/197/mvboli/mvboli/mvboli.ttf","pathSaveBitmapFrame":"","pathTexture":"","pointRotate":{"x":202.16455,"y":664.8345},"pointTranslate":{"x":22.16455,"y":484.83447},"rotate":0.3007965,"scale":0.90765584,"speed":1,"speedOfTransformCombo":15,"startColor":-1,"startIndexFrame":205,"stickerTypeTransformCombo":"NONE","stickerTypeTransformIn":"NONE","stickerTypeTransformOut":"NONE","textAlignment":"CENTER","textBlurShadow":0.0,"textColorShadow":-16777216,"textHeightAllLine":66.75,"textHeightOneLine":51.0,"textLetterSpacing":0.0,"textLineSpacing":20.0,"textPadding":15.75,"textSize":31.0,"textSizeDefault":30.0,"textString":"somebody to hold","textStroke":{"color":"","indexPositionInAdapter":-1,"width":0.0},"textTypeFont":{"mStyle":0,"native_instance":528263069968},"timeTransformCombo":300,"timeTransformIn":300,"timeTransformOut":300,"titleShow":"","totalFileNeedDownForOneFrame":0,"typeSticker":"TEXT","urlCover":"","widthBitmap":0}],"listItemViewDataOnTimeLine":[{"durationEnd":0,"durationStart":0,"endIndexFrame":84,"indexRowCurrent":0,"indexRowPrevious":0,"keyInHasMap":1653469970574,"linkDownloadMp3":"","nameMp3":"","pathSaveFile":"","startIndexFrame":0,"volume":1.0},{"durationEnd":0,"durationStart":0,"endIndexFrame":146,"indexRowCurrent":0,"indexRowPrevious":0,"keyInHasMap":1653469970876,"linkDownloadMp3":"","nameMp3":"","pathSaveFile":"","startIndexFrame":84,"volume":1.0},{"durationEnd":0,"durationStart":0,"endIndexFrame":204,"indexRowCurrent":0,"indexRowPrevious":0,"keyInHasMap":1653469970891,"linkDownloadMp3":"","nameMp3":"","pathSaveFile":"","startIndexFrame":146,"volume":1.0},{"durationEnd":0,"durationStart":0,"endIndexFrame":270,"indexRowCurrent":0,"indexRowPrevious":0,"keyInHasMap":1653469970904,"linkDownloadMp3":"","nameMp3":"","pathSaveFile":"","startIndexFrame":205,"volume":1.0}]},"timeLastUpdate":1653469973012,"videoEffect":{"listItemEffectData":[{"drawMode":"SCREEN","endIndexFrame":270,"indexFrameDrawCurrent":0,"isCenterCrop":true,"isCenterInside":false,"isDraw":true,"isReloadFromCache":true,"jsonObjectDataOfItem":"","keyEffect":"SERVER","keyInHasMap":1653469973016,"pathFolderEffect":"/data/user/0/videoeditor.moviemaker/files/FOLDER_EFFECT/Love/12","positionInAdapter":12,"sizeCanvasCurrent":{"x":405,"y":720},"speed":1,"startIndexFrame":0,"title":"Love 12","totalFrame":270,"uri":"/data/user/0/videoeditor.moviemaker/files/FOLDER_EFFECT/Love/12/Love.m4v"}],"listItemViewDataOnTimeLine":[{"durationEnd":0,"durationStart":0,"endIndexFrame":270,"indexRowCurrent":0,"indexRowPrevious":0,"keyInHasMap":1653461811621,"linkDownloadMp3":"","nameMp3":"","pathSaveFile":"","startIndexFrame":0,"volume":1.0}]}}