{"durationVideo":7467,"editor":{"listItemPhotoData":[{"backgroundColor":-16777216,"blurBackground":0,"duration":2467,"endIndexFrame":73,"flipHorizontal":1.0,"flipVertical":1.0,"gpuPosition":0,"gpuProgress":0,"heightBitmap":1138,"idItemPhoto":"1653978890821","indexEndFrameTransformCombo":73,"indexEndFrameTransformIn":0,"indexStartFrameTransformOut":0,"isCenterCrop":false,"isCenterInside":true,"isCropBitmap":true,"isLoadFromCache":true,"isLocked":false,"itemDataTransition":{"indexCate":3,"indexItem":11,"isMask":false,"keyItem":"11","linkCover":"https://photoforapp.s3.ap-southeast-1.amazonaws.com/Video/TransitionsServer/Effect/Icon/11.gif","linkDownload":"https://photoforapp.s3.ap-southeast-1.amazonaws.com/Video/TransitionsServer/Effect/11.zip","modeDraw":"SCREEN","nameEn":"Glare 2","nameVn":"Glare 2","paintModeDraw":"SCREEN","pathFolderOfTransition":"/data/user/0/videoeditor.moviemaker/files/FolderTransitionZip/Glare 2/11/11","pathFolderZipOfTransition":"/data/user/0/videoeditor.moviemaker/files/Folder_transition/Glare 2/11.zip","positionTransitionInAdapter":47,"timeTransitionCurrent":599,"typeTransition":{"type":"SEVER","typeTransition":"SEVER"}},"itemTemplateModel":{"duration":0,"heightBitmap":0,"indexSticker":-1,"isCrop":false,"isLocked":false,"md5PathFileOld":"","pathFile":"","rect":{"bottom":0,"left":0,"right":0,"top":0},"typeTemplateModel":"NONE","widthBitmap":0},"linkBackgroundImage":"","objDataAdjust":{"mCurrentBrightnessFilter":50,"mCurrentContrastFilter":50,"mCurrentExposureFilter":50,"mCurrentFadeFilters":0,"mCurrentHighlightFilter":100,"mCurrentHueFilter":0,"mCurrentSaturationFilter":50,"mCurrentShadowFilter":0,"mCurrentSharpenFilter":50,"mCurrentTempFilter":50,"mCurrentVignetteFilter":100,"mListRedoAdjust":[],"mListUndoAdjust":[]},"pathBitmap":"/storage/emulated/0/Pictures/Telegram/IMG_20220531_133434_503.png","rectCrop":{"bottom":1209,"left":0,"right":853,"top":71},"rotate":0,"rotateAnim":0.0,"scaleAnim":1.0,"startIndexFrame":0,"timeTransformCombo":2467,"timeTransformIn":300,"timeTransformOut":300,"totalFrame":73,"typeBackground":"COLOR","typeTransformCombo":"DISTORT_RIGHT","typeTransformIn":"NONE","typeTransformOut":"NONE","valueMatrixBitmapDraw":[0.63268894,0.0,0.15816498,0.0,0.63268894,-1.5258789E-5,0.0,0.0,1.0],"widthBitmap":853},{"backgroundColor":-16777216,"blurBackground":0,"duration":5000,"endIndexFrame":223,"flipHorizontal":1.0,"flipVertical":1.0,"gpuPosition":0,"gpuProgress":0,"heightBitmap":1137,"idItemPhoto":"1653978891648","indexEndFrameTransformCombo":0,"indexEndFrameTransformIn":0,"indexStartFrameTransformOut":0,"isCenterCrop":false,"isCenterInside":true,"isCropBitmap":true,"isLoadFromCache":true,"isLocked":false,"itemDataTransition":{"indexCate":0,"isMask":false,"keyItem":"","linkCover":"","linkDownload":"","modeDraw":"","nameEn":"","nameVn":"","paintModeDraw":"SRC_OVER","pathFolderOfTransition":"","pathFolderZipOfTransition":"","positionTransitionInAdapter":0,"timeTransitionCurrent":1000,"typeTransition":{"type":"NONE","typeTransition":"NONE"}},"itemTemplateModel":{"duration":0,"heightBitmap":0,"indexSticker":-1,"isCrop":false,"isLocked":false,"md5PathFileOld":"","pathFile":"","rect":{"bottom":0,"left":0,"right":0,"top":0},"typeTemplateModel":"NONE","widthBitmap":0},"linkBackgroundImage":"","objDataAdjust":{"mCurrentBrightnessFilter":50,"mCurrentContrastFilter":50,"mCurrentExposureFilter":50,"mCurrentFadeFilters":0,"mCurrentHighlightFilter":100,"mCurrentHueFilter":0,"mCurrentSaturationFilter":50,"mCurrentShadowFilter":0,"mCurrentSharpenFilter":50,"mCurrentTempFilter":50,"mCurrentVignetteFilter":100,"mListRedoAdjust":[],"mListUndoAdjust":[]},"pathBitmap":"/storage/emulated/0/Pictures/Telegram/IMG_20220531_133436_504.png","rectCrop":{"bottom":1137,"left":0,"right":853,"top":0},"rotate":0,"rotateAnim":0.0,"scaleAnim":1.0,"startIndexFrame":74,"timeTransformCombo":5000,"timeTransformIn":300,"timeTransformOut":300,"totalFrame":149,"typeBackground":"COLOR","typeTransformCombo":"NONE","typeTransformIn":"NONE","typeTransformOut":"NONE","valueMatrixBitmapDraw":[0.6330598,0.0,-7.6293945E-6,0.0,0.6330598,0.10549927,0.0,0.0,1.0],"widthBitmap":853}]},"frame":{"listItemStickerData":[],"listItemViewDataOnTimeLine":[]},"keyProjectCurrent":"1653978897178","listTemplateModel":{"list":[]},"music":{"listItemMusicData":[{"durationEnd":7466,"durationStart":0,"endIndexFrame":224,"indexRowCurrent":0,"indexRowPrevious":0,"keyInHasMap":1653978902460,"linkDownloadMp3":"/storage/emulated/0/Music/G3Video/Direct_ConvertVideoToMp3_1653978575508.mp3","nameMp3":"Direct_ConvertVideoToMp3_1653978575508.mp3","pathSaveFile":"/storage/emulated/0/Music/G3Video/Direct_ConvertVideoToMp3_1653978575508.mp3","startIndexFrame":0,"volume":1.0}]},"nameVideo":"Template 1653978897178","setting":{"quality":720,"ratio":{"height":4.0,"width":3.0}},"sticker":{"listItemStickerData":[{"DOT":".","TYPE_PHOTO":"png","WIDTH_MAX":360,"alpha":255,"countDeltaTime":0.0,"dataFrames":{"isNeedLoadBitmap1":false,"isNeedLoadBitmap2":false,"isNeedLoadBitmap2Loop":false,"isNeedLoadBitmap3":false,"isNeedLoadBitmap4":false,"isNeedLoadBitmap4Loop":false,"isNeedLoadBitmap5":false,"isNeedLoadBitmap6":false,"isNeedLoadBitmap6Loop":false,"isNeedLoadBitmap7":false,"isNeedLoadBitmap8":false,"isNeedLoadBitmap8Loop":false,"isNeedLoadBitmap9":false},"deviationXShadow":0.0,"deviationYShadow":0.0,"duration":4966,"endColor":-1,"endIndexFrame":224,"flip":1.0,"heightBitmap":360,"id":"48d60f751e9c791ff841acded9561e","indexColor":0,"indexColorShadow":0,"indexEndFrameTransformCombo":0,"indexEndFrameTransformIn":0,"indexFont":0,"indexFrame":0,"indexStartFrameTransformOut":0,"indexTransition":-1,"isBgText":false,"isBoldText":false,"isDashText":false,"isDashUnderText":false,"isDrawAnim":false,"isFirstFillDataTransformCombo":true,"isInit":true,"isItalicText":false,"isLayerFront":true,"isLoadFrameCache":true,"isTexture":false,"isVisible":false,"linkBubble":"","linkItemFrame":"","linkMask":"","listText":[],"modeDraw":"SRC_OVER","pathFolder":"https://photoforapp.s3.ap-southeast-1.amazonaws.com/Video/Sticker/GIF_GIF/Text3/9.png","pathFont":"","pathSaveBitmapFrame":"","pathTexture":"","pointRotate":{"x":416.23996,"y":651.3807},"pointTranslate":{"x":236.23996,"y":471.38068},"rotate":-0.42510986,"scale":0.5426448,"speed":1,"speedOfTransformCombo":15,"startColor":-1,"startIndexFrame":75,"stickerTypeTransformCombo":"NONE","stickerTypeTransformIn":"NONE","stickerTypeTransformOut":"NONE","textAlignment":"CENTER","textBlurShadow":0.0,"textColorShadow":-16777216,"textHeightAllLine":0.0,"textHeightOneLine":0.0,"textLetterSpacing":0.0,"textLineSpacing":4.0,"textPadding":6.0,"textSize":1.0,"textSizeDefault":30.0,"textString":"","textStroke":{"color":"#000000","indexPositionInAdapter":-1,"width":0.0},"timeTransformCombo":300,"timeTransformIn":300,"timeTransformOut":300,"titleShow":"Te9","totalFileNeedDownForOneFrame":0,"typeSticker":"ONE_PHOTO","urlCover":"https://photoforapp.s3.ap-southeast-1.amazonaws.com/Video/Sticker/GIF_GIF/Text3/9.png","widthBitmap":360}],"listItemViewDataOnTimeLine":[{"durationEnd":4966,"durationStart":0,"endIndexFrame":224,"indexRowCurrent":0,"indexRowPrevious":0,"keyInHasMap":1653979361388,"linkDownloadMp3":"","nameMp3":"","pathSaveFile":"","startIndexFrame":75,"volume":1.0}]},"text":{"listItemStickerData":[],"listItemViewDataOnTimeLine":[]},"timeLastUpdate":1653979392122,"videoEffect":{"listItemEffectData":[{"drawMode":"SCREEN","endIndexFrame":224,"indexFrameDrawCurrent":5,"isCenterCrop":true,"isCenterInside":false,"isDraw":true,"isReloadFromCache":true,"jsonObjectDataOfItem":"","keyEffect":"SERVER","keyInHasMap":1653979392129,"pathFolderEffect":"/data/user/0/videoeditor.moviemaker/files/FOLDER_EFFECT/Falling/20","positionInAdapter":20,"sizeCanvasCurrent":{"x":540,"y":720},"speed":1,"startIndexFrame":75,"title":"Falling 20","totalFrame":149,"uri":"/data/user/0/videoeditor.moviemaker/files/FOLDER_EFFECT/Falling/20/Falling.m4v"}],"listItemViewDataOnTimeLine":[{"durationEnd":4966,"durationStart":0,"endIndexFrame":224,"indexRowCurrent":0,"indexRowPrevious":0,"keyInHasMap":1653979288985,"linkDownloadMp3":"","nameMp3":"","pathSaveFile":"","startIndexFrame":75,"volume":1.0}]}}