{"durationVideo":11033,"editor":{"listItemPhotoData":[{"backgroundColor":0,"blurBackground":25,"duration":1400,"endIndexFrame":41,"flipHorizontal":1.0,"flipVertical":1.0,"gpuPosition":0,"gpuProgress":0,"heightBitmap":705,"idItemPhoto":"1653547549518","indexEndFrameTransformCombo":0,"indexEndFrameTransformIn":0,"indexStartFrameTransformOut":0,"isCenterCrop":false,"isCenterInside":true,"isCropBitmap":false,"isLoadFromCache":true,"itemDataTransition":{"indexCate":0,"isMask":false,"keyItem":"","linkCover":"","linkDownload":"","modeDraw":"","nameEn":"","nameVn":"","paintModeDraw":"SRC_OVER","pathFolderOfTransition":"","pathFolderZipOfTransition":"","positionTransitionInAdapter":0,"timeTransitionCurrent":1000,"typeTransition":{"type":"NONE","typeTransition":"NONE"}},"itemTemplateModel":{"duration":0,"heightBitmap":0,"indexSticker":-1,"isCrop":false,"pathFile":"","rect":{"bottom":0,"left":0,"right":0,"top":0},"typeTemplateModel":"NONE","widthBitmap":0},"linkBackgroundImage":"","matrixBitmapDraw":{},"objDataAdjust":{"mCurrentBrightnessFilter":50,"mCurrentContrastFilter":50,"mCurrentExposureFilter":50,"mCurrentFadeFilters":0,"mCurrentHighlightFilter":100,"mCurrentHueFilter":0,"mCurrentSaturationFilter":50,"mCurrentShadowFilter":0,"mCurrentSharpenFilter":50,"mCurrentTempFilter":50,"mCurrentVignetteFilter":100,"mListRedoAdjust":[],"mListUndoAdjust":[]},"pathBitmap":"/storage/emulated/0/Pictures/Telegram/IMG_20220518_102526_199.jpg","rotate":0,"rotateAnim":0.0,"scaleAnim":1.0,"startIndexFrame":0,"timeTransformCombo":1400,"timeTransformIn":300,"timeTransformOut":300,"totalFrame":41,"typeBackground":"BLUR","typeTransformCombo":"NONE","typeTransformIn":"NONE","typeTransformOut":"NONE","valueMatrixBitmapDraw":[0.9574468,0.0,-1.2397766E-5,0.0,0.9574468,22.500004,0.0,0.0,1.0],"widthBitmap":564},{"backgroundColor":0,"blurBackground":0,"duration":1867,"endIndexFrame":97,"flipHorizontal":1.0,"flipVertical":1.0,"gpuPosition":0,"gpuProgress":0,"heightBitmap":705,"idItemPhoto":"1653547556552","indexEndFrameTransformCombo":0,"indexEndFrameTransformIn":0,"indexStartFrameTransformOut":0,"isCenterCrop":false,"isCenterInside":true,"isCropBitmap":false,"isLoadFromCache":true,"itemDataTransition":{"indexCate":0,"isMask":false,"keyItem":"","linkCover":"","linkDownload":"","modeDraw":"","nameEn":"","nameVn":"","paintModeDraw":"SRC_OVER","pathFolderOfTransition":"","pathFolderZipOfTransition":"","positionTransitionInAdapter":0,"timeTransitionCurrent":1000,"typeTransition":{"type":"NONE","typeTransition":"NONE"}},"itemTemplateModel":{"duration":0,"heightBitmap":0,"indexSticker":-1,"isCrop":false,"pathFile":"","rect":{"bottom":0,"left":0,"right":0,"top":0},"typeTemplateModel":"NONE","widthBitmap":0},"linkBackgroundImage":"","matrixBitmapDraw":{},"objDataAdjust":{"mCurrentBrightnessFilter":50,"mCurrentContrastFilter":50,"mCurrentExposureFilter":50,"mCurrentFadeFilters":0,"mCurrentHighlightFilter":100,"mCurrentHueFilter":0,"mCurrentSaturationFilter":50,"mCurrentShadowFilter":0,"mCurrentSharpenFilter":50,"mCurrentTempFilter":50,"mCurrentVignetteFilter":100,"mListRedoAdjust":[],"mListUndoAdjust":[]},"pathBitmap":"/storage/emulated/0/Pictures/Telegram/IMG_20220518_102526_199.jpg","rotate":0,"rotateAnim":0.0,"scaleAnim":1.0,"startIndexFrame":42,"timeTransformCombo":1867,"timeTransformIn":300,"timeTransformOut":300,"totalFrame":55,"typeBackground":"COLOR","typeTransformCombo":"NONE","typeTransformIn":"NONE","typeTransformOut":"NONE","valueMatrixBitmapDraw":[0.9574468,0.0,-1.2397766E-5,0.0,0.9574468,22.500004,0.0,0.0,1.0],"widthBitmap":564},{"backgroundColor":0,"blurBackground":0,"duration":3000,"endIndexFrame":187,"flipHorizontal":1.0,"flipVertical":1.0,"gpuPosition":0,"gpuProgress":0,"heightBitmap":705,"idItemPhoto":"1653547556048","indexEndFrameTransformCombo":0,"indexEndFrameTransformIn":0,"indexStartFrameTransformOut":0,"isCenterCrop":false,"isCenterInside":true,"isCropBitmap":false,"isLoadFromCache":true,"itemDataTransition":{"indexCate":0,"isMask":false,"keyItem":"","linkCover":"","linkDownload":"","modeDraw":"","nameEn":"","nameVn":"","paintModeDraw":"SRC_OVER","pathFolderOfTransition":"","pathFolderZipOfTransition":"","positionTransitionInAdapter":0,"timeTransitionCurrent":1000,"typeTransition":{"type":"NONE","typeTransition":"NONE"}},"itemTemplateModel":{"duration":0,"heightBitmap":0,"indexSticker":-1,"isCrop":false,"pathFile":"","rect":{"bottom":0,"left":0,"right":0,"top":0},"typeTemplateModel":"NONE","widthBitmap":0},"linkBackgroundImage":"","matrixBitmapDraw":{},"objDataAdjust":{"mCurrentBrightnessFilter":50,"mCurrentContrastFilter":50,"mCurrentExposureFilter":50,"mCurrentFadeFilters":0,"mCurrentHighlightFilter":100,"mCurrentHueFilter":0,"mCurrentSaturationFilter":50,"mCurrentShadowFilter":0,"mCurrentSharpenFilter":50,"mCurrentTempFilter":50,"mCurrentVignetteFilter":100,"mListRedoAdjust":[],"mListUndoAdjust":[]},"pathBitmap":"/storage/emulated/0/Pictures/Telegram/IMG_20220518_102526_199.jpg","rotate":0,"rotateAnim":0.0,"scaleAnim":1.0,"startIndexFrame":98,"timeTransformCombo":3000,"timeTransformIn":300,"timeTransformOut":300,"totalFrame":89,"typeBackground":"COLOR","typeTransformCombo":"NONE","typeTransformIn":"NONE","typeTransformOut":"NONE","valueMatrixBitmapDraw":[0.9574468,0.0,-1.2397766E-5,0.0,0.9574468,22.500004,0.0,0.0,1.0],"widthBitmap":564},{"backgroundColor":0,"blurBackground":0,"duration":2167,"endIndexFrame":252,"flipHorizontal":1.0,"flipVertical":1.0,"gpuPosition":0,"gpuProgress":0,"heightBitmap":705,"idItemPhoto":"1653547554627","indexEndFrameTransformCombo":0,"indexEndFrameTransformIn":0,"indexStartFrameTransformOut":0,"isCenterCrop":false,"isCenterInside":true,"isCropBitmap":false,"isLoadFromCache":true,"itemDataTransition":{"indexCate":0,"isMask":false,"keyItem":"","linkCover":"","linkDownload":"","modeDraw":"","nameEn":"","nameVn":"","paintModeDraw":"SRC_OVER","pathFolderOfTransition":"","pathFolderZipOfTransition":"","positionTransitionInAdapter":0,"timeTransitionCurrent":1000,"typeTransition":{"type":"NONE","typeTransition":"NONE"}},"itemTemplateModel":{"duration":0,"heightBitmap":0,"indexSticker":-1,"isCrop":false,"pathFile":"","rect":{"bottom":0,"left":0,"right":0,"top":0},"typeTemplateModel":"NONE","widthBitmap":0},"linkBackgroundImage":"","matrixBitmapDraw":{},"objDataAdjust":{"mCurrentBrightnessFilter":50,"mCurrentContrastFilter":50,"mCurrentExposureFilter":50,"mCurrentFadeFilters":0,"mCurrentHighlightFilter":100,"mCurrentHueFilter":0,"mCurrentSaturationFilter":50,"mCurrentShadowFilter":0,"mCurrentSharpenFilter":50,"mCurrentTempFilter":50,"mCurrentVignetteFilter":100,"mListRedoAdjust":[],"mListUndoAdjust":[]},"pathBitmap":"/storage/emulated/0/Pictures/Telegram/IMG_20220518_102526_199.jpg","rotate":0,"rotateAnim":0.0,"scaleAnim":1.0,"startIndexFrame":188,"timeTransformCombo":2167,"timeTransformIn":300,"timeTransformOut":300,"totalFrame":64,"typeBackground":"COLOR","typeTransformCombo":"NONE","typeTransformIn":"NONE","typeTransformOut":"NONE","valueMatrixBitmapDraw":[0.9574468,0.0,-1.2397766E-5,0.0,0.9574468,22.500004,0.0,0.0,1.0],"widthBitmap":564},{"backgroundColor":0,"blurBackground":0,"duration":2600,"endIndexFrame":330,"flipHorizontal":1.0,"flipVertical":1.0,"gpuPosition":0,"gpuProgress":0,"heightBitmap":705,"idItemPhoto":"1653547554147","indexEndFrameTransformCombo":0,"indexEndFrameTransformIn":0,"indexStartFrameTransformOut":0,"isCenterCrop":false,"isCenterInside":true,"isCropBitmap":false,"isLoadFromCache":true,"itemDataTransition":{"indexCate":0,"isMask":false,"keyItem":"","linkCover":"","linkDownload":"","modeDraw":"","nameEn":"","nameVn":"","paintModeDraw":"SRC_OVER","pathFolderOfTransition":"","pathFolderZipOfTransition":"","positionTransitionInAdapter":0,"timeTransitionCurrent":1000,"typeTransition":{"type":"NONE","typeTransition":"NONE"}},"itemTemplateModel":{"duration":0,"heightBitmap":0,"indexSticker":-1,"isCrop":false,"pathFile":"","rect":{"bottom":0,"left":0,"right":0,"top":0},"typeTemplateModel":"NONE","widthBitmap":0},"linkBackgroundImage":"","matrixBitmapDraw":{},"objDataAdjust":{"mCurrentBrightnessFilter":50,"mCurrentContrastFilter":50,"mCurrentExposureFilter":50,"mCurrentFadeFilters":0,"mCurrentHighlightFilter":100,"mCurrentHueFilter":0,"mCurrentSaturationFilter":50,"mCurrentShadowFilter":0,"mCurrentSharpenFilter":50,"mCurrentTempFilter":50,"mCurrentVignetteFilter":100,"mListRedoAdjust":[],"mListUndoAdjust":[]},"pathBitmap":"/storage/emulated/0/Pictures/Telegram/IMG_20220518_102526_199.jpg","rotate":0,"rotateAnim":0.0,"scaleAnim":1.0,"startIndexFrame":253,"timeTransformCombo":2600,"timeTransformIn":300,"timeTransformOut":300,"totalFrame":77,"typeBackground":"COLOR","typeTransformCombo":"NONE","typeTransformIn":"NONE","typeTransformOut":"NONE","valueMatrixBitmapDraw":[0.9574468,0.0,-1.2397766E-5,0.0,0.9574468,22.500004,0.0,0.0,1.0],"widthBitmap":564}]},"frame":{"listItemStickerData":[{"DOT":".","TYPE_PHOTO":"png","WIDTH_MAX":360,"alpha":255,"countDeltaTime":0.0,"dataFrames":{"isNeedLoadBitmap1":true,"isNeedLoadBitmap2":false,"isNeedLoadBitmap2Loop":true,"isNeedLoadBitmap3":true,"isNeedLoadBitmap4":false,"isNeedLoadBitmap4Loop":true,"isNeedLoadBitmap5":true,"isNeedLoadBitmap6":false,"isNeedLoadBitmap6Loop":true,"isNeedLoadBitmap7":true,"isNeedLoadBitmap8":false,"isNeedLoadBitmap8Loop":true,"isNeedLoadBitmap9":false},"deviationXShadow":0.0,"deviationYShadow":0.0,"duration":11033,"endColor":-1,"endIndexFrame":331,"flip":1.0,"heightBitmap":0,"id":"e73888b2eb65947ad4a980fb1234d658","indexColor":0,"indexColorShadow":0,"indexEndFrameTransformCombo":0,"indexEndFrameTransformIn":0,"indexFont":0,"indexFrame":0,"indexStartFrameTransformOut":0,"indexTransition":-1,"isBgText":false,"isBoldText":false,"isDashText":false,"isDashUnderText":false,"isDrawAnim":false,"isFirstFillDataTransformCombo":true,"isInit":true,"isItalicText":false,"isLayerFront":true,"isLoadFrameCache":true,"isTexture":false,"isVisible":true,"linkBubble":"","linkItemFrame":"https://photoforapp84133-dev.s3.ap-southeast-1.amazonaws.com/public/Frame/Color/Frame/21/","linkMask":"","listText":[],"modeDraw":"SRC_OVER","pathFolder":"","pathFont":"","pathSaveBitmapFrame":"/data/user/0/videoeditor.moviemaker/files/SaveProject/1653549567878/eef29fcc34ea93995d24f943dfea1e5.png","pathTexture":"","pointRotate":{"x":0.0,"y":0.0},"pointTranslate":{"x":0.0,"y":0.0},"rotate":0.0,"scale":1.0,"speed":1,"speedOfTransformCombo":15,"startColor":-1,"startIndexFrame":0,"stickerTypeTransformCombo":"NONE","stickerTypeTransformIn":"NONE","stickerTypeTransformOut":"NONE","textAlignment":"CENTER","textBlurShadow":0.0,"textColorShadow":-16777216,"textHeightAllLine":0.0,"textHeightOneLine":0.0,"textLetterSpacing":0.0,"textLineSpacing":4.0,"textPadding":6.0,"textSize":1.0,"textSizeDefault":30.0,"textString":"","textStroke":{"color":"#000000","indexPositionInAdapter":-1,"width":0.0},"timeTransformCombo":300,"timeTransformIn":300,"timeTransformOut":300,"titleShow":"","totalFileNeedDownForOneFrame":8,"typeSticker":"FRAME","urlCover":"","widthBitmap":0}],"listItemViewDataOnTimeLine":[{"durationEnd":0,"durationStart":0,"endIndexFrame":331,"indexRowCurrent":0,"indexRowPrevious":0,"keyInHasMap":1653619545804,"linkDownloadMp3":"","nameMp3":"","pathSaveFile":"","startIndexFrame":0,"volume":1.0}]},"keyProjectCurrent":"1653549567878","listTemplateModel":{"list":[]},"music":{"listItemMusicData":[{"durationEnd":11040,"durationStart":0,"endIndexFrame":331,"indexRowCurrent":0,"indexRowPrevious":0,"keyInHasMap":1653547579823,"linkDownloadMp3":"/storage/emulated/0/Music/G3Video/Direct_ConvertVideoToMp3_1653539575709.mp3","nameMp3":"Direct_ConvertVideoToMp3_1653539575709.mp3","pathSaveFile":"/storage/emulated/0/Music/G3Video/Direct_ConvertVideoToMp3_1653539575709.mp3","startIndexFrame":0,"volume":1.0}]},"nameVideo":"Template 1653549567878","setting":{"quality":720,"ratio":{"height":4.0,"width":3.0}},"sticker":{"listItemStickerData":[{"DOT":".","TYPE_PHOTO":"png","WIDTH_MAX":360,"alpha":255,"countDeltaTime":0.0,"dataFrames":{"isNeedLoadBitmap1":false,"isNeedLoadBitmap2":false,"isNeedLoadBitmap2Loop":false,"isNeedLoadBitmap3":false,"isNeedLoadBitmap4":false,"isNeedLoadBitmap4Loop":false,"isNeedLoadBitmap5":false,"isNeedLoadBitmap6":false,"isNeedLoadBitmap6Loop":false,"isNeedLoadBitmap7":false,"isNeedLoadBitmap8":false,"isNeedLoadBitmap8Loop":false,"isNeedLoadBitmap9":false},"deviationXShadow":0.0,"deviationYShadow":0.0,"duration":11033,"endColor":-1,"endIndexFrame":331,"flip":1.0,"heightBitmap":360,"id":"f0920b6f797b57de387bd76883b839","indexColor":0,"indexColorShadow":0,"indexEndFrameTransformCombo":0,"indexEndFrameTransformIn":0,"indexFont":0,"indexFrame":8,"indexStartFrameTransformOut":0,"indexTransition":-1,"isBgText":false,"isBoldText":false,"isDashText":false,"isDashUnderText":false,"isDrawAnim":false,"isFirstFillDataTransformCombo":true,"isInit":true,"isItalicText":false,"isLayerFront":true,"isLoadFrameCache":true,"isTexture":false,"isVisible":true,"linkBubble":"","linkItemFrame":"","linkMask":"","listText":[],"modeDraw":"SRC_OVER","pathFolder":"https://photoforapp.s3.ap-southeast-1.amazonaws.com/Video/Sticker/GIF_GIF/Cute 3/19.gif","pathFont":"","pathSaveBitmapFrame":"","pathTexture":"","pointRotate":{"x":465.81662,"y":67.2704},"pointTranslate":{"x":285.81662,"y":-112.7296},"rotate":-2.196869,"scale":0.6177145,"speed":1,"speedOfTransformCombo":15,"startColor":-1,"startIndexFrame":0,"stickerTypeTransformCombo":"NONE","stickerTypeTransformIn":"NONE","stickerTypeTransformOut":"NONE","textAlignment":"CENTER","textBlurShadow":0.0,"textColorShadow":-16777216,"textHeightAllLine":0.0,"textHeightOneLine":0.0,"textLetterSpacing":0.0,"textLineSpacing":4.0,"textPadding":6.0,"textSize":1.0,"textSizeDefault":30.0,"textString":"","textStroke":{"color":"#000000","indexPositionInAdapter":-1,"width":0.0},"timeTransformCombo":300,"timeTransformIn":300,"timeTransformOut":300,"titleShow":"Cu19","totalFileNeedDownForOneFrame":0,"typeSticker":"LIST_PHOTO","urlCover":"https://photoforapp.s3.ap-southeast-1.amazonaws.com/Video/Sticker/GIF_GIF/Cute 3/19.gif","widthBitmap":360},{"DOT":".","TYPE_PHOTO":"png","WIDTH_MAX":360,"alpha":255,"countDeltaTime":0.0,"dataFrames":{"isNeedLoadBitmap1":false,"isNeedLoadBitmap2":false,"isNeedLoadBitmap2Loop":false,"isNeedLoadBitmap3":false,"isNeedLoadBitmap4":false,"isNeedLoadBitmap4Loop":false,"isNeedLoadBitmap5":false,"isNeedLoadBitmap6":false,"isNeedLoadBitmap6Loop":false,"isNeedLoadBitmap7":false,"isNeedLoadBitmap8":false,"isNeedLoadBitmap8Loop":false,"isNeedLoadBitmap9":false},"deviationXShadow":0.0,"deviationYShadow":0.0,"duration":11033,"endColor":-1,"endIndexFrame":331,"flip":1.0,"heightBitmap":360,"id":"5ca683c0706291d77c897568ca0d9d9","indexColor":0,"indexColorShadow":0,"indexEndFrameTransformCombo":0,"indexEndFrameTransformIn":0,"indexFont":0,"indexFrame":10,"indexStartFrameTransformOut":0,"indexTransition":-1,"isBgText":false,"isBoldText":false,"isDashText":false,"isDashUnderText":false,"isDrawAnim":false,"isFirstFillDataTransformCombo":true,"isInit":true,"isItalicText":false,"isLayerFront":true,"isLoadFrameCache":true,"isTexture":false,"isVisible":true,"linkBubble":"","linkItemFrame":"","linkMask":"","listText":[],"modeDraw":"SRC_OVER","pathFolder":"https://photoforapp.s3.ap-southeast-1.amazonaws.com/Video/Sticker/GIF_GIF/Cute 3/10.gif","pathFont":"","pathSaveBitmapFrame":"","pathTexture":"","pointRotate":{"x":71.76175,"y":558.3817},"pointTranslate":{"x":-108.23825,"y":378.38168},"rotate":13.497353,"scale":0.523165,"speed":1,"speedOfTransformCombo":15,"startColor":-1,"startIndexFrame":0,"stickerTypeTransformCombo":"NONE","stickerTypeTransformIn":"NONE","stickerTypeTransformOut":"NONE","textAlignment":"CENTER","textBlurShadow":0.0,"textColorShadow":-16777216,"textHeightAllLine":0.0,"textHeightOneLine":0.0,"textLetterSpacing":0.0,"textLineSpacing":4.0,"textPadding":6.0,"textSize":1.0,"textSizeDefault":30.0,"textString":"","textStroke":{"color":"#000000","indexPositionInAdapter":-1,"width":0.0},"timeTransformCombo":300,"timeTransformIn":300,"timeTransformOut":300,"titleShow":"Cu10","totalFileNeedDownForOneFrame":0,"typeSticker":"LIST_PHOTO","urlCover":"https://photoforapp.s3.ap-southeast-1.amazonaws.com/Video/Sticker/GIF_GIF/Cute 3/10.gif","widthBitmap":360}],"listItemViewDataOnTimeLine":[{"durationEnd":0,"durationStart":0,"endIndexFrame":331,"indexRowCurrent":0,"indexRowPrevious":0,"keyInHasMap":1653619545700,"linkDownloadMp3":"","nameMp3":"","pathSaveFile":"","startIndexFrame":0,"volume":1.0},{"durationEnd":0,"durationStart":0,"endIndexFrame":331,"indexRowCurrent":0,"indexRowPrevious":0,"keyInHasMap":1653619545716,"linkDownloadMp3":"","nameMp3":"","pathSaveFile":"","startIndexFrame":0,"volume":1.0}]},"text":{"listItemStickerData":[{"DOT":".","TYPE_PHOTO":"png","WIDTH_MAX":360,"alpha":255,"countDeltaTime":0.0,"dataFrames":{"isNeedLoadBitmap1":false,"isNeedLoadBitmap2":false,"isNeedLoadBitmap2Loop":false,"isNeedLoadBitmap3":false,"isNeedLoadBitmap4":false,"isNeedLoadBitmap4Loop":false,"isNeedLoadBitmap5":false,"isNeedLoadBitmap6":false,"isNeedLoadBitmap6Loop":false,"isNeedLoadBitmap7":false,"isNeedLoadBitmap8":false,"isNeedLoadBitmap8Loop":false,"isNeedLoadBitmap9":false},"deviationXShadow":0.0,"deviationYShadow":0.0,"duration":1400,"endColor":-16777216,"endIndexFrame":42,"flip":1.0,"heightBitmap":0,"id":"afc4d0951128ffa25228aa89645bf0f6","indexColor":0,"indexColorShadow":0,"indexEndFrameTransformCombo":0,"indexEndFrameTransformIn":9,"indexFont":9,"indexFrame":0,"indexStartFrameTransformOut":0,"indexTransition":-1,"isBgText":false,"isBoldText":false,"isDashText":false,"isDashUnderText":false,"isDrawAnim":false,"isFirstFillDataTransformCombo":true,"isInit":true,"isItalicText":false,"isLayerFront":true,"isLoadFrameCache":true,"isTexture":false,"isVisible":false,"linkBubble":"","linkItemFrame":"","linkMask":"","listText":["When you\u0027re lost"],"modeDraw":"SRC_OVER","pathFolder":"","pathFont":"assetsFontTextSticker/font_16.otf","pathSaveBitmapFrame":"","pathTexture":"","pointRotate":{"x":270.0,"y":647.70715},"pointTranslate":{"x":90.0,"y":467.70718},"rotate":0.0,"scale":1.0,"speed":1,"speedOfTransformCombo":15,"startColor":-16777216,"startIndexFrame":0,"stickerTypeTransformCombo":"NONE","stickerTypeTransformIn":"ZOOM_IN","stickerTypeTransformOut":"NONE","textAlignment":"CENTER","textBlurShadow":0.0,"textColorShadow":-16777216,"textHeightAllLine":48.75,"textHeightOneLine":33.0,"textLetterSpacing":0.0,"textLineSpacing":4.0,"textPadding":15.75,"textSize":29.0,"textSizeDefault":30.0,"textString":"When you\u0027re lost","textStroke":{"color":"#000000","indexPositionInAdapter":-1,"width":0.0},"timeTransformCombo":300,"timeTransformIn":300,"timeTransformOut":300,"titleShow":"","totalFileNeedDownForOneFrame":0,"typeSticker":"TEXT","urlCover":"","widthBitmap":0},{"DOT":".","TYPE_PHOTO":"png","WIDTH_MAX":360,"alpha":255,"countDeltaTime":0.0,"dataFrames":{"isNeedLoadBitmap1":false,"isNeedLoadBitmap2":false,"isNeedLoadBitmap2Loop":false,"isNeedLoadBitmap3":false,"isNeedLoadBitmap4":false,"isNeedLoadBitmap4Loop":false,"isNeedLoadBitmap5":false,"isNeedLoadBitmap6":false,"isNeedLoadBitmap6Loop":false,"isNeedLoadBitmap7":false,"isNeedLoadBitmap8":false,"isNeedLoadBitmap8Loop":false,"isNeedLoadBitmap9":false},"deviationXShadow":0.0,"deviationYShadow":0.0,"duration":1866,"endColor":-16777216,"endIndexFrame":99,"flip":1.0,"heightBitmap":0,"id":"cd1f61e189d49c778598188e51feba53","indexColor":0,"indexColorShadow":0,"indexEndFrameTransformCombo":0,"indexEndFrameTransformIn":52,"indexFont":9,"indexFrame":0,"indexStartFrameTransformOut":0,"indexTransition":-1,"isBgText":false,"isBoldText":false,"isDashText":false,"isDashUnderText":false,"isDrawAnim":false,"isFirstFillDataTransformCombo":true,"isInit":true,"isItalicText":false,"isLayerFront":true,"isLoadFrameCache":true,"isTexture":false,"isVisible":false,"linkBubble":"","linkItemFrame":"","linkMask":"","listText":["When you\u0027re scared"],"modeDraw":"SRC_OVER","pathFolder":"","pathFont":"assetsFontTextSticker/font_16.otf","pathSaveBitmapFrame":"","pathTexture":"","pointRotate":{"x":272.25998,"y":646.9897},"pointTranslate":{"x":92.25998,"y":466.9897},"rotate":-1.1593475,"scale":1.2052195,"speed":1,"speedOfTransformCombo":15,"startColor":-16777216,"startIndexFrame":43,"stickerTypeTransformCombo":"NONE","stickerTypeTransformIn":"ZOOM_IN","stickerTypeTransformOut":"NONE","textAlignment":"CENTER","textBlurShadow":0.0,"textColorShadow":-16777216,"textHeightAllLine":43.75,"textHeightOneLine":28.0,"textLetterSpacing":0.0,"textLineSpacing":4.0,"textPadding":15.75,"textSize":24.0,"textSizeDefault":30.0,"textString":"When you\u0027re scared","textStroke":{"color":"#000000","indexPositionInAdapter":-1,"width":0.0},"timeTransformCombo":300,"timeTransformIn":300,"timeTransformOut":300,"titleShow":"","totalFileNeedDownForOneFrame":0,"typeSticker":"TEXT","urlCover":"","widthBitmap":0},{"DOT":".","TYPE_PHOTO":"png","WIDTH_MAX":360,"alpha":255,"countDeltaTime":0.0,"dataFrames":{"isNeedLoadBitmap1":false,"isNeedLoadBitmap2":false,"isNeedLoadBitmap2Loop":false,"isNeedLoadBitmap3":false,"isNeedLoadBitmap4":false,"isNeedLoadBitmap4Loop":false,"isNeedLoadBitmap5":false,"isNeedLoadBitmap6":false,"isNeedLoadBitmap6Loop":false,"isNeedLoadBitmap7":false,"isNeedLoadBitmap8":false,"isNeedLoadBitmap8Loop":false,"isNeedLoadBitmap9":false},"deviationXShadow":0.0,"deviationYShadow":0.0,"duration":2866,"endColor":-16777216,"endIndexFrame":187,"flip":1.0,"heightBitmap":0,"id":"d92996c6aa315d311257b8988a15f8","indexColor":0,"indexColorShadow":0,"indexEndFrameTransformCombo":0,"indexEndFrameTransformIn":110,"indexFont":9,"indexFrame":0,"indexStartFrameTransformOut":0,"indexTransition":-1,"isBgText":false,"isBoldText":false,"isDashText":false,"isDashUnderText":false,"isDrawAnim":false,"isFirstFillDataTransformCombo":true,"isInit":true,"isItalicText":false,"isLayerFront":true,"isLoadFrameCache":true,"isTexture":false,"isVisible":false,"linkBubble":"","linkItemFrame":"","linkMask":"","listText":["When you\u0027re broke","beyond repair"],"modeDraw":"SRC_OVER","pathFolder":"","pathFont":"assetsFontTextSticker/font_16.otf","pathSaveBitmapFrame":"","pathTexture":"","pointRotate":{"x":270.48428,"y":641.6087},"pointTranslate":{"x":90.48428,"y":461.6087},"rotate":-0.06863403,"scale":1.0881622,"speed":1,"speedOfTransformCombo":15,"startColor":-16777216,"startIndexFrame":101,"stickerTypeTransformCombo":"NONE","stickerTypeTransformIn":"ZOOM_IN","stickerTypeTransformOut":"NONE","textAlignment":"CENTER","textBlurShadow":0.0,"textColorShadow":-16777216,"textHeightAllLine":93.75,"textHeightOneLine":39.0,"textLetterSpacing":0.0,"textLineSpacing":13.0,"textPadding":15.75,"textSize":26.0,"textSizeDefault":30.0,"textString":"When you\u0027re broke\nbeyond repair","textStroke":{"color":"#000000","indexPositionInAdapter":-1,"width":0.0},"timeTransformCombo":300,"timeTransformIn":300,"timeTransformOut":300,"titleShow":"","totalFileNeedDownForOneFrame":0,"typeSticker":"TEXT","urlCover":"","widthBitmap":0},{"DOT":".","TYPE_PHOTO":"png","WIDTH_MAX":360,"alpha":255,"countDeltaTime":0.0,"dataFrames":{"isNeedLoadBitmap1":false,"isNeedLoadBitmap2":false,"isNeedLoadBitmap2Loop":false,"isNeedLoadBitmap3":false,"isNeedLoadBitmap4":false,"isNeedLoadBitmap4Loop":false,"isNeedLoadBitmap5":false,"isNeedLoadBitmap6":false,"isNeedLoadBitmap6Loop":false,"isNeedLoadBitmap7":false,"isNeedLoadBitmap8":false,"isNeedLoadBitmap8Loop":false,"isNeedLoadBitmap9":false},"deviationXShadow":0.0,"deviationYShadow":0.0,"duration":2533,"endColor":-16777216,"endIndexFrame":331,"flip":1.0,"heightBitmap":0,"id":"68d211e87c483f358d2d1268d23abe91","indexColor":0,"indexColorShadow":0,"indexEndFrameTransformCombo":0,"indexEndFrameTransformIn":264,"indexFont":9,"indexFrame":0,"indexStartFrameTransformOut":0,"indexTransition":-1,"isBgText":false,"isBoldText":false,"isDashText":false,"isDashUnderText":false,"isDrawAnim":false,"isFirstFillDataTransformCombo":true,"isInit":true,"isItalicText":false,"isLayerFront":true,"isLoadFrameCache":true,"isTexture":false,"isVisible":true,"linkBubble":"","linkItemFrame":"","linkMask":"","listText":["you can lean on me"],"modeDraw":"SRC_OVER","pathFolder":"","pathFont":"assetsFontTextSticker/font_16.otf","pathSaveBitmapFrame":"","pathTexture":"","pointRotate":{"x":270.96857,"y":640.89124},"pointTranslate":{"x":90.96857,"y":460.89124},"rotate":-0.7955475,"scale":1.2082119,"speed":1,"speedOfTransformCombo":15,"startColor":-16777216,"startIndexFrame":255,"stickerTypeTransformCombo":"NONE","stickerTypeTransformIn":"ZOOM_IN","stickerTypeTransformOut":"NONE","textAlignment":"CENTER","textBlurShadow":0.0,"textColorShadow":-16777216,"textHeightAllLine":51.75,"textHeightOneLine":36.0,"textLetterSpacing":0.0,"textLineSpacing":13.0,"textPadding":15.75,"textSize":24.0,"textSizeDefault":30.0,"textString":"you can lean on me","textStroke":{"color":"#000000","indexPositionInAdapter":-1,"width":0.0},"timeTransformCombo":300,"timeTransformIn":300,"timeTransformOut":300,"titleShow":"","totalFileNeedDownForOneFrame":0,"typeSticker":"TEXT","urlCover":"","widthBitmap":0},{"DOT":".","TYPE_PHOTO":"png","WIDTH_MAX":360,"alpha":255,"countDeltaTime":0.0,"dataFrames":{"isNeedLoadBitmap1":false,"isNeedLoadBitmap2":false,"isNeedLoadBitmap2Loop":false,"isNeedLoadBitmap3":false,"isNeedLoadBitmap4":false,"isNeedLoadBitmap4Loop":false,"isNeedLoadBitmap5":false,"isNeedLoadBitmap6":false,"isNeedLoadBitmap6Loop":false,"isNeedLoadBitmap7":false,"isNeedLoadBitmap8":false,"isNeedLoadBitmap8Loop":false,"isNeedLoadBitmap9":false},"deviationXShadow":0.0,"deviationYShadow":0.0,"duration":2100,"endColor":-16777216,"endIndexFrame":253,"flip":1.0,"heightBitmap":0,"id":"dd87f4a9b99d810b783e2773dceb4ad","indexColor":0,"indexColorShadow":0,"indexEndFrameTransformCombo":0,"indexEndFrameTransformIn":199,"indexFont":9,"indexFrame":0,"indexStartFrameTransformOut":0,"indexTransition":-1,"isBgText":false,"isBoldText":false,"isDashText":false,"isDashUnderText":false,"isDrawAnim":false,"isFirstFillDataTransformCombo":true,"isInit":true,"isItalicText":false,"isLayerFront":true,"isLoadFrameCache":true,"isTexture":false,"isVisible":false,"linkBubble":"","linkItemFrame":"","linkMask":"","listText":["you can lean on me"],"modeDraw":"SRC_OVER","pathFolder":"","pathFont":"assetsFontTextSticker/font_16.otf","pathSaveBitmapFrame":"","pathTexture":"","pointRotate":{"x":270.96857,"y":640.89124},"pointTranslate":{"x":90.96857,"y":460.89124},"rotate":-0.7955475,"scale":1.2082119,"speed":1,"speedOfTransformCombo":15,"startColor":-16777216,"startIndexFrame":190,"stickerTypeTransformCombo":"NONE","stickerTypeTransformIn":"ZOOM_IN","stickerTypeTransformOut":"NONE","textAlignment":"CENTER","textBlurShadow":0.0,"textColorShadow":-16777216,"textHeightAllLine":51.75,"textHeightOneLine":36.0,"textLetterSpacing":0.0,"textLineSpacing":13.0,"textPadding":15.75,"textSize":24.0,"textSizeDefault":30.0,"textString":"you can lean on me","textStroke":{"color":"#000000","indexPositionInAdapter":-1,"width":0.0},"timeTransformCombo":300,"timeTransformIn":300,"timeTransformOut":300,"titleShow":"","totalFileNeedDownForOneFrame":0,"typeSticker":"TEXT","urlCover":"","widthBitmap":0}],"listItemViewDataOnTimeLine":[{"durationEnd":0,"durationStart":0,"endIndexFrame":42,"indexRowCurrent":0,"indexRowPrevious":0,"keyInHasMap":1653619545602,"linkDownloadMp3":"","nameMp3":"","pathSaveFile":"","startIndexFrame":0,"volume":1.0},{"durationEnd":0,"durationStart":0,"endIndexFrame":99,"indexRowCurrent":0,"indexRowPrevious":0,"keyInHasMap":1653619545620,"linkDownloadMp3":"","nameMp3":"","pathSaveFile":"","startIndexFrame":43,"volume":1.0},{"durationEnd":0,"durationStart":0,"endIndexFrame":187,"indexRowCurrent":0,"indexRowPrevious":0,"keyInHasMap":1653619545636,"linkDownloadMp3":"","nameMp3":"","pathSaveFile":"","startIndexFrame":101,"volume":1.0},{"durationEnd":0,"durationStart":0,"endIndexFrame":331,"indexRowCurrent":0,"indexRowPrevious":0,"keyInHasMap":1653619545653,"linkDownloadMp3":"","nameMp3":"","pathSaveFile":"","startIndexFrame":255,"volume":1.0},{"durationEnd":0,"durationStart":0,"endIndexFrame":253,"indexRowCurrent":0,"indexRowPrevious":0,"keyInHasMap":1653619545669,"linkDownloadMp3":"","nameMp3":"","pathSaveFile":"","startIndexFrame":190,"volume":1.0}]},"timeLastUpdate":1653619632510,"videoEffect":{"listItemEffectData":[{"drawMode":"SCREEN","endIndexFrame":98,"indexFrameDrawCurrent":0,"isCenterCrop":true,"isCenterInside":false,"isDraw":true,"isReloadFromCache":true,"jsonObjectDataOfItem":"","keyEffect":"Split","keyInHasMap":1653619632513,"pathFolderEffect":"","positionInAdapter":2,"sizeCanvasCurrent":{"x":0,"y":0},"speed":1,"startIndexFrame":43,"title":"Chia 4","totalFrame":55,"uri":""},{"drawMode":"SCREEN","endIndexFrame":252,"indexFrameDrawCurrent":0,"isCenterCrop":true,"isCenterInside":false,"isDraw":true,"isReloadFromCache":true,"jsonObjectDataOfItem":"{\"defaultPercentWidth\":1.0,\"defaultSpeed\":3.0,\"isHorizontal\":true,\"max\":10.0,\"maxSpeed\":50.0,\"min\":1.0,\"minSpeed\":2.0,\"percentWidth\":0.72,\"speedCurrent\":14.4}","keyEffect":"Party","keyInHasMap":1653619632514,"pathFolderEffect":"","positionInAdapter":2,"sizeCanvasCurrent":{"x":0,"y":0},"speed":1,"startIndexFrame":220,"title":"Lắc, giật ảnh","totalFrame":32,"uri":""},{"drawMode":"SCREEN","endIndexFrame":252,"indexFrameDrawCurrent":0,"isCenterCrop":true,"isCenterInside":false,"isDraw":true,"isReloadFromCache":true,"jsonObjectDataOfItem":"{\"color\":-1,\"defaultSpeed\":3.0,\"max\":30.0,\"min\":2.0,\"speedCurrent\":6.76}","keyEffect":"Party","keyInHasMap":1653619632516,"pathFolderEffect":"","positionInAdapter":3,"sizeCanvasCurrent":{"x":0,"y":0},"speed":1,"startIndexFrame":220,"title":"Đèn nháy trắng","totalFrame":32,"uri":""}],"listItemViewDataOnTimeLine":[{"durationEnd":0,"durationStart":0,"endIndexFrame":98,"indexRowCurrent":0,"indexRowPrevious":0,"keyInHasMap":1653550901212,"linkDownloadMp3":"","nameMp3":"","pathSaveFile":"","startIndexFrame":43,"volume":1.0},{"durationEnd":0,"durationStart":0,"endIndexFrame":252,"indexRowCurrent":0,"indexRowPrevious":0,"keyInHasMap":1653550901215,"linkDownloadMp3":"","nameMp3":"","pathSaveFile":"","startIndexFrame":220,"volume":1.0},{"durationEnd":0,"durationStart":0,"endIndexFrame":252,"indexRowCurrent":0,"indexRowPrevious":0,"keyInHasMap":1653550901218,"linkDownloadMp3":"","nameMp3":"","pathSaveFile":"","startIndexFrame":220,"volume":1.0}]}}