{"durationVideo":12000,"editor":{"listItemPhotoData":[{"backgroundColor":-16777216,"blurBackground":25,"duration":3100,"endIndexFrame":92,"flipHorizontal":1.0,"flipVertical":1.0,"gpuPosition":0,"gpuProgress":0,"heightBitmap":1200,"idItemPhoto":"1654670865428","indexEndFrameTransformCombo":92,"indexEndFrameTransformIn":0,"indexStartFrameTransformOut":0,"isCenterCrop":false,"isCenterInside":true,"isCropBitmap":false,"isLoadFromCache":true,"isLocked":false,"itemDataTransition":{"indexCate":2,"indexItem":8,"isMask":false,"keyItem":"CAMERA_TOP_LEFT","linkCover":"https://photoforapp.s3.ap-southeast-1.amazonaws.com/Video/TransitionsServer/Camera/Icon/CAMERA_TOP_LEFT.gif","linkDownload":"https://photoforapp.s3.ap-southeast-1.amazonaws.com/Video/TransitionsServer/Camera/CAMERA_TOP_LEFT.zip","modeDraw":"","nameEn":"Top Left","nameVn":"Trên cùng bên trái","paintModeDraw":"SRC_OVER","pathFolderOfTransition":"","pathFolderZipOfTransition":"","positionTransitionInAdapter":34,"timeTransitionCurrent":1000,"typeTransition":{"type":"CAMERA","typeTransition":"CAMERA_TOP_LEFT"}},"itemTemplateModel":{"duration":0,"heightBitmap":0,"indexSticker":-1,"isCrop":false,"isLocked":false,"md5PathFileOld":"","pathFile":"","rect":{"bottom":0,"left":0,"right":0,"top":0},"typeTemplateModel":"NONE","widthBitmap":0},"linkBackgroundImage":"","objDataAdjust":{"mCurrentBrightnessFilter":50,"mCurrentContrastFilter":50,"mCurrentExposureFilter":50,"mCurrentFadeFilters":0,"mCurrentHighlightFilter":100,"mCurrentHueFilter":0,"mCurrentSaturationFilter":50,"mCurrentShadowFilter":0,"mCurrentSharpenFilter":50,"mCurrentTempFilter":50,"mCurrentVignetteFilter":100,"mListRedoAdjust":[],"mListUndoAdjust":[]},"pathBitmap":"/storage/emulated/0/Pictures/Telegram/IMG_20220608_134727_419.jpg","rotate":0,"rotateAnim":0.0,"scaleAnim":1.0,"startIndexFrame":0,"timeTransformCombo":3100,"timeTransformIn":300,"timeTransformOut":300,"totalFrame":92,"typeBackground":"BLUR","typeTransformCombo":"DISTORT_RIGHT","typeTransformIn":"NONE","typeTransformOut":"NONE","valueMatrixBitmapDraw":[0.6,0.0,-7.6293945E-6,0.0,0.6,-1.5258789E-5,0.0,0.0,1.0],"widthBitmap":900},{"backgroundColor":-16777216,"blurBackground":25,"duration":3200,"endIndexFrame":188,"flipHorizontal":1.0,"flipVertical":1.0,"gpuPosition":0,"gpuProgress":0,"heightBitmap":1200,"idItemPhoto":"1654670865587","indexEndFrameTransformCombo":188,"indexEndFrameTransformIn":0,"indexStartFrameTransformOut":0,"isCenterCrop":false,"isCenterInside":true,"isCropBitmap":false,"isLoadFromCache":true,"isLocked":false,"itemDataTransition":{"indexCate":2,"indexItem":2,"isMask":false,"keyItem":"CAMERA_SPIN_CLOCKWISE","linkCover":"https://photoforapp.s3.ap-southeast-1.amazonaws.com/Video/TransitionsServer/Camera/Icon/CAMERA_SPIN_CLOCKWISE.gif","linkDownload":"https://photoforapp.s3.ap-southeast-1.amazonaws.com/Video/TransitionsServer/Camera/CAMERA_SPIN_CLOCKWISE.zip","modeDraw":"","nameEn":"Spin clockwise","nameVn":"Quay theo chiều kim đồng hồ","paintModeDraw":"SRC_OVER","pathFolderOfTransition":"","pathFolderZipOfTransition":"","positionTransitionInAdapter":28,"timeTransitionCurrent":1000,"typeTransition":{"type":"CAMERA","typeTransition":"CAMERA_SPIN_CLOCKWISE"}},"itemTemplateModel":{"duration":0,"heightBitmap":0,"indexSticker":-1,"isCrop":false,"isLocked":false,"md5PathFileOld":"","pathFile":"","rect":{"bottom":0,"left":0,"right":0,"top":0},"typeTemplateModel":"NONE","widthBitmap":0},"linkBackgroundImage":"","objDataAdjust":{"mCurrentBrightnessFilter":50,"mCurrentContrastFilter":50,"mCurrentExposureFilter":50,"mCurrentFadeFilters":0,"mCurrentHighlightFilter":100,"mCurrentHueFilter":0,"mCurrentSaturationFilter":50,"mCurrentShadowFilter":0,"mCurrentSharpenFilter":50,"mCurrentTempFilter":50,"mCurrentVignetteFilter":100,"mListRedoAdjust":[],"mListUndoAdjust":[]},"pathBitmap":"/storage/emulated/0/Pictures/Telegram/IMG_20220608_134725_172.jpg","rotate":0,"rotateAnim":0.0,"scaleAnim":1.0,"startIndexFrame":93,"timeTransformCombo":3200,"timeTransformIn":300,"timeTransformOut":300,"totalFrame":95,"typeBackground":"BLUR","typeTransformCombo":"DISTORT_LEFT","typeTransformIn":"NONE","typeTransformOut":"NONE","valueMatrixBitmapDraw":[0.6,0.0,-7.6293945E-6,0.0,0.6,-1.5258789E-5,0.0,0.0,1.0],"widthBitmap":900},{"backgroundColor":-16777216,"blurBackground":25,"duration":2667,"endIndexFrame":268,"flipHorizontal":1.0,"flipVertical":1.0,"gpuPosition":0,"gpuProgress":0,"heightBitmap":1200,"idItemPhoto":"1654670865700","indexEndFrameTransformCombo":268,"indexEndFrameTransformIn":0,"indexStartFrameTransformOut":0,"isCenterCrop":false,"isCenterInside":true,"isCropBitmap":false,"isLoadFromCache":true,"isLocked":false,"itemDataTransition":{"indexCate":1,"indexItem":5,"isMask":false,"keyItem":"STRETCH_RIGHT","linkCover":"https://photoforapp.s3.ap-southeast-1.amazonaws.com/Video/TransitionsServer/Effect/Icon/STRETCH_RIGHT.gif","linkDownload":"https://photoforapp.s3.ap-southeast-1.amazonaws.com/Video/TransitionsServer/Effect/STRETCH_RIGHT.zip","modeDraw":"","nameEn":"Stretch right","nameVn":"Kéo dài sang phải","paintModeDraw":"SRC_OVER","pathFolderOfTransition":"","pathFolderZipOfTransition":"","positionTransitionInAdapter":11,"timeTransitionCurrent":1000,"typeTransition":{"type":"EFFECT","typeTransition":"STRETCH_RIGHT"}},"itemTemplateModel":{"duration":0,"heightBitmap":0,"indexSticker":-1,"isCrop":false,"isLocked":false,"md5PathFileOld":"","pathFile":"","rect":{"bottom":0,"left":0,"right":0,"top":0},"typeTemplateModel":"NONE","widthBitmap":0},"linkBackgroundImage":"","objDataAdjust":{"mCurrentBrightnessFilter":50,"mCurrentContrastFilter":50,"mCurrentExposureFilter":50,"mCurrentFadeFilters":0,"mCurrentHighlightFilter":100,"mCurrentHueFilter":0,"mCurrentSaturationFilter":50,"mCurrentShadowFilter":0,"mCurrentSharpenFilter":50,"mCurrentTempFilter":50,"mCurrentVignetteFilter":100,"mListRedoAdjust":[],"mListUndoAdjust":[]},"pathBitmap":"/storage/emulated/0/Pictures/Telegram/IMG_20220608_134723_885.jpg","rotate":0,"rotateAnim":0.0,"scaleAnim":1.0,"startIndexFrame":189,"timeTransformCombo":2667,"timeTransformIn":300,"timeTransformOut":300,"totalFrame":79,"typeBackground":"BLUR","typeTransformCombo":"ZOOM_2","typeTransformIn":"NONE","typeTransformOut":"NONE","valueMatrixBitmapDraw":[0.6,0.0,-7.6293945E-6,0.0,0.6,-1.5258789E-5,0.0,0.0,1.0],"widthBitmap":900},{"backgroundColor":-16777216,"blurBackground":25,"duration":3033,"endIndexFrame":359,"flipHorizontal":1.0,"flipVertical":1.0,"gpuPosition":0,"gpuProgress":0,"heightBitmap":1200,"idItemPhoto":"1654670865782","indexEndFrameTransformCombo":0,"indexEndFrameTransformIn":0,"indexStartFrameTransformOut":0,"isCenterCrop":false,"isCenterInside":true,"isCropBitmap":false,"isLoadFromCache":true,"isLocked":false,"itemDataTransition":{"indexCate":0,"isMask":false,"keyItem":"","linkCover":"","linkDownload":"","modeDraw":"","nameEn":"","nameVn":"","paintModeDraw":"SRC_OVER","pathFolderOfTransition":"","pathFolderZipOfTransition":"","positionTransitionInAdapter":0,"timeTransitionCurrent":1000,"typeTransition":{"type":"NONE","typeTransition":"NONE"}},"itemTemplateModel":{"duration":0,"heightBitmap":0,"indexSticker":-1,"isCrop":false,"isLocked":false,"md5PathFileOld":"","pathFile":"","rect":{"bottom":0,"left":0,"right":0,"top":0},"typeTemplateModel":"NONE","widthBitmap":0},"linkBackgroundImage":"","objDataAdjust":{"mCurrentBrightnessFilter":50,"mCurrentContrastFilter":50,"mCurrentExposureFilter":50,"mCurrentFadeFilters":0,"mCurrentHighlightFilter":100,"mCurrentHueFilter":0,"mCurrentSaturationFilter":50,"mCurrentShadowFilter":0,"mCurrentSharpenFilter":50,"mCurrentTempFilter":50,"mCurrentVignetteFilter":100,"mListRedoAdjust":[],"mListUndoAdjust":[]},"pathBitmap":"/storage/emulated/0/Pictures/Telegram/IMG_20220608_134721_836.jpg","rotate":0,"rotateAnim":0.0,"scaleAnim":1.0,"startIndexFrame":269,"timeTransformCombo":3033,"timeTransformIn":300,"timeTransformOut":300,"totalFrame":90,"typeBackground":"BLUR","typeTransformCombo":"NONE","typeTransformIn":"NONE","typeTransformOut":"NONE","valueMatrixBitmapDraw":[0.6,0.0,-7.6293945E-6,0.0,0.6,-1.5258789E-5,0.0,0.0,1.0],"widthBitmap":900}]},"frame":{"listItemStickerData":[],"listItemViewDataOnTimeLine":[]},"keyProjectCurrent":"1654670867680","listTemplateModel":{"list":[]},"music":{"listItemMusicData":[{"durationEnd":12004,"durationStart":0,"endIndexFrame":360,"indexRowCurrent":0,"indexRowPrevious":0,"keyInHasMap":1654670883481,"linkDownloadMp3":"/storage/emulated/0/Music/G3Video/Direct_ConvertVideoToMp3_1654670788249.mp3","nameMp3":"Direct_ConvertVideoToMp3_1654670788249.mp3","pathSaveFile":"/storage/emulated/0/Music/G3Video/Direct_ConvertVideoToMp3_1654670788249.mp3","startIndexFrame":0,"volume":1.0}]},"nameVideo":"Template 1654670867680","setting":{"quality":720,"ratio":{"height":1.3333334,"width":1.0}},"sticker":{"listItemStickerData":[],"listItemViewDataOnTimeLine":[]},"text":{"listItemStickerData":[],"listItemViewDataOnTimeLine":[]},"timeLastUpdate":1654671914843,"videoEffect":{"listItemEffectData":[{"drawMode":"SCREEN","endIndexFrame":360,"indexFrameDrawCurrent":0,"isCenterCrop":true,"isCenterInside":false,"isDraw":true,"isReloadFromCache":true,"jsonObjectDataOfItem":"{\"defaultPercentWidth\":1.0,\"defaultSpeed\":3.0,\"isHorizontal\":true,\"max\":10.0,\"maxSpeed\":50.0,\"min\":1.0,\"minSpeed\":2.0,\"percentWidth\":0.99,\"speedCurrent\":22.56}","keyEffect":"Party","keyInHasMap":1654671914845,"pathFolderEffect":"","positionInAdapter":2,"sizeCanvasCurrent":{"x":0,"y":0},"speed":1,"startIndexFrame":274,"title":"Lắc, giật ảnh","totalFrame":86,"uri":""},{"drawMode":"SCREEN","endIndexFrame":359,"indexFrameDrawCurrent":83,"isCenterCrop":true,"isCenterInside":false,"isDraw":true,"isReloadFromCache":true,"jsonObjectDataOfItem":"","keyEffect":"SERVER","keyInHasMap":1654671914846,"pathFolderEffect":"/data/user/0/videoeditor.moviemaker/files/FOLDER_EFFECT/Lightleak/0","positionInAdapter":0,"sizeCanvasCurrent":{"x":540,"y":720},"speed":1,"startIndexFrame":274,"title":"Lightleak 0","totalFrame":85,"uri":"/data/user/0/videoeditor.moviemaker/files/FOLDER_EFFECT/Lightleak/0/Lightleak.m4v"}],"listItemViewDataOnTimeLine":[{"durationEnd":2866,"durationStart":0,"endIndexFrame":360,"indexRowCurrent":0,"indexRowPrevious":0,"keyInHasMap":1654671395782,"linkDownloadMp3":"","nameMp3":"","pathSaveFile":"","startIndexFrame":274,"volume":1.0},{"durationEnd":2833,"durationStart":0,"endIndexFrame":359,"indexRowCurrent":0,"indexRowPrevious":0,"keyInHasMap":1654671432186,"linkDownloadMp3":"","nameMp3":"","pathSaveFile":"","startIndexFrame":274,"volume":1.0}]}}