{"durationVideo":8867,"editor":{"listItemPhotoData":[{"backgroundColor":-16777216,"blurBackground":0,"duration":1500,"endIndexFrame":44,"flipHorizontal":1.0,"flipVertical":1.0,"gpuPosition":0,"gpuProgress":0,"heightBitmap":800,"idItemPhoto":"1654841799828","indexEndFrameTransformCombo":0,"indexEndFrameTransformIn":0,"indexStartFrameTransformOut":0,"isCenterCrop":false,"isCenterInside":true,"isCropBitmap":false,"isLoadFromCache":true,"isLocked":false,"itemDataTransition":{"indexCate":6,"indexItem":1,"isMask":false,"keyItem":"1","linkCover":"https://photoforapp.s3.ap-southeast-1.amazonaws.com/Video/TransitionsServer/Basic/Icon/1.gif","linkDownload":"https://photoforapp.s3.ap-southeast-1.amazonaws.com/Video/TransitionsServer/Basic/1.zip","modeDraw":"","nameEn":"Eye","nameVn":"Mắt","paintModeDraw":"SRC_OVER","pathFolderOfTransition":"/data/user/0/videoeditor.moviemaker/files/FolderTransitionZip/Eye/1/1","pathFolderZipOfTransition":"/data/user/0/videoeditor.moviemaker/files/Folder_transition/Eye/1.zip","positionTransitionInAdapter":83,"timeTransitionCurrent":454,"typeTransition":{"type":"SEVER","typeTransition":"SEVER"}},"itemTemplateModel":{"duration":0,"heightBitmap":0,"indexSticker":-1,"isCrop":false,"isLocked":false,"md5PathFileOld":"","pathFile":"","rect":{"bottom":0,"left":0,"right":0,"top":0},"typeTemplateModel":"NONE","widthBitmap":0},"linkBackgroundImage":"","objDataAdjust":{"mCurrentBrightnessFilter":50,"mCurrentContrastFilter":50,"mCurrentExposureFilter":50,"mCurrentFadeFilters":0,"mCurrentHighlightFilter":100,"mCurrentHueFilter":0,"mCurrentSaturationFilter":50,"mCurrentShadowFilter":0,"mCurrentSharpenFilter":50,"mCurrentTempFilter":50,"mCurrentVignetteFilter":100,"mListRedoAdjust":[],"mListUndoAdjust":[]},"pathBitmap":"/storage/emulated/0/Pictures/Telegram/IMG_20220610_115641_889.jpg","rotate":0,"rotateAnim":0.0,"scaleAnim":1.0,"startIndexFrame":0,"timeTransformCombo":1500,"timeTransformIn":300,"timeTransformOut":300,"totalFrame":44,"typeBackground":"COLOR","typeTransformCombo":"NONE","typeTransformIn":"NONE","typeTransformOut":"NONE","valueMatrixBitmapDraw":[0.9,0.0,0.0,0.0,0.9,0.0,0.0,0.0,1.0],"widthBitmap":600},{"backgroundColor":-16777216,"blurBackground":0,"duration":2333,"endIndexFrame":114,"flipHorizontal":1.0,"flipVertical":1.0,"gpuPosition":0,"gpuProgress":0,"heightBitmap":800,"idItemPhoto":"1654841800060","indexEndFrameTransformCombo":0,"indexEndFrameTransformIn":0,"indexStartFrameTransformOut":0,"isCenterCrop":false,"isCenterInside":true,"isCropBitmap":false,"isLoadFromCache":true,"isLocked":false,"itemDataTransition":{"indexCate":6,"indexItem":1,"isMask":false,"keyItem":"1","linkCover":"https://photoforapp.s3.ap-southeast-1.amazonaws.com/Video/TransitionsServer/Basic/Icon/1.gif","linkDownload":"https://photoforapp.s3.ap-southeast-1.amazonaws.com/Video/TransitionsServer/Basic/1.zip","modeDraw":"","nameEn":"Eye","nameVn":"Mắt","paintModeDraw":"SRC_OVER","pathFolderOfTransition":"/data/user/0/videoeditor.moviemaker/files/FolderTransitionZip/Eye/1/1","pathFolderZipOfTransition":"/data/user/0/videoeditor.moviemaker/files/Folder_transition/Eye/1.zip","positionTransitionInAdapter":83,"timeTransitionCurrent":454,"typeTransition":{"type":"SEVER","typeTransition":"SEVER"}},"itemTemplateModel":{"duration":0,"heightBitmap":0,"indexSticker":-1,"isCrop":false,"isLocked":false,"md5PathFileOld":"","pathFile":"","rect":{"bottom":0,"left":0,"right":0,"top":0},"typeTemplateModel":"NONE","widthBitmap":0},"linkBackgroundImage":"","objDataAdjust":{"mCurrentBrightnessFilter":50,"mCurrentContrastFilter":50,"mCurrentExposureFilter":50,"mCurrentFadeFilters":0,"mCurrentHighlightFilter":100,"mCurrentHueFilter":0,"mCurrentSaturationFilter":50,"mCurrentShadowFilter":0,"mCurrentSharpenFilter":50,"mCurrentTempFilter":50,"mCurrentVignetteFilter":100,"mListRedoAdjust":[],"mListUndoAdjust":[]},"pathBitmap":"/storage/emulated/0/Pictures/Telegram/IMG_20220610_115637_007.jpg","rotate":0,"rotateAnim":0.0,"scaleAnim":1.0,"startIndexFrame":45,"timeTransformCombo":2333,"timeTransformIn":300,"timeTransformOut":300,"totalFrame":69,"typeBackground":"COLOR","typeTransformCombo":"NONE","typeTransformIn":"NONE","typeTransformOut":"NONE","valueMatrixBitmapDraw":[0.9,0.0,0.0,0.0,0.9,0.0,0.0,0.0,1.0],"widthBitmap":600},{"backgroundColor":-16777216,"blurBackground":0,"duration":1900,"endIndexFrame":171,"flipHorizontal":1.0,"flipVertical":1.0,"gpuPosition":0,"gpuProgress":0,"heightBitmap":800,"idItemPhoto":"1654841800208","indexEndFrameTransformCombo":0,"indexEndFrameTransformIn":0,"indexStartFrameTransformOut":0,"isCenterCrop":false,"isCenterInside":true,"isCropBitmap":false,"isLoadFromCache":true,"isLocked":false,"itemDataTransition":{"indexCate":6,"indexItem":1,"isMask":false,"keyItem":"1","linkCover":"https://photoforapp.s3.ap-southeast-1.amazonaws.com/Video/TransitionsServer/Basic/Icon/1.gif","linkDownload":"https://photoforapp.s3.ap-southeast-1.amazonaws.com/Video/TransitionsServer/Basic/1.zip","modeDraw":"","nameEn":"Eye","nameVn":"Mắt","paintModeDraw":"SRC_OVER","pathFolderOfTransition":"/data/user/0/videoeditor.moviemaker/files/FolderTransitionZip/Eye/1/1","pathFolderZipOfTransition":"/data/user/0/videoeditor.moviemaker/files/Folder_transition/Eye/1.zip","positionTransitionInAdapter":83,"timeTransitionCurrent":454,"typeTransition":{"type":"SEVER","typeTransition":"SEVER"}},"itemTemplateModel":{"duration":0,"heightBitmap":0,"indexSticker":-1,"isCrop":false,"isLocked":false,"md5PathFileOld":"","pathFile":"","rect":{"bottom":0,"left":0,"right":0,"top":0},"typeTemplateModel":"NONE","widthBitmap":0},"linkBackgroundImage":"","objDataAdjust":{"mCurrentBrightnessFilter":50,"mCurrentContrastFilter":50,"mCurrentExposureFilter":50,"mCurrentFadeFilters":0,"mCurrentHighlightFilter":100,"mCurrentHueFilter":0,"mCurrentSaturationFilter":50,"mCurrentShadowFilter":0,"mCurrentSharpenFilter":50,"mCurrentTempFilter":50,"mCurrentVignetteFilter":100,"mListRedoAdjust":[],"mListUndoAdjust":[]},"pathBitmap":"/storage/emulated/0/Pictures/Telegram/IMG_20220610_115641_176.jpg","rotate":0,"rotateAnim":0.0,"scaleAnim":1.0,"startIndexFrame":115,"timeTransformCombo":1900,"timeTransformIn":300,"timeTransformOut":300,"totalFrame":56,"typeBackground":"COLOR","typeTransformCombo":"NONE","typeTransformIn":"NONE","typeTransformOut":"NONE","valueMatrixBitmapDraw":[0.9,0.0,0.0,0.0,0.9,0.0,0.0,0.0,1.0],"widthBitmap":600},{"backgroundColor":-16777216,"blurBackground":0,"duration":2300,"endIndexFrame":240,"flipHorizontal":1.0,"flipVertical":1.0,"gpuPosition":0,"gpuProgress":0,"heightBitmap":800,"idItemPhoto":"1654841800337","indexEndFrameTransformCombo":0,"indexEndFrameTransformIn":0,"indexStartFrameTransformOut":0,"isCenterCrop":false,"isCenterInside":true,"isCropBitmap":false,"isLoadFromCache":true,"isLocked":false,"itemDataTransition":{"indexCate":6,"indexItem":1,"isMask":false,"keyItem":"1","linkCover":"https://photoforapp.s3.ap-southeast-1.amazonaws.com/Video/TransitionsServer/Basic/Icon/1.gif","linkDownload":"https://photoforapp.s3.ap-southeast-1.amazonaws.com/Video/TransitionsServer/Basic/1.zip","modeDraw":"","nameEn":"Eye","nameVn":"Mắt","paintModeDraw":"SRC_OVER","pathFolderOfTransition":"/data/user/0/videoeditor.moviemaker/files/FolderTransitionZip/Eye/1/1","pathFolderZipOfTransition":"/data/user/0/videoeditor.moviemaker/files/Folder_transition/Eye/1.zip","positionTransitionInAdapter":83,"timeTransitionCurrent":454,"typeTransition":{"type":"SEVER","typeTransition":"SEVER"}},"itemTemplateModel":{"duration":0,"heightBitmap":0,"indexSticker":-1,"isCrop":false,"isLocked":false,"md5PathFileOld":"","pathFile":"","rect":{"bottom":0,"left":0,"right":0,"top":0},"typeTemplateModel":"NONE","widthBitmap":0},"linkBackgroundImage":"","objDataAdjust":{"mCurrentBrightnessFilter":50,"mCurrentContrastFilter":50,"mCurrentExposureFilter":50,"mCurrentFadeFilters":0,"mCurrentHighlightFilter":100,"mCurrentHueFilter":0,"mCurrentSaturationFilter":50,"mCurrentShadowFilter":0,"mCurrentSharpenFilter":50,"mCurrentTempFilter":50,"mCurrentVignetteFilter":100,"mListRedoAdjust":[],"mListUndoAdjust":[]},"pathBitmap":"/storage/emulated/0/Pictures/Telegram/IMG_20220610_115637_884.jpg","rotate":0,"rotateAnim":0.0,"scaleAnim":1.0,"startIndexFrame":172,"timeTransformCombo":2300,"timeTransformIn":300,"timeTransformOut":300,"totalFrame":68,"typeBackground":"COLOR","typeTransformCombo":"NONE","typeTransformIn":"NONE","typeTransformOut":"NONE","valueMatrixBitmapDraw":[0.9,0.0,0.0,0.0,0.9,0.0,0.0,0.0,1.0],"widthBitmap":600},{"backgroundColor":-16777216,"blurBackground":0,"duration":833,"endIndexFrame":265,"flipHorizontal":1.0,"flipVertical":1.0,"gpuPosition":0,"gpuProgress":0,"heightBitmap":800,"idItemPhoto":"1654841800461","indexEndFrameTransformCombo":0,"indexEndFrameTransformIn":0,"indexStartFrameTransformOut":0,"isCenterCrop":false,"isCenterInside":true,"isCropBitmap":false,"isLoadFromCache":true,"isLocked":false,"itemDataTransition":{"indexCate":0,"isMask":false,"keyItem":"","linkCover":"","linkDownload":"","modeDraw":"","nameEn":"","nameVn":"","paintModeDraw":"SRC_OVER","pathFolderOfTransition":"","pathFolderZipOfTransition":"","positionTransitionInAdapter":0,"timeTransitionCurrent":833,"typeTransition":{"type":"NONE","typeTransition":"NONE"}},"itemTemplateModel":{"duration":0,"heightBitmap":0,"indexSticker":-1,"isCrop":false,"isLocked":false,"md5PathFileOld":"","pathFile":"","rect":{"bottom":0,"left":0,"right":0,"top":0},"typeTemplateModel":"NONE","widthBitmap":0},"linkBackgroundImage":"","objDataAdjust":{"mCurrentBrightnessFilter":50,"mCurrentContrastFilter":50,"mCurrentExposureFilter":50,"mCurrentFadeFilters":0,"mCurrentHighlightFilter":100,"mCurrentHueFilter":0,"mCurrentSaturationFilter":50,"mCurrentShadowFilter":0,"mCurrentSharpenFilter":50,"mCurrentTempFilter":50,"mCurrentVignetteFilter":100,"mListRedoAdjust":[],"mListUndoAdjust":[]},"pathBitmap":"/storage/emulated/0/Pictures/Telegram/IMG_20220610_115639_465.jpg","rotate":0,"rotateAnim":0.0,"scaleAnim":1.0,"startIndexFrame":241,"timeTransformCombo":833,"timeTransformIn":300,"timeTransformOut":300,"totalFrame":24,"typeBackground":"COLOR","typeTransformCombo":"NONE","typeTransformIn":"NONE","typeTransformOut":"NONE","valueMatrixBitmapDraw":[0.9,0.0,0.0,0.0,0.9,0.0,0.0,0.0,1.0],"widthBitmap":600}]},"frame":{"listItemStickerData":[],"listItemViewDataOnTimeLine":[]},"keyProjectCurrent":"1654841802186","listTemplateModel":{"list":[]},"music":{"listItemMusicData":[{"durationEnd":8866,"durationStart":0,"endIndexFrame":266,"indexRowCurrent":0,"indexRowPrevious":0,"keyInHasMap":1654841808800,"linkDownloadMp3":"/storage/emulated/0/Music/G3Video/Direct_ConvertVideoToMp3_1654836712022.mp3","nameMp3":"Direct_ConvertVideoToMp3_1654836712022.mp3","pathSaveFile":"/storage/emulated/0/Music/G3Video/Direct_ConvertVideoToMp3_1654836712022.mp3","startIndexFrame":0,"volume":1.0}]},"nameVideo":"Template 1654841802186","setting":{"quality":720,"ratio":{"height":1.3333334,"width":1.0}},"sticker":{"listItemStickerData":[],"listItemViewDataOnTimeLine":[]},"text":{"listItemStickerData":[{"DOT":".","TYPE_PHOTO":"png","WIDTH_MAX":360,"alpha":255,"countDeltaTime":0.0,"dataFrames":{"isNeedLoadBitmap1":false,"isNeedLoadBitmap2":false,"isNeedLoadBitmap2Loop":false,"isNeedLoadBitmap3":false,"isNeedLoadBitmap4":false,"isNeedLoadBitmap4Loop":false,"isNeedLoadBitmap5":false,"isNeedLoadBitmap6":false,"isNeedLoadBitmap6Loop":false,"isNeedLoadBitmap7":false,"isNeedLoadBitmap8":false,"isNeedLoadBitmap8Loop":false,"isNeedLoadBitmap9":false},"deviationXShadow":0.0,"deviationYShadow":0.0,"duration":1799,"endColor":-1,"endIndexFrame":54,"flip":1.0,"heightBitmap":0,"id":"8c53f269774cf69e5264f35985f6b4fa","indexColor":0,"indexColorShadow":0,"indexEndFrameTransformCombo":0,"indexEndFrameTransformIn":0,"indexFont":14,"indexFrame":0,"indexStartFrameTransformOut":0,"indexTransition":-1,"isBgText":false,"isBoldText":false,"isDashText":false,"isDashUnderText":false,"isDrawAnim":false,"isFirstFillDataTransformCombo":true,"isInit":true,"isItalicText":false,"isLayerFront":true,"isLoadFrameCache":true,"isTexture":false,"isVisible":false,"linkBubble":"","linkItemFrame":"","linkMask":"","listText":["Baby Shark~"],"modeDraw":"SRC_OVER","pathFolder":"","pathFont":"assetsFontTextSticker/font_3.ttf","pathSaveBitmapFrame":"","pathTexture":"","pointRotate":{"x":162.50015,"y":555.7881},"pointTranslate":{"x":-17.499847,"y":375.7881},"rotate":0.42080688,"scale":0.71529216,"speed":1,"speedOfTransformCombo":15,"startColor":-1,"startIndexFrame":0,"stickerTypeTransformCombo":"NONE","stickerTypeTransformIn":"NONE","stickerTypeTransformOut":"NONE","textAlignment":"CENTER","textBlurShadow":0.0,"textColorShadow":-16777216,"textHeightAllLine":66.75,"textHeightOneLine":51.0,"textLetterSpacing":0.16,"textLineSpacing":4.0,"textPadding":15.75,"textSize":48.0,"textSizeDefault":30.0,"textString":"Baby Shark~","textStroke":{"color":"#000000","indexPositionInAdapter":-1,"width":0.0},"timeTransformCombo":300,"timeTransformIn":300,"timeTransformOut":300,"titleShow":"","totalFileNeedDownForOneFrame":0,"typeSticker":"TEXT","urlCover":"","widthBitmap":0},{"DOT":".","TYPE_PHOTO":"png","WIDTH_MAX":360,"alpha":255,"countDeltaTime":0.0,"dataFrames":{"isNeedLoadBitmap1":false,"isNeedLoadBitmap2":false,"isNeedLoadBitmap2Loop":false,"isNeedLoadBitmap3":false,"isNeedLoadBitmap4":false,"isNeedLoadBitmap4Loop":false,"isNeedLoadBitmap5":false,"isNeedLoadBitmap6":false,"isNeedLoadBitmap6Loop":false,"isNeedLoadBitmap7":false,"isNeedLoadBitmap8":false,"isNeedLoadBitmap8Loop":false,"isNeedLoadBitmap9":false},"deviationXShadow":0.0,"deviationYShadow":0.0,"duration":1300,"endColor":-1,"endIndexFrame":93,"flip":1.0,"heightBitmap":0,"id":"9319b5cd19ac8d6d1469c4257a4887","indexColor":0,"indexColorShadow":0,"indexEndFrameTransformCombo":0,"indexEndFrameTransformIn":0,"indexFont":14,"indexFrame":0,"indexStartFrameTransformOut":0,"indexTransition":-1,"isBgText":false,"isBoldText":false,"isDashText":false,"isDashUnderText":false,"isDrawAnim":false,"isFirstFillDataTransformCombo":true,"isInit":true,"isItalicText":false,"isLayerFront":true,"isLoadFrameCache":true,"isTexture":false,"isVisible":false,"linkBubble":"","linkItemFrame":"","linkMask":"","listText":["Doo-doo-doo-doo"],"modeDraw":"SRC_OVER","pathFolder":"","pathFont":"assetsFontTextSticker/font_3.ttf","pathSaveBitmapFrame":"","pathTexture":"","pointRotate":{"x":342.95236,"y":630.49194},"pointTranslate":{"x":162.95236,"y":450.49194},"rotate":0.09411621,"scale":1.0639932,"speed":1,"speedOfTransformCombo":15,"startColor":-1,"startIndexFrame":54,"stickerTypeTransformCombo":"NONE","stickerTypeTransformIn":"NONE","stickerTypeTransformOut":"NONE","textAlignment":"CENTER","textBlurShadow":0.0,"textColorShadow":-16777216,"textHeightAllLine":48.75,"textHeightOneLine":33.0,"textLetterSpacing":0.16,"textLineSpacing":4.0,"textPadding":15.75,"textSize":36.0,"textSizeDefault":30.0,"textString":"Doo-doo-doo-doo","textStroke":{"color":"#000000","indexPositionInAdapter":-1,"width":0.0},"timeTransformCombo":300,"timeTransformIn":300,"timeTransformOut":300,"titleShow":"","totalFileNeedDownForOneFrame":0,"typeSticker":"TEXT","urlCover":"","widthBitmap":0},{"DOT":".","TYPE_PHOTO":"png","WIDTH_MAX":360,"alpha":255,"countDeltaTime":0.0,"dataFrames":{"isNeedLoadBitmap1":false,"isNeedLoadBitmap2":false,"isNeedLoadBitmap2Loop":false,"isNeedLoadBitmap3":false,"isNeedLoadBitmap4":false,"isNeedLoadBitmap4Loop":false,"isNeedLoadBitmap5":false,"isNeedLoadBitmap6":false,"isNeedLoadBitmap6Loop":false,"isNeedLoadBitmap7":false,"isNeedLoadBitmap8":false,"isNeedLoadBitmap8Loop":false,"isNeedLoadBitmap9":false},"deviationXShadow":0.0,"deviationYShadow":0.0,"duration":1066,"endColor":-1,"endIndexFrame":125,"flip":1.0,"heightBitmap":0,"id":"e0f778e4d71e4196cda37f5a89da23","indexColor":0,"indexColorShadow":0,"indexEndFrameTransformCombo":0,"indexEndFrameTransformIn":0,"indexFont":14,"indexFrame":0,"indexStartFrameTransformOut":0,"indexTransition":-1,"isBgText":false,"isBoldText":false,"isDashText":false,"isDashUnderText":false,"isDrawAnim":false,"isFirstFillDataTransformCombo":true,"isInit":true,"isItalicText":false,"isLayerFront":true,"isLoadFrameCache":true,"isTexture":false,"isVisible":false,"linkBubble":"","linkItemFrame":"","linkMask":"","listText":["Baby Shark~"],"modeDraw":"SRC_OVER","pathFolder":"","pathFont":"assetsFontTextSticker/font_3.ttf","pathSaveBitmapFrame":"","pathTexture":"","pointRotate":{"x":162.50015,"y":555.7881},"pointTranslate":{"x":-17.499847,"y":375.7881},"rotate":0.42080688,"scale":0.71529216,"speed":1,"speedOfTransformCombo":15,"startColor":-1,"startIndexFrame":93,"stickerTypeTransformCombo":"NONE","stickerTypeTransformIn":"NONE","stickerTypeTransformOut":"NONE","textAlignment":"CENTER","textBlurShadow":0.0,"textColorShadow":-16777216,"textHeightAllLine":66.75,"textHeightOneLine":51.0,"textLetterSpacing":0.16,"textLineSpacing":4.0,"textPadding":15.75,"textSize":48.0,"textSizeDefault":30.0,"textString":"Baby Shark~","textStroke":{"color":"#000000","indexPositionInAdapter":-1,"width":0.0},"timeTransformCombo":300,"timeTransformIn":300,"timeTransformOut":300,"titleShow":"","totalFileNeedDownForOneFrame":0,"typeSticker":"TEXT","urlCover":"","widthBitmap":0},{"DOT":".","TYPE_PHOTO":"png","WIDTH_MAX":360,"alpha":255,"countDeltaTime":0.0,"dataFrames":{"isNeedLoadBitmap1":false,"isNeedLoadBitmap2":false,"isNeedLoadBitmap2Loop":false,"isNeedLoadBitmap3":false,"isNeedLoadBitmap4":false,"isNeedLoadBitmap4Loop":false,"isNeedLoadBitmap5":false,"isNeedLoadBitmap6":false,"isNeedLoadBitmap6Loop":false,"isNeedLoadBitmap7":false,"isNeedLoadBitmap8":false,"isNeedLoadBitmap8Loop":false,"isNeedLoadBitmap9":false},"deviationXShadow":0.0,"deviationYShadow":0.0,"duration":1200,"endColor":-1,"endIndexFrame":160,"flip":1.0,"heightBitmap":0,"id":"112d97e849299e172c9e4ad5685d5d63","indexColor":0,"indexColorShadow":0,"indexEndFrameTransformCombo":0,"indexEndFrameTransformIn":0,"indexFont":14,"indexFrame":0,"indexStartFrameTransformOut":0,"indexTransition":-1,"isBgText":false,"isBoldText":false,"isDashText":false,"isDashUnderText":false,"isDrawAnim":false,"isFirstFillDataTransformCombo":true,"isInit":true,"isItalicText":false,"isLayerFront":true,"isLoadFrameCache":true,"isTexture":false,"isVisible":false,"linkBubble":"","linkItemFrame":"","linkMask":"","listText":["Doo-doo-doo-doo"],"modeDraw":"SRC_OVER","pathFolder":"","pathFont":"assetsFontTextSticker/font_3.ttf","pathSaveBitmapFrame":"","pathTexture":"","pointRotate":{"x":342.95236,"y":630.49194},"pointTranslate":{"x":162.95236,"y":450.49194},"rotate":0.09411621,"scale":1.0639932,"speed":1,"speedOfTransformCombo":15,"startColor":-1,"startIndexFrame":124,"stickerTypeTransformCombo":"NONE","stickerTypeTransformIn":"NONE","stickerTypeTransformOut":"NONE","textAlignment":"CENTER","textBlurShadow":0.0,"textColorShadow":-16777216,"textHeightAllLine":48.75,"textHeightOneLine":33.0,"textLetterSpacing":0.16,"textLineSpacing":4.0,"textPadding":15.75,"textSize":36.0,"textSizeDefault":30.0,"textString":"Doo-doo-doo-doo","textStroke":{"color":"#000000","indexPositionInAdapter":-1,"width":0.0},"timeTransformCombo":300,"timeTransformIn":300,"timeTransformOut":300,"titleShow":"","totalFileNeedDownForOneFrame":0,"typeSticker":"TEXT","urlCover":"","widthBitmap":0},{"DOT":".","TYPE_PHOTO":"png","WIDTH_MAX":360,"alpha":255,"countDeltaTime":0.0,"dataFrames":{"isNeedLoadBitmap1":false,"isNeedLoadBitmap2":false,"isNeedLoadBitmap2Loop":false,"isNeedLoadBitmap3":false,"isNeedLoadBitmap4":false,"isNeedLoadBitmap4Loop":false,"isNeedLoadBitmap5":false,"isNeedLoadBitmap6":false,"isNeedLoadBitmap6Loop":false,"isNeedLoadBitmap7":false,"isNeedLoadBitmap8":false,"isNeedLoadBitmap8Loop":false,"isNeedLoadBitmap9":false},"deviationXShadow":0.0,"deviationYShadow":0.0,"duration":999,"endColor":-1,"endIndexFrame":190,"flip":1.0,"heightBitmap":0,"id":"74d0268467edf01137f75757e71058b","indexColor":0,"indexColorShadow":0,"indexEndFrameTransformCombo":0,"indexEndFrameTransformIn":0,"indexFont":14,"indexFrame":0,"indexStartFrameTransformOut":0,"indexTransition":-1,"isBgText":false,"isBoldText":false,"isDashText":false,"isDashUnderText":false,"isDrawAnim":false,"isFirstFillDataTransformCombo":true,"isInit":true,"isItalicText":false,"isLayerFront":true,"isLoadFrameCache":true,"isTexture":false,"isVisible":false,"linkBubble":"","linkItemFrame":"","linkMask":"","listText":["Baby Shark~"],"modeDraw":"SRC_OVER","pathFolder":"","pathFont":"assetsFontTextSticker/font_3.ttf","pathSaveBitmapFrame":"","pathTexture":"","pointRotate":{"x":162.50015,"y":555.7881},"pointTranslate":{"x":-17.499847,"y":375.7881},"rotate":0.42080688,"scale":0.71529216,"speed":1,"speedOfTransformCombo":15,"startColor":-1,"startIndexFrame":160,"stickerTypeTransformCombo":"NONE","stickerTypeTransformIn":"NONE","stickerTypeTransformOut":"NONE","textAlignment":"CENTER","textBlurShadow":0.0,"textColorShadow":-16777216,"textHeightAllLine":66.75,"textHeightOneLine":51.0,"textLetterSpacing":0.16,"textLineSpacing":4.0,"textPadding":15.75,"textSize":48.0,"textSizeDefault":30.0,"textString":"Baby Shark~","textStroke":{"color":"#000000","indexPositionInAdapter":-1,"width":0.0},"timeTransformCombo":300,"timeTransformIn":300,"timeTransformOut":300,"titleShow":"","totalFileNeedDownForOneFrame":0,"typeSticker":"TEXT","urlCover":"","widthBitmap":0},{"DOT":".","TYPE_PHOTO":"png","WIDTH_MAX":360,"alpha":255,"countDeltaTime":0.0,"dataFrames":{"isNeedLoadBitmap1":false,"isNeedLoadBitmap2":false,"isNeedLoadBitmap2Loop":false,"isNeedLoadBitmap3":false,"isNeedLoadBitmap4":false,"isNeedLoadBitmap4Loop":false,"isNeedLoadBitmap5":false,"isNeedLoadBitmap6":false,"isNeedLoadBitmap6Loop":false,"isNeedLoadBitmap7":false,"isNeedLoadBitmap8":false,"isNeedLoadBitmap8Loop":false,"isNeedLoadBitmap9":false},"deviationXShadow":0.0,"deviationYShadow":0.0,"duration":999,"endColor":-1,"endIndexFrame":220,"flip":1.0,"heightBitmap":0,"id":"4e321dab7a92e9a1bb431971ff9eb28","indexColor":0,"indexColorShadow":0,"indexEndFrameTransformCombo":0,"indexEndFrameTransformIn":0,"indexFont":14,"indexFrame":0,"indexStartFrameTransformOut":0,"indexTransition":-1,"isBgText":false,"isBoldText":false,"isDashText":false,"isDashUnderText":false,"isDrawAnim":false,"isFirstFillDataTransformCombo":true,"isInit":true,"isItalicText":false,"isLayerFront":true,"isLoadFrameCache":true,"isTexture":false,"isVisible":false,"linkBubble":"","linkItemFrame":"","linkMask":"","listText":["Doo-doo-doo-doo"],"modeDraw":"SRC_OVER","pathFolder":"","pathFont":"assetsFontTextSticker/font_3.ttf","pathSaveBitmapFrame":"","pathTexture":"","pointRotate":{"x":342.95236,"y":630.49194},"pointTranslate":{"x":162.95236,"y":450.49194},"rotate":0.09411621,"scale":1.0639932,"speed":1,"speedOfTransformCombo":15,"startColor":-1,"startIndexFrame":190,"stickerTypeTransformCombo":"NONE","stickerTypeTransformIn":"NONE","stickerTypeTransformOut":"NONE","textAlignment":"CENTER","textBlurShadow":0.0,"textColorShadow":-16777216,"textHeightAllLine":48.75,"textHeightOneLine":33.0,"textLetterSpacing":0.16,"textLineSpacing":4.0,"textPadding":15.75,"textSize":36.0,"textSizeDefault":30.0,"textString":"Doo-doo-doo-doo","textStroke":{"color":"#000000","indexPositionInAdapter":-1,"width":0.0},"timeTransformCombo":300,"timeTransformIn":300,"timeTransformOut":300,"titleShow":"","totalFileNeedDownForOneFrame":0,"typeSticker":"TEXT","urlCover":"","widthBitmap":0},{"DOT":".","TYPE_PHOTO":"png","WIDTH_MAX":360,"alpha":255,"countDeltaTime":0.0,"dataFrames":{"isNeedLoadBitmap1":false,"isNeedLoadBitmap2":false,"isNeedLoadBitmap2Loop":false,"isNeedLoadBitmap3":false,"isNeedLoadBitmap4":false,"isNeedLoadBitmap4Loop":false,"isNeedLoadBitmap5":false,"isNeedLoadBitmap6":false,"isNeedLoadBitmap6Loop":false,"isNeedLoadBitmap7":false,"isNeedLoadBitmap8":false,"isNeedLoadBitmap8Loop":false,"isNeedLoadBitmap9":false},"deviationXShadow":0.0,"deviationYShadow":0.0,"duration":1433,"endColor":-1,"endIndexFrame":266,"flip":1.0,"heightBitmap":0,"id":"344233f8f04189998374fea8ead72480","indexColor":0,"indexColorShadow":0,"indexEndFrameTransformCombo":0,"indexEndFrameTransformIn":0,"indexFont":14,"indexFrame":0,"indexStartFrameTransformOut":0,"indexTransition":-1,"isBgText":false,"isBoldText":false,"isDashText":false,"isDashUnderText":false,"isDrawAnim":false,"isFirstFillDataTransformCombo":true,"isInit":true,"isItalicText":false,"isLayerFront":true,"isLoadFrameCache":true,"isTexture":false,"isVisible":true,"linkBubble":"","linkItemFrame":"","linkMask":"","listText":["Baby Shark~"],"modeDraw":"SRC_OVER","pathFolder":"","pathFont":"assetsFontTextSticker/font_3.ttf","pathSaveBitmapFrame":"","pathTexture":"","pointRotate":{"x":162.50015,"y":555.7881},"pointTranslate":{"x":-17.499847,"y":375.7881},"rotate":0.42080688,"scale":0.71529216,"speed":1,"speedOfTransformCombo":15,"startColor":-1,"startIndexFrame":223,"stickerTypeTransformCombo":"NONE","stickerTypeTransformIn":"NONE","stickerTypeTransformOut":"NONE","textAlignment":"CENTER","textBlurShadow":0.0,"textColorShadow":-16777216,"textHeightAllLine":66.75,"textHeightOneLine":51.0,"textLetterSpacing":0.16,"textLineSpacing":4.0,"textPadding":15.75,"textSize":48.0,"textSizeDefault":30.0,"textString":"Baby Shark~","textStroke":{"color":"#000000","indexPositionInAdapter":-1,"width":0.0},"timeTransformCombo":300,"timeTransformIn":300,"timeTransformOut":300,"titleShow":"","totalFileNeedDownForOneFrame":0,"typeSticker":"TEXT","urlCover":"","widthBitmap":0}],"listItemViewDataOnTimeLine":[{"durationEnd":1799,"durationStart":0,"endIndexFrame":54,"indexRowCurrent":0,"indexRowPrevious":0,"keyInHasMap":1654843101510,"linkDownloadMp3":"","nameMp3":"","pathSaveFile":"","startIndexFrame":0,"volume":1.0},{"durationEnd":1366,"durationStart":0,"endIndexFrame":93,"indexRowCurrent":0,"indexRowPrevious":0,"keyInHasMap":1654843101538,"linkDownloadMp3":"","nameMp3":"","pathSaveFile":"","startIndexFrame":54,"volume":1.0},{"durationEnd":1200,"durationStart":0,"endIndexFrame":125,"indexRowCurrent":0,"indexRowPrevious":0,"keyInHasMap":1654843101565,"linkDownloadMp3":"","nameMp3":"","pathSaveFile":"","startIndexFrame":93,"volume":1.0},{"durationEnd":1200,"durationStart":0,"endIndexFrame":160,"indexRowCurrent":0,"indexRowPrevious":0,"keyInHasMap":1654843101602,"linkDownloadMp3":"","nameMp3":"","pathSaveFile":"","startIndexFrame":124,"volume":1.0},{"durationEnd":999,"durationStart":0,"endIndexFrame":190,"indexRowCurrent":0,"indexRowPrevious":0,"keyInHasMap":1654843101632,"linkDownloadMp3":"","nameMp3":"","pathSaveFile":"","startIndexFrame":160,"volume":1.0},{"durationEnd":999,"durationStart":0,"endIndexFrame":220,"indexRowCurrent":0,"indexRowPrevious":0,"keyInHasMap":1654843101663,"linkDownloadMp3":"","nameMp3":"","pathSaveFile":"","startIndexFrame":190,"volume":1.0},{"durationEnd":0,"durationStart":0,"endIndexFrame":266,"indexRowCurrent":0,"indexRowPrevious":0,"keyInHasMap":1654843101700,"linkDownloadMp3":"","nameMp3":"","pathSaveFile":"","startIndexFrame":223,"volume":1.0}]},"timeLastUpdate":1654843184327,"videoEffect":{"listItemEffectData":[{"drawMode":"SCREEN","endIndexFrame":266,"indexFrameDrawCurrent":85,"isCenterCrop":true,"isCenterInside":false,"isDraw":true,"isReloadFromCache":true,"jsonObjectDataOfItem":"","keyEffect":"SERVER","keyInHasMap":1654843184333,"pathFolderEffect":"/data/user/0/videoeditor.moviemaker/files/FOLDER_EFFECT/Cute/13","positionInAdapter":13,"sizeCanvasCurrent":{"x":540,"y":720},"speed":1,"startIndexFrame":0,"title":"Cute 13","totalFrame":266,"uri":"/data/user/0/videoeditor.moviemaker/files/FOLDER_EFFECT/Cute/13/Cute.m4v"}],"listItemViewDataOnTimeLine":[{"durationEnd":0,"durationStart":0,"endIndexFrame":266,"indexRowCurrent":0,"indexRowPrevious":0,"keyInHasMap":1654843047556,"linkDownloadMp3":"","nameMp3":"","pathSaveFile":"","startIndexFrame":0,"volume":1.0}]}}