{"durationVideo":8000,"editor":{"listItemPhotoData":[{"backgroundColor":-657931,"blurBackground":0,"duration":8000,"endIndexFrame":239,"flipHorizontal":1.0,"flipVertical":1.0,"gpuPosition":0,"gpuProgress":0,"heightBitmap":800,"idItemPhoto":"1654848193461","indexEndFrameTransformCombo":0,"indexEndFrameTransformIn":0,"indexStartFrameTransformOut":0,"isCenterCrop":false,"isCenterInside":false,"isCropBitmap":false,"isLoadFromCache":true,"isLocked":false,"itemBackgroundDataEditorBackground":{"folder":"Wave","indexCate":13,"link":"https://photoforapp.s3.ap-southeast-1.amazonaws.com/Video/Background/Wave/9.jpg","positionInAdapter":193},"itemDataTransition":{"indexCate":0,"isMask":false,"keyItem":"","linkCover":"","linkDownload":"","modeDraw":"","nameEn":"","nameVn":"","paintModeDraw":"SRC_OVER","pathFolderOfTransition":"","pathFolderZipOfTransition":"","positionTransitionInAdapter":0,"timeTransitionCurrent":1000,"typeTransition":{"type":"NONE","typeTransition":"NONE"}},"itemTemplateModel":{"duration":0,"heightBitmap":0,"indexSticker":-1,"isCrop":false,"isLocked":false,"md5PathFileOld":"","pathFile":"","rect":{"bottom":0,"left":0,"right":0,"top":0},"typeTemplateModel":"NONE","widthBitmap":0},"linkBackgroundImage":"","objDataAdjust":{"mCurrentBrightnessFilter":50,"mCurrentContrastFilter":50,"mCurrentExposureFilter":50,"mCurrentFadeFilters":0,"mCurrentHighlightFilter":100,"mCurrentHueFilter":0,"mCurrentSaturationFilter":50,"mCurrentShadowFilter":0,"mCurrentSharpenFilter":50,"mCurrentTempFilter":50,"mCurrentVignetteFilter":100,"mListRedoAdjust":[],"mListUndoAdjust":[]},"pathBitmap":"/storage/emulated/0/Pictures/Telegram/IMG_20220610_150240_310.jpg","rotate":0,"rotateAnim":0.0,"scaleAnim":1.0,"startIndexFrame":0,"timeTransformCombo":8000,"timeTransformIn":300,"timeTransformOut":300,"totalFrame":239,"typeBackground":"COLOR","typeTransformCombo":"NONE","typeTransformIn":"NONE","typeTransformOut":"NONE","valueMatrixBitmapDraw":[0.3643982,0.0,34.379868,0.0,0.3643982,26.979553,0.0,0.0,1.0],"widthBitmap":600}]},"frame":{"listItemStickerData":[],"listItemViewDataOnTimeLine":[]},"keyProjectCurrent":"1654848209701","listTemplateModel":{"list":[]},"music":{"listItemMusicData":[{"durationEnd":7999,"durationStart":0,"endIndexFrame":240,"indexRowCurrent":0,"indexRowPrevious":0,"keyInHasMap":1654848214943,"linkDownloadMp3":"/storage/emulated/0/Music/G3Video/Direct_ConvertVideoToMp3_1654847343921.mp3","nameMp3":"Direct_ConvertVideoToMp3_1654847343921.mp3","pathSaveFile":"/storage/emulated/0/Music/G3Video/Direct_ConvertVideoToMp3_1654847343921.mp3","startIndexFrame":0,"volume":1.0}]},"nameVideo":"Template 1654848209701","setting":{"quality":720,"ratio":{"height":4.0,"width":3.0}},"sticker":{"listItemStickerData":[{"DOT":".","TYPE_PHOTO":"png","WIDTH_MAX":360,"alpha":255,"countDeltaTime":0.0,"dataFrames":{"isNeedLoadBitmap1":false,"isNeedLoadBitmap2":false,"isNeedLoadBitmap2Loop":false,"isNeedLoadBitmap3":false,"isNeedLoadBitmap4":false,"isNeedLoadBitmap4Loop":false,"isNeedLoadBitmap5":false,"isNeedLoadBitmap6":false,"isNeedLoadBitmap6Loop":false,"isNeedLoadBitmap7":false,"isNeedLoadBitmap8":false,"isNeedLoadBitmap8Loop":false,"isNeedLoadBitmap9":false},"deviationXShadow":0.0,"deviationYShadow":0.0,"duration":7999,"endColor":-1,"endIndexFrame":240,"flip":1.0,"heightBitmap":360,"id":"37c5d9d745c5abe42d9122a95ea4c48","indexColor":0,"indexColorShadow":0,"indexEndFrameTransformCombo":0,"indexEndFrameTransformIn":0,"indexFont":0,"indexFrame":0,"indexStartFrameTransformOut":0,"indexTransition":-1,"isBgText":false,"isBoldText":false,"isDashText":false,"isDashUnderText":false,"isDrawAnim":false,"isFirstFillDataTransformCombo":true,"isInit":true,"isItalicText":false,"isLayerFront":true,"isLoadFrameCache":true,"isTexture":false,"isVisible":true,"linkBubble":"","linkItemFrame":"","linkMask":"","listText":[],"modeDraw":"SRC_OVER","pathFolder":"/storage/emulated/0/Pictures/Telegram/IMG_20220610_150241_755.jpg","pathFont":"","pathSaveBitmapFrame":"","pathTexture":"","pointRotate":{"x":397.54263,"y":174.83342},"pointTranslate":{"x":262.54263,"y":-5.16658},"rotate":-0.08081055,"scale":0.8219745,"speed":1,"speedOfTransformCombo":15,"startColor":-1,"startIndexFrame":0,"stickerTypeTransformCombo":"NONE","stickerTypeTransformIn":"NONE","stickerTypeTransformOut":"NONE","textAlignment":"CENTER","textBlurShadow":0.0,"textColorShadow":-16777216,"textHeightAllLine":0.0,"textHeightOneLine":0.0,"textLetterSpacing":0.0,"textLineSpacing":4.0,"textPadding":6.0,"textSize":1.0,"textSizeDefault":30.0,"textString":"","textStroke":{"color":"#000000","indexPositionInAdapter":-1,"width":0.0},"timeTransformCombo":300,"timeTransformIn":300,"timeTransformOut":300,"titleShow":"/storage/emulated/0/Pictures/Telegram/IMG_20220610_150241_755.jpg","totalFileNeedDownForOneFrame":0,"typeSticker":"ONE_PHOTO","urlCover":"/storage/emulated/0/Pictures/Telegram/IMG_20220610_150241_755.jpg","widthBitmap":270},{"DOT":".","TYPE_PHOTO":"png","WIDTH_MAX":360,"alpha":255,"countDeltaTime":0.0,"dataFrames":{"isNeedLoadBitmap1":false,"isNeedLoadBitmap2":false,"isNeedLoadBitmap2Loop":false,"isNeedLoadBitmap3":false,"isNeedLoadBitmap4":false,"isNeedLoadBitmap4Loop":false,"isNeedLoadBitmap5":false,"isNeedLoadBitmap6":false,"isNeedLoadBitmap6Loop":false,"isNeedLoadBitmap7":false,"isNeedLoadBitmap8":false,"isNeedLoadBitmap8Loop":false,"isNeedLoadBitmap9":false},"deviationXShadow":0.0,"deviationYShadow":0.0,"duration":7999,"endColor":-1,"endIndexFrame":240,"flip":1.0,"heightBitmap":360,"id":"15fb97bfcf1cbee5ffc0f6933cf6cba7","indexColor":0,"indexColorShadow":0,"indexEndFrameTransformCombo":0,"indexEndFrameTransformIn":0,"indexFont":0,"indexFrame":0,"indexStartFrameTransformOut":0,"indexTransition":-1,"isBgText":false,"isBoldText":false,"isDashText":false,"isDashUnderText":false,"isDrawAnim":false,"isFirstFillDataTransformCombo":true,"isInit":true,"isItalicText":false,"isLayerFront":true,"isLoadFrameCache":true,"isTexture":false,"isVisible":true,"linkBubble":"","linkItemFrame":"","linkMask":"","listText":[],"modeDraw":"SRC_OVER","pathFolder":"/storage/emulated/0/Pictures/Telegram/IMG_20220610_150243_120.jpg","pathFont":"","pathSaveBitmapFrame":"","pathTexture":"","pointRotate":{"x":144.72325,"y":547.64496},"pointTranslate":{"x":9.723251,"y":367.64496},"rotate":0.050491333,"scale":0.82134706,"speed":1,"speedOfTransformCombo":15,"startColor":-1,"startIndexFrame":0,"stickerTypeTransformCombo":"NONE","stickerTypeTransformIn":"NONE","stickerTypeTransformOut":"NONE","textAlignment":"CENTER","textBlurShadow":0.0,"textColorShadow":-16777216,"textHeightAllLine":0.0,"textHeightOneLine":0.0,"textLetterSpacing":0.0,"textLineSpacing":4.0,"textPadding":6.0,"textSize":1.0,"textSizeDefault":30.0,"textString":"","textStroke":{"color":"#000000","indexPositionInAdapter":-1,"width":0.0},"timeTransformCombo":300,"timeTransformIn":300,"timeTransformOut":300,"titleShow":"/storage/emulated/0/Pictures/Telegram/IMG_20220610_150243_120.jpg","totalFileNeedDownForOneFrame":0,"typeSticker":"ONE_PHOTO","urlCover":"/storage/emulated/0/Pictures/Telegram/IMG_20220610_150243_120.jpg","widthBitmap":270},{"DOT":".","TYPE_PHOTO":"png","WIDTH_MAX":360,"alpha":255,"countDeltaTime":0.0,"dataFrames":{"isNeedLoadBitmap1":false,"isNeedLoadBitmap2":false,"isNeedLoadBitmap2Loop":false,"isNeedLoadBitmap3":false,"isNeedLoadBitmap4":false,"isNeedLoadBitmap4Loop":false,"isNeedLoadBitmap5":false,"isNeedLoadBitmap6":false,"isNeedLoadBitmap6Loop":false,"isNeedLoadBitmap7":false,"isNeedLoadBitmap8":false,"isNeedLoadBitmap8Loop":false,"isNeedLoadBitmap9":false},"deviationXShadow":0.0,"deviationYShadow":0.0,"duration":7999,"endColor":-1,"endIndexFrame":240,"flip":1.0,"heightBitmap":360,"id":"247dfbd46a2406bc159e83de535426","indexColor":0,"indexColorShadow":0,"indexEndFrameTransformCombo":0,"indexEndFrameTransformIn":0,"indexFont":0,"indexFrame":0,"indexStartFrameTransformOut":0,"indexTransition":-1,"isBgText":false,"isBoldText":false,"isDashText":false,"isDashUnderText":false,"isDrawAnim":false,"isFirstFillDataTransformCombo":true,"isInit":true,"isItalicText":false,"isLayerFront":true,"isLoadFrameCache":true,"isTexture":false,"isVisible":true,"linkBubble":"","linkItemFrame":"","linkMask":"","listText":[],"modeDraw":"SRC_OVER","pathFolder":"/storage/emulated/0/Pictures/Telegram/IMG_20220610_150243_768.jpg","pathFont":"","pathSaveBitmapFrame":"","pathTexture":"","pointRotate":{"x":401.6496,"y":549.06104},"pointTranslate":{"x":266.6496,"y":369.06104},"rotate":-0.09942627,"scale":0.817958,"speed":1,"speedOfTransformCombo":15,"startColor":-1,"startIndexFrame":0,"stickerTypeTransformCombo":"NONE","stickerTypeTransformIn":"NONE","stickerTypeTransformOut":"NONE","textAlignment":"CENTER","textBlurShadow":0.0,"textColorShadow":-16777216,"textHeightAllLine":0.0,"textHeightOneLine":0.0,"textLetterSpacing":0.0,"textLineSpacing":4.0,"textPadding":6.0,"textSize":1.0,"textSizeDefault":30.0,"textString":"","textStroke":{"color":"#000000","indexPositionInAdapter":-1,"width":0.0},"timeTransformCombo":300,"timeTransformIn":300,"timeTransformOut":300,"titleShow":"/storage/emulated/0/Pictures/Telegram/IMG_20220610_150243_768.jpg","totalFileNeedDownForOneFrame":0,"typeSticker":"ONE_PHOTO","urlCover":"/storage/emulated/0/Pictures/Telegram/IMG_20220610_150243_768.jpg","widthBitmap":270},{"DOT":".","TYPE_PHOTO":"png","WIDTH_MAX":360,"alpha":255,"countDeltaTime":0.0,"dataFrames":{"isNeedLoadBitmap1":false,"isNeedLoadBitmap2":false,"isNeedLoadBitmap2Loop":false,"isNeedLoadBitmap3":false,"isNeedLoadBitmap4":false,"isNeedLoadBitmap4Loop":false,"isNeedLoadBitmap5":false,"isNeedLoadBitmap6":false,"isNeedLoadBitmap6Loop":false,"isNeedLoadBitmap7":false,"isNeedLoadBitmap8":false,"isNeedLoadBitmap8Loop":false,"isNeedLoadBitmap9":false},"deviationXShadow":0.0,"deviationYShadow":0.0,"duration":7999,"endColor":-1,"endIndexFrame":240,"flip":1.0,"heightBitmap":360,"id":"80629239a73e62cbff8990bcbadab26","indexColor":0,"indexColorShadow":0,"indexEndFrameTransformCombo":0,"indexEndFrameTransformIn":0,"indexFont":0,"indexFrame":0,"indexStartFrameTransformOut":0,"indexTransition":-1,"isBgText":false,"isBoldText":false,"isDashText":false,"isDashUnderText":false,"isDrawAnim":false,"isFirstFillDataTransformCombo":true,"isInit":true,"isItalicText":false,"isLayerFront":true,"isLoadFrameCache":true,"isTexture":false,"isVisible":true,"linkBubble":"","linkItemFrame":"","linkMask":"","listText":[],"modeDraw":"SRC_OVER","pathFolder":"https://photoforapp.s3.ap-southeast-1.amazonaws.com/Video/Sticker/GIF_GIF/Shape/14.gif","pathFont":"","pathSaveBitmapFrame":"","pathTexture":"","pointRotate":{"x":262.11777,"y":358.93793},"pointTranslate":{"x":82.11777,"y":178.93793},"rotate":-3.4399567,"scale":0.73810345,"speed":1,"speedOfTransformCombo":15,"startColor":-1,"startIndexFrame":0,"stickerTypeTransformCombo":"NONE","stickerTypeTransformIn":"NONE","stickerTypeTransformOut":"NONE","textAlignment":"CENTER","textBlurShadow":0.0,"textColorShadow":-16777216,"textHeightAllLine":0.0,"textHeightOneLine":0.0,"textLetterSpacing":0.0,"textLineSpacing":4.0,"textPadding":6.0,"textSize":1.0,"textSizeDefault":30.0,"textString":"","textStroke":{"color":"#000000","indexPositionInAdapter":-1,"width":0.0},"timeTransformCombo":300,"timeTransformIn":300,"timeTransformOut":300,"titleShow":"Sh14","totalFileNeedDownForOneFrame":0,"typeSticker":"LIST_PHOTO","urlCover":"https://photoforapp.s3.ap-southeast-1.amazonaws.com/Video/Sticker/GIF_GIF/Shape/14.gif","widthBitmap":360}],"listItemViewDataOnTimeLine":[{"durationEnd":7999,"durationStart":0,"endIndexFrame":240,"indexRowCurrent":0,"indexRowPrevious":0,"keyInHasMap":1654848333637,"linkDownloadMp3":"","nameMp3":"","pathSaveFile":"","startIndexFrame":0,"volume":1.0},{"durationEnd":7999,"durationStart":0,"endIndexFrame":240,"indexRowCurrent":0,"indexRowPrevious":0,"keyInHasMap":1654848413141,"linkDownloadMp3":"","nameMp3":"","pathSaveFile":"","startIndexFrame":0,"volume":1.0},{"durationEnd":7999,"durationStart":0,"endIndexFrame":240,"indexRowCurrent":0,"indexRowPrevious":0,"keyInHasMap":1654848457940,"linkDownloadMp3":"","nameMp3":"","pathSaveFile":"","startIndexFrame":0,"volume":1.0},{"durationEnd":7999,"durationStart":0,"endIndexFrame":240,"indexRowCurrent":0,"indexRowPrevious":0,"keyInHasMap":1654849143771,"linkDownloadMp3":"","nameMp3":"","pathSaveFile":"","startIndexFrame":0,"volume":1.0}]},"text":{"listItemStickerData":[{"DOT":".","TYPE_PHOTO":"png","WIDTH_MAX":360,"alpha":255,"countDeltaTime":0.0,"dataFrames":{"isNeedLoadBitmap1":false,"isNeedLoadBitmap2":false,"isNeedLoadBitmap2Loop":false,"isNeedLoadBitmap3":false,"isNeedLoadBitmap4":false,"isNeedLoadBitmap4Loop":false,"isNeedLoadBitmap5":false,"isNeedLoadBitmap6":false,"isNeedLoadBitmap6Loop":false,"isNeedLoadBitmap7":false,"isNeedLoadBitmap8":false,"isNeedLoadBitmap8Loop":false,"isNeedLoadBitmap9":false},"deviationXShadow":2.0,"deviationYShadow":2.0,"duration":7999,"endColor":-1,"endIndexFrame":240,"flip":1.0,"heightBitmap":0,"id":"1dd3906de4efa2a54ae19698c5fb3852","indexColor":0,"indexColorShadow":0,"indexEndFrameTransformCombo":0,"indexEndFrameTransformIn":0,"indexFont":189,"indexFrame":0,"indexStartFrameTransformOut":0,"indexTransition":-1,"isBgText":false,"isBoldText":false,"isDashText":false,"isDashUnderText":false,"isDrawAnim":false,"isFirstFillDataTransformCombo":true,"isInit":true,"isItalicText":false,"isLayerFront":true,"isLoadFrameCache":true,"isTexture":true,"isVisible":true,"linkBubble":"https://photoforapp.s3.ap-southeast-1.amazonaws.com/Video/TextV2/frame/110/layer_1.png","linkItemFrame":"","linkMask":"https://photoforapp.s3.ap-southeast-1.amazonaws.com/Video/TextV2/frame/110/layer_2_mask.png","listText":["2022"],"modeDraw":"SRC_OVER","pathFolder":"","pathFont":"/data/user/0/videoeditor.moviemaker/files/INTERNAL_FONT_FOLDER_UNZIP/FontNormal3/FontNormal3/Montserrat-SemiBold.ttf","pathSaveBitmapFrame":"","pathTexture":"https://photoforapp.s3.ap-southeast-1.amazonaws.com/Video/TextV2/Style/Gradient/6/texture.jpg","pointRotate":{"x":457.32825,"y":682.18286},"pointTranslate":{"x":277.32825,"y":502.18286},"rotate":-0.58847046,"scale":0.38111544,"speed":1,"speedOfTransformCombo":15,"startColor":-1,"startIndexFrame":0,"stickerTypeTransformCombo":"NONE","stickerTypeTransformIn":"NONE","stickerTypeTransformOut":"NONE","textAlignment":"CENTER","textBlurShadow":1.0,"textColorShadow":-20530,"textHeightAllLine":119.75,"textHeightOneLine":99.0,"textLetterSpacing":0.0,"textLineSpacing":4.0,"textPadding":15.75,"textSize":132.0,"textSizeDefault":30.0,"textString":"2022","textStroke":{"color":"#FFFFFF","indexPositionInAdapter":-1,"width":2.0},"timeTransformCombo":300,"timeTransformIn":300,"timeTransformOut":300,"titleShow":"","totalFileNeedDownForOneFrame":0,"typeSticker":"TEXT","urlCover":"","widthBitmap":0},{"DOT":".","TYPE_PHOTO":"png","WIDTH_MAX":360,"alpha":255,"countDeltaTime":0.0,"dataFrames":{"isNeedLoadBitmap1":false,"isNeedLoadBitmap2":false,"isNeedLoadBitmap2Loop":false,"isNeedLoadBitmap3":false,"isNeedLoadBitmap4":false,"isNeedLoadBitmap4Loop":false,"isNeedLoadBitmap5":false,"isNeedLoadBitmap6":false,"isNeedLoadBitmap6Loop":false,"isNeedLoadBitmap7":false,"isNeedLoadBitmap8":false,"isNeedLoadBitmap8Loop":false,"isNeedLoadBitmap9":false},"deviationXShadow":2.0,"deviationYShadow":2.0,"duration":7999,"endColor":-1,"endIndexFrame":240,"flip":1.0,"heightBitmap":0,"id":"1f32ccf03d78da28652b54184f5e897a","indexColor":0,"indexColorShadow":0,"indexEndFrameTransformCombo":0,"indexEndFrameTransformIn":0,"indexFont":189,"indexFrame":0,"indexStartFrameTransformOut":0,"indexTransition":-1,"isBgText":false,"isBoldText":false,"isDashText":false,"isDashUnderText":false,"isDrawAnim":false,"isFirstFillDataTransformCombo":true,"isInit":true,"isItalicText":false,"isLayerFront":true,"isLoadFrameCache":true,"isTexture":true,"isVisible":true,"linkBubble":"https://photoforapp.s3.ap-southeast-1.amazonaws.com/Video/TextV2/frame/110/layer_1.png","linkItemFrame":"","linkMask":"https://photoforapp.s3.ap-southeast-1.amazonaws.com/Video/TextV2/frame/110/layer_2_mask.png","listText":["2021"],"modeDraw":"SRC_OVER","pathFolder":"","pathFont":"/data/user/0/videoeditor.moviemaker/files/INTERNAL_FONT_FOLDER_UNZIP/FontNormal3/FontNormal3/Montserrat-SemiBold.ttf","pathSaveBitmapFrame":"","pathTexture":"https://photoforapp.s3.ap-southeast-1.amazonaws.com/Video/TextV2/Style/Gradient/7/texture.jpg","pointRotate":{"x":205.76845,"y":680.7667},"pointTranslate":{"x":25.768448,"y":500.76672},"rotate":-0.58847046,"scale":0.38111544,"speed":1,"speedOfTransformCombo":15,"startColor":-1,"startIndexFrame":0,"stickerTypeTransformCombo":"NONE","stickerTypeTransformIn":"NONE","stickerTypeTransformOut":"NONE","textAlignment":"CENTER","textBlurShadow":1.0,"textColorShadow":-3226151,"textHeightAllLine":127.75,"textHeightOneLine":107.0,"textLetterSpacing":0.0,"textLineSpacing":4.0,"textPadding":15.75,"textSize":143.0,"textSizeDefault":30.0,"textString":"2021","textStroke":{"color":"#FFFFFF","indexPositionInAdapter":-1,"width":2.0},"timeTransformCombo":300,"timeTransformIn":300,"timeTransformOut":300,"titleShow":"","totalFileNeedDownForOneFrame":0,"typeSticker":"TEXT","urlCover":"","widthBitmap":0},{"DOT":".","TYPE_PHOTO":"png","WIDTH_MAX":360,"alpha":255,"countDeltaTime":0.0,"dataFrames":{"isNeedLoadBitmap1":false,"isNeedLoadBitmap2":false,"isNeedLoadBitmap2Loop":false,"isNeedLoadBitmap3":false,"isNeedLoadBitmap4":false,"isNeedLoadBitmap4Loop":false,"isNeedLoadBitmap5":false,"isNeedLoadBitmap6":false,"isNeedLoadBitmap6Loop":false,"isNeedLoadBitmap7":false,"isNeedLoadBitmap8":false,"isNeedLoadBitmap8Loop":false,"isNeedLoadBitmap9":false},"deviationXShadow":2.0,"deviationYShadow":2.0,"duration":7999,"endColor":-1,"endIndexFrame":240,"flip":1.0,"heightBitmap":0,"id":"d6f7b492bd445840bdd61498d3b791d0","indexColor":0,"indexColorShadow":0,"indexEndFrameTransformCombo":0,"indexEndFrameTransformIn":0,"indexFont":189,"indexFrame":0,"indexStartFrameTransformOut":0,"indexTransition":-1,"isBgText":false,"isBoldText":false,"isDashText":false,"isDashUnderText":false,"isDrawAnim":false,"isFirstFillDataTransformCombo":true,"isInit":true,"isItalicText":false,"isLayerFront":true,"isLoadFrameCache":true,"isTexture":true,"isVisible":true,"linkBubble":"https://photoforapp.s3.ap-southeast-1.amazonaws.com/Video/TextV2/frame/110/layer_1.png","linkItemFrame":"","linkMask":"https://photoforapp.s3.ap-southeast-1.amazonaws.com/Video/TextV2/frame/110/layer_2_mask.png","listText":["2019"],"modeDraw":"SRC_OVER","pathFolder":"","pathFont":"/data/user/0/videoeditor.moviemaker/files/INTERNAL_FONT_FOLDER_UNZIP/FontNormal3/FontNormal3/Montserrat-SemiBold.ttf","pathSaveBitmapFrame":"","pathTexture":"https://photoforapp.s3.ap-southeast-1.amazonaws.com/Video/TextV2/Style/Gradient/10/texture.jpg","pointRotate":{"x":82.839554,"y":32.86055},"pointTranslate":{"x":-97.160446,"y":-147.13945},"rotate":-0.58847046,"scale":0.38111544,"speed":1,"speedOfTransformCombo":15,"startColor":-1,"startIndexFrame":0,"stickerTypeTransformCombo":"NONE","stickerTypeTransformIn":"NONE","stickerTypeTransformOut":"NONE","textAlignment":"CENTER","textBlurShadow":1.0,"textColorShadow":-9222,"textHeightAllLine":125.75,"textHeightOneLine":105.0,"textLetterSpacing":0.0,"textLineSpacing":4.0,"textPadding":15.75,"textSize":141.0,"textSizeDefault":30.0,"textString":"2019","textStroke":{"color":"#FFFFFF","indexPositionInAdapter":-1,"width":2.0},"timeTransformCombo":300,"timeTransformIn":300,"timeTransformOut":300,"titleShow":"","totalFileNeedDownForOneFrame":0,"typeSticker":"TEXT","urlCover":"","widthBitmap":0},{"DOT":".","TYPE_PHOTO":"png","WIDTH_MAX":360,"alpha":255,"countDeltaTime":0.0,"dataFrames":{"isNeedLoadBitmap1":false,"isNeedLoadBitmap2":false,"isNeedLoadBitmap2Loop":false,"isNeedLoadBitmap3":false,"isNeedLoadBitmap4":false,"isNeedLoadBitmap4Loop":false,"isNeedLoadBitmap5":false,"isNeedLoadBitmap6":false,"isNeedLoadBitmap6Loop":false,"isNeedLoadBitmap7":false,"isNeedLoadBitmap8":false,"isNeedLoadBitmap8Loop":false,"isNeedLoadBitmap9":false},"deviationXShadow":2.4,"deviationYShadow":0.0,"duration":7999,"endColor":-1,"endIndexFrame":240,"flip":1.0,"heightBitmap":0,"id":"f4c916c0dbca485c11fff19e6a6a18b","indexColor":0,"indexColorShadow":52,"indexEndFrameTransformCombo":0,"indexEndFrameTransformIn":0,"indexFont":189,"indexFrame":0,"indexStartFrameTransformOut":0,"indexTransition":-1,"isBgText":false,"isBoldText":false,"isDashText":false,"isDashUnderText":false,"isDrawAnim":false,"isFirstFillDataTransformCombo":true,"isInit":true,"isItalicText":false,"isLayerFront":true,"isLoadFrameCache":true,"isTexture":true,"isVisible":true,"linkBubble":"https://photoforapp.s3.ap-southeast-1.amazonaws.com/Video/TextV2/frame/110/layer_1.png","linkItemFrame":"","linkMask":"https://photoforapp.s3.ap-southeast-1.amazonaws.com/Video/TextV2/frame/110/layer_2_mask.png","listText":["2020"],"modeDraw":"SRC_OVER","pathFolder":"","pathFont":"/data/user/0/videoeditor.moviemaker/files/INTERNAL_FONT_FOLDER_UNZIP/FontNormal3/FontNormal3/Montserrat-SemiBold.ttf","pathSaveBitmapFrame":"","pathTexture":"https://photoforapp.s3.ap-southeast-1.amazonaws.com/Video/TextV2/Style/Blue/16/texture.jpg","pointRotate":{"x":338.59198,"y":34.27675},"pointTranslate":{"x":158.59196,"y":-145.72325},"rotate":-0.85918427,"scale":0.41840243,"speed":1,"speedOfTransformCombo":15,"startColor":-1,"startIndexFrame":0,"stickerTypeTransformCombo":"NONE","stickerTypeTransformIn":"NONE","stickerTypeTransformOut":"NONE","textAlignment":"CENTER","textBlurShadow":1.4,"textColorShadow":-8812853,"textHeightAllLine":116.75,"textHeightOneLine":95.0,"textLetterSpacing":0.0,"textLineSpacing":4.0,"textPadding":15.75,"textSize":126.0,"textSizeDefault":30.0,"textString":"2020","textStroke":{"color":"#FFFFFF","indexPositionInAdapter":-1,"width":2.0},"timeTransformCombo":300,"timeTransformIn":300,"timeTransformOut":300,"titleShow":"","totalFileNeedDownForOneFrame":0,"typeSticker":"TEXT","urlCover":"","widthBitmap":0}],"listItemViewDataOnTimeLine":[{"durationEnd":7999,"durationStart":0,"endIndexFrame":240,"indexRowCurrent":0,"indexRowPrevious":0,"keyInHasMap":1654848492086,"linkDownloadMp3":"","nameMp3":"","pathSaveFile":"","startIndexFrame":0,"volume":1.0},{"durationEnd":0,"durationStart":0,"endIndexFrame":240,"indexRowCurrent":0,"indexRowPrevious":0,"keyInHasMap":1654848856538,"linkDownloadMp3":"","nameMp3":"","pathSaveFile":"","startIndexFrame":0,"volume":1.0},{"durationEnd":0,"durationStart":0,"endIndexFrame":240,"indexRowCurrent":0,"indexRowPrevious":0,"keyInHasMap":1654848935609,"linkDownloadMp3":"","nameMp3":"","pathSaveFile":"","startIndexFrame":0,"volume":1.0},{"durationEnd":0,"durationStart":0,"endIndexFrame":240,"indexRowCurrent":0,"indexRowPrevious":0,"keyInHasMap":1654848991389,"linkDownloadMp3":"","nameMp3":"","pathSaveFile":"","startIndexFrame":0,"volume":1.0}]},"timeLastUpdate":1654849229100,"videoEffect":{"listItemEffectData":[],"listItemViewDataOnTimeLine":[]}}