{
  "durationVideo": 11000,
  "editor": {
    "listItemPhotoData": [
      {
        "backgroundColor": -16777216,
        "blurBackground": 0,
        "duration": 11000,
        "endIndexFrame": 329,
        "flipHorizontal": 1.0,
        "flipVertical": 1.0,
        "gpuPosition": 0,
        "gpuProgress": 0,
        "heightBitmap": 1200,
        "idItemPhoto": "1657179656194",
        "indexEndFrameTransformCombo": 0,
        "indexEndFrameTransformIn": 0,
        "indexStartFrameTransformOut": 0,
        "isCalledCutBody": false,
        "isCenterCrop": false,
        "isCenterInside": true,
        "isCropBitmap": false,
        "isLoadFromCache": true,
        "isLocked": false,
        "itemDataTransition": {
          "indexCate": 0,
          "isMask": false,
          "keyItem": "",
          "linkCover": "",
          "linkDownload": "",
          "modeDraw": "",
          "nameEn": "",
          "nameVn": "",
          "paintModeDraw": "SRC_OVER",
          "pathFolderOfTransition": "",
          "pathFolderZipOfTransition": "",
          "positionTransitionInAdapter": 0,
          "timeTransitionCurrent": 1000,
          "typeTransition": {
            "type": "NONE",
            "typeTransition": "NONE"
          }
        },
        "itemOverlayDataEditorOverlay": {
          "alpha": 76,
          "folder": "Gradient",
          "indexCate": 9,
          "link": "https://photoforapp.s3.ap-southeast-1.amazonaws.com/PhotoFilter/PhotoFilter_V2/Filter/Gradient/5.jpg",
          "modeDraw": "OVERLAY",
          "positionInAdapter": 155
        },
        "itemTemplateModel": {
          "duration": 0,
          "heightBitmap": 0,
          "indexSticker": -1,
          "isCrop": false,
          "isLocked": false,
          "md5PathFileOld": "",
          "pathFile": "",
          "rect": {
            "bottom": 0,
            "left": 0,
            "right": 0,
            "top": 0
          },
          "typeTemplateModel": "NONE",
          "widthBitmap": 0
        },
        "linkBackgroundImage": "",
        "objDataAdjust": {
          "mCurrentBrightnessFilter": 46,
          "mCurrentContrastFilter": 45,
          "mCurrentExposureFilter": 50,
          "mCurrentFadeFilters": 23,
          "mCurrentHighlightFilter": 100,
          "mCurrentHueFilter": 0,
          "mCurrentSaturationFilter": 43,
          "mCurrentShadowFilter": 0,
          "mCurrentSharpenFilter": 50,
          "mCurrentTempFilter": 70,
          "mCurrentVignetteFilter": 54,
          "mListRedoAdjust": [],
          "mListUndoAdjust": [
            {
              "mCurrentBrightnessFilter": 46,
              "mCurrentContrastFilter": 50,
              "mCurrentExposureFilter": 50,
              "mCurrentFadeFilters": 0,
              "mCurrentHighlightFilter": 100,
              "mCurrentHueFilter": 0,
              "mCurrentSaturationFilter": 50,
              "mCurrentShadowFilter": 0,
              "mCurrentSharpenFilter": 50,
              "mCurrentTempFilter": 50,
              "mCurrentVignetteFilter": 100,
              "position": 1
            },
            {
              "mCurrentBrightnessFilter": 46,
              "mCurrentContrastFilter": 45,
              "mCurrentExposureFilter": 50,
              "mCurrentFadeFilters": 0,
              "mCurrentHighlightFilter": 100,
              "mCurrentHueFilter": 0,
              "mCurrentSaturationFilter": 50,
              "mCurrentShadowFilter": 0,
              "mCurrentSharpenFilter": 50,
              "mCurrentTempFilter": 50,
              "mCurrentVignetteFilter": 100,
              "position": 2
            },
            {
              "mCurrentBrightnessFilter": 46,
              "mCurrentContrastFilter": 45,
              "mCurrentExposureFilter": 50,
              "mCurrentFadeFilters": 0,
              "mCurrentHighlightFilter": 100,
              "mCurrentHueFilter": 0,
              "mCurrentSaturationFilter": 43,
              "mCurrentShadowFilter": 0,
              "mCurrentSharpenFilter": 50,
              "mCurrentTempFilter": 50,
              "mCurrentVignetteFilter": 100,
              "position": 4
            },
            {
              "mCurrentBrightnessFilter": 46,
              "mCurrentContrastFilter": 45,
              "mCurrentExposureFilter": 50,
              "mCurrentFadeFilters": 0,
              "mCurrentHighlightFilter": 100,
              "mCurrentHueFilter": 0,
              "mCurrentSaturationFilter": 43,
              "mCurrentShadowFilter": 0,
              "mCurrentSharpenFilter": 50,
              "mCurrentTempFilter": 50,
              "mCurrentVignetteFilter": 100,
              "position": 10
            },
            {
              "mCurrentBrightnessFilter": 46,
              "mCurrentContrastFilter": 45,
              "mCurrentExposureFilter": 50,
              "mCurrentFadeFilters": 0,
              "mCurrentHighlightFilter": 100,
              "mCurrentHueFilter": 0,
              "mCurrentSaturationFilter": 43,
              "mCurrentShadowFilter": 0,
              "mCurrentSharpenFilter": 50,
              "mCurrentTempFilter": 50,
              "mCurrentVignetteFilter": 100,
              "position": 9
            },
            {
              "mCurrentBrightnessFilter": 46,
              "mCurrentContrastFilter": 45,
              "mCurrentExposureFilter": 50,
              "mCurrentFadeFilters": 0,
              "mCurrentHighlightFilter": 100,
              "mCurrentHueFilter": 0,
              "mCurrentSaturationFilter": 43,
              "mCurrentShadowFilter": 0,
              "mCurrentSharpenFilter": 50,
              "mCurrentTempFilter": 50,
              "mCurrentVignetteFilter": 100,
              "position": 10
            },
            {
              "mCurrentBrightnessFilter": 46,
              "mCurrentContrastFilter": 45,
              "mCurrentExposureFilter": 50,
              "mCurrentFadeFilters": 0,
              "mCurrentHighlightFilter": 100,
              "mCurrentHueFilter": 0,
              "mCurrentSaturationFilter": 43,
              "mCurrentShadowFilter": 0,
              "mCurrentSharpenFilter": 50,
              "mCurrentTempFilter": 70,
              "mCurrentVignetteFilter": 100,
              "position": 11
            },
            {
              "mCurrentBrightnessFilter": 46,
              "mCurrentContrastFilter": 45,
              "mCurrentExposureFilter": 50,
              "mCurrentFadeFilters": 23,
              "mCurrentHighlightFilter": 100,
              "mCurrentHueFilter": 0,
              "mCurrentSaturationFilter": 43,
              "mCurrentShadowFilter": 0,
              "mCurrentSharpenFilter": 50,
              "mCurrentTempFilter": 70,
              "mCurrentVignetteFilter": 100,
              "position": 8
            },
            {
              "mCurrentBrightnessFilter": 46,
              "mCurrentContrastFilter": 45,
              "mCurrentExposureFilter": 50,
              "mCurrentFadeFilters": 23,
              "mCurrentHighlightFilter": 100,
              "mCurrentHueFilter": 0,
              "mCurrentSaturationFilter": 43,
              "mCurrentShadowFilter": 0,
              "mCurrentSharpenFilter": 50,
              "mCurrentTempFilter": 70,
              "mCurrentVignetteFilter": 54,
              "position": 7
            }
          ]
        },
        "pathBitmap": "/storage/emulated/0/Pictures/Telegram/IMG_20220707_144041_555.jpg",
        "rotate": 0,
        "rotateAnim": 0.0,
        "scaleAnim": 1.0,
        "startIndexFrame": 0,
        "timeTransformCombo": 11000,
        "timeTransformIn": 300,
        "timeTransformOut": 300,
        "totalFrame": 329,
        "typeBackground": "COLOR",
        "typeTransformCombo": "NONE",
        "typeTransformIn": "NONE",
        "typeTransformOut": "NONE",
        "valueMatrixBitmapDraw": [
          0.61,
          0.0,
          -4.5,
          0.0,
          0.61,
          -6.0000153,
          0.0,
          0.0,
          1.0
        ],
        "widthBitmap": 900
      }
    ]
  },
  "frame": {
    "listItemStickerData": [],
    "listItemViewDataOnTimeLine": []
  },
  "keyProjectCurrent": "1657179657260",
  "listTemplateModel": {
    "list": []
  },
  "music": {
    "listItemMusicData": [
      {
        "durationEnd": 10969,
        "durationFadeIn": 0,
        "durationFadeOut": 0,
        "durationStart": 0,
        "endIndexFrame": 330,
        "indexRowCurrent": 0,
        "indexRowPrevious": 0,
        "keyInHasMap": 1657179676832,
        "linkDownloadMp3": "/storage/emulated/0/Music/G3Video/Direct_ConvertVideoToMp3_1657179672238.mp3",
        "nameMp3": "Direct_ConvertVideoToMp3_1657179672238.mp3",
        "pathDefault": "/storage/emulated/0/Music/G3Video/Direct_ConvertVideoToMp3_1657179672238.mp3",
        "pathSaveFile": "/storage/emulated/0/Music/G3Video/Direct_ConvertVideoToMp3_1657179672238.mp3",
        "positionEffectVoice": 0,
        "speedAudio": 1.0,
        "startIndexFrame": 1,
        "volume": 1.0
      }
    ]
  },
  "nameVideo": "Template 1657179657260",
  "setting": {
    "quality": 720,
    "ratio": {
      "height": 1.3333334,
      "width": 1.0
    }
  },
  "sticker": {
    "listItemStickerData": [],
    "listItemViewDataOnTimeLine": []
  },
  "text": {
    "listItemStickerData": [
      {
        "DOT": ".",
        "TYPE_PHOTO": "png",
        "WIDTH_MAX": 360,
        "alpha": 255,
        "animTextModel": {
          "easeCombo": "LINEAR",
          "easeIn": "LINEAR",
          "easeOut": "LINEAR",
          "endIndexFrameCombo": 330,
          "endIndexFrameIn": 0,
          "endIndexFrameOut": 330,
          "percentIn": 0.0,
          "percentOut": 0.0,
          "percentSpeedCombo": 30.0,
          "speedFrameCombo": 0,
          "startIndexFrameCombo": 0,
          "startIndexFrameIn": 0,
          "startIndexFrameOut": 0,
          "typeAnimTextCombo": "NONE",
          "typeAnimTextIn": "NONE_IN",
          "typeAnimTextOut": "NONE_OUT"
        },
        "countDeltaTime": 0.0,
        "dataFrames": {
          "isNeedLoadBitmap1": false,
          "isNeedLoadBitmap2": false,
          "isNeedLoadBitmap2Loop": false,
          "isNeedLoadBitmap3": false,
          "isNeedLoadBitmap4": false,
          "isNeedLoadBitmap4Loop": false,
          "isNeedLoadBitmap5": false,
          "isNeedLoadBitmap6": false,
          "isNeedLoadBitmap6Loop": false,
          "isNeedLoadBitmap7": false,
          "isNeedLoadBitmap8": false,
          "isNeedLoadBitmap8Loop": false,
          "isNeedLoadBitmap9": false
        },
        "deviationXShadow": 0.0,
        "deviationYShadow": 0.0,
        "duration": 11000,
        "endColor": -37120,
        "endIndexFrame": 330,
        "flip": 1.0,
        "heightBitmap": 0,
        "id": "9b8e218fe6b1290c720b675a35ac757",
        "indexColor": 15,
        "indexColorShadow": 0,
        "indexEndFrameTransformCombo": 0,
        "indexEndFrameTransformIn": 0,
        "indexFont": 113,
        "indexFrame": 0,
        "indexStartFrameTransformOut": 0,
        "indexTransition": -1,
        "isBgText": false,
        "isBoldText": false,
        "isDashText": false,
        "isDashUnderText": false,
        "isDrawAnim": false,
        "isFirstFillDataTransformCombo": true,
        "isInit": true,
        "isItalicText": false,
        "isLayerFront": true,
        "isLoadFrameCache": true,
        "isTexture": false,
        "isVisible": true,
        "linkBubble": "",
        "linkItemFrame": "",
        "linkMask": "",
        "listText": [
          "● 07 07 2022"
        ],
        "modeDraw": "SRC_OVER",
        "pathFolder": "",
        "pathFont": "/data/user/0/videoeditor.moviemaker/files/INTERNAL_FONT_FOLDER_UNZIP/luxury/luxury/ELEGN___.TTF",
        "pathSaveBitmapFrame": "",
        "pathTexture": "",
        "pointRotate": {
          "x": 42.187485,
          "y": 577.66956
        },
        "pointTranslate": {
          "x": -137.81252,
          "y": 397.66953
        },
        "rotate": 270.31946,
        "scale": 0.64180166,
        "speed": 1,
        "speedOfTransformCombo": 15,
        "startColor": -37120,
        "startIndexFrame": 0,
        "stickerTypeTransformCombo": "NONE",
        "stickerTypeTransformIn": "NONE",
        "stickerTypeTransformOut": "NONE",
        "textAlignment": "CENTER",
        "textBlurShadow": 0.0,
        "textColorShadow": -16777216,
        "textHeightAllLine": 48.75,
        "textHeightOneLine": 33.0,
        "textLetterSpacing": 0.28,
        "textLineSpacing": 4.0,
        "textPadding": 15.75,
        "textSize": 41.0,
        "textSizeDefault": 30.0,
        "textString": "● 07 07 2022",
        "textStroke": {
          "color": "#000000",
          "indexPositionInAdapter": -1,
          "width": 0.0
        },
        "timeTransformCombo": 300,
        "timeTransformIn": 300,
        "timeTransformOut": 300,
        "titleShow": "",
        "totalFileNeedDownForOneFrame": 0,
        "typeSticker": "TEXT",
        "urlCover": "",
        "widthBitmap": 0
      },
      {
        "DOT": ".",
        "TYPE_PHOTO": "png",
        "WIDTH_MAX": 360,
        "alpha": 255,
        "animTextModel": {
          "easeCombo": "LINEAR",
          "easeIn": "LINEAR",
          "easeOut": "LINEAR",
          "endIndexFrameCombo": 330,
          "endIndexFrameIn": 0,
          "endIndexFrameOut": 330,
          "percentIn": 0.0,
          "percentOut": 0.0,
          "percentSpeedCombo": 30.0,
          "speedFrameCombo": 0,
          "startIndexFrameCombo": 0,
          "startIndexFrameIn": 0,
          "startIndexFrameOut": 0,
          "typeAnimTextCombo": "NONE",
          "typeAnimTextIn": "NONE_IN",
          "typeAnimTextOut": "NONE_OUT"
        },
        "countDeltaTime": 0.0,
        "dataFrames": {
          "isNeedLoadBitmap1": false,
          "isNeedLoadBitmap2": false,
          "isNeedLoadBitmap2Loop": false,
          "isNeedLoadBitmap3": false,
          "isNeedLoadBitmap4": false,
          "isNeedLoadBitmap4Loop": false,
          "isNeedLoadBitmap5": false,
          "isNeedLoadBitmap6": false,
          "isNeedLoadBitmap6Loop": false,
          "isNeedLoadBitmap7": false,
          "isNeedLoadBitmap8": false,
          "isNeedLoadBitmap8Loop": false,
          "isNeedLoadBitmap9": false
        },
        "deviationXShadow": 0.0,
        "deviationYShadow": 0.0,
        "duration": 11000,
        "endColor": -37120,
        "endIndexFrame": 330,
        "flip": 1.0,
        "heightBitmap": 0,
        "id": "9dfb34957893a6b73ca728a05fc5ac0",
        "indexColor": 15,
        "indexColorShadow": 0,
        "indexEndFrameTransformCombo": 0,
        "indexEndFrameTransformIn": 0,
        "indexFont": 113,
        "indexFrame": 0,
        "indexStartFrameTransformOut": 0,
        "indexTransition": -1,
        "isBgText": false,
        "isBoldText": false,
        "isDashText": false,
        "isDashUnderText": false,
        "isDrawAnim": false,
        "isFirstFillDataTransformCombo": true,
        "isInit": true,
        "isItalicText": false,
        "isLayerFront": true,
        "isLoadFrameCache": true,
        "isTexture": false,
        "isVisible": true,
        "linkBubble": "",
        "linkItemFrame": "",
        "linkMask": "",
        "listText": [
          "● 07 07 2022"
        ],
        "modeDraw": "SRC_OVER",
        "pathFolder": "",
        "pathFont": "/data/user/0/videoeditor.moviemaker/files/INTERNAL_FONT_FOLDER_UNZIP/luxury/luxury/ELEGN___.TTF",
        "pathSaveBitmapFrame": "",
        "pathTexture": "",
        "pointRotate": {
          "x": 497.8125,
          "y": 124.37839
        },
        "pointTranslate": {
          "x": 317.8125,
          "y": -55.621613
        },
        "rotate": 270.31946,
        "scale": 0.64180166,
        "speed": 1,
        "speedOfTransformCombo": 15,
        "startColor": -37120,
        "startIndexFrame": 0,
        "stickerTypeTransformCombo": "NONE",
        "stickerTypeTransformIn": "NONE",
        "stickerTypeTransformOut": "NONE",
        "textAlignment": "CENTER",
        "textBlurShadow": 0.0,
        "textColorShadow": -16777216,
        "textHeightAllLine": 48.75,
        "textHeightOneLine": 33.0,
        "textLetterSpacing": 0.28,
        "textLineSpacing": 4.0,
        "textPadding": 15.75,
        "textSize": 41.0,
        "textSizeDefault": 30.0,
        "textString": "● 07 07 2022",
        "textStroke": {
          "color": "#000000",
          "indexPositionInAdapter": -1,
          "width": 0.0
        },
        "timeTransformCombo": 300,
        "timeTransformIn": 300,
        "timeTransformOut": 300,
        "titleShow": "",
        "totalFileNeedDownForOneFrame": 0,
        "typeSticker": "TEXT",
        "urlCover": "",
        "widthBitmap": 0
      }
    ],
    "listItemViewDataOnTimeLine": [
      {
        "durationEnd": 0,
        "durationFadeIn": 0,
        "durationFadeOut": 0,
        "durationStart": 0,
        "endIndexFrame": 330,
        "indexRowCurrent": 0,
        "indexRowPrevious": 0,
        "keyInHasMap": 1657185069229,
        "linkDownloadMp3": "",
        "nameMp3": "",
        "pathDefault": "",
        "pathSaveFile": "",
        "positionEffectVoice": 0,
        "speedAudio": 1.0,
        "startIndexFrame": 0,
        "volume": 1.0
      },
      {
        "durationEnd": 0,
        "durationFadeIn": 0,
        "durationFadeOut": 0,
        "durationStart": 0,
        "endIndexFrame": 330,
        "indexRowCurrent": 0,
        "indexRowPrevious": 0,
        "keyInHasMap": 1657185069239,
        "linkDownloadMp3": "",
        "nameMp3": "",
        "pathDefault": "",
        "pathSaveFile": "",
        "positionEffectVoice": 0,
        "speedAudio": 1.0,
        "startIndexFrame": 0,
        "volume": 1.0
      }
    ]
  },
  "timeLastUpdate": 1657185073164,
  "videoEffect": {
    "listItemEffectData": [
      {
        "drawMode": "SCREEN",
        "endIndexFrame": 330,
        "indexFrameDrawCurrent": 58,
        "isCenterCrop": true,
        "isCenterInside": false,
        "isDraw": true,
        "isNeedCutBody": false,
        "isReloadFromCache": true,
        "jsonObjectDataOfItem": "",
        "keyEffect": "SERVER",
        "keyInHasMap": 1657185073164,
        "pathFolderEffect": "/data/user/0/videoeditor.moviemaker/files/FOLDER_EFFECT/Retro/0",
        "positionInAdapter": 0,
        "speed": 1,
        "startIndexFrame": 0,
        "title": "Retro 0",
        "totalFrame": 330,
        "uri": "/data/user/0/videoeditor.moviemaker/files/FOLDER_EFFECT/Retro/0/Retro.m4v"
      }
    ],
    "listItemViewDataOnTimeLine": [
      {
        "durationEnd": 0,
        "durationFadeIn": 0,
        "durationFadeOut": 0,
        "durationStart": 0,
        "endIndexFrame": 330,
        "indexRowCurrent": 0,
        "indexRowPrevious": 0,
        "keyInHasMap": 1657180135630,
        "linkDownloadMp3": "",
        "nameMp3": "",
        "pathDefault": "",
        "pathSaveFile": "",
        "positionEffectVoice": 0,
        "speedAudio": 1.0,
        "startIndexFrame": 0,
        "volume": 1.0
      }
    ]
  }
}