{"durationVideo":8433,"editor":{"listItemPhotoData":[{"backgroundColor":-16777216,"blurBackground":0,"duration":3433,"endIndexFrame":102,"flipHorizontal":1.0,"flipVertical":1.0,"gpuPosition":0,"gpuProgress":0,"heightBitmap":800,"idItemPhoto":"1654765825704","indexEndFrameTransformCombo":102,"indexEndFrameTransformIn":0,"indexStartFrameTransformOut":0,"isCenterCrop":false,"isCenterInside":true,"isCropBitmap":false,"isLoadFromCache":true,"isLocked":false,"itemDataTransition":{"indexCate":2,"indexItem":6,"isMask":false,"keyItem":"CAMERA_LEFT","linkCover":"https://photoforapp.s3.ap-southeast-1.amazonaws.com/Video/TransitionsServer/Camera/Icon/CAMERA_LEFT.gif","linkDownload":"https://photoforapp.s3.ap-southeast-1.amazonaws.com/Video/TransitionsServer/Camera/CAMERA_LEFT.zip","modeDraw":"","nameEn":"Left","nameVn":"Trái","paintModeDraw":"SRC_OVER","pathFolderOfTransition":"","pathFolderZipOfTransition":"","positionTransitionInAdapter":24,"timeTransitionCurrent":680,"typeTransition":{"type":"CAMERA","typeTransition":"CAMERA_LEFT"}},"itemTemplateModel":{"duration":0,"heightBitmap":0,"indexSticker":-1,"isCrop":false,"isLocked":false,"md5PathFileOld":"","pathFile":"","rect":{"bottom":0,"left":0,"right":0,"top":0},"typeTemplateModel":"NONE","widthBitmap":0},"linkBackgroundImage":"","objDataAdjust":{"mCurrentBrightnessFilter":50,"mCurrentContrastFilter":50,"mCurrentExposureFilter":50,"mCurrentFadeFilters":0,"mCurrentHighlightFilter":100,"mCurrentHueFilter":0,"mCurrentSaturationFilter":50,"mCurrentShadowFilter":0,"mCurrentSharpenFilter":50,"mCurrentTempFilter":50,"mCurrentVignetteFilter":100,"mListRedoAdjust":[],"mListUndoAdjust":[]},"pathBitmap":"/storage/emulated/0/Pictures/Telegram/IMG_20220609_160950_788.jpg","rotate":0,"rotateAnim":0.0,"scaleAnim":1.0,"startIndexFrame":0,"timeTransformCombo":3433,"timeTransformIn":300,"timeTransformOut":300,"totalFrame":102,"typeBackground":"COLOR","typeTransformCombo":"TRAIN_1","typeTransformIn":"NONE","typeTransformOut":"NONE","valueMatrixBitmapDraw":[0.9,0.0,0.0,0.0,0.9,0.0,0.0,0.0,1.0],"widthBitmap":600},{"backgroundColor":-16777216,"blurBackground":0,"duration":5000,"endIndexFrame":252,"flipHorizontal":1.0,"flipVertical":1.0,"gpuPosition":0,"gpuProgress":0,"heightBitmap":800,"idItemPhoto":"1654765825916","indexEndFrameTransformCombo":0,"indexEndFrameTransformIn":0,"indexStartFrameTransformOut":0,"isCenterCrop":false,"isCenterInside":true,"isCropBitmap":false,"isLoadFromCache":true,"isLocked":false,"itemDataTransition":{"indexCate":0,"isMask":false,"keyItem":"","linkCover":"","linkDownload":"","modeDraw":"","nameEn":"","nameVn":"","paintModeDraw":"SRC_OVER","pathFolderOfTransition":"","pathFolderZipOfTransition":"","positionTransitionInAdapter":0,"timeTransitionCurrent":1000,"typeTransition":{"type":"NONE","typeTransition":"NONE"}},"itemTemplateModel":{"duration":0,"heightBitmap":0,"indexSticker":-1,"isCrop":false,"isLocked":false,"md5PathFileOld":"","pathFile":"","rect":{"bottom":0,"left":0,"right":0,"top":0},"typeTemplateModel":"NONE","widthBitmap":0},"linkBackgroundImage":"","objDataAdjust":{"mCurrentBrightnessFilter":50,"mCurrentContrastFilter":50,"mCurrentExposureFilter":50,"mCurrentFadeFilters":0,"mCurrentHighlightFilter":100,"mCurrentHueFilter":0,"mCurrentSaturationFilter":50,"mCurrentShadowFilter":0,"mCurrentSharpenFilter":50,"mCurrentTempFilter":50,"mCurrentVignetteFilter":100,"mListRedoAdjust":[],"mListUndoAdjust":[]},"pathBitmap":"/storage/emulated/0/Pictures/Telegram/IMG_20220609_160951_665.jpg","rotate":0,"rotateAnim":0.0,"scaleAnim":1.0,"startIndexFrame":103,"timeTransformCombo":5000,"timeTransformIn":300,"timeTransformOut":300,"totalFrame":149,"typeBackground":"COLOR","typeTransformCombo":"NONE","typeTransformIn":"NONE","typeTransformOut":"NONE","valueMatrixBitmapDraw":[0.9,0.0,0.0,0.0,0.9,0.0,0.0,0.0,1.0],"widthBitmap":600}]},"frame":{"listItemStickerData":[],"listItemViewDataOnTimeLine":[]},"keyProjectCurrent":"1654765828189","listTemplateModel":{"list":[]},"music":{"listItemMusicData":[{"durationEnd":8433,"durationStart":0,"endIndexFrame":253,"indexRowCurrent":0,"indexRowPrevious":0,"keyInHasMap":1654765925685,"linkDownloadMp3":"/storage/emulated/0/Music/G3Video/Direct_ConvertVideoToMp3_1654765865559.mp3","nameMp3":"Direct_ConvertVideoToMp3_1654765865559.mp3","pathSaveFile":"/storage/emulated/0/Music/G3Video/Direct_ConvertVideoToMp3_1654765865559.mp3","startIndexFrame":0,"volume":1.0}]},"nameVideo":"Template 1654765828189","setting":{"quality":720,"ratio":{"height":1.3333334,"width":1.0}},"sticker":{"listItemStickerData":[],"listItemViewDataOnTimeLine":[]},"text":{"listItemStickerData":[{"DOT":".","TYPE_PHOTO":"png","WIDTH_MAX":360,"alpha":255,"countDeltaTime":0.0,"dataFrames":{"isNeedLoadBitmap1":false,"isNeedLoadBitmap2":false,"isNeedLoadBitmap2Loop":false,"isNeedLoadBitmap3":false,"isNeedLoadBitmap4":false,"isNeedLoadBitmap4Loop":false,"isNeedLoadBitmap5":false,"isNeedLoadBitmap6":false,"isNeedLoadBitmap6Loop":false,"isNeedLoadBitmap7":false,"isNeedLoadBitmap8":false,"isNeedLoadBitmap8Loop":false,"isNeedLoadBitmap9":false},"deviationXShadow":0.0,"deviationYShadow":0.0,"duration":3433,"endColor":-1,"endIndexFrame":103,"flip":1.0,"heightBitmap":0,"id":"c2b1bc2655784611fa8ad33e591295a","indexColor":0,"indexColorShadow":0,"indexEndFrameTransformCombo":102,"indexEndFrameTransformIn":0,"indexFont":120,"indexFrame":0,"indexStartFrameTransformOut":0,"indexTransition":-1,"isBgText":false,"isBoldText":false,"isDashText":false,"isDashUnderText":false,"isDrawAnim":false,"isFirstFillDataTransformCombo":false,"isInit":true,"isItalicText":false,"isLayerFront":true,"isLoadFrameCache":true,"isTexture":false,"isVisible":false,"linkBubble":"","linkItemFrame":"","linkMask":"","listText":["Me"],"modeDraw":"SRC_OVER","pathFolder":"","pathFont":"/data/user/0/videoeditor.moviemaker/files/INTERNAL_FONT_FOLDER_UNZIP/FontNormal1/FontNormal1/FestivoLC-BasicRLine.otf","pathSaveBitmapFrame":"","pathTexture":"https://photoforapp.s3.ap-southeast-1.amazonaws.com/Video/TextV2/Style/Basic/11/texture.jpg","pointRotate":{"x":120.23811,"y":592.96295},"pointTranslate":{"x":-59.761887,"y":412.96295},"rotate":0.71092224,"scale":0.35625452,"speed":1,"speedOfTransformCombo":18,"startColor":-1,"startIndexFrame":0,"stickerTypeTransformCombo":"JIGGLE","stickerTypeTransformIn":"NONE","stickerTypeTransformOut":"NONE","textAlignment":"CENTER","textBlurShadow":0.0,"textColorShadow":-16777216,"textHeightAllLine":258.75,"textHeightOneLine":238.0,"textLetterSpacing":0.0,"textLineSpacing":4.0,"textPadding":15.75,"textSize":298.0,"textSizeDefault":30.0,"textString":"Me","textStroke":{"color":"#000000","indexPositionInAdapter":-1,"width":2.0},"timeTransformCombo":3433,"timeTransformIn":300,"timeTransformOut":300,"titleShow":"","totalFileNeedDownForOneFrame":0,"typeSticker":"TEXT","urlCover":"","widthBitmap":0},{"DOT":".","TYPE_PHOTO":"png","WIDTH_MAX":360,"alpha":255,"countDeltaTime":0.0,"dataFrames":{"isNeedLoadBitmap1":false,"isNeedLoadBitmap2":false,"isNeedLoadBitmap2Loop":false,"isNeedLoadBitmap3":false,"isNeedLoadBitmap4":false,"isNeedLoadBitmap4Loop":false,"isNeedLoadBitmap5":false,"isNeedLoadBitmap6":false,"isNeedLoadBitmap6Loop":false,"isNeedLoadBitmap7":false,"isNeedLoadBitmap8":false,"isNeedLoadBitmap8Loop":false,"isNeedLoadBitmap9":false},"deviationXShadow":0.0,"deviationYShadow":0.0,"duration":5000,"endColor":-1,"endIndexFrame":253,"flip":1.0,"heightBitmap":0,"id":"d22594b9f7725541a82587b3c3524e8","indexColor":0,"indexColorShadow":0,"indexEndFrameTransformCombo":253,"indexEndFrameTransformIn":0,"indexFont":120,"indexFrame":0,"indexStartFrameTransformOut":0,"indexTransition":-1,"isBgText":false,"isBoldText":false,"isDashText":false,"isDashUnderText":false,"isDrawAnim":false,"isFirstFillDataTransformCombo":false,"isInit":true,"isItalicText":false,"isLayerFront":true,"isLoadFrameCache":true,"isTexture":false,"isVisible":true,"linkBubble":"","linkItemFrame":"","linkMask":"","listText":["My girlfriend"],"modeDraw":"SRC_OVER","pathFolder":"","pathFont":"/data/user/0/videoeditor.moviemaker/files/INTERNAL_FONT_FOLDER_UNZIP/FontNormal1/FontNormal1/FestivoLC-BasicRLine.otf","pathSaveBitmapFrame":"","pathTexture":"https://photoforapp.s3.ap-southeast-1.amazonaws.com/Video/TextV2/Style/Basic/11/texture.jpg","pointRotate":{"x":310.41736,"y":588.36035},"pointTranslate":{"x":130.41734,"y":408.36035},"rotate":0.7315445,"scale":1.1865336,"speed":1,"speedOfTransformCombo":25,"startColor":-1,"startIndexFrame":103,"stickerTypeTransformCombo":"PULSE","stickerTypeTransformIn":"NONE","stickerTypeTransformOut":"NONE","textAlignment":"CENTER","textBlurShadow":0.0,"textColorShadow":-16777216,"textHeightAllLine":88.75,"textHeightOneLine":68.0,"textLetterSpacing":0.0,"textLineSpacing":4.0,"textPadding":15.75,"textSize":65.0,"textSizeDefault":30.0,"textString":"My girlfriend","textStroke":{"color":"#000000","indexPositionInAdapter":-1,"width":2.0},"timeTransformCombo":5000,"timeTransformIn":300,"timeTransformOut":300,"titleShow":"","totalFileNeedDownForOneFrame":0,"typeSticker":"TEXT","urlCover":"","widthBitmap":0}],"listItemViewDataOnTimeLine":[{"durationEnd":0,"durationStart":0,"endIndexFrame":103,"indexRowCurrent":0,"indexRowPrevious":0,"keyInHasMap":1654766487586,"linkDownloadMp3":"","nameMp3":"","pathSaveFile":"","startIndexFrame":0,"volume":1.0},{"durationEnd":0,"durationStart":0,"endIndexFrame":253,"indexRowCurrent":0,"indexRowPrevious":0,"keyInHasMap":1654766487624,"linkDownloadMp3":"","nameMp3":"","pathSaveFile":"","startIndexFrame":103,"volume":1.0}]},"timeLastUpdate":1654766521956,"videoEffect":{"listItemEffectData":[{"drawMode":"SCREEN","endIndexFrame":253,"indexFrameDrawCurrent":0,"isCenterCrop":true,"isCenterInside":false,"isDraw":true,"isReloadFromCache":true,"jsonObjectDataOfItem":"{\"defaultPercentWidth\":1.0,\"defaultSpeed\":3.0,\"isHorizontal\":false,\"max\":10.0,\"maxSpeed\":50.0,\"min\":1.0,\"minSpeed\":2.0,\"percentWidth\":2.16,\"speedCurrent\":24.96}","keyEffect":"Party","keyInHasMap":1654766521962,"pathFolderEffect":"","positionInAdapter":2,"sizeCanvasCurrent":{"x":0,"y":0},"speed":1,"startIndexFrame":124,"title":"Stuck frame","totalFrame":129,"uri":""},{"drawMode":"SCREEN","endIndexFrame":253,"indexFrameDrawCurrent":128,"isCenterCrop":true,"isCenterInside":false,"isDraw":true,"isReloadFromCache":true,"jsonObjectDataOfItem":"","keyEffect":"SERVER","keyInHasMap":1654766521964,"pathFolderEffect":"/data/user/0/videoeditor.moviemaker/files/FOLDER_EFFECT/Heart/16","positionInAdapter":16,"sizeCanvasCurrent":{"x":540,"y":720},"speed":1,"startIndexFrame":124,"title":"Heart 16","totalFrame":129,"uri":"/data/user/0/videoeditor.moviemaker/files/FOLDER_EFFECT/Heart/16/Heart.m4v"}],"listItemViewDataOnTimeLine":[{"durationEnd":0,"durationStart":0,"endIndexFrame":253,"indexRowCurrent":0,"indexRowPrevious":0,"keyInHasMap":1654766434915,"linkDownloadMp3":"","nameMp3":"","pathSaveFile":"","startIndexFrame":124,"volume":1.0},{"durationEnd":0,"durationStart":0,"endIndexFrame":253,"indexRowCurrent":0,"indexRowPrevious":0,"keyInHasMap":1654766434917,"linkDownloadMp3":"","nameMp3":"","pathSaveFile":"","startIndexFrame":124,"volume":1.0}]}}