{
  "durationVideo": 7767,
  "editor": {
    "listItemPhotoData": [
      {
        "backgroundColor": -16777216,
        "blurBackground": 0,
        "duration": 3233,
        "endIndexFrame": 96,
        "flipHorizontal": 1.0,
        "flipVertical": 1.0,
        "gpuPosition": 0,
        "gpuProgress": 0,
        "heightBitmap": 1200,
        "idItemPhoto": "1657182019446",
        "indexEndFrameTransformCombo": 0,
        "indexEndFrameTransformIn": 0,
        "indexStartFrameTransformOut": 0,
        "isCalledCutBody": false,
        "isCenterCrop": false,
        "isCenterInside": true,
        "isCropBitmap": false,
        "isLoadFromCache": true,
        "isLocked": false,
        "itemDataTransition": {
          "indexCate": 0,
          "isMask": false,
          "keyItem": "",
          "linkCover": "",
          "linkDownload": "",
          "modeDraw": "",
          "nameEn": "",
          "nameVn": "",
          "paintModeDraw": "SRC_OVER",
          "pathFolderOfTransition": "",
          "pathFolderZipOfTransition": "",
          "positionTransitionInAdapter": 0,
          "timeTransitionCurrent": 1500,
          "typeTransition": {
            "type": "NONE",
            "typeTransition": "NONE"
          }
        },
        "itemTemplateModel": {
          "duration": 0,
          "heightBitmap": 0,
          "indexSticker": -1,
          "isCrop": false,
          "isLocked": false,
          "md5PathFileOld": "",
          "pathFile": "",
          "rect": {
            "bottom": 0,
            "left": 0,
            "right": 0,
            "top": 0
          },
          "typeTemplateModel": "NONE",
          "widthBitmap": 0
        },
        "linkBackgroundImage": "",
        "objDataAdjust": {
          "mCurrentBrightnessFilter": 50,
          "mCurrentContrastFilter": 50,
          "mCurrentExposureFilter": 50,
          "mCurrentFadeFilters": 0,
          "mCurrentHighlightFilter": 100,
          "mCurrentHueFilter": 0,
          "mCurrentSaturationFilter": 40,
          "mCurrentShadowFilter": 0,
          "mCurrentSharpenFilter": 50,
          "mCurrentTempFilter": 50,
          "mCurrentVignetteFilter": 100,
          "mListRedoAdjust": [],
          "mListUndoAdjust": [
            {
              "mCurrentBrightnessFilter": 50,
              "mCurrentContrastFilter": 50,
              "mCurrentExposureFilter": 50,
              "mCurrentFadeFilters": 0,
              "mCurrentHighlightFilter": 100,
              "mCurrentHueFilter": 0,
              "mCurrentSaturationFilter": 50,
              "mCurrentShadowFilter": 0,
              "mCurrentSharpenFilter": 50,
              "mCurrentTempFilter": 71,
              "mCurrentVignetteFilter": 100,
              "position": 11
            },
            {
              "mCurrentBrightnessFilter": 50,
              "mCurrentContrastFilter": 50,
              "mCurrentExposureFilter": 50,
              "mCurrentFadeFilters": 0,
              "mCurrentHighlightFilter": 100,
              "mCurrentHueFilter": 0,
              "mCurrentSaturationFilter": 50,
              "mCurrentShadowFilter": 0,
              "mCurrentSharpenFilter": 50,
              "mCurrentTempFilter": 70,
              "mCurrentVignetteFilter": 100,
              "position": 11
            },
            {
              "mCurrentBrightnessFilter": 50,
              "mCurrentContrastFilter": 50,
              "mCurrentExposureFilter": 50,
              "mCurrentFadeFilters": 0,
              "mCurrentHighlightFilter": 100,
              "mCurrentHueFilter": 0,
              "mCurrentSaturationFilter": 40,
              "mCurrentShadowFilter": 0,
              "mCurrentSharpenFilter": 50,
              "mCurrentTempFilter": 70,
              "mCurrentVignetteFilter": 100,
              "position": 4
            },
            {
              "mCurrentBrightnessFilter": 50,
              "mCurrentContrastFilter": 50,
              "mCurrentExposureFilter": 50,
              "mCurrentFadeFilters": 0,
              "mCurrentHighlightFilter": 100,
              "mCurrentHueFilter": 0,
              "mCurrentSaturationFilter": 40,
              "mCurrentShadowFilter": 0,
              "mCurrentSharpenFilter": 50,
              "mCurrentTempFilter": 50,
              "mCurrentVignetteFilter": 100,
              "position": 11
            }
          ]
        },
        "pathBitmap": "/storage/emulated/0/Pictures/Telegram/IMG_20220707_151948_843.jpg",
        "rotate": 0,
        "rotateAnim": 0.0,
        "scaleAnim": 1.0,
        "startIndexFrame": 0,
        "timeTransformCombo": 3233,
        "timeTransformIn": 300,
        "timeTransformOut": 300,
        "totalFrame": 96,
        "typeBackground": "COLOR",
        "typeTransformCombo": "NONE",
        "typeTransformIn": "NONE",
        "typeTransformOut": "NONE",
        "valueMatrixBitmapDraw": [
          0.61,
          0.0,
          -4.5,
          0.0,
          0.61,
          -6.0000153,
          0.0,
          0.0,
          1.0
        ],
        "widthBitmap": 900
      },
      {
        "backgroundColor": -16777216,
        "blurBackground": 0,
        "duration": 933,
        "endIndexFrame": 124,
        "flipHorizontal": 1.0,
        "flipVertical": 1.0,
        "gpuPosition": 0,
        "gpuProgress": 0,
        "heightBitmap": 1200,
        "idItemPhoto": "1657182019547",
        "indexEndFrameTransformCombo": 0,
        "indexEndFrameTransformIn": 0,
        "indexStartFrameTransformOut": 0,
        "isCalledCutBody": false,
        "isCenterCrop": false,
        "isCenterInside": true,
        "isCropBitmap": false,
        "isLoadFromCache": true,
        "isLocked": false,
        "itemDataTransition": {
          "indexCate": 0,
          "isMask": false,
          "keyItem": "",
          "linkCover": "",
          "linkDownload": "",
          "modeDraw": "",
          "nameEn": "",
          "nameVn": "",
          "paintModeDraw": "SRC_OVER",
          "pathFolderOfTransition": "",
          "pathFolderZipOfTransition": "",
          "positionTransitionInAdapter": 0,
          "timeTransitionCurrent": 933,
          "typeTransition": {
            "type": "NONE",
            "typeTransition": "NONE"
          }
        },
        "itemTemplateModel": {
          "duration": 0,
          "heightBitmap": 0,
          "indexSticker": -1,
          "isCrop": false,
          "isLocked": false,
          "md5PathFileOld": "",
          "pathFile": "",
          "rect": {
            "bottom": 0,
            "left": 0,
            "right": 0,
            "top": 0
          },
          "typeTemplateModel": "NONE",
          "widthBitmap": 0
        },
        "linkBackgroundImage": "",
        "objDataAdjust": {
          "mCurrentBrightnessFilter": 50,
          "mCurrentContrastFilter": 50,
          "mCurrentExposureFilter": 50,
          "mCurrentFadeFilters": 0,
          "mCurrentHighlightFilter": 100,
          "mCurrentHueFilter": 0,
          "mCurrentSaturationFilter": 40,
          "mCurrentShadowFilter": 0,
          "mCurrentSharpenFilter": 50,
          "mCurrentTempFilter": 50,
          "mCurrentVignetteFilter": 100,
          "mListRedoAdjust": [],
          "mListUndoAdjust": [
            {
              "mCurrentBrightnessFilter": 50,
              "mCurrentContrastFilter": 50,
              "mCurrentExposureFilter": 50,
              "mCurrentFadeFilters": 0,
              "mCurrentHighlightFilter": 100,
              "mCurrentHueFilter": 0,
              "mCurrentSaturationFilter": 40,
              "mCurrentShadowFilter": 0,
              "mCurrentSharpenFilter": 50,
              "mCurrentTempFilter": 50,
              "mCurrentVignetteFilter": 100,
              "position": 4
            },
            {
              "mCurrentBrightnessFilter": 50,
              "mCurrentContrastFilter": 50,
              "mCurrentExposureFilter": 50,
              "mCurrentFadeFilters": 0,
              "mCurrentHighlightFilter": 100,
              "mCurrentHueFilter": 0,
              "mCurrentSaturationFilter": 40,
              "mCurrentShadowFilter": 0,
              "mCurrentSharpenFilter": 50,
              "mCurrentTempFilter": 50,
              "mCurrentVignetteFilter": 100,
              "position": 11
            }
          ]
        },
        "pathBitmap": "/storage/emulated/0/Pictures/Telegram/IMG_20220707_151950_232.jpg",
        "rotate": 0,
        "rotateAnim": 0.0,
        "scaleAnim": 1.0,
        "startIndexFrame": 97,
        "timeTransformCombo": 933,
        "timeTransformIn": 300,
        "timeTransformOut": 300,
        "totalFrame": 27,
        "typeBackground": "COLOR",
        "typeTransformCombo": "NONE",
        "typeTransformIn": "NONE",
        "typeTransformOut": "NONE",
        "valueMatrixBitmapDraw": [
          0.61,
          0.0,
          -4.5,
          0.0,
          0.61,
          -6.0000153,
          0.0,
          0.0,
          1.0
        ],
        "widthBitmap": 900
      },
      {
        "backgroundColor": -16777216,
        "blurBackground": 0,
        "duration": 900,
        "endIndexFrame": 151,
        "flipHorizontal": 1.0,
        "flipVertical": 1.0,
        "gpuPosition": 0,
        "gpuProgress": 0,
        "heightBitmap": 1200,
        "idItemPhoto": "1657182019636",
        "indexEndFrameTransformCombo": 0,
        "indexEndFrameTransformIn": 0,
        "indexStartFrameTransformOut": 0,
        "isCalledCutBody": false,
        "isCenterCrop": false,
        "isCenterInside": true,
        "isCropBitmap": false,
        "isLoadFromCache": true,
        "isLocked": false,
        "itemDataTransition": {
          "indexCate": 0,
          "isMask": false,
          "keyItem": "",
          "linkCover": "",
          "linkDownload": "",
          "modeDraw": "",
          "nameEn": "",
          "nameVn": "",
          "paintModeDraw": "SRC_OVER",
          "pathFolderOfTransition": "",
          "pathFolderZipOfTransition": "",
          "positionTransitionInAdapter": 0,
          "timeTransitionCurrent": 900,
          "typeTransition": {
            "type": "NONE",
            "typeTransition": "NONE"
          }
        },
        "itemTemplateModel": {
          "duration": 0,
          "heightBitmap": 0,
          "indexSticker": -1,
          "isCrop": false,
          "isLocked": false,
          "md5PathFileOld": "",
          "pathFile": "",
          "rect": {
            "bottom": 0,
            "left": 0,
            "right": 0,
            "top": 0
          },
          "typeTemplateModel": "NONE",
          "widthBitmap": 0
        },
        "linkBackgroundImage": "",
        "objDataAdjust": {
          "mCurrentBrightnessFilter": 50,
          "mCurrentContrastFilter": 50,
          "mCurrentExposureFilter": 50,
          "mCurrentFadeFilters": 0,
          "mCurrentHighlightFilter": 100,
          "mCurrentHueFilter": 0,
          "mCurrentSaturationFilter": 40,
          "mCurrentShadowFilter": 0,
          "mCurrentSharpenFilter": 50,
          "mCurrentTempFilter": 50,
          "mCurrentVignetteFilter": 100,
          "mListRedoAdjust": [],
          "mListUndoAdjust": [
            {
              "mCurrentBrightnessFilter": 50,
              "mCurrentContrastFilter": 50,
              "mCurrentExposureFilter": 50,
              "mCurrentFadeFilters": 0,
              "mCurrentHighlightFilter": 100,
              "mCurrentHueFilter": 0,
              "mCurrentSaturationFilter": 40,
              "mCurrentShadowFilter": 0,
              "mCurrentSharpenFilter": 50,
              "mCurrentTempFilter": 50,
              "mCurrentVignetteFilter": 100,
              "position": 4
            }
          ]
        },
        "pathBitmap": "/storage/emulated/0/Pictures/Telegram/IMG_20220707_151951_045.jpg",
        "rotate": 0,
        "rotateAnim": 0.0,
        "scaleAnim": 1.0,
        "startIndexFrame": 125,
        "timeTransformCombo": 900,
        "timeTransformIn": 300,
        "timeTransformOut": 300,
        "totalFrame": 26,
        "typeBackground": "COLOR",
        "typeTransformCombo": "NONE",
        "typeTransformIn": "NONE",
        "typeTransformOut": "NONE",
        "valueMatrixBitmapDraw": [
          0.61,
          0.0,
          -4.5,
          0.0,
          0.61,
          -6.0000153,
          0.0,
          0.0,
          1.0
        ],
        "widthBitmap": 900
      },
      {
        "backgroundColor": -16777216,
        "blurBackground": 0,
        "duration": 900,
        "endIndexFrame": 178,
        "flipHorizontal": 1.0,
        "flipVertical": 1.0,
        "gpuPosition": 0,
        "gpuProgress": 0,
        "heightBitmap": 1200,
        "idItemPhoto": "1657182019717",
        "indexEndFrameTransformCombo": 0,
        "indexEndFrameTransformIn": 0,
        "indexStartFrameTransformOut": 0,
        "isCalledCutBody": false,
        "isCenterCrop": false,
        "isCenterInside": true,
        "isCropBitmap": false,
        "isLoadFromCache": true,
        "isLocked": false,
        "itemDataTransition": {
          "indexCate": 0,
          "isMask": false,
          "keyItem": "",
          "linkCover": "",
          "linkDownload": "",
          "modeDraw": "",
          "nameEn": "",
          "nameVn": "",
          "paintModeDraw": "SRC_OVER",
          "pathFolderOfTransition": "",
          "pathFolderZipOfTransition": "",
          "positionTransitionInAdapter": 0,
          "timeTransitionCurrent": 900,
          "typeTransition": {
            "type": "NONE",
            "typeTransition": "NONE"
          }
        },
        "itemTemplateModel": {
          "duration": 0,
          "heightBitmap": 0,
          "indexSticker": -1,
          "isCrop": false,
          "isLocked": false,
          "md5PathFileOld": "",
          "pathFile": "",
          "rect": {
            "bottom": 0,
            "left": 0,
            "right": 0,
            "top": 0
          },
          "typeTemplateModel": "NONE",
          "widthBitmap": 0
        },
        "linkBackgroundImage": "",
        "objDataAdjust": {
          "mCurrentBrightnessFilter": 50,
          "mCurrentContrastFilter": 50,
          "mCurrentExposureFilter": 50,
          "mCurrentFadeFilters": 0,
          "mCurrentHighlightFilter": 100,
          "mCurrentHueFilter": 0,
          "mCurrentSaturationFilter": 39,
          "mCurrentShadowFilter": 0,
          "mCurrentSharpenFilter": 50,
          "mCurrentTempFilter": 50,
          "mCurrentVignetteFilter": 100,
          "mListRedoAdjust": [],
          "mListUndoAdjust": [
            {
              "mCurrentBrightnessFilter": 50,
              "mCurrentContrastFilter": 50,
              "mCurrentExposureFilter": 50,
              "mCurrentFadeFilters": 0,
              "mCurrentHighlightFilter": 100,
              "mCurrentHueFilter": 0,
              "mCurrentSaturationFilter": 39,
              "mCurrentShadowFilter": 0,
              "mCurrentSharpenFilter": 50,
              "mCurrentTempFilter": 50,
              "mCurrentVignetteFilter": 100,
              "position": 4
            }
          ]
        },
        "pathBitmap": "/storage/emulated/0/Pictures/Telegram/IMG_20220707_151952_748.jpg",
        "rotate": 0,
        "rotateAnim": 0.0,
        "scaleAnim": 1.0,
        "startIndexFrame": 152,
        "timeTransformCombo": 900,
        "timeTransformIn": 300,
        "timeTransformOut": 300,
        "totalFrame": 26,
        "typeBackground": "COLOR",
        "typeTransformCombo": "NONE",
        "typeTransformIn": "NONE",
        "typeTransformOut": "NONE",
        "valueMatrixBitmapDraw": [
          0.61,
          0.0,
          -4.5,
          0.0,
          0.61,
          -6.0000153,
          0.0,
          0.0,
          1.0
        ],
        "widthBitmap": 900
      },
      {
        "backgroundColor": -16777216,
        "blurBackground": 0,
        "duration": 900,
        "endIndexFrame": 205,
        "flipHorizontal": 1.0,
        "flipVertical": 1.0,
        "gpuPosition": 0,
        "gpuProgress": 0,
        "heightBitmap": 1200,
        "idItemPhoto": "1657182019800",
        "indexEndFrameTransformCombo": 0,
        "indexEndFrameTransformIn": 0,
        "indexStartFrameTransformOut": 0,
        "isCalledCutBody": false,
        "isCenterCrop": false,
        "isCenterInside": true,
        "isCropBitmap": false,
        "isLoadFromCache": true,
        "isLocked": false,
        "itemDataTransition": {
          "indexCate": 0,
          "isMask": false,
          "keyItem": "",
          "linkCover": "",
          "linkDownload": "",
          "modeDraw": "",
          "nameEn": "",
          "nameVn": "",
          "paintModeDraw": "SRC_OVER",
          "pathFolderOfTransition": "",
          "pathFolderZipOfTransition": "",
          "positionTransitionInAdapter": 0,
          "timeTransitionCurrent": 900,
          "typeTransition": {
            "type": "NONE",
            "typeTransition": "NONE"
          }
        },
        "itemTemplateModel": {
          "duration": 0,
          "heightBitmap": 0,
          "indexSticker": -1,
          "isCrop": false,
          "isLocked": false,
          "md5PathFileOld": "",
          "pathFile": "",
          "rect": {
            "bottom": 0,
            "left": 0,
            "right": 0,
            "top": 0
          },
          "typeTemplateModel": "NONE",
          "widthBitmap": 0
        },
        "linkBackgroundImage": "",
        "objDataAdjust": {
          "mCurrentBrightnessFilter": 50,
          "mCurrentContrastFilter": 50,
          "mCurrentExposureFilter": 50,
          "mCurrentFadeFilters": 0,
          "mCurrentHighlightFilter": 100,
          "mCurrentHueFilter": 0,
          "mCurrentSaturationFilter": 40,
          "mCurrentShadowFilter": 0,
          "mCurrentSharpenFilter": 50,
          "mCurrentTempFilter": 50,
          "mCurrentVignetteFilter": 100,
          "mListRedoAdjust": [],
          "mListUndoAdjust": [
            {
              "mCurrentBrightnessFilter": 40,
              "mCurrentContrastFilter": 50,
              "mCurrentExposureFilter": 50,
              "mCurrentFadeFilters": 0,
              "mCurrentHighlightFilter": 100,
              "mCurrentHueFilter": 0,
              "mCurrentSaturationFilter": 50,
              "mCurrentShadowFilter": 0,
              "mCurrentSharpenFilter": 50,
              "mCurrentTempFilter": 50,
              "mCurrentVignetteFilter": 100,
              "position": 1
            },
            {
              "mCurrentBrightnessFilter": 50,
              "mCurrentContrastFilter": 50,
              "mCurrentExposureFilter": 50,
              "mCurrentFadeFilters": 0,
              "mCurrentHighlightFilter": 100,
              "mCurrentHueFilter": 0,
              "mCurrentSaturationFilter": 50,
              "mCurrentShadowFilter": 0,
              "mCurrentSharpenFilter": 50,
              "mCurrentTempFilter": 50,
              "mCurrentVignetteFilter": 100,
              "position": 1
            },
            {
              "mCurrentBrightnessFilter": 50,
              "mCurrentContrastFilter": 50,
              "mCurrentExposureFilter": 50,
              "mCurrentFadeFilters": 0,
              "mCurrentHighlightFilter": 100,
              "mCurrentHueFilter": 0,
              "mCurrentSaturationFilter": 40,
              "mCurrentShadowFilter": 0,
              "mCurrentSharpenFilter": 50,
              "mCurrentTempFilter": 50,
              "mCurrentVignetteFilter": 100,
              "position": 4
            }
          ]
        },
        "pathBitmap": "/storage/emulated/0/Pictures/Telegram/IMG_20220707_151947_661.jpg",
        "rotate": 0,
        "rotateAnim": 0.0,
        "scaleAnim": 1.0,
        "startIndexFrame": 179,
        "timeTransformCombo": 900,
        "timeTransformIn": 300,
        "timeTransformOut": 300,
        "totalFrame": 26,
        "typeBackground": "COLOR",
        "typeTransformCombo": "NONE",
        "typeTransformIn": "NONE",
        "typeTransformOut": "NONE",
        "valueMatrixBitmapDraw": [
          0.61,
          0.0,
          -4.5,
          0.0,
          0.61,
          -6.0000153,
          0.0,
          0.0,
          1.0
        ],
        "widthBitmap": 900
      },
      {
        "backgroundColor": -16777216,
        "blurBackground": 0,
        "duration": 900,
        "endIndexFrame": 232,
        "flipHorizontal": 1.0,
        "flipVertical": 1.0,
        "gpuPosition": 0,
        "gpuProgress": 0,
        "heightBitmap": 1200,
        "idItemPhoto": "1657182019934",
        "indexEndFrameTransformCombo": 0,
        "indexEndFrameTransformIn": 0,
        "indexStartFrameTransformOut": 0,
        "isCalledCutBody": false,
        "isCenterCrop": false,
        "isCenterInside": true,
        "isCropBitmap": false,
        "isLoadFromCache": true,
        "isLocked": false,
        "itemDataTransition": {
          "indexCate": 0,
          "isMask": false,
          "keyItem": "",
          "linkCover": "",
          "linkDownload": "",
          "modeDraw": "",
          "nameEn": "",
          "nameVn": "",
          "paintModeDraw": "SRC_OVER",
          "pathFolderOfTransition": "",
          "pathFolderZipOfTransition": "",
          "positionTransitionInAdapter": 0,
          "timeTransitionCurrent": 900,
          "typeTransition": {
            "type": "NONE",
            "typeTransition": "NONE"
          }
        },
        "itemTemplateModel": {
          "duration": 0,
          "heightBitmap": 0,
          "indexSticker": -1,
          "isCrop": false,
          "isLocked": false,
          "md5PathFileOld": "",
          "pathFile": "",
          "rect": {
            "bottom": 0,
            "left": 0,
            "right": 0,
            "top": 0
          },
          "typeTemplateModel": "NONE",
          "widthBitmap": 0
        },
        "linkBackgroundImage": "",
        "objDataAdjust": {
          "mCurrentBrightnessFilter": 50,
          "mCurrentContrastFilter": 50,
          "mCurrentExposureFilter": 50,
          "mCurrentFadeFilters": 0,
          "mCurrentHighlightFilter": 100,
          "mCurrentHueFilter": 0,
          "mCurrentSaturationFilter": 40,
          "mCurrentShadowFilter": 0,
          "mCurrentSharpenFilter": 50,
          "mCurrentTempFilter": 50,
          "mCurrentVignetteFilter": 100,
          "mListRedoAdjust": [],
          "mListUndoAdjust": [
            {
              "mCurrentBrightnessFilter": 50,
              "mCurrentContrastFilter": 50,
              "mCurrentExposureFilter": 50,
              "mCurrentFadeFilters": 0,
              "mCurrentHighlightFilter": 100,
              "mCurrentHueFilter": 0,
              "mCurrentSaturationFilter": 40,
              "mCurrentShadowFilter": 0,
              "mCurrentSharpenFilter": 50,
              "mCurrentTempFilter": 50,
              "mCurrentVignetteFilter": 100,
              "position": 4
            }
          ]
        },
        "pathBitmap": "/storage/emulated/0/Pictures/Telegram/IMG_20220707_151945_972.jpg",
        "rotate": 0,
        "rotateAnim": 0.0,
        "scaleAnim": 1.0,
        "startIndexFrame": 206,
        "timeTransformCombo": 900,
        "timeTransformIn": 300,
        "timeTransformOut": 300,
        "totalFrame": 26,
        "typeBackground": "COLOR",
        "typeTransformCombo": "NONE",
        "typeTransformIn": "NONE",
        "typeTransformOut": "NONE",
        "valueMatrixBitmapDraw": [
          0.61,
          0.0,
          -4.5,
          0.0,
          0.61,
          -6.0000153,
          0.0,
          0.0,
          1.0
        ],
        "widthBitmap": 900
      }
    ]
  },
  "frame": {
    "listItemStickerData": [],
    "listItemViewDataOnTimeLine": []
  },
  "keyProjectCurrent": "1657182023896",
  "listTemplateModel": {
    "list": []
  },
  "music": {
    "listItemMusicData": [
      {
        "durationEnd": 7704,
        "durationFadeIn": 0,
        "durationFadeOut": 0,
        "durationStart": 0,
        "endIndexFrame": 232,
        "indexRowCurrent": 0,
        "indexRowPrevious": 0,
        "keyInHasMap": 1657182127544,
        "linkDownloadMp3": "/storage/emulated/0/Music/G3Video/Direct_ConvertVideoToMp3_1657182124354.mp3",
        "nameMp3": "Direct_ConvertVideoToMp3_1657182124354.mp3",
        "pathDefault": "/storage/emulated/0/Music/G3Video/Direct_ConvertVideoToMp3_1657182124354.mp3",
        "pathSaveFile": "/storage/emulated/0/Music/G3Video/Direct_ConvertVideoToMp3_1657182124354.mp3",
        "positionEffectVoice": 0,
        "speedAudio": 1.0,
        "startIndexFrame": 1,
        "volume": 1.0
      }
    ]
  },
  "nameVideo": "Template 1657182023896",
  "setting": {
    "quality": 720,
    "ratio": {
      "height": 1.3333334,
      "width": 1.0
    }
  },
  "sticker": {
    "listItemStickerData": [],
    "listItemViewDataOnTimeLine": []
  },
  "text": {
    "listItemStickerData": [],
    "listItemViewDataOnTimeLine": []
  },
  "timeLastUpdate": 1657185223930,
  "videoEffect": {
    "listItemEffectData": [],
    "listItemViewDataOnTimeLine": []
  }
}