{"durationVideo":13100,"editor":{"listItemPhotoData":[{"backgroundColor":-16777216,"blurBackground":0,"duration":4967,"endIndexFrame":148,"flipHorizontal":1.0,"flipVertical":1.0,"gpuPosition":0,"gpuProgress":0,"heightBitmap":1200,"idItemPhoto":"1654758844532","indexEndFrameTransformCombo":0,"indexEndFrameTransformIn":0,"indexStartFrameTransformOut":0,"isCenterCrop":false,"isCenterInside":true,"isCropBitmap":false,"isLoadFromCache":true,"isLocked":false,"itemDataTransition":{"indexCate":6,"indexItem":13,"isMask":false,"keyItem":"MIX","linkCover":"https://photoforapp.s3.ap-southeast-1.amazonaws.com/Video/TransitionsServer/Basic/Icon/MIX.gif","linkDownload":"https://photoforapp.s3.ap-southeast-1.amazonaws.com/Video/TransitionsServer/Basic/MIX.zip","modeDraw":"","nameEn":"Mix","nameVn":"Kết hợp","paintModeDraw":"SRC_OVER","pathFolderOfTransition":"","pathFolderZipOfTransition":"","positionTransitionInAdapter":95,"timeTransitionCurrent":551,"typeTransition":{"type":"BASIC","typeTransition":"MIX"}},"itemOverlayDataEditorOverlay":{"alpha":94,"folder":"Food","indexCate":0,"link":"https://photoforapp.s3.ap-southeast-1.amazonaws.com/PhotoFilter/PhotoFilter_V2/Filter/Food/6.jpg","modeDraw":"OVERLAY","positionInAdapter":6},"itemTemplateModel":{"duration":0,"heightBitmap":0,"indexSticker":-1,"isCrop":false,"isLocked":false,"md5PathFileOld":"","pathFile":"","rect":{"bottom":0,"left":0,"right":0,"top":0},"typeTemplateModel":"NONE","widthBitmap":0},"linkBackgroundImage":"","objDataAdjust":{"mCurrentBrightnessFilter":50,"mCurrentContrastFilter":50,"mCurrentExposureFilter":50,"mCurrentFadeFilters":0,"mCurrentHighlightFilter":100,"mCurrentHueFilter":0,"mCurrentSaturationFilter":50,"mCurrentShadowFilter":0,"mCurrentSharpenFilter":50,"mCurrentTempFilter":50,"mCurrentVignetteFilter":100,"mListRedoAdjust":[],"mListUndoAdjust":[]},"pathBitmap":"/storage/emulated/0/Pictures/Telegram/IMG_20220609_140956_808.jpg","rotate":0,"rotateAnim":0.0,"scaleAnim":1.0,"startIndexFrame":0,"timeTransformCombo":4967,"timeTransformIn":300,"timeTransformOut":300,"totalFrame":148,"typeBackground":"COLOR","typeTransformCombo":"NONE","typeTransformIn":"NONE","typeTransformOut":"NONE","valueMatrixBitmapDraw":[0.6,0.0,-7.6293945E-6,0.0,0.6,-1.5258789E-5,0.0,0.0,1.0],"widthBitmap":900},{"backgroundColor":-16777216,"blurBackground":0,"duration":1667,"endIndexFrame":198,"flipHorizontal":1.0,"flipVertical":1.0,"gpuPosition":0,"gpuProgress":0,"heightBitmap":1200,"idItemPhoto":"1654758844893","indexEndFrameTransformCombo":0,"indexEndFrameTransformIn":0,"indexStartFrameTransformOut":0,"isCenterCrop":false,"isCenterInside":true,"isCropBitmap":false,"isLoadFromCache":true,"isLocked":false,"itemDataTransition":{"indexCate":6,"indexItem":13,"isMask":false,"keyItem":"MIX","linkCover":"https://photoforapp.s3.ap-southeast-1.amazonaws.com/Video/TransitionsServer/Basic/Icon/MIX.gif","linkDownload":"https://photoforapp.s3.ap-southeast-1.amazonaws.com/Video/TransitionsServer/Basic/MIX.zip","modeDraw":"","nameEn":"Mix","nameVn":"Kết hợp","paintModeDraw":"SRC_OVER","pathFolderOfTransition":"","pathFolderZipOfTransition":"","positionTransitionInAdapter":95,"timeTransitionCurrent":551,"typeTransition":{"type":"BASIC","typeTransition":"MIX"}},"itemOverlayDataEditorOverlay":{"alpha":94,"folder":"Food","indexCate":0,"link":"https://photoforapp.s3.ap-southeast-1.amazonaws.com/PhotoFilter/PhotoFilter_V2/Filter/Food/6.jpg","modeDraw":"OVERLAY","positionInAdapter":6},"itemTemplateModel":{"duration":0,"heightBitmap":0,"indexSticker":-1,"isCrop":false,"isLocked":false,"md5PathFileOld":"","pathFile":"","rect":{"bottom":0,"left":0,"right":0,"top":0},"typeTemplateModel":"NONE","widthBitmap":0},"linkBackgroundImage":"","objDataAdjust":{"mCurrentBrightnessFilter":50,"mCurrentContrastFilter":50,"mCurrentExposureFilter":50,"mCurrentFadeFilters":0,"mCurrentHighlightFilter":100,"mCurrentHueFilter":0,"mCurrentSaturationFilter":50,"mCurrentShadowFilter":0,"mCurrentSharpenFilter":50,"mCurrentTempFilter":50,"mCurrentVignetteFilter":100,"mListRedoAdjust":[],"mListUndoAdjust":[]},"pathBitmap":"/storage/emulated/0/Pictures/Telegram/IMG_20220609_140948_741.jpg","rotate":0,"rotateAnim":0.0,"scaleAnim":1.0,"startIndexFrame":149,"timeTransformCombo":1667,"timeTransformIn":300,"timeTransformOut":300,"totalFrame":49,"typeBackground":"COLOR","typeTransformCombo":"NONE","typeTransformIn":"NONE","typeTransformOut":"NONE","valueMatrixBitmapDraw":[0.6,0.0,-7.6293945E-6,0.0,0.6,-1.5258789E-5,0.0,0.0,1.0],"widthBitmap":900},{"backgroundColor":-16777216,"blurBackground":0,"duration":1600,"endIndexFrame":246,"flipHorizontal":1.0,"flipVertical":1.0,"gpuPosition":0,"gpuProgress":0,"heightBitmap":1200,"idItemPhoto":"1654758845116","indexEndFrameTransformCombo":0,"indexEndFrameTransformIn":0,"indexStartFrameTransformOut":0,"isCenterCrop":false,"isCenterInside":true,"isCropBitmap":false,"isLoadFromCache":true,"isLocked":false,"itemDataTransition":{"indexCate":6,"indexItem":13,"isMask":false,"keyItem":"MIX","linkCover":"https://photoforapp.s3.ap-southeast-1.amazonaws.com/Video/TransitionsServer/Basic/Icon/MIX.gif","linkDownload":"https://photoforapp.s3.ap-southeast-1.amazonaws.com/Video/TransitionsServer/Basic/MIX.zip","modeDraw":"","nameEn":"Mix","nameVn":"Kết hợp","paintModeDraw":"SRC_OVER","pathFolderOfTransition":"","pathFolderZipOfTransition":"","positionTransitionInAdapter":95,"timeTransitionCurrent":551,"typeTransition":{"type":"BASIC","typeTransition":"MIX"}},"itemOverlayDataEditorOverlay":{"alpha":94,"folder":"Food","indexCate":0,"link":"https://photoforapp.s3.ap-southeast-1.amazonaws.com/PhotoFilter/PhotoFilter_V2/Filter/Food/6.jpg","modeDraw":"OVERLAY","positionInAdapter":6},"itemTemplateModel":{"duration":0,"heightBitmap":0,"indexSticker":-1,"isCrop":false,"isLocked":false,"md5PathFileOld":"","pathFile":"","rect":{"bottom":0,"left":0,"right":0,"top":0},"typeTemplateModel":"NONE","widthBitmap":0},"linkBackgroundImage":"","objDataAdjust":{"mCurrentBrightnessFilter":50,"mCurrentContrastFilter":50,"mCurrentExposureFilter":50,"mCurrentFadeFilters":0,"mCurrentHighlightFilter":100,"mCurrentHueFilter":0,"mCurrentSaturationFilter":50,"mCurrentShadowFilter":0,"mCurrentSharpenFilter":50,"mCurrentTempFilter":50,"mCurrentVignetteFilter":100,"mListRedoAdjust":[],"mListUndoAdjust":[]},"pathBitmap":"/storage/emulated/0/Pictures/Telegram/IMG_20220609_140954_037.jpg","rotate":0,"rotateAnim":0.0,"scaleAnim":1.0,"startIndexFrame":199,"timeTransformCombo":1600,"timeTransformIn":300,"timeTransformOut":300,"totalFrame":47,"typeBackground":"COLOR","typeTransformCombo":"NONE","typeTransformIn":"NONE","typeTransformOut":"NONE","valueMatrixBitmapDraw":[0.6,0.0,-7.6293945E-6,0.0,0.6,-1.5258789E-5,0.0,0.0,1.0],"widthBitmap":900},{"backgroundColor":-16777216,"blurBackground":0,"duration":2367,"endIndexFrame":317,"flipHorizontal":1.0,"flipVertical":1.0,"gpuPosition":0,"gpuProgress":0,"heightBitmap":1200,"idItemPhoto":"1654758845285","indexEndFrameTransformCombo":0,"indexEndFrameTransformIn":0,"indexStartFrameTransformOut":0,"isCenterCrop":false,"isCenterInside":true,"isCropBitmap":false,"isLoadFromCache":true,"isLocked":false,"itemDataTransition":{"indexCate":6,"indexItem":13,"isMask":false,"keyItem":"MIX","linkCover":"https://photoforapp.s3.ap-southeast-1.amazonaws.com/Video/TransitionsServer/Basic/Icon/MIX.gif","linkDownload":"https://photoforapp.s3.ap-southeast-1.amazonaws.com/Video/TransitionsServer/Basic/MIX.zip","modeDraw":"","nameEn":"Mix","nameVn":"Kết hợp","paintModeDraw":"SRC_OVER","pathFolderOfTransition":"","pathFolderZipOfTransition":"","positionTransitionInAdapter":95,"timeTransitionCurrent":551,"typeTransition":{"type":"BASIC","typeTransition":"MIX"}},"itemOverlayDataEditorOverlay":{"alpha":94,"folder":"Food","indexCate":0,"link":"https://photoforapp.s3.ap-southeast-1.amazonaws.com/PhotoFilter/PhotoFilter_V2/Filter/Food/6.jpg","modeDraw":"OVERLAY","positionInAdapter":6},"itemTemplateModel":{"duration":0,"heightBitmap":0,"indexSticker":-1,"isCrop":false,"isLocked":false,"md5PathFileOld":"","pathFile":"","rect":{"bottom":0,"left":0,"right":0,"top":0},"typeTemplateModel":"NONE","widthBitmap":0},"linkBackgroundImage":"","objDataAdjust":{"mCurrentBrightnessFilter":50,"mCurrentContrastFilter":50,"mCurrentExposureFilter":50,"mCurrentFadeFilters":0,"mCurrentHighlightFilter":100,"mCurrentHueFilter":0,"mCurrentSaturationFilter":50,"mCurrentShadowFilter":0,"mCurrentSharpenFilter":50,"mCurrentTempFilter":50,"mCurrentVignetteFilter":100,"mListRedoAdjust":[],"mListUndoAdjust":[]},"pathBitmap":"/storage/emulated/0/Pictures/Telegram/IMG_20220609_140951_296.jpg","rotate":0,"rotateAnim":0.0,"scaleAnim":1.0,"startIndexFrame":247,"timeTransformCombo":2367,"timeTransformIn":300,"timeTransformOut":300,"totalFrame":70,"typeBackground":"COLOR","typeTransformCombo":"NONE","typeTransformIn":"NONE","typeTransformOut":"NONE","valueMatrixBitmapDraw":[0.6,0.0,-7.6293945E-6,0.0,0.6,-1.5258789E-5,0.0,0.0,1.0],"widthBitmap":900},{"backgroundColor":-16777216,"blurBackground":0,"duration":1167,"endIndexFrame":352,"flipHorizontal":1.0,"flipVertical":1.0,"gpuPosition":0,"gpuProgress":0,"heightBitmap":1200,"idItemPhoto":"1654758845517","indexEndFrameTransformCombo":0,"indexEndFrameTransformIn":0,"indexStartFrameTransformOut":0,"isCenterCrop":false,"isCenterInside":true,"isCropBitmap":false,"isLoadFromCache":true,"isLocked":false,"itemDataTransition":{"indexCate":6,"indexItem":13,"isMask":false,"keyItem":"MIX","linkCover":"https://photoforapp.s3.ap-southeast-1.amazonaws.com/Video/TransitionsServer/Basic/Icon/MIX.gif","linkDownload":"https://photoforapp.s3.ap-southeast-1.amazonaws.com/Video/TransitionsServer/Basic/MIX.zip","modeDraw":"","nameEn":"Mix","nameVn":"Kết hợp","paintModeDraw":"SRC_OVER","pathFolderOfTransition":"","pathFolderZipOfTransition":"","positionTransitionInAdapter":95,"timeTransitionCurrent":551,"typeTransition":{"type":"BASIC","typeTransition":"MIX"}},"itemOverlayDataEditorOverlay":{"alpha":94,"folder":"Food","indexCate":0,"link":"https://photoforapp.s3.ap-southeast-1.amazonaws.com/PhotoFilter/PhotoFilter_V2/Filter/Food/6.jpg","modeDraw":"OVERLAY","positionInAdapter":6},"itemTemplateModel":{"duration":0,"heightBitmap":0,"indexSticker":-1,"isCrop":false,"isLocked":false,"md5PathFileOld":"","pathFile":"","rect":{"bottom":0,"left":0,"right":0,"top":0},"typeTemplateModel":"NONE","widthBitmap":0},"linkBackgroundImage":"","objDataAdjust":{"mCurrentBrightnessFilter":50,"mCurrentContrastFilter":50,"mCurrentExposureFilter":50,"mCurrentFadeFilters":0,"mCurrentHighlightFilter":100,"mCurrentHueFilter":0,"mCurrentSaturationFilter":50,"mCurrentShadowFilter":0,"mCurrentSharpenFilter":50,"mCurrentTempFilter":50,"mCurrentVignetteFilter":100,"mListRedoAdjust":[],"mListUndoAdjust":[]},"pathBitmap":"/storage/emulated/0/Pictures/Telegram/IMG_20220609_140949_740.jpg","rotate":0,"rotateAnim":0.0,"scaleAnim":1.0,"startIndexFrame":318,"timeTransformCombo":1167,"timeTransformIn":300,"timeTransformOut":300,"totalFrame":34,"typeBackground":"COLOR","typeTransformCombo":"NONE","typeTransformIn":"NONE","typeTransformOut":"NONE","valueMatrixBitmapDraw":[0.6,0.0,-7.6293945E-6,0.0,0.6,-1.5258789E-5,0.0,0.0,1.0],"widthBitmap":900},{"backgroundColor":-16777216,"blurBackground":0,"duration":1333,"endIndexFrame":392,"flipHorizontal":1.0,"flipVertical":1.0,"gpuPosition":0,"gpuProgress":0,"heightBitmap":1200,"idItemPhoto":"1654758845628","indexEndFrameTransformCombo":0,"indexEndFrameTransformIn":0,"indexStartFrameTransformOut":0,"isCenterCrop":false,"isCenterInside":true,"isCropBitmap":false,"isLoadFromCache":true,"isLocked":false,"itemDataTransition":{"indexCate":0,"isMask":false,"keyItem":"","linkCover":"","linkDownload":"","modeDraw":"","nameEn":"","nameVn":"","paintModeDraw":"SRC_OVER","pathFolderOfTransition":"","pathFolderZipOfTransition":"","positionTransitionInAdapter":0,"timeTransitionCurrent":1333,"typeTransition":{"type":"NONE","typeTransition":"NONE"}},"itemOverlayDataEditorOverlay":{"alpha":94,"folder":"Food","indexCate":0,"link":"https://photoforapp.s3.ap-southeast-1.amazonaws.com/PhotoFilter/PhotoFilter_V2/Filter/Food/6.jpg","modeDraw":"OVERLAY","positionInAdapter":6},"itemTemplateModel":{"duration":0,"heightBitmap":0,"indexSticker":-1,"isCrop":false,"isLocked":false,"md5PathFileOld":"","pathFile":"","rect":{"bottom":0,"left":0,"right":0,"top":0},"typeTemplateModel":"NONE","widthBitmap":0},"linkBackgroundImage":"","objDataAdjust":{"mCurrentBrightnessFilter":50,"mCurrentContrastFilter":50,"mCurrentExposureFilter":50,"mCurrentFadeFilters":0,"mCurrentHighlightFilter":100,"mCurrentHueFilter":0,"mCurrentSaturationFilter":50,"mCurrentShadowFilter":0,"mCurrentSharpenFilter":50,"mCurrentTempFilter":50,"mCurrentVignetteFilter":100,"mListRedoAdjust":[],"mListUndoAdjust":[]},"pathBitmap":"/storage/emulated/0/Pictures/Telegram/IMG_20220609_140955_904.jpg","rotate":0,"rotateAnim":0.0,"scaleAnim":1.0,"startIndexFrame":353,"timeTransformCombo":1333,"timeTransformIn":300,"timeTransformOut":300,"totalFrame":39,"typeBackground":"COLOR","typeTransformCombo":"NONE","typeTransformIn":"NONE","typeTransformOut":"NONE","valueMatrixBitmapDraw":[0.6,0.0,-7.6293945E-6,0.0,0.6,-1.5258789E-5,0.0,0.0,1.0],"widthBitmap":900}]},"frame":{"listItemStickerData":[{"DOT":".","TYPE_PHOTO":"png","WIDTH_MAX":360,"alpha":255,"countDeltaTime":0.0,"dataFrames":{"isNeedLoadBitmap1":true,"isNeedLoadBitmap2":false,"isNeedLoadBitmap2Loop":true,"isNeedLoadBitmap3":true,"isNeedLoadBitmap4":false,"isNeedLoadBitmap4Loop":true,"isNeedLoadBitmap5":true,"isNeedLoadBitmap6":false,"isNeedLoadBitmap6Loop":true,"isNeedLoadBitmap7":true,"isNeedLoadBitmap8":false,"isNeedLoadBitmap8Loop":true,"isNeedLoadBitmap9":false},"deviationXShadow":0.0,"deviationYShadow":0.0,"duration":13099,"endColor":-1,"endIndexFrame":393,"flip":1.0,"heightBitmap":0,"id":"e2941d42eb380e78d7205e4ddb7cd","indexColor":0,"indexColorShadow":0,"indexEndFrameTransformCombo":0,"indexEndFrameTransformIn":0,"indexFont":0,"indexFrame":0,"indexStartFrameTransformOut":0,"indexTransition":-1,"isBgText":false,"isBoldText":false,"isDashText":false,"isDashUnderText":false,"isDrawAnim":false,"isFirstFillDataTransformCombo":true,"isInit":true,"isItalicText":false,"isLayerFront":true,"isLoadFrameCache":true,"isTexture":false,"isVisible":true,"linkBubble":"","linkItemFrame":"https://photoforapp84133-dev.s3.ap-southeast-1.amazonaws.com/public/Frame/Film/Frame/14/","linkMask":"","listText":[],"modeDraw":"SRC_OVER","pathFolder":"","pathFont":"","pathSaveBitmapFrame":"/data/user/0/videoeditor.moviemaker/files/SaveProject/1654758847330/7f831684ed282184b39e12275729ec3.png","pathTexture":"","pointRotate":{"x":0.0,"y":0.0},"pointTranslate":{"x":0.0,"y":0.0},"rotate":0.0,"scale":1.0,"speed":1,"speedOfTransformCombo":15,"startColor":-1,"startIndexFrame":0,"stickerTypeTransformCombo":"NONE","stickerTypeTransformIn":"NONE","stickerTypeTransformOut":"NONE","textAlignment":"CENTER","textBlurShadow":0.0,"textColorShadow":-16777216,"textHeightAllLine":0.0,"textHeightOneLine":0.0,"textLetterSpacing":0.0,"textLineSpacing":4.0,"textPadding":6.0,"textSize":1.0,"textSizeDefault":30.0,"textString":"","textStroke":{"color":"#000000","indexPositionInAdapter":-1,"width":0.0},"timeTransformCombo":300,"timeTransformIn":300,"timeTransformOut":300,"titleShow":"","totalFileNeedDownForOneFrame":8,"typeSticker":"FRAME","urlCover":"","widthBitmap":0}],"listItemViewDataOnTimeLine":[{"durationEnd":0,"durationStart":0,"endIndexFrame":393,"indexRowCurrent":0,"indexRowPrevious":0,"keyInHasMap":1654761296057,"linkDownloadMp3":"","nameMp3":"","pathSaveFile":"","startIndexFrame":0,"volume":1.0}]},"keyProjectCurrent":"1654758847330","listTemplateModel":{"list":[]},"music":{"listItemMusicData":[{"durationEnd":13099,"durationStart":0,"endIndexFrame":393,"indexRowCurrent":0,"indexRowPrevious":0,"keyInHasMap":1654758852760,"linkDownloadMp3":"/storage/emulated/0/Music/G3Video/Direct_ConvertVideoToMp3_1654758681339.mp3","nameMp3":"Direct_ConvertVideoToMp3_1654758681339.mp3","pathSaveFile":"/storage/emulated/0/Music/G3Video/Direct_ConvertVideoToMp3_1654758681339.mp3","startIndexFrame":0,"volume":1.0}]},"nameVideo":"Template 1654758847330","setting":{"quality":720,"ratio":{"height":1.3333334,"width":1.0}},"sticker":{"listItemStickerData":[],"listItemViewDataOnTimeLine":[]},"text":{"listItemStickerData":[{"DOT":".","TYPE_PHOTO":"png","WIDTH_MAX":360,"alpha":255,"countDeltaTime":0.0,"dataFrames":{"isNeedLoadBitmap1":false,"isNeedLoadBitmap2":false,"isNeedLoadBitmap2Loop":false,"isNeedLoadBitmap3":false,"isNeedLoadBitmap4":false,"isNeedLoadBitmap4Loop":false,"isNeedLoadBitmap5":false,"isNeedLoadBitmap6":false,"isNeedLoadBitmap6Loop":false,"isNeedLoadBitmap7":false,"isNeedLoadBitmap8":false,"isNeedLoadBitmap8Loop":false,"isNeedLoadBitmap9":false},"deviationXShadow":2.0,"deviationYShadow":2.0,"duration":1166,"endColor":-1,"endIndexFrame":35,"flip":1.0,"heightBitmap":0,"id":"a8c0c08bc287ed86b774cea93483aa50","indexColor":0,"indexColorShadow":41,"indexEndFrameTransformCombo":0,"indexEndFrameTransformIn":0,"indexFont":24,"indexFrame":0,"indexStartFrameTransformOut":0,"indexTransition":-1,"isBgText":false,"isBoldText":false,"isDashText":false,"isDashUnderText":false,"isDrawAnim":false,"isFirstFillDataTransformCombo":true,"isInit":true,"isItalicText":true,"isLayerFront":true,"isLoadFrameCache":true,"isTexture":false,"isVisible":false,"linkBubble":"","linkItemFrame":"","linkMask":"","listText":["Tớ sẽ liều một phen"],"modeDraw":"SRC_OVER","pathFolder":"","pathFont":"/data/user/0/videoeditor.moviemaker/files/INTERNAL_FONT_FOLDER_UNZIP/luxury/luxury/MuseoSansCyrl-500.otf","pathSaveBitmapFrame":"","pathTexture":"https://photoforapp.s3.ap-southeast-1.amazonaws.com/Video/TextV2/Style/Color/11/texture.jpg","pointRotate":{"x":270.83856,"y":107.91855},"pointTranslate":{"x":90.83856,"y":-72.08145},"rotate":0.0096588135,"scale":0.70101863,"speed":1,"speedOfTransformCombo":15,"startColor":-1,"startIndexFrame":0,"stickerTypeTransformCombo":"NONE","stickerTypeTransformIn":"NONE","stickerTypeTransformOut":"NONE","textAlignment":"CENTER","textBlurShadow":1.0,"textColorShadow":-6303521,"textHeightAllLine":62.75,"textHeightOneLine":42.0,"textLetterSpacing":0.0,"textLineSpacing":4.0,"textPadding":15.75,"textSize":36.0,"textSizeDefault":30.0,"textString":"Tớ sẽ liều một phen","textStroke":{"color":"#000000","indexPositionInAdapter":-1,"width":0.0},"timeTransformCombo":300,"timeTransformIn":300,"timeTransformOut":300,"titleShow":"","totalFileNeedDownForOneFrame":0,"typeSticker":"TEXT","urlCover":"","widthBitmap":0},{"DOT":".","TYPE_PHOTO":"png","WIDTH_MAX":360,"alpha":255,"countDeltaTime":0.0,"dataFrames":{"isNeedLoadBitmap1":false,"isNeedLoadBitmap2":false,"isNeedLoadBitmap2Loop":false,"isNeedLoadBitmap3":false,"isNeedLoadBitmap4":false,"isNeedLoadBitmap4Loop":false,"isNeedLoadBitmap5":false,"isNeedLoadBitmap6":false,"isNeedLoadBitmap6Loop":false,"isNeedLoadBitmap7":false,"isNeedLoadBitmap8":false,"isNeedLoadBitmap8Loop":false,"isNeedLoadBitmap9":false},"deviationXShadow":2.0,"deviationYShadow":2.0,"duration":1166,"endColor":-1,"endIndexFrame":35,"flip":1.0,"heightBitmap":0,"id":"b0f3323821b6c7b4323030676eb15af3","indexColor":0,"indexColorShadow":11,"indexEndFrameTransformCombo":0,"indexEndFrameTransformIn":0,"indexFont":178,"indexFrame":0,"indexStartFrameTransformOut":0,"indexTransition":-1,"isBgText":false,"isBoldText":false,"isDashText":false,"isDashUnderText":false,"isDrawAnim":false,"isFirstFillDataTransformCombo":true,"isInit":true,"isItalicText":false,"isLayerFront":true,"isLoadFrameCache":true,"isTexture":false,"isVisible":false,"linkBubble":"","linkItemFrame":"","linkMask":"","listText":["I\u0027m taking a chance"],"modeDraw":"SRC_OVER","pathFolder":"","pathFont":"/data/user/0/videoeditor.moviemaker/files/INTERNAL_FONT_FOLDER_UNZIP/onthebeach/onthebeach/ShortStack-Regular.ttf","pathSaveBitmapFrame":"","pathTexture":"https://photoforapp.s3.ap-southeast-1.amazonaws.com/Video/TextV2/Style/Color/11/texture.jpg","pointRotate":{"x":272.34796,"y":66.14105},"pointTranslate":{"x":92.34796,"y":-113.85895},"rotate":-0.004989624,"scale":0.9890137,"speed":1,"speedOfTransformCombo":15,"startColor":-1,"startIndexFrame":0,"stickerTypeTransformCombo":"NONE","stickerTypeTransformIn":"NONE","stickerTypeTransformOut":"NONE","textAlignment":"CENTER","textBlurShadow":1.0,"textColorShadow":-6303521,"textHeightAllLine":55.75,"textHeightOneLine":35.0,"textLetterSpacing":0.0,"textLineSpacing":4.0,"textPadding":15.75,"textSize":29.0,"textSizeDefault":30.0,"textString":"I\u0027m taking a chance","textStroke":{"color":"#003097","indexPositionInAdapter":-1,"width":0.0},"timeTransformCombo":300,"timeTransformIn":300,"timeTransformOut":300,"titleShow":"","totalFileNeedDownForOneFrame":0,"typeSticker":"TEXT","urlCover":"","widthBitmap":0},{"DOT":".","TYPE_PHOTO":"png","WIDTH_MAX":360,"alpha":255,"countDeltaTime":0.0,"dataFrames":{"isNeedLoadBitmap1":false,"isNeedLoadBitmap2":false,"isNeedLoadBitmap2Loop":false,"isNeedLoadBitmap3":false,"isNeedLoadBitmap4":false,"isNeedLoadBitmap4Loop":false,"isNeedLoadBitmap5":false,"isNeedLoadBitmap6":false,"isNeedLoadBitmap6Loop":false,"isNeedLoadBitmap7":false,"isNeedLoadBitmap8":false,"isNeedLoadBitmap8Loop":false,"isNeedLoadBitmap9":false},"deviationXShadow":2.0,"deviationYShadow":2.0,"duration":1166,"endColor":-1,"endIndexFrame":70,"flip":1.0,"heightBitmap":0,"id":"1643a8d658d8e788783431bebc10578f","indexColor":0,"indexColorShadow":11,"indexEndFrameTransformCombo":0,"indexEndFrameTransformIn":0,"indexFont":178,"indexFrame":0,"indexStartFrameTransformOut":0,"indexTransition":-1,"isBgText":false,"isBoldText":false,"isDashText":false,"isDashUnderText":false,"isDrawAnim":false,"isFirstFillDataTransformCombo":true,"isInit":true,"isItalicText":false,"isLayerFront":true,"isLoadFrameCache":true,"isTexture":false,"isVisible":false,"linkBubble":"","linkItemFrame":"","linkMask":"","listText":["\u0027cause I like you a lot"],"modeDraw":"SRC_OVER","pathFolder":"","pathFont":"/data/user/0/videoeditor.moviemaker/files/INTERNAL_FONT_FOLDER_UNZIP/onthebeach/onthebeach/ShortStack-Regular.ttf","pathSaveBitmapFrame":"","pathTexture":"https://photoforapp.s3.ap-southeast-1.amazonaws.com/Video/TextV2/Style/Color/11/texture.jpg","pointRotate":{"x":270.0001,"y":64.37079},"pointTranslate":{"x":90.00009,"y":-115.62921},"rotate":-0.076919556,"scale":1.0473192,"speed":1,"speedOfTransformCombo":15,"startColor":-1,"startIndexFrame":35,"stickerTypeTransformCombo":"NONE","stickerTypeTransformIn":"NONE","stickerTypeTransformOut":"NONE","textAlignment":"CENTER","textBlurShadow":1.0,"textColorShadow":-6303521,"textHeightAllLine":52.75,"textHeightOneLine":32.0,"textLetterSpacing":0.0,"textLineSpacing":4.0,"textPadding":15.75,"textSize":27.0,"textSizeDefault":30.0,"textString":"\u0027cause I like you a lot","textStroke":{"color":"#003097","indexPositionInAdapter":-1,"width":0.0},"timeTransformCombo":300,"timeTransformIn":300,"timeTransformOut":300,"titleShow":"","totalFileNeedDownForOneFrame":0,"typeSticker":"TEXT","urlCover":"","widthBitmap":0},{"DOT":".","TYPE_PHOTO":"png","WIDTH_MAX":360,"alpha":255,"countDeltaTime":0.0,"dataFrames":{"isNeedLoadBitmap1":false,"isNeedLoadBitmap2":false,"isNeedLoadBitmap2Loop":false,"isNeedLoadBitmap3":false,"isNeedLoadBitmap4":false,"isNeedLoadBitmap4Loop":false,"isNeedLoadBitmap5":false,"isNeedLoadBitmap6":false,"isNeedLoadBitmap6Loop":false,"isNeedLoadBitmap7":false,"isNeedLoadBitmap8":false,"isNeedLoadBitmap8Loop":false,"isNeedLoadBitmap9":false},"deviationXShadow":2.0,"deviationYShadow":2.0,"duration":1166,"endColor":-1,"endIndexFrame":71,"flip":1.0,"heightBitmap":0,"id":"bf835f8f381504b2e2af34936c28191","indexColor":0,"indexColorShadow":41,"indexEndFrameTransformCombo":0,"indexEndFrameTransformIn":0,"indexFont":24,"indexFrame":0,"indexStartFrameTransformOut":0,"indexTransition":-1,"isBgText":false,"isBoldText":false,"isDashText":false,"isDashUnderText":false,"isDrawAnim":false,"isFirstFillDataTransformCombo":true,"isInit":true,"isItalicText":true,"isLayerFront":true,"isLoadFrameCache":true,"isTexture":false,"isVisible":false,"linkBubble":"","linkItemFrame":"","linkMask":"","listText":["Bởi vì tớ thích cậu rất nhiều"],"modeDraw":"SRC_OVER","pathFolder":"","pathFont":"/data/user/0/videoeditor.moviemaker/files/INTERNAL_FONT_FOLDER_UNZIP/luxury/luxury/MuseoSansCyrl-500.otf","pathSaveBitmapFrame":"","pathTexture":"https://photoforapp.s3.ap-southeast-1.amazonaws.com/Video/TextV2/Style/Color/11/texture.jpg","pointRotate":{"x":271.17398,"y":107.210464},"pointTranslate":{"x":91.17398,"y":-72.789536},"rotate":-0.1658783,"scale":1.0021989,"speed":1,"speedOfTransformCombo":15,"startColor":-1,"startIndexFrame":36,"stickerTypeTransformCombo":"NONE","stickerTypeTransformIn":"NONE","stickerTypeTransformOut":"NONE","textAlignment":"CENTER","textBlurShadow":1.0,"textColorShadow":-6303521,"textHeightAllLine":51.75,"textHeightOneLine":31.0,"textLetterSpacing":0.0,"textLineSpacing":4.0,"textPadding":15.75,"textSize":26.0,"textSizeDefault":30.0,"textString":"Bởi vì tớ thích cậu rất nhiều","textStroke":{"color":"#000000","indexPositionInAdapter":-1,"width":0.0},"timeTransformCombo":300,"timeTransformIn":300,"timeTransformOut":300,"titleShow":"","totalFileNeedDownForOneFrame":0,"typeSticker":"TEXT","urlCover":"","widthBitmap":0},{"DOT":".","TYPE_PHOTO":"png","WIDTH_MAX":360,"alpha":255,"countDeltaTime":0.0,"dataFrames":{"isNeedLoadBitmap1":false,"isNeedLoadBitmap2":false,"isNeedLoadBitmap2Loop":false,"isNeedLoadBitmap3":false,"isNeedLoadBitmap4":false,"isNeedLoadBitmap4Loop":false,"isNeedLoadBitmap5":false,"isNeedLoadBitmap6":false,"isNeedLoadBitmap6Loop":false,"isNeedLoadBitmap7":false,"isNeedLoadBitmap8":false,"isNeedLoadBitmap8Loop":false,"isNeedLoadBitmap9":false},"deviationXShadow":2.0,"deviationYShadow":2.0,"duration":1166,"endColor":-1,"endIndexFrame":107,"flip":1.0,"heightBitmap":0,"id":"16fc4eaff24d5336b7453aa56d3a515","indexColor":0,"indexColorShadow":11,"indexEndFrameTransformCombo":0,"indexEndFrameTransformIn":0,"indexFont":178,"indexFrame":0,"indexStartFrameTransformOut":0,"indexTransition":-1,"isBgText":false,"isBoldText":false,"isDashText":false,"isDashUnderText":false,"isDrawAnim":false,"isFirstFillDataTransformCombo":true,"isInit":true,"isItalicText":false,"isLayerFront":true,"isLoadFrameCache":true,"isTexture":false,"isVisible":true,"linkBubble":"","linkItemFrame":"","linkMask":"","listText":["So, I\u0027ll give it a shot"],"modeDraw":"SRC_OVER","pathFolder":"","pathFont":"/data/user/0/videoeditor.moviemaker/files/INTERNAL_FONT_FOLDER_UNZIP/onthebeach/onthebeach/ShortStack-Regular.ttf","pathSaveBitmapFrame":"","pathTexture":"https://photoforapp.s3.ap-southeast-1.amazonaws.com/Video/TextV2/Style/Color/11/texture.jpg","pointRotate":{"x":272.68338,"y":63.66266},"pointTranslate":{"x":92.68338,"y":-116.33734},"rotate":-0.076919556,"scale":1.0473192,"speed":1,"speedOfTransformCombo":15,"startColor":-1,"startIndexFrame":72,"stickerTypeTransformCombo":"NONE","stickerTypeTransformIn":"NONE","stickerTypeTransformOut":"NONE","textAlignment":"CENTER","textBlurShadow":1.0,"textColorShadow":-6303521,"textHeightAllLine":54.75,"textHeightOneLine":34.0,"textLetterSpacing":0.0,"textLineSpacing":4.0,"textPadding":15.75,"textSize":28.0,"textSizeDefault":30.0,"textString":"So, I\u0027ll give it a shot","textStroke":{"color":"#003097","indexPositionInAdapter":-1,"width":0.0},"timeTransformCombo":300,"timeTransformIn":300,"timeTransformOut":300,"titleShow":"","totalFileNeedDownForOneFrame":0,"typeSticker":"TEXT","urlCover":"","widthBitmap":0},{"DOT":".","TYPE_PHOTO":"png","WIDTH_MAX":360,"alpha":255,"countDeltaTime":0.0,"dataFrames":{"isNeedLoadBitmap1":false,"isNeedLoadBitmap2":false,"isNeedLoadBitmap2Loop":false,"isNeedLoadBitmap3":false,"isNeedLoadBitmap4":false,"isNeedLoadBitmap4Loop":false,"isNeedLoadBitmap5":false,"isNeedLoadBitmap6":false,"isNeedLoadBitmap6Loop":false,"isNeedLoadBitmap7":false,"isNeedLoadBitmap8":false,"isNeedLoadBitmap8Loop":false,"isNeedLoadBitmap9":false},"deviationXShadow":2.0,"deviationYShadow":2.0,"duration":1166,"endColor":-1,"endIndexFrame":107,"flip":1.0,"heightBitmap":0,"id":"e6f2a4d92866d6ffa77abb1ef81fbe48","indexColor":0,"indexColorShadow":41,"indexEndFrameTransformCombo":0,"indexEndFrameTransformIn":0,"indexFont":24,"indexFrame":0,"indexStartFrameTransformOut":0,"indexTransition":-1,"isBgText":false,"isBoldText":false,"isDashText":false,"isDashUnderText":false,"isDrawAnim":false,"isFirstFillDataTransformCombo":true,"isInit":true,"isItalicText":true,"isLayerFront":true,"isLoadFrameCache":true,"isTexture":false,"isVisible":true,"linkBubble":"","linkItemFrame":"","linkMask":"","listText":["Nên tớ sẽ thử một lần"],"modeDraw":"SRC_OVER","pathFolder":"","pathFont":"/data/user/0/videoeditor.moviemaker/files/INTERNAL_FONT_FOLDER_UNZIP/luxury/luxury/MuseoSansCyrl-500.otf","pathSaveBitmapFrame":"","pathTexture":"https://photoforapp.s3.ap-southeast-1.amazonaws.com/Video/TextV2/Style/Color/11/texture.jpg","pointRotate":{"x":265.47195,"y":106.14833},"pointTranslate":{"x":85.471954,"y":-73.85167},"rotate":-0.50769806,"scale":0.7690064,"speed":1,"speedOfTransformCombo":15,"startColor":-1,"startIndexFrame":72,"stickerTypeTransformCombo":"NONE","stickerTypeTransformIn":"NONE","stickerTypeTransformOut":"NONE","textAlignment":"CENTER","textBlurShadow":1.0,"textColorShadow":-6303521,"textHeightAllLine":58.75,"textHeightOneLine":38.0,"textLetterSpacing":0.0,"textLineSpacing":4.0,"textPadding":15.75,"textSize":33.0,"textSizeDefault":30.0,"textString":"Nên tớ sẽ thử một lần","textStroke":{"color":"#000000","indexPositionInAdapter":-1,"width":0.0},"timeTransformCombo":300,"timeTransformIn":300,"timeTransformOut":300,"titleShow":"","totalFileNeedDownForOneFrame":0,"typeSticker":"TEXT","urlCover":"","widthBitmap":0},{"DOT":".","TYPE_PHOTO":"png","WIDTH_MAX":360,"alpha":255,"countDeltaTime":0.0,"dataFrames":{"isNeedLoadBitmap1":false,"isNeedLoadBitmap2":false,"isNeedLoadBitmap2Loop":false,"isNeedLoadBitmap3":false,"isNeedLoadBitmap4":false,"isNeedLoadBitmap4Loop":false,"isNeedLoadBitmap5":false,"isNeedLoadBitmap6":false,"isNeedLoadBitmap6Loop":false,"isNeedLoadBitmap7":false,"isNeedLoadBitmap8":false,"isNeedLoadBitmap8Loop":false,"isNeedLoadBitmap9":false},"deviationXShadow":2.0,"deviationYShadow":2.0,"duration":1100,"endColor":-1,"endIndexFrame":141,"flip":1.0,"heightBitmap":0,"id":"d87a3ffdd62b2682b98b920c63d2154","indexColor":0,"indexColorShadow":11,"indexEndFrameTransformCombo":0,"indexEndFrameTransformIn":0,"indexFont":178,"indexFrame":0,"indexStartFrameTransformOut":0,"indexTransition":-1,"isBgText":false,"isBoldText":false,"isDashText":false,"isDashUnderText":false,"isDrawAnim":false,"isFirstFillDataTransformCombo":true,"isInit":true,"isItalicText":false,"isLayerFront":true,"isLoadFrameCache":true,"isTexture":false,"isVisible":false,"linkBubble":"","linkItemFrame":"","linkMask":"","listText":["give it all that I got"],"modeDraw":"SRC_OVER","pathFolder":"","pathFont":"/data/user/0/videoeditor.moviemaker/files/INTERNAL_FONT_FOLDER_UNZIP/onthebeach/onthebeach/ShortStack-Regular.ttf","pathSaveBitmapFrame":"","pathTexture":"https://photoforapp.s3.ap-southeast-1.amazonaws.com/Video/TextV2/Style/Color/11/texture.jpg","pointRotate":{"x":271.17398,"y":62.95459},"pointTranslate":{"x":91.17398,"y":-117.04541},"rotate":-0.6035614,"scale":0.9658373,"speed":1,"speedOfTransformCombo":15,"startColor":-1,"startIndexFrame":108,"stickerTypeTransformCombo":"NONE","stickerTypeTransformIn":"NONE","stickerTypeTransformOut":"NONE","textAlignment":"CENTER","textBlurShadow":1.0,"textColorShadow":-6303521,"textHeightAllLine":55.75,"textHeightOneLine":35.0,"textLetterSpacing":0.0,"textLineSpacing":4.0,"textPadding":15.75,"textSize":29.0,"textSizeDefault":30.0,"textString":"give it all that I got","textStroke":{"color":"#003097","indexPositionInAdapter":-1,"width":0.0},"timeTransformCombo":300,"timeTransformIn":300,"timeTransformOut":300,"titleShow":"","totalFileNeedDownForOneFrame":0,"typeSticker":"TEXT","urlCover":"","widthBitmap":0},{"DOT":".","TYPE_PHOTO":"png","WIDTH_MAX":360,"alpha":255,"countDeltaTime":0.0,"dataFrames":{"isNeedLoadBitmap1":false,"isNeedLoadBitmap2":false,"isNeedLoadBitmap2Loop":false,"isNeedLoadBitmap3":false,"isNeedLoadBitmap4":false,"isNeedLoadBitmap4Loop":false,"isNeedLoadBitmap5":false,"isNeedLoadBitmap6":false,"isNeedLoadBitmap6Loop":false,"isNeedLoadBitmap7":false,"isNeedLoadBitmap8":false,"isNeedLoadBitmap8Loop":false,"isNeedLoadBitmap9":false},"deviationXShadow":2.0,"deviationYShadow":2.0,"duration":1100,"endColor":-1,"endIndexFrame":141,"flip":1.0,"heightBitmap":0,"id":"f85db5f2e29e944d7ddffa656a11602e","indexColor":0,"indexColorShadow":41,"indexEndFrameTransformCombo":0,"indexEndFrameTransformIn":0,"indexFont":24,"indexFrame":0,"indexStartFrameTransformOut":0,"indexTransition":-1,"isBgText":false,"isBoldText":false,"isDashText":false,"isDashUnderText":false,"isDrawAnim":false,"isFirstFillDataTransformCombo":true,"isInit":true,"isItalicText":true,"isLayerFront":true,"isLoadFrameCache":true,"isTexture":false,"isVisible":false,"linkBubble":"","linkItemFrame":"","linkMask":"","listText":["Lấy hết dũng khí để nói ra"],"modeDraw":"SRC_OVER","pathFolder":"","pathFont":"/data/user/0/videoeditor.moviemaker/files/INTERNAL_FONT_FOLDER_UNZIP/luxury/luxury/MuseoSansCyrl-500.otf","pathSaveBitmapFrame":"","pathTexture":"https://photoforapp.s3.ap-southeast-1.amazonaws.com/Video/TextV2/Style/Color/11/texture.jpg","pointRotate":{"x":266.98132,"y":104.37816},"pointTranslate":{"x":86.98132,"y":-75.62184},"rotate":-0.5491257,"scale":0.9242828,"speed":1,"speedOfTransformCombo":15,"startColor":-1,"startIndexFrame":108,"stickerTypeTransformCombo":"NONE","stickerTypeTransformIn":"NONE","stickerTypeTransformOut":"NONE","textAlignment":"CENTER","textBlurShadow":1.0,"textColorShadow":-6303521,"textHeightAllLine":54.75,"textHeightOneLine":34.0,"textLetterSpacing":0.0,"textLineSpacing":4.0,"textPadding":15.75,"textSize":27.0,"textSizeDefault":30.0,"textString":"Lấy hết dũng khí để nói ra","textStroke":{"color":"#000000","indexPositionInAdapter":-1,"width":0.0},"timeTransformCombo":300,"timeTransformIn":300,"timeTransformOut":300,"titleShow":"","totalFileNeedDownForOneFrame":0,"typeSticker":"TEXT","urlCover":"","widthBitmap":0}],"listItemViewDataOnTimeLine":[{"durationEnd":0,"durationStart":0,"endIndexFrame":35,"indexRowCurrent":0,"indexRowPrevious":0,"keyInHasMap":1654761294647,"linkDownloadMp3":"","nameMp3":"","pathSaveFile":"","startIndexFrame":0,"volume":1.0},{"durationEnd":0,"durationStart":0,"endIndexFrame":35,"indexRowCurrent":0,"indexRowPrevious":0,"keyInHasMap":1654761294671,"linkDownloadMp3":"","nameMp3":"","pathSaveFile":"","startIndexFrame":0,"volume":1.0},{"durationEnd":0,"durationStart":0,"endIndexFrame":70,"indexRowCurrent":0,"indexRowPrevious":0,"keyInHasMap":1654761294696,"linkDownloadMp3":"","nameMp3":"","pathSaveFile":"","startIndexFrame":35,"volume":1.0},{"durationEnd":0,"durationStart":0,"endIndexFrame":71,"indexRowCurrent":0,"indexRowPrevious":0,"keyInHasMap":1654761294720,"linkDownloadMp3":"","nameMp3":"","pathSaveFile":"","startIndexFrame":36,"volume":1.0},{"durationEnd":0,"durationStart":0,"endIndexFrame":107,"indexRowCurrent":0,"indexRowPrevious":0,"keyInHasMap":1654761294743,"linkDownloadMp3":"","nameMp3":"","pathSaveFile":"","startIndexFrame":72,"volume":1.0},{"durationEnd":0,"durationStart":0,"endIndexFrame":107,"indexRowCurrent":0,"indexRowPrevious":0,"keyInHasMap":1654761294766,"linkDownloadMp3":"","nameMp3":"","pathSaveFile":"","startIndexFrame":72,"volume":1.0},{"durationEnd":1100,"durationStart":0,"endIndexFrame":141,"indexRowCurrent":0,"indexRowPrevious":0,"keyInHasMap":1654761294792,"linkDownloadMp3":"","nameMp3":"","pathSaveFile":"","startIndexFrame":108,"volume":1.0},{"durationEnd":1100,"durationStart":0,"endIndexFrame":141,"indexRowCurrent":0,"indexRowPrevious":0,"keyInHasMap":1654761294815,"linkDownloadMp3":"","nameMp3":"","pathSaveFile":"","startIndexFrame":108,"volume":1.0}]},"timeLastUpdate":1654761304950,"videoEffect":{"listItemEffectData":[{"drawMode":"SCREEN","endIndexFrame":393,"indexFrameDrawCurrent":103,"isCenterCrop":true,"isCenterInside":false,"isDraw":true,"isReloadFromCache":true,"jsonObjectDataOfItem":"","keyEffect":"SERVER","keyInHasMap":1654761304954,"pathFolderEffect":"/data/user/0/videoeditor.moviemaker/files/FOLDER_EFFECT/Retro/14","positionInAdapter":14,"sizeCanvasCurrent":{"x":540,"y":720},"speed":1,"startIndexFrame":0,"title":"Retro 14","totalFrame":393,"uri":"/data/user/0/videoeditor.moviemaker/files/FOLDER_EFFECT/Retro/14/Retro.m4v"}],"listItemViewDataOnTimeLine":[{"durationEnd":0,"durationStart":0,"endIndexFrame":393,"indexRowCurrent":0,"indexRowPrevious":0,"keyInHasMap":1654761237328,"linkDownloadMp3":"","nameMp3":"","pathSaveFile":"","startIndexFrame":0,"volume":1.0}]}}