{"durationVideo":14967,"editor":{"listItemPhotoData":[{"backgroundColor":-16777216,"blurBackground":0,"duration":14982,"endIndexFrame":448,"flipHorizontal":1.0,"flipVertical":1.0,"gpuPosition":0,"gpuProgress":0,"heightBitmap":1280,"idItemPhoto":"1654240533517","indexEndFrameTransformCombo":0,"indexEndFrameTransformIn":0,"indexStartFrameTransformOut":0,"isCenterCrop":false,"isCenterInside":true,"isCropBitmap":false,"isLoadFromCache":true,"isLocked":false,"itemDataTransition":{"indexCate":0,"isMask":false,"keyItem":"","linkCover":"","linkDownload":"","modeDraw":"","nameEn":"","nameVn":"","paintModeDraw":"SRC_OVER","pathFolderOfTransition":"","pathFolderZipOfTransition":"","positionTransitionInAdapter":0,"timeTransitionCurrent":1500,"typeTransition":{"type":"NONE","typeTransition":"NONE"}},"itemTemplateModel":{"duration":0,"heightBitmap":0,"indexSticker":-1,"isCrop":false,"isLocked":false,"md5PathFileOld":"","pathFile":"","rect":{"bottom":0,"left":0,"right":0,"top":0},"typeTemplateModel":"NONE","widthBitmap":0},"linkBackgroundImage":"","objDataAdjust":{"mCurrentBrightnessFilter":50,"mCurrentContrastFilter":50,"mCurrentExposureFilter":50,"mCurrentFadeFilters":0,"mCurrentHighlightFilter":100,"mCurrentHueFilter":0,"mCurrentSaturationFilter":50,"mCurrentShadowFilter":0,"mCurrentSharpenFilter":50,"mCurrentTempFilter":50,"mCurrentVignetteFilter":100,"mListRedoAdjust":[],"mListUndoAdjust":[]},"pathBitmap":"/storage/emulated/0/Pictures/Telegram/IMG_20220603_141439_470.jpg","rotate":0,"rotateAnim":0.0,"scaleAnim":1.0,"startIndexFrame":0,"timeTransformCombo":14982,"timeTransformIn":300,"timeTransformOut":300,"totalFrame":448,"typeBackground":"COLOR","typeTransformCombo":"NONE","typeTransformIn":"NONE","typeTransformOut":"NONE","valueMatrixBitmapDraw":[0.5625,0.0,0.0,0.0,0.5625,0.0,0.0,0.0,1.0],"widthBitmap":720}]},"frame":{"listItemStickerData":[],"listItemViewDataOnTimeLine":[]},"keyProjectCurrent":"1654240544937","listTemplateModel":{"list":[]},"music":{"listItemMusicData":[{"durationEnd":15999,"durationStart":0,"endIndexFrame":480,"indexRowCurrent":0,"indexRowPrevious":0,"keyInHasMap":1654240569144,"linkDownloadMp3":"/storage/emulated/0/Music/G3Video/Direct_ConvertVideoToMp3_1654240507821.mp3","nameMp3":"Direct_ConvertVideoToMp3_1654240507821.mp3","pathSaveFile":"/storage/emulated/0/Music/G3Video/Direct_ConvertVideoToMp3_1654240507821.mp3","startIndexFrame":0,"volume":1.0}]},"nameVideo":"Template 1654240544937","setting":{"quality":720,"ratio":{"height":1.7777778,"width":1.0}},"sticker":{"listItemStickerData":[],"listItemViewDataOnTimeLine":[]},"text":{"listItemStickerData":[{"DOT":".","TYPE_PHOTO":"png","WIDTH_MAX":360,"alpha":255,"countDeltaTime":0.0,"dataFrames":{"isNeedLoadBitmap1":false,"isNeedLoadBitmap2":false,"isNeedLoadBitmap2Loop":false,"isNeedLoadBitmap3":false,"isNeedLoadBitmap4":false,"isNeedLoadBitmap4Loop":false,"isNeedLoadBitmap5":false,"isNeedLoadBitmap6":false,"isNeedLoadBitmap6Loop":false,"isNeedLoadBitmap7":false,"isNeedLoadBitmap8":false,"isNeedLoadBitmap8Loop":false,"isNeedLoadBitmap9":false},"deviationXShadow":0.0,"deviationYShadow":0.0,"duration":999,"endColor":-1,"endIndexFrame":30,"flip":1.0,"heightBitmap":0,"id":"3a6fb1aa2afc22248fa82698cba5ad","indexColor":0,"indexColorShadow":3,"indexEndFrameTransformCombo":0,"indexEndFrameTransformIn":9,"indexFont":0,"indexFrame":0,"indexStartFrameTransformOut":0,"indexTransition":-1,"isBgText":false,"isBoldText":false,"isDashText":false,"isDashUnderText":false,"isDrawAnim":false,"isFirstFillDataTransformCombo":true,"isInit":true,"isItalicText":false,"isLayerFront":true,"isLoadFrameCache":true,"isTexture":false,"isVisible":true,"linkBubble":"","linkItemFrame":"","linkMask":"","listText":["Hey"],"modeDraw":"SRC_OVER","pathFolder":"","pathFont":"","pathSaveBitmapFrame":"","pathTexture":"","pointRotate":{"x":212.50873,"y":680.7108},"pointTranslate":{"x":32.508728,"y":500.7108},"rotate":0.5988617,"scale":0.14250618,"speed":1,"speedOfTransformCombo":15,"startColor":-1,"startIndexFrame":0,"stickerTypeTransformCombo":"NONE","stickerTypeTransformIn":"ZOOM_IN","stickerTypeTransformOut":"NONE","textAlignment":"CENTER","textBlurShadow":20.0,"textColorShadow":-6381922,"textHeightAllLine":205.75,"textHeightOneLine":190.0,"textLetterSpacing":0.0,"textLineSpacing":4.0,"textPadding":15.75,"textSize":201.0,"textSizeDefault":30.0,"textString":"Hey","textStroke":{"color":"#000000","indexPositionInAdapter":-1,"width":0.0},"timeTransformCombo":300,"timeTransformIn":300,"timeTransformOut":300,"titleShow":"","totalFileNeedDownForOneFrame":0,"typeSticker":"TEXT","urlCover":"","widthBitmap":0},{"DOT":".","TYPE_PHOTO":"png","WIDTH_MAX":360,"alpha":255,"countDeltaTime":0.0,"dataFrames":{"isNeedLoadBitmap1":false,"isNeedLoadBitmap2":false,"isNeedLoadBitmap2Loop":false,"isNeedLoadBitmap3":false,"isNeedLoadBitmap4":false,"isNeedLoadBitmap4Loop":false,"isNeedLoadBitmap5":false,"isNeedLoadBitmap6":false,"isNeedLoadBitmap6Loop":false,"isNeedLoadBitmap7":false,"isNeedLoadBitmap8":false,"isNeedLoadBitmap8Loop":false,"isNeedLoadBitmap9":false},"deviationXShadow":0.0,"deviationYShadow":0.0,"duration":1133,"endColor":-1,"endIndexFrame":248,"flip":1.0,"heightBitmap":0,"id":"fddd8fca39b148a65d09142d7d485d4","indexColor":0,"indexColorShadow":3,"indexEndFrameTransformCombo":0,"indexEndFrameTransformIn":223,"indexFont":0,"indexFrame":0,"indexStartFrameTransformOut":0,"indexTransition":-1,"isBgText":false,"isBoldText":false,"isDashText":false,"isDashUnderText":false,"isDrawAnim":false,"isFirstFillDataTransformCombo":true,"isInit":true,"isItalicText":false,"isLayerFront":true,"isLoadFrameCache":true,"isTexture":false,"isVisible":false,"linkBubble":"","linkItemFrame":"","linkMask":"","listText":["You\u0027re the reason"],"modeDraw":"SRC_OVER","pathFolder":"","pathFont":"","pathSaveBitmapFrame":"","pathTexture":"","pointRotate":{"x":203.95288,"y":682.146},"pointTranslate":{"x":23.95288,"y":502.14597},"rotate":-0.13146973,"scale":0.56041586,"speed":1,"speedOfTransformCombo":15,"startColor":-1,"startIndexFrame":214,"stickerTypeTransformCombo":"NONE","stickerTypeTransformIn":"ZOOM_IN","stickerTypeTransformOut":"NONE","textAlignment":"CENTER","textBlurShadow":20.0,"textColorShadow":-6381922,"textHeightAllLine":53.75,"textHeightOneLine":38.0,"textLetterSpacing":0.0,"textLineSpacing":4.0,"textPadding":15.75,"textSize":44.0,"textSizeDefault":30.0,"textString":"You\u0027re the reason","textStroke":{"color":"#000000","indexPositionInAdapter":-1,"width":0.0},"timeTransformCombo":300,"timeTransformIn":300,"timeTransformOut":300,"titleShow":"","totalFileNeedDownForOneFrame":0,"typeSticker":"TEXT","urlCover":"","widthBitmap":0},{"DOT":".","TYPE_PHOTO":"png","WIDTH_MAX":360,"alpha":255,"countDeltaTime":0.0,"dataFrames":{"isNeedLoadBitmap1":false,"isNeedLoadBitmap2":false,"isNeedLoadBitmap2Loop":false,"isNeedLoadBitmap3":false,"isNeedLoadBitmap4":false,"isNeedLoadBitmap4Loop":false,"isNeedLoadBitmap5":false,"isNeedLoadBitmap6":false,"isNeedLoadBitmap6Loop":false,"isNeedLoadBitmap7":false,"isNeedLoadBitmap8":false,"isNeedLoadBitmap8Loop":false,"isNeedLoadBitmap9":false},"deviationXShadow":0.0,"deviationYShadow":0.0,"duration":4166,"endColor":-1,"endIndexFrame":449,"flip":1.0,"heightBitmap":0,"id":"edc3ec3b35e3721104de1186225aa11","indexColor":0,"indexColorShadow":3,"indexEndFrameTransformCombo":0,"indexEndFrameTransformIn":333,"indexFont":0,"indexFrame":0,"indexStartFrameTransformOut":0,"indexTransition":-1,"isBgText":false,"isBoldText":false,"isDashText":false,"isDashUnderText":false,"isDrawAnim":false,"isFirstFillDataTransformCombo":true,"isInit":true,"isItalicText":false,"isLayerFront":true,"isLoadFrameCache":true,"isTexture":false,"isVisible":false,"linkBubble":"","linkItemFrame":"","linkMask":"","listText":["And i appreciate you so much ❤️"],"modeDraw":"SRC_OVER","pathFolder":"","pathFont":"","pathSaveBitmapFrame":"","pathTexture":"","pointRotate":{"x":208.15012,"y":677.1239},"pointTranslate":{"x":28.150116,"y":497.1239},"rotate":0.24429321,"scale":1.05689,"speed":1,"speedOfTransformCombo":15,"startColor":-1,"startIndexFrame":324,"stickerTypeTransformCombo":"NONE","stickerTypeTransformIn":"ZOOM_IN","stickerTypeTransformOut":"NONE","textAlignment":"CENTER","textBlurShadow":20.0,"textColorShadow":-6381922,"textHeightAllLine":47.75,"textHeightOneLine":32.0,"textLetterSpacing":0.0,"textLineSpacing":4.0,"textPadding":15.75,"textSize":23.0,"textSizeDefault":30.0,"textString":"And i appreciate you so much ❤️","textStroke":{"color":"#000000","indexPositionInAdapter":-1,"width":0.0},"timeTransformCombo":300,"timeTransformIn":300,"timeTransformOut":300,"titleShow":"","totalFileNeedDownForOneFrame":0,"typeSticker":"TEXT","urlCover":"","widthBitmap":0},{"DOT":".","TYPE_PHOTO":"png","WIDTH_MAX":360,"alpha":255,"countDeltaTime":0.0,"dataFrames":{"isNeedLoadBitmap1":false,"isNeedLoadBitmap2":false,"isNeedLoadBitmap2Loop":false,"isNeedLoadBitmap3":false,"isNeedLoadBitmap4":false,"isNeedLoadBitmap4Loop":false,"isNeedLoadBitmap5":false,"isNeedLoadBitmap6":false,"isNeedLoadBitmap6Loop":false,"isNeedLoadBitmap7":false,"isNeedLoadBitmap8":false,"isNeedLoadBitmap8Loop":false,"isNeedLoadBitmap9":false},"deviationXShadow":0.0,"deviationYShadow":0.0,"duration":2400,"endColor":-1,"endIndexFrame":321,"flip":1.0,"heightBitmap":0,"id":"df4058a8c5756ca1458df4a34d322cd","indexColor":0,"indexColorShadow":3,"indexEndFrameTransformCombo":0,"indexEndFrameTransformIn":258,"indexFont":0,"indexFrame":0,"indexStartFrameTransformOut":0,"indexTransition":-1,"isBgText":false,"isBoldText":false,"isDashText":false,"isDashUnderText":false,"isDrawAnim":false,"isFirstFillDataTransformCombo":true,"isInit":true,"isItalicText":false,"isLayerFront":true,"isLoadFrameCache":true,"isTexture":false,"isVisible":false,"linkBubble":"","linkItemFrame":"","linkMask":"","listText":[" why i\u0027m smiling right now "],"modeDraw":"SRC_OVER","pathFolder":"","pathFont":"","pathSaveBitmapFrame":"","pathTexture":"","pointRotate":{"x":202.98428,"y":678.91736},"pointTranslate":{"x":22.984283,"y":498.9174},"rotate":0.68066406,"scale":0.87297565,"speed":1,"speedOfTransformCombo":15,"startColor":-1,"startIndexFrame":249,"stickerTypeTransformCombo":"NONE","stickerTypeTransformIn":"ZOOM_IN","stickerTypeTransformOut":"NONE","textAlignment":"CENTER","textBlurShadow":20.0,"textColorShadow":-6381922,"textHeightAllLine":48.75,"textHeightOneLine":33.0,"textLetterSpacing":0.0,"textLineSpacing":4.0,"textPadding":15.75,"textSize":29.0,"textSizeDefault":30.0,"textString":" why i\u0027m smiling right now ","textStroke":{"color":"#000000","indexPositionInAdapter":-1,"width":0.0},"timeTransformCombo":300,"timeTransformIn":300,"timeTransformOut":300,"titleShow":"","totalFileNeedDownForOneFrame":0,"typeSticker":"TEXT","urlCover":"","widthBitmap":0},{"DOT":".","TYPE_PHOTO":"png","WIDTH_MAX":360,"alpha":255,"countDeltaTime":0.0,"dataFrames":{"isNeedLoadBitmap1":false,"isNeedLoadBitmap2":false,"isNeedLoadBitmap2Loop":false,"isNeedLoadBitmap3":false,"isNeedLoadBitmap4":false,"isNeedLoadBitmap4Loop":false,"isNeedLoadBitmap5":false,"isNeedLoadBitmap6":false,"isNeedLoadBitmap6Loop":false,"isNeedLoadBitmap7":false,"isNeedLoadBitmap8":false,"isNeedLoadBitmap8Loop":false,"isNeedLoadBitmap9":false},"deviationXShadow":0.0,"deviationYShadow":0.0,"duration":1966,"endColor":-1,"endIndexFrame":213,"flip":1.0,"heightBitmap":0,"id":"ab1fdb5bd7d4f38165b28528a1c842","indexColor":0,"indexColorShadow":3,"indexEndFrameTransformCombo":0,"indexEndFrameTransformIn":163,"indexFont":0,"indexFrame":0,"indexStartFrameTransformOut":0,"indexTransition":-1,"isBgText":false,"isBoldText":false,"isDashText":false,"isDashUnderText":false,"isDrawAnim":false,"isFirstFillDataTransformCombo":true,"isInit":true,"isItalicText":false,"isLayerFront":true,"isLoadFrameCache":true,"isTexture":false,"isVisible":false,"linkBubble":"","linkItemFrame":"","linkMask":"","listText":["When no one else was"],"modeDraw":"SRC_OVER","pathFolder":"","pathFont":"","pathSaveBitmapFrame":"","pathTexture":"","pointRotate":{"x":198.14133,"y":681.4287},"pointTranslate":{"x":18.141327,"y":501.42868},"rotate":0.53518677,"scale":0.7262037,"speed":1,"speedOfTransformCombo":15,"startColor":-1,"startIndexFrame":154,"stickerTypeTransformCombo":"NONE","stickerTypeTransformIn":"ZOOM_IN","stickerTypeTransformOut":"NONE","textAlignment":"CENTER","textBlurShadow":20.0,"textColorShadow":-6381922,"textHeightAllLine":46.75,"textHeightOneLine":31.0,"textLetterSpacing":0.0,"textLineSpacing":4.0,"textPadding":15.75,"textSize":34.0,"textSizeDefault":30.0,"textString":"When no one else was","textStroke":{"color":"#000000","indexPositionInAdapter":-1,"width":0.0},"timeTransformCombo":300,"timeTransformIn":300,"timeTransformOut":300,"titleShow":"","totalFileNeedDownForOneFrame":0,"typeSticker":"TEXT","urlCover":"","widthBitmap":0},{"DOT":".","TYPE_PHOTO":"png","WIDTH_MAX":360,"alpha":255,"countDeltaTime":0.0,"dataFrames":{"isNeedLoadBitmap1":false,"isNeedLoadBitmap2":false,"isNeedLoadBitmap2Loop":false,"isNeedLoadBitmap3":false,"isNeedLoadBitmap4":false,"isNeedLoadBitmap4Loop":false,"isNeedLoadBitmap5":false,"isNeedLoadBitmap6":false,"isNeedLoadBitmap6Loop":false,"isNeedLoadBitmap7":false,"isNeedLoadBitmap8":false,"isNeedLoadBitmap8Loop":false,"isNeedLoadBitmap9":false},"deviationXShadow":0.0,"deviationYShadow":0.0,"duration":1966,"endColor":-1,"endIndexFrame":152,"flip":1.0,"heightBitmap":0,"id":"675c6efdf1ae75790b9eb38ca16793b","indexColor":0,"indexColorShadow":3,"indexEndFrameTransformCombo":0,"indexEndFrameTransformIn":102,"indexFont":0,"indexFrame":0,"indexStartFrameTransformOut":0,"indexTransition":-1,"isBgText":false,"isBoldText":false,"isDashText":false,"isDashUnderText":false,"isDrawAnim":false,"isFirstFillDataTransformCombo":true,"isInit":true,"isItalicText":false,"isLayerFront":true,"isLoadFrameCache":true,"isTexture":false,"isVisible":false,"linkBubble":"","linkItemFrame":"","linkMask":"","listText":["Thank you for being by my side"],"modeDraw":"SRC_OVER","pathFolder":"","pathFont":"","pathSaveBitmapFrame":"","pathTexture":"","pointRotate":{"x":202.01569,"y":676.765},"pointTranslate":{"x":22.015686,"y":496.76498},"rotate":0.0,"scale":1.0,"speed":1,"speedOfTransformCombo":15,"startColor":-1,"startIndexFrame":93,"stickerTypeTransformCombo":"NONE","stickerTypeTransformIn":"ZOOM_IN","stickerTypeTransformOut":"NONE","textAlignment":"CENTER","textBlurShadow":20.0,"textColorShadow":-6381922,"textHeightAllLine":44.75,"textHeightOneLine":29.0,"textLetterSpacing":0.0,"textLineSpacing":4.0,"textPadding":15.75,"textSize":25.0,"textSizeDefault":30.0,"textString":"Thank you for being by my side","textStroke":{"color":"#000000","indexPositionInAdapter":-1,"width":0.0},"timeTransformCombo":300,"timeTransformIn":300,"timeTransformOut":300,"titleShow":"","totalFileNeedDownForOneFrame":0,"typeSticker":"TEXT","urlCover":"","widthBitmap":0},{"DOT":".","TYPE_PHOTO":"png","WIDTH_MAX":360,"alpha":255,"countDeltaTime":0.0,"dataFrames":{"isNeedLoadBitmap1":false,"isNeedLoadBitmap2":false,"isNeedLoadBitmap2Loop":false,"isNeedLoadBitmap3":false,"isNeedLoadBitmap4":false,"isNeedLoadBitmap4Loop":false,"isNeedLoadBitmap5":false,"isNeedLoadBitmap6":false,"isNeedLoadBitmap6Loop":false,"isNeedLoadBitmap7":false,"isNeedLoadBitmap8":false,"isNeedLoadBitmap8Loop":false,"isNeedLoadBitmap9":false},"deviationXShadow":0.0,"deviationYShadow":0.0,"duration":1999,"endColor":-1,"endIndexFrame":92,"flip":1.0,"heightBitmap":0,"id":"683c54e75688e0dbf917f448d34621dc","indexColor":0,"indexColorShadow":3,"indexEndFrameTransformCombo":0,"indexEndFrameTransformIn":41,"indexFont":0,"indexFrame":0,"indexStartFrameTransformOut":0,"indexTransition":-1,"isBgText":false,"isBoldText":false,"isDashText":false,"isDashUnderText":false,"isDrawAnim":false,"isFirstFillDataTransformCombo":true,"isInit":true,"isItalicText":false,"isLayerFront":true,"isLoadFrameCache":true,"isTexture":false,"isVisible":false,"linkBubble":"","linkItemFrame":"","linkMask":"","listText":["I just wanted to say thank you"],"modeDraw":"SRC_OVER","pathFolder":"","pathFont":"","pathSaveBitmapFrame":"","pathTexture":"","pointRotate":{"x":200.07849,"y":678.9175},"pointTranslate":{"x":20.078491,"y":498.91748},"rotate":0.0,"scale":1.0,"speed":1,"speedOfTransformCombo":15,"startColor":-1,"startIndexFrame":32,"stickerTypeTransformCombo":"NONE","stickerTypeTransformIn":"ZOOM_IN","stickerTypeTransformOut":"NONE","textAlignment":"CENTER","textBlurShadow":20.0,"textColorShadow":-6381922,"textHeightAllLine":45.75,"textHeightOneLine":30.0,"textLetterSpacing":0.0,"textLineSpacing":4.0,"textPadding":15.75,"textSize":26.0,"textSizeDefault":30.0,"textString":"I just wanted to say thank you","textStroke":{"color":"#000000","indexPositionInAdapter":-1,"width":0.0},"timeTransformCombo":300,"timeTransformIn":300,"timeTransformOut":300,"titleShow":"","totalFileNeedDownForOneFrame":0,"typeSticker":"TEXT","urlCover":"","widthBitmap":0}],"listItemViewDataOnTimeLine":[{"durationEnd":0,"durationStart":0,"endIndexFrame":30,"indexRowCurrent":0,"indexRowPrevious":0,"keyInHasMap":1654241612908,"linkDownloadMp3":"","nameMp3":"","pathSaveFile":"","startIndexFrame":0,"volume":1.0},{"durationEnd":0,"durationStart":0,"endIndexFrame":248,"indexRowCurrent":0,"indexRowPrevious":0,"keyInHasMap":1654241612919,"linkDownloadMp3":"","nameMp3":"","pathSaveFile":"","startIndexFrame":214,"volume":1.0},{"durationEnd":0,"durationStart":0,"endIndexFrame":449,"indexRowCurrent":0,"indexRowPrevious":0,"keyInHasMap":1654241612932,"linkDownloadMp3":"","nameMp3":"","pathSaveFile":"","startIndexFrame":324,"volume":1.0},{"durationEnd":0,"durationStart":0,"endIndexFrame":321,"indexRowCurrent":0,"indexRowPrevious":0,"keyInHasMap":1654241612942,"linkDownloadMp3":"","nameMp3":"","pathSaveFile":"","startIndexFrame":249,"volume":1.0},{"durationEnd":0,"durationStart":0,"endIndexFrame":213,"indexRowCurrent":0,"indexRowPrevious":0,"keyInHasMap":1654241612959,"linkDownloadMp3":"","nameMp3":"","pathSaveFile":"","startIndexFrame":154,"volume":1.0},{"durationEnd":0,"durationStart":0,"endIndexFrame":152,"indexRowCurrent":0,"indexRowPrevious":0,"keyInHasMap":1654241612975,"linkDownloadMp3":"","nameMp3":"","pathSaveFile":"","startIndexFrame":93,"volume":1.0},{"durationEnd":0,"durationStart":0,"endIndexFrame":92,"indexRowCurrent":0,"indexRowPrevious":0,"keyInHasMap":1654241612991,"linkDownloadMp3":"","nameMp3":"","pathSaveFile":"","startIndexFrame":32,"volume":1.0}]},"timeLastUpdate":1654241818548,"videoEffect":{"listItemEffectData":[{"drawMode":"SCREEN","endIndexFrame":438,"indexFrameDrawCurrent":0,"isCenterCrop":true,"isCenterInside":false,"isDraw":true,"isReloadFromCache":true,"jsonObjectDataOfItem":"","keyEffect":"SERVER","keyInHasMap":1654241818549,"pathFolderEffect":"/data/user/0/videoeditor.moviemaker/files/FOLDER_EFFECT/Love/12","positionInAdapter":12,"sizeCanvasCurrent":{"x":405,"y":720},"speed":1,"startIndexFrame":0,"title":"Love 12","totalFrame":438,"uri":"/data/user/0/videoeditor.moviemaker/files/FOLDER_EFFECT/Love/12/Love.m4v"}],"listItemViewDataOnTimeLine":[{"durationEnd":14599,"durationStart":0,"endIndexFrame":438,"indexRowCurrent":0,"indexRowPrevious":0,"keyInHasMap":1654241640879,"linkDownloadMp3":"","nameMp3":"","pathSaveFile":"","startIndexFrame":0,"volume":1.0}]}}