{"durationVideo":12000,"editor":{"listItemPhotoData":[{"backgroundColor":-16777216,"blurBackground":0,"duration":12000,"endIndexFrame":359,"flipHorizontal":1.0,"flipVertical":1.0,"gpuPosition":0,"gpuProgress":0,"heightBitmap":1200,"idItemPhoto":"1654765838120","indexEndFrameTransformCombo":0,"indexEndFrameTransformIn":0,"indexStartFrameTransformOut":0,"isCenterCrop":false,"isCenterInside":true,"isCropBitmap":false,"isLoadFromCache":true,"isLocked":false,"itemDataTransition":{"indexCate":0,"isMask":false,"keyItem":"","linkCover":"","linkDownload":"","modeDraw":"","nameEn":"","nameVn":"","paintModeDraw":"SRC_OVER","pathFolderOfTransition":"","pathFolderZipOfTransition":"","positionTransitionInAdapter":0,"timeTransitionCurrent":1000,"typeTransition":{"type":"NONE","typeTransition":"NONE"}},"itemTemplateModel":{"duration":0,"heightBitmap":0,"indexSticker":-1,"isCrop":false,"isLocked":false,"md5PathFileOld":"","pathFile":"","rect":{"bottom":0,"left":0,"right":0,"top":0},"typeTemplateModel":"NONE","widthBitmap":0},"linkBackgroundImage":"","objDataAdjust":{"mCurrentBrightnessFilter":50,"mCurrentContrastFilter":50,"mCurrentExposureFilter":50,"mCurrentFadeFilters":0,"mCurrentHighlightFilter":100,"mCurrentHueFilter":0,"mCurrentSaturationFilter":50,"mCurrentShadowFilter":0,"mCurrentSharpenFilter":50,"mCurrentTempFilter":50,"mCurrentVignetteFilter":100,"mListRedoAdjust":[],"mListUndoAdjust":[]},"pathBitmap":"/storage/emulated/0/Pictures/Telegram/IMG_20220609_161010_426.jpg","rotate":0,"rotateAnim":0.0,"scaleAnim":1.0,"startIndexFrame":0,"timeTransformCombo":12000,"timeTransformIn":300,"timeTransformOut":300,"totalFrame":359,"typeBackground":"COLOR","typeTransformCombo":"NONE","typeTransformIn":"NONE","typeTransformOut":"NONE","valueMatrixBitmapDraw":[0.6,0.0,-7.6293945E-6,0.0,0.6,-1.5258789E-5,0.0,0.0,1.0],"widthBitmap":900}]},"frame":{"listItemStickerData":[{"DOT":".","TYPE_PHOTO":"png","WIDTH_MAX":360,"alpha":255,"countDeltaTime":0.0,"dataFrames":{"isNeedLoadBitmap1":true,"isNeedLoadBitmap2":true,"isNeedLoadBitmap2Loop":false,"isNeedLoadBitmap3":true,"isNeedLoadBitmap4":false,"isNeedLoadBitmap4Loop":true,"isNeedLoadBitmap5":true,"isNeedLoadBitmap6":true,"isNeedLoadBitmap6Loop":false,"isNeedLoadBitmap7":true,"isNeedLoadBitmap8":false,"isNeedLoadBitmap8Loop":true,"isNeedLoadBitmap9":false},"deviationXShadow":0.0,"deviationYShadow":0.0,"duration":12000,"endColor":-1,"endIndexFrame":360,"flip":1.0,"heightBitmap":0,"id":"8979c7e17dd5f316938b81090284239","indexColor":0,"indexColorShadow":0,"indexEndFrameTransformCombo":0,"indexEndFrameTransformIn":0,"indexFont":0,"indexFrame":0,"indexStartFrameTransformOut":0,"indexTransition":-1,"isBgText":false,"isBoldText":false,"isDashText":false,"isDashUnderText":false,"isDrawAnim":false,"isFirstFillDataTransformCombo":true,"isInit":true,"isItalicText":false,"isLayerFront":true,"isLoadFrameCache":true,"isTexture":false,"isVisible":true,"linkBubble":"","linkItemFrame":"https://photoforapp84133-dev.s3.ap-southeast-1.amazonaws.com/public/Frame/Film/Frame/8/","linkMask":"","listText":[],"modeDraw":"SRC_OVER","pathFolder":"","pathFont":"","pathSaveBitmapFrame":"/data/user/0/videoeditor.moviemaker/files/SaveProject/1654765850896/b0e5b7da13b534f627a4fa5196a2d9f9.png","pathTexture":"","pointRotate":{"x":0.0,"y":0.0},"pointTranslate":{"x":0.0,"y":0.0},"rotate":0.0,"scale":1.0,"speed":1,"speedOfTransformCombo":15,"startColor":-1,"startIndexFrame":0,"stickerTypeTransformCombo":"NONE","stickerTypeTransformIn":"NONE","stickerTypeTransformOut":"NONE","textAlignment":"CENTER","textBlurShadow":0.0,"textColorShadow":-16777216,"textHeightAllLine":0.0,"textHeightOneLine":0.0,"textLetterSpacing":0.0,"textLineSpacing":4.0,"textPadding":6.0,"textSize":1.0,"textSizeDefault":30.0,"textString":"","textStroke":{"color":"#000000","indexPositionInAdapter":-1,"width":0.0},"timeTransformCombo":300,"timeTransformIn":300,"timeTransformOut":300,"titleShow":"","totalFileNeedDownForOneFrame":8,"typeSticker":"FRAME","urlCover":"","widthBitmap":0}],"listItemViewDataOnTimeLine":[{"durationEnd":0,"durationStart":0,"endIndexFrame":360,"indexRowCurrent":0,"indexRowPrevious":0,"keyInHasMap":1654767595041,"linkDownloadMp3":"","nameMp3":"","pathSaveFile":"","startIndexFrame":0,"volume":1.0}]},"keyProjectCurrent":"1654765850896","listTemplateModel":{"list":[]},"music":{"listItemMusicData":[{"durationEnd":12000,"durationStart":0,"endIndexFrame":360,"indexRowCurrent":0,"indexRowPrevious":0,"keyInHasMap":1654765862033,"linkDownloadMp3":"/storage/emulated/0/Music/G3Video/Direct_ConvertVideoToMp3_1654765772648.mp3","nameMp3":"Direct_ConvertVideoToMp3_1654765772648.mp3","pathSaveFile":"/storage/emulated/0/Music/G3Video/Direct_ConvertVideoToMp3_1654765772648.mp3","startIndexFrame":0,"volume":1.0}]},"nameVideo":"Template 1654765850896","setting":{"quality":720,"ratio":{"height":4.0,"width":3.0}},"sticker":{"listItemStickerData":[],"listItemViewDataOnTimeLine":[]},"text":{"listItemStickerData":[{"DOT":".","TYPE_PHOTO":"png","WIDTH_MAX":360,"alpha":255,"countDeltaTime":0.0,"dataFrames":{"isNeedLoadBitmap1":false,"isNeedLoadBitmap2":false,"isNeedLoadBitmap2Loop":false,"isNeedLoadBitmap3":false,"isNeedLoadBitmap4":false,"isNeedLoadBitmap4Loop":false,"isNeedLoadBitmap5":false,"isNeedLoadBitmap6":false,"isNeedLoadBitmap6Loop":false,"isNeedLoadBitmap7":false,"isNeedLoadBitmap8":false,"isNeedLoadBitmap8Loop":false,"isNeedLoadBitmap9":false},"deviationXShadow":3.0,"deviationYShadow":0.0,"duration":3000,"endColor":-1,"endIndexFrame":90,"flip":1.0,"heightBitmap":0,"id":"c58f3e6aca24692d45c663186f1e1178","indexColor":0,"indexColorShadow":0,"indexEndFrameTransformCombo":0,"indexEndFrameTransformIn":0,"indexFont":137,"indexFrame":0,"indexStartFrameTransformOut":0,"indexTransition":-1,"isBgText":false,"isBoldText":false,"isDashText":false,"isDashUnderText":false,"isDrawAnim":false,"isFirstFillDataTransformCombo":true,"isInit":true,"isItalicText":false,"isLayerFront":true,"isLoadFrameCache":true,"isTexture":false,"isVisible":true,"linkBubble":"","linkItemFrame":"","linkMask":"","listText":["당신은 언제가"],"modeDraw":"SRC_OVER","pathFolder":"","pathFont":"/data/user/0/videoeditor.moviemaker/files/INTERNAL_FONT_FOLDER_UNZIP/luxury/luxury/VL_TFPironv2.otf","pathSaveBitmapFrame":"","pathTexture":"https://photoforapp.s3.ap-southeast-1.amazonaws.com/Video/TextV2/Style/Basic/15/texture.jpg","pointRotate":{"x":125.33562,"y":574.5248},"pointTranslate":{"x":-54.664383,"y":394.52478},"rotate":0.7501831,"scale":0.4625883,"speed":1,"speedOfTransformCombo":15,"startColor":-1,"startIndexFrame":0,"stickerTypeTransformCombo":"NONE","stickerTypeTransformIn":"NONE","stickerTypeTransformOut":"NONE","textAlignment":"CENTER","textBlurShadow":1.0,"textColorShadow":855638016,"textHeightAllLine":75.75,"textHeightOneLine":53.0,"textLetterSpacing":0.0,"textLineSpacing":4.0,"textPadding":15.75,"textSize":56.0,"textSizeDefault":30.0,"textString":"당신은 언제가","textStroke":{"color":"#000000","indexPositionInAdapter":-1,"width":0.0},"timeTransformCombo":300,"timeTransformIn":300,"timeTransformOut":300,"titleShow":"","totalFileNeedDownForOneFrame":0,"typeSticker":"TEXT","urlCover":"","widthBitmap":0},{"DOT":".","TYPE_PHOTO":"png","WIDTH_MAX":360,"alpha":255,"countDeltaTime":0.0,"dataFrames":{"isNeedLoadBitmap1":false,"isNeedLoadBitmap2":false,"isNeedLoadBitmap2Loop":false,"isNeedLoadBitmap3":false,"isNeedLoadBitmap4":false,"isNeedLoadBitmap4Loop":false,"isNeedLoadBitmap5":false,"isNeedLoadBitmap6":false,"isNeedLoadBitmap6Loop":false,"isNeedLoadBitmap7":false,"isNeedLoadBitmap8":false,"isNeedLoadBitmap8Loop":false,"isNeedLoadBitmap9":false},"deviationXShadow":3.0,"deviationYShadow":0.0,"duration":999,"endColor":-1,"endIndexFrame":121,"flip":1.0,"heightBitmap":0,"id":"8e5e6bb8db1d245352657316c86d1326","indexColor":0,"indexColorShadow":0,"indexEndFrameTransformCombo":0,"indexEndFrameTransformIn":0,"indexFont":0,"indexFrame":0,"indexStartFrameTransformOut":0,"indexTransition":-1,"isBgText":false,"isBoldText":false,"isDashText":false,"isDashUnderText":false,"isDrawAnim":false,"isFirstFillDataTransformCombo":true,"isInit":true,"isItalicText":false,"isLayerFront":true,"isLoadFrameCache":true,"isTexture":false,"isVisible":false,"linkBubble":"","linkItemFrame":"","linkMask":"","listText":["태양보다 더 빛나는"],"modeDraw":"SRC_OVER","pathFolder":"","pathFont":"","pathSaveBitmapFrame":"","pathTexture":"https://photoforapp.s3.ap-southeast-1.amazonaws.com/Video/TextV2/Style/Basic/15/texture.jpg","pointRotate":{"x":145.0303,"y":573.8074},"pointTranslate":{"x":-34.969696,"y":393.8074},"rotate":0.26000977,"scale":0.6124904,"speed":1,"speedOfTransformCombo":15,"startColor":-1,"startIndexFrame":91,"stickerTypeTransformCombo":"NONE","stickerTypeTransformIn":"NONE","stickerTypeTransformOut":"NONE","textAlignment":"CENTER","textBlurShadow":1.0,"textColorShadow":855638016,"textHeightAllLine":63.75,"textHeightOneLine":41.0,"textLetterSpacing":0.0,"textLineSpacing":4.0,"textPadding":15.75,"textSize":42.0,"textSizeDefault":30.0,"textString":"태양보다 더 빛나는","textStroke":{"color":"#000000","indexPositionInAdapter":-1,"width":0.0},"timeTransformCombo":300,"timeTransformIn":300,"timeTransformOut":300,"titleShow":"","totalFileNeedDownForOneFrame":0,"typeSticker":"TEXT","urlCover":"","widthBitmap":0},{"DOT":".","TYPE_PHOTO":"png","WIDTH_MAX":360,"alpha":255,"countDeltaTime":0.0,"dataFrames":{"isNeedLoadBitmap1":false,"isNeedLoadBitmap2":false,"isNeedLoadBitmap2Loop":false,"isNeedLoadBitmap3":false,"isNeedLoadBitmap4":false,"isNeedLoadBitmap4Loop":false,"isNeedLoadBitmap5":false,"isNeedLoadBitmap6":false,"isNeedLoadBitmap6Loop":false,"isNeedLoadBitmap7":false,"isNeedLoadBitmap8":false,"isNeedLoadBitmap8Loop":false,"isNeedLoadBitmap9":false},"deviationXShadow":3.0,"deviationYShadow":0.0,"duration":1833,"endColor":-1,"endIndexFrame":179,"flip":1.0,"heightBitmap":0,"id":"217947ca6206d68ca596ecadcb4bac8","indexColor":0,"indexColorShadow":0,"indexEndFrameTransformCombo":0,"indexEndFrameTransformIn":0,"indexFont":0,"indexFrame":0,"indexStartFrameTransformOut":0,"indexTransition":-1,"isBgText":false,"isBoldText":false,"isDashText":false,"isDashUnderText":false,"isDrawAnim":false,"isFirstFillDataTransformCombo":true,"isInit":true,"isItalicText":false,"isLayerFront":true,"isLoadFrameCache":true,"isTexture":false,"isVisible":false,"linkBubble":"","linkItemFrame":"","linkMask":"","listText":["존재가 될 것입니다."],"modeDraw":"SRC_OVER","pathFolder":"","pathFont":"","pathSaveBitmapFrame":"","pathTexture":"https://photoforapp.s3.ap-southeast-1.amazonaws.com/Video/TextV2/Style/Basic/15/texture.jpg","pointRotate":{"x":150.19612,"y":576.3185},"pointTranslate":{"x":-29.803879,"y":396.3185},"rotate":0.31414795,"scale":0.61210454,"speed":1,"speedOfTransformCombo":15,"startColor":-1,"startIndexFrame":124,"stickerTypeTransformCombo":"NONE","stickerTypeTransformIn":"NONE","stickerTypeTransformOut":"NONE","textAlignment":"CENTER","textBlurShadow":1.0,"textColorShadow":855638016,"textHeightAllLine":62.75,"textHeightOneLine":40.0,"textLetterSpacing":0.0,"textLineSpacing":4.0,"textPadding":15.75,"textSize":41.0,"textSizeDefault":30.0,"textString":"존재가 될 것입니다.","textStroke":{"color":"#000000","indexPositionInAdapter":-1,"width":0.0},"timeTransformCombo":300,"timeTransformIn":300,"timeTransformOut":300,"titleShow":"","totalFileNeedDownForOneFrame":0,"typeSticker":"TEXT","urlCover":"","widthBitmap":0},{"DOT":".","TYPE_PHOTO":"png","WIDTH_MAX":360,"alpha":255,"countDeltaTime":0.0,"dataFrames":{"isNeedLoadBitmap1":false,"isNeedLoadBitmap2":false,"isNeedLoadBitmap2Loop":false,"isNeedLoadBitmap3":false,"isNeedLoadBitmap4":false,"isNeedLoadBitmap4Loop":false,"isNeedLoadBitmap5":false,"isNeedLoadBitmap6":false,"isNeedLoadBitmap6Loop":false,"isNeedLoadBitmap7":false,"isNeedLoadBitmap8":false,"isNeedLoadBitmap8Loop":false,"isNeedLoadBitmap9":false},"deviationXShadow":3.0,"deviationYShadow":0.0,"duration":1066,"endColor":-1,"endIndexFrame":302,"flip":1.0,"heightBitmap":0,"id":"acece27301f85c5baf1bc48ce1f84","indexColor":0,"indexColorShadow":0,"indexEndFrameTransformCombo":0,"indexEndFrameTransformIn":0,"indexFont":0,"indexFrame":0,"indexStartFrameTransformOut":0,"indexTransition":-1,"isBgText":false,"isBoldText":false,"isDashText":false,"isDashUnderText":false,"isDrawAnim":false,"isFirstFillDataTransformCombo":true,"isInit":true,"isItalicText":false,"isLayerFront":true,"isLoadFrameCache":true,"isTexture":false,"isVisible":false,"linkBubble":"","linkItemFrame":"","linkMask":"","listText":["당신은 세상에서"],"modeDraw":"SRC_OVER","pathFolder":"","pathFont":"","pathSaveBitmapFrame":"","pathTexture":"https://photoforapp.s3.ap-southeast-1.amazonaws.com/Video/TextV2/Style/Basic/15/texture.jpg","pointRotate":{"x":130.17857,"y":568.06775},"pointTranslate":{"x":-49.821426,"y":388.06772},"rotate":0.4403839,"scale":0.5198029,"speed":1,"speedOfTransformCombo":15,"startColor":-1,"startIndexFrame":270,"stickerTypeTransformCombo":"NONE","stickerTypeTransformIn":"NONE","stickerTypeTransformOut":"NONE","textAlignment":"CENTER","textBlurShadow":1.0,"textColorShadow":855638016,"textHeightAllLine":70.75,"textHeightOneLine":48.0,"textLetterSpacing":0.0,"textLineSpacing":4.0,"textPadding":15.75,"textSize":49.0,"textSizeDefault":30.0,"textString":"당신은 세상에서","textStroke":{"color":"#000000","indexPositionInAdapter":-1,"width":0.0},"timeTransformCombo":300,"timeTransformIn":300,"timeTransformOut":300,"titleShow":"","totalFileNeedDownForOneFrame":0,"typeSticker":"TEXT","urlCover":"","widthBitmap":0},{"DOT":".","TYPE_PHOTO":"png","WIDTH_MAX":360,"alpha":255,"countDeltaTime":0.0,"dataFrames":{"isNeedLoadBitmap1":false,"isNeedLoadBitmap2":false,"isNeedLoadBitmap2Loop":false,"isNeedLoadBitmap3":false,"isNeedLoadBitmap4":false,"isNeedLoadBitmap4Loop":false,"isNeedLoadBitmap5":false,"isNeedLoadBitmap6":false,"isNeedLoadBitmap6Loop":false,"isNeedLoadBitmap7":false,"isNeedLoadBitmap8":false,"isNeedLoadBitmap8Loop":false,"isNeedLoadBitmap9":false},"deviationXShadow":3.0,"deviationYShadow":0.0,"duration":1899,"endColor":-1,"endIndexFrame":360,"flip":1.0,"heightBitmap":0,"id":"d78c89803e5087ef1f3299f73fd8f864","indexColor":0,"indexColorShadow":0,"indexEndFrameTransformCombo":0,"indexEndFrameTransformIn":0,"indexFont":0,"indexFrame":0,"indexStartFrameTransformOut":0,"indexTransition":-1,"isBgText":false,"isBoldText":false,"isDashText":false,"isDashUnderText":false,"isDrawAnim":false,"isFirstFillDataTransformCombo":true,"isInit":true,"isItalicText":false,"isLayerFront":true,"isLoadFrameCache":true,"isTexture":false,"isVisible":false,"linkBubble":"","linkItemFrame":"","linkMask":"","listText":["\u0027가장 소중한 사람입니다."],"modeDraw":"SRC_OVER","pathFolder":"","pathFont":"","pathSaveBitmapFrame":"","pathTexture":"https://photoforapp.s3.ap-southeast-1.amazonaws.com/Video/TextV2/Style/Basic/15/texture.jpg","pointRotate":{"x":158.91345,"y":570.57886},"pointTranslate":{"x":-21.086548,"y":390.57883},"rotate":-0.24041748,"scale":0.7255832,"speed":1,"speedOfTransformCombo":15,"startColor":-1,"startIndexFrame":303,"stickerTypeTransformCombo":"NONE","stickerTypeTransformIn":"NONE","stickerTypeTransformOut":"NONE","textAlignment":"CENTER","textBlurShadow":1.0,"textColorShadow":855638016,"textHeightAllLine":55.75,"textHeightOneLine":33.0,"textLetterSpacing":0.0,"textLineSpacing":4.0,"textPadding":15.75,"textSize":33.0,"textSizeDefault":30.0,"textString":"\u0027가장 소중한 사람입니다.","textStroke":{"color":"#000000","indexPositionInAdapter":-1,"width":0.0},"timeTransformCombo":300,"timeTransformIn":300,"timeTransformOut":300,"titleShow":"","totalFileNeedDownForOneFrame":0,"typeSticker":"TEXT","urlCover":"","widthBitmap":0},{"DOT":".","TYPE_PHOTO":"png","WIDTH_MAX":360,"alpha":255,"countDeltaTime":0.0,"dataFrames":{"isNeedLoadBitmap1":false,"isNeedLoadBitmap2":false,"isNeedLoadBitmap2Loop":false,"isNeedLoadBitmap3":false,"isNeedLoadBitmap4":false,"isNeedLoadBitmap4Loop":false,"isNeedLoadBitmap5":false,"isNeedLoadBitmap6":false,"isNeedLoadBitmap6Loop":false,"isNeedLoadBitmap7":false,"isNeedLoadBitmap8":false,"isNeedLoadBitmap8Loop":false,"isNeedLoadBitmap9":false},"deviationXShadow":3.0,"deviationYShadow":0.0,"duration":1066,"endColor":-1,"endIndexFrame":302,"flip":1.0,"heightBitmap":0,"id":"1ca66ff91a266334bd1094779ea63631","indexColor":0,"indexColorShadow":0,"indexEndFrameTransformCombo":0,"indexEndFrameTransformIn":0,"indexFont":137,"indexFrame":0,"indexStartFrameTransformOut":0,"indexTransition":-1,"isBgText":false,"isBoldText":false,"isDashText":false,"isDashUnderText":false,"isDrawAnim":false,"isFirstFillDataTransformCombo":true,"isInit":true,"isItalicText":false,"isLayerFront":true,"isLoadFrameCache":true,"isTexture":false,"isVisible":false,"linkBubble":"","linkItemFrame":"","linkMask":"","listText":["Bạn là người"],"modeDraw":"SRC_OVER","pathFolder":"","pathFont":"/data/user/0/videoeditor.moviemaker/files/INTERNAL_FONT_FOLDER_UNZIP/luxury/luxury/VL_TFPironv2.otf","pathSaveBitmapFrame":"","pathTexture":"https://photoforapp.s3.ap-southeast-1.amazonaws.com/Video/TextV2/Style/Basic/15/texture.jpg","pointRotate":{"x":117.26404,"y":601.0713},"pointTranslate":{"x":-62.735962,"y":421.07126},"rotate":-0.080207825,"scale":0.42804873,"speed":1,"speedOfTransformCombo":15,"startColor":-1,"startIndexFrame":270,"stickerTypeTransformCombo":"NONE","stickerTypeTransformIn":"NONE","stickerTypeTransformOut":"NONE","textAlignment":"CENTER","textBlurShadow":1.0,"textColorShadow":855638016,"textHeightAllLine":73.75,"textHeightOneLine":51.0,"textLetterSpacing":0.0,"textLineSpacing":4.0,"textPadding":15.75,"textSize":48.0,"textSizeDefault":30.0,"textString":"Bạn là người","textStroke":{"color":"#000000","indexPositionInAdapter":-1,"width":0.0},"timeTransformCombo":300,"timeTransformIn":300,"timeTransformOut":300,"titleShow":"","totalFileNeedDownForOneFrame":0,"typeSticker":"TEXT","urlCover":"","widthBitmap":0},{"DOT":".","TYPE_PHOTO":"png","WIDTH_MAX":360,"alpha":255,"countDeltaTime":0.0,"dataFrames":{"isNeedLoadBitmap1":false,"isNeedLoadBitmap2":false,"isNeedLoadBitmap2Loop":false,"isNeedLoadBitmap3":false,"isNeedLoadBitmap4":false,"isNeedLoadBitmap4Loop":false,"isNeedLoadBitmap5":false,"isNeedLoadBitmap6":false,"isNeedLoadBitmap6Loop":false,"isNeedLoadBitmap7":false,"isNeedLoadBitmap8":false,"isNeedLoadBitmap8Loop":false,"isNeedLoadBitmap9":false},"deviationXShadow":3.0,"deviationYShadow":0.0,"duration":2866,"endColor":-1,"endIndexFrame":268,"flip":1.0,"heightBitmap":0,"id":"a94653de952b411e783eaa6bc4a5c99a","indexColor":0,"indexColorShadow":0,"indexEndFrameTransformCombo":0,"indexEndFrameTransformIn":0,"indexFont":0,"indexFrame":0,"indexStartFrameTransformOut":0,"indexTransition":-1,"isBgText":false,"isBoldText":false,"isDashText":false,"isDashUnderText":false,"isDrawAnim":false,"isFirstFillDataTransformCombo":true,"isInit":true,"isItalicText":false,"isLayerFront":true,"isLoadFrameCache":true,"isTexture":false,"isVisible":false,"linkBubble":"","linkItemFrame":"","linkMask":"","listText":["그리고 꼭 기억하세요!"],"modeDraw":"SRC_OVER","pathFolder":"","pathFont":"","pathSaveBitmapFrame":"","pathTexture":"https://photoforapp.s3.ap-southeast-1.amazonaws.com/Video/TextV2/Style/Basic/15/texture.jpg","pointRotate":{"x":160.8506,"y":580.2648},"pointTranslate":{"x":-19.149399,"y":400.26474},"rotate":-0.07221985,"scale":0.6575453,"speed":1,"speedOfTransformCombo":15,"startColor":-1,"startIndexFrame":182,"stickerTypeTransformCombo":"NONE","stickerTypeTransformIn":"NONE","stickerTypeTransformOut":"NONE","textAlignment":"CENTER","textBlurShadow":1.0,"textColorShadow":855638016,"textHeightAllLine":57.75,"textHeightOneLine":35.0,"textLetterSpacing":0.0,"textLineSpacing":4.0,"textPadding":15.75,"textSize":36.0,"textSizeDefault":30.0,"textString":"그리고 꼭 기억하세요!","textStroke":{"color":"#000000","indexPositionInAdapter":-1,"width":0.0},"timeTransformCombo":300,"timeTransformIn":300,"timeTransformOut":300,"titleShow":"","totalFileNeedDownForOneFrame":0,"typeSticker":"TEXT","urlCover":"","widthBitmap":0},{"DOT":".","TYPE_PHOTO":"png","WIDTH_MAX":360,"alpha":255,"countDeltaTime":0.0,"dataFrames":{"isNeedLoadBitmap1":false,"isNeedLoadBitmap2":false,"isNeedLoadBitmap2Loop":false,"isNeedLoadBitmap3":false,"isNeedLoadBitmap4":false,"isNeedLoadBitmap4Loop":false,"isNeedLoadBitmap5":false,"isNeedLoadBitmap6":false,"isNeedLoadBitmap6Loop":false,"isNeedLoadBitmap7":false,"isNeedLoadBitmap8":false,"isNeedLoadBitmap8Loop":false,"isNeedLoadBitmap9":false},"deviationXShadow":3.0,"deviationYShadow":0.0,"duration":1033,"endColor":-1,"endIndexFrame":122,"flip":1.0,"heightBitmap":0,"id":"19a24693b39ce4fec7bff6421bdddbd","indexColor":0,"indexColorShadow":0,"indexEndFrameTransformCombo":0,"indexEndFrameTransformIn":0,"indexFont":137,"indexFrame":0,"indexStartFrameTransformOut":0,"indexTransition":-1,"isBgText":false,"isBoldText":false,"isDashText":false,"isDashUnderText":false,"isDrawAnim":false,"isFirstFillDataTransformCombo":true,"isInit":true,"isItalicText":false,"isLayerFront":true,"isLoadFrameCache":true,"isTexture":false,"isVisible":false,"linkBubble":"","linkItemFrame":"","linkMask":"","listText":["Sẽ trở thành sự tồn tại"],"modeDraw":"SRC_OVER","pathFolder":"","pathFont":"/data/user/0/videoeditor.moviemaker/files/INTERNAL_FONT_FOLDER_UNZIP/luxury/luxury/VL_TFPironv2.otf","pathSaveBitmapFrame":"","pathTexture":"https://photoforapp.s3.ap-southeast-1.amazonaws.com/Video/TextV2/Style/Basic/15/texture.jpg","pointRotate":{"x":159.2363,"y":606.09375},"pointTranslate":{"x":-20.763702,"y":426.09372},"rotate":0.06448364,"scale":0.68233836,"speed":1,"speedOfTransformCombo":15,"startColor":-1,"startIndexFrame":91,"stickerTypeTransformCombo":"NONE","stickerTypeTransformIn":"NONE","stickerTypeTransformOut":"NONE","textAlignment":"CENTER","textBlurShadow":1.0,"textColorShadow":855638016,"textHeightAllLine":54.75,"textHeightOneLine":32.0,"textLetterSpacing":0.0,"textLineSpacing":4.0,"textPadding":15.75,"textSize":28.0,"textSizeDefault":30.0,"textString":"Sẽ trở thành sự tồn tại","textStroke":{"color":"#000000","indexPositionInAdapter":-1,"width":0.0},"timeTransformCombo":300,"timeTransformIn":300,"timeTransformOut":300,"titleShow":"","totalFileNeedDownForOneFrame":0,"typeSticker":"TEXT","urlCover":"","widthBitmap":0},{"DOT":".","TYPE_PHOTO":"png","WIDTH_MAX":360,"alpha":255,"countDeltaTime":0.0,"dataFrames":{"isNeedLoadBitmap1":false,"isNeedLoadBitmap2":false,"isNeedLoadBitmap2Loop":false,"isNeedLoadBitmap3":false,"isNeedLoadBitmap4":false,"isNeedLoadBitmap4Loop":false,"isNeedLoadBitmap5":false,"isNeedLoadBitmap6":false,"isNeedLoadBitmap6Loop":false,"isNeedLoadBitmap7":false,"isNeedLoadBitmap8":false,"isNeedLoadBitmap8Loop":false,"isNeedLoadBitmap9":false},"deviationXShadow":3.0,"deviationYShadow":0.0,"duration":3000,"endColor":-1,"endIndexFrame":90,"flip":1.0,"heightBitmap":0,"id":"722d97ae4e573886bea6d8f95f5a471","indexColor":0,"indexColorShadow":0,"indexEndFrameTransformCombo":0,"indexEndFrameTransformIn":0,"indexFont":137,"indexFrame":0,"indexStartFrameTransformOut":0,"indexTransition":-1,"isBgText":false,"isBoldText":false,"isDashText":false,"isDashUnderText":false,"isDrawAnim":false,"isFirstFillDataTransformCombo":true,"isInit":true,"isItalicText":false,"isLayerFront":true,"isLoadFrameCache":true,"isTexture":false,"isVisible":true,"linkBubble":"","linkItemFrame":"","linkMask":"","listText":["Bạn một ngày nào đó"],"modeDraw":"SRC_OVER","pathFolder":"","pathFont":"/data/user/0/videoeditor.moviemaker/files/INTERNAL_FONT_FOLDER_UNZIP/luxury/luxury/VL_TFPironv2.otf","pathSaveBitmapFrame":"","pathTexture":"https://photoforapp.s3.ap-southeast-1.amazonaws.com/Video/TextV2/Style/Basic/15/texture.jpg","pointRotate":{"x":166.01636,"y":607.8873},"pointTranslate":{"x":-13.983643,"y":427.8873},"rotate":-0.541832,"scale":0.71543884,"speed":1,"speedOfTransformCombo":15,"startColor":-1,"startIndexFrame":0,"stickerTypeTransformCombo":"NONE","stickerTypeTransformIn":"NONE","stickerTypeTransformOut":"NONE","textAlignment":"CENTER","textBlurShadow":1.0,"textColorShadow":855638016,"textHeightAllLine":54.75,"textHeightOneLine":32.0,"textLetterSpacing":0.0,"textLineSpacing":4.0,"textPadding":15.75,"textSize":28.0,"textSizeDefault":30.0,"textString":"Bạn một ngày nào đó","textStroke":{"color":"#000000","indexPositionInAdapter":-1,"width":0.0},"timeTransformCombo":300,"timeTransformIn":300,"timeTransformOut":300,"titleShow":"","totalFileNeedDownForOneFrame":0,"typeSticker":"TEXT","urlCover":"","widthBitmap":0},{"DOT":".","TYPE_PHOTO":"png","WIDTH_MAX":360,"alpha":255,"countDeltaTime":0.0,"dataFrames":{"isNeedLoadBitmap1":false,"isNeedLoadBitmap2":false,"isNeedLoadBitmap2Loop":false,"isNeedLoadBitmap3":false,"isNeedLoadBitmap4":false,"isNeedLoadBitmap4Loop":false,"isNeedLoadBitmap5":false,"isNeedLoadBitmap6":false,"isNeedLoadBitmap6Loop":false,"isNeedLoadBitmap7":false,"isNeedLoadBitmap8":false,"isNeedLoadBitmap8Loop":false,"isNeedLoadBitmap9":false},"deviationXShadow":3.0,"deviationYShadow":0.0,"duration":1866,"endColor":-1,"endIndexFrame":179,"flip":1.0,"heightBitmap":0,"id":"5565c6942c8463566b162da88927aa92","indexColor":0,"indexColorShadow":0,"indexEndFrameTransformCombo":0,"indexEndFrameTransformIn":0,"indexFont":137,"indexFrame":0,"indexStartFrameTransformOut":0,"indexTransition":-1,"isBgText":false,"isBoldText":false,"isDashText":false,"isDashUnderText":false,"isDrawAnim":false,"isFirstFillDataTransformCombo":true,"isInit":true,"isItalicText":false,"isLayerFront":true,"isLoadFrameCache":true,"isTexture":false,"isVisible":false,"linkBubble":"","linkItemFrame":"","linkMask":"","listText":["Lấp lánh hơn cả ánh dương."],"modeDraw":"SRC_OVER","pathFolder":"","pathFont":"/data/user/0/videoeditor.moviemaker/files/INTERNAL_FONT_FOLDER_UNZIP/luxury/luxury/VL_TFPironv2.otf","pathSaveBitmapFrame":"","pathTexture":"https://photoforapp.s3.ap-southeast-1.amazonaws.com/Video/TextV2/Style/Basic/15/texture.jpg","pointRotate":{"x":192.9755,"y":607.16986},"pointTranslate":{"x":12.975494,"y":427.16986},"rotate":-0.12896729,"scale":0.91591,"speed":1,"speedOfTransformCombo":15,"startColor":-1,"startIndexFrame":123,"stickerTypeTransformCombo":"NONE","stickerTypeTransformIn":"NONE","stickerTypeTransformOut":"NONE","textAlignment":"CENTER","textBlurShadow":1.0,"textColorShadow":855638016,"textHeightAllLine":49.75,"textHeightOneLine":27.0,"textLetterSpacing":0.0,"textLineSpacing":4.0,"textPadding":15.75,"textSize":21.0,"textSizeDefault":30.0,"textString":"Lấp lánh hơn cả ánh dương.","textStroke":{"color":"#000000","indexPositionInAdapter":-1,"width":0.0},"timeTransformCombo":300,"timeTransformIn":300,"timeTransformOut":300,"titleShow":"","totalFileNeedDownForOneFrame":0,"typeSticker":"TEXT","urlCover":"","widthBitmap":0},{"DOT":".","TYPE_PHOTO":"png","WIDTH_MAX":360,"alpha":255,"countDeltaTime":0.0,"dataFrames":{"isNeedLoadBitmap1":false,"isNeedLoadBitmap2":false,"isNeedLoadBitmap2Loop":false,"isNeedLoadBitmap3":false,"isNeedLoadBitmap4":false,"isNeedLoadBitmap4Loop":false,"isNeedLoadBitmap5":false,"isNeedLoadBitmap6":false,"isNeedLoadBitmap6Loop":false,"isNeedLoadBitmap7":false,"isNeedLoadBitmap8":false,"isNeedLoadBitmap8Loop":false,"isNeedLoadBitmap9":false},"deviationXShadow":3.0,"deviationYShadow":0.0,"duration":2866,"endColor":-1,"endIndexFrame":268,"flip":1.0,"heightBitmap":0,"id":"e660effa14acb5db42143d24fb16d1f","indexColor":0,"indexColorShadow":0,"indexEndFrameTransformCombo":0,"indexEndFrameTransformIn":0,"indexFont":137,"indexFrame":0,"indexStartFrameTransformOut":0,"indexTransition":-1,"isBgText":false,"isBoldText":false,"isDashText":false,"isDashUnderText":false,"isDrawAnim":false,"isFirstFillDataTransformCombo":true,"isInit":true,"isItalicText":false,"isLayerFront":true,"isLoadFrameCache":true,"isTexture":false,"isVisible":false,"linkBubble":"","linkItemFrame":"","linkMask":"","listText":["Và nhất định hãy nhớ rằng!"],"modeDraw":"SRC_OVER","pathFolder":"","pathFont":"/data/user/0/videoeditor.moviemaker/files/INTERNAL_FONT_FOLDER_UNZIP/luxury/luxury/VL_TFPironv2.otf","pathSaveBitmapFrame":"","pathTexture":"https://photoforapp.s3.ap-southeast-1.amazonaws.com/Video/TextV2/Style/Basic/15/texture.jpg","pointRotate":{"x":199.27136,"y":607.16974},"pointTranslate":{"x":19.271362,"y":427.16974},"rotate":0.12709045,"scale":0.8830383,"speed":1,"speedOfTransformCombo":15,"startColor":-1,"startIndexFrame":182,"stickerTypeTransformCombo":"NONE","stickerTypeTransformIn":"NONE","stickerTypeTransformOut":"NONE","textAlignment":"CENTER","textBlurShadow":1.0,"textColorShadow":855638016,"textHeightAllLine":50.75,"textHeightOneLine":28.0,"textLetterSpacing":0.0,"textLineSpacing":4.0,"textPadding":15.75,"textSize":22.0,"textSizeDefault":30.0,"textString":"Và nhất định hãy nhớ rằng!","textStroke":{"color":"#000000","indexPositionInAdapter":-1,"width":0.0},"timeTransformCombo":300,"timeTransformIn":300,"timeTransformOut":300,"titleShow":"","totalFileNeedDownForOneFrame":0,"typeSticker":"TEXT","urlCover":"","widthBitmap":0},{"DOT":".","TYPE_PHOTO":"png","WIDTH_MAX":360,"alpha":255,"countDeltaTime":0.0,"dataFrames":{"isNeedLoadBitmap1":false,"isNeedLoadBitmap2":false,"isNeedLoadBitmap2Loop":false,"isNeedLoadBitmap3":false,"isNeedLoadBitmap4":false,"isNeedLoadBitmap4Loop":false,"isNeedLoadBitmap5":false,"isNeedLoadBitmap6":false,"isNeedLoadBitmap6Loop":false,"isNeedLoadBitmap7":false,"isNeedLoadBitmap8":false,"isNeedLoadBitmap8Loop":false,"isNeedLoadBitmap9":false},"deviationXShadow":3.0,"deviationYShadow":0.0,"duration":1899,"endColor":-1,"endIndexFrame":360,"flip":1.0,"heightBitmap":0,"id":"59de69afd386a5808813c0a4771a69ce","indexColor":0,"indexColorShadow":0,"indexEndFrameTransformCombo":0,"indexEndFrameTransformIn":0,"indexFont":137,"indexFrame":0,"indexStartFrameTransformOut":0,"indexTransition":-1,"isBgText":false,"isBoldText":false,"isDashText":false,"isDashUnderText":false,"isDrawAnim":false,"isFirstFillDataTransformCombo":true,"isInit":true,"isItalicText":false,"isLayerFront":true,"isLoadFrameCache":true,"isTexture":false,"isVisible":false,"linkBubble":"","linkItemFrame":"","linkMask":"","listText":["Quý giá nhất trên thế giới này."],"modeDraw":"SRC_OVER","pathFolder":"","pathFont":"/data/user/0/videoeditor.moviemaker/files/INTERNAL_FONT_FOLDER_UNZIP/luxury/luxury/VL_TFPironv2.otf","pathSaveBitmapFrame":"","pathTexture":"https://photoforapp.s3.ap-southeast-1.amazonaws.com/Video/TextV2/Style/Basic/15/texture.jpg","pointRotate":{"x":202.50003,"y":600.71277},"pointTranslate":{"x":22.50003,"y":420.7128},"rotate":-0.20701599,"scale":0.97584176,"speed":1,"speedOfTransformCombo":15,"startColor":-1,"startIndexFrame":303,"stickerTypeTransformCombo":"NONE","stickerTypeTransformIn":"NONE","stickerTypeTransformOut":"NONE","textAlignment":"CENTER","textBlurShadow":1.0,"textColorShadow":855638016,"textHeightAllLine":47.75,"textHeightOneLine":25.0,"textLetterSpacing":0.0,"textLineSpacing":4.0,"textPadding":15.75,"textSize":20.0,"textSizeDefault":30.0,"textString":"Quý giá nhất trên thế giới này.","textStroke":{"color":"#000000","indexPositionInAdapter":-1,"width":0.0},"timeTransformCombo":300,"timeTransformIn":300,"timeTransformOut":300,"titleShow":"","totalFileNeedDownForOneFrame":0,"typeSticker":"TEXT","urlCover":"","widthBitmap":0}],"listItemViewDataOnTimeLine":[{"durationEnd":0,"durationStart":0,"endIndexFrame":90,"indexRowCurrent":0,"indexRowPrevious":0,"keyInHasMap":1654767593583,"linkDownloadMp3":"","nameMp3":"","pathSaveFile":"","startIndexFrame":0,"volume":1.0},{"durationEnd":0,"durationStart":0,"endIndexFrame":121,"indexRowCurrent":0,"indexRowPrevious":0,"keyInHasMap":1654767593600,"linkDownloadMp3":"","nameMp3":"","pathSaveFile":"","startIndexFrame":91,"volume":1.0},{"durationEnd":0,"durationStart":0,"endIndexFrame":179,"indexRowCurrent":0,"indexRowPrevious":0,"keyInHasMap":1654767593612,"linkDownloadMp3":"","nameMp3":"","pathSaveFile":"","startIndexFrame":124,"volume":1.0},{"durationEnd":0,"durationStart":0,"endIndexFrame":302,"indexRowCurrent":0,"indexRowPrevious":0,"keyInHasMap":1654767593638,"linkDownloadMp3":"","nameMp3":"","pathSaveFile":"","startIndexFrame":270,"volume":1.0},{"durationEnd":0,"durationStart":0,"endIndexFrame":360,"indexRowCurrent":0,"indexRowPrevious":0,"keyInHasMap":1654767593655,"linkDownloadMp3":"","nameMp3":"","pathSaveFile":"","startIndexFrame":303,"volume":1.0},{"durationEnd":0,"durationStart":0,"endIndexFrame":302,"indexRowCurrent":0,"indexRowPrevious":0,"keyInHasMap":1654767593672,"linkDownloadMp3":"","nameMp3":"","pathSaveFile":"","startIndexFrame":270,"volume":1.0},{"durationEnd":0,"durationStart":0,"endIndexFrame":268,"indexRowCurrent":0,"indexRowPrevious":0,"keyInHasMap":1654767593688,"linkDownloadMp3":"","nameMp3":"","pathSaveFile":"","startIndexFrame":182,"volume":1.0},{"durationEnd":0,"durationStart":0,"endIndexFrame":122,"indexRowCurrent":0,"indexRowPrevious":0,"keyInHasMap":1654767593706,"linkDownloadMp3":"","nameMp3":"","pathSaveFile":"","startIndexFrame":91,"volume":1.0},{"durationEnd":0,"durationStart":0,"endIndexFrame":90,"indexRowCurrent":0,"indexRowPrevious":0,"keyInHasMap":1654767593722,"linkDownloadMp3":"","nameMp3":"","pathSaveFile":"","startIndexFrame":0,"volume":1.0},{"durationEnd":0,"durationStart":0,"endIndexFrame":179,"indexRowCurrent":0,"indexRowPrevious":0,"keyInHasMap":1654767593739,"linkDownloadMp3":"","nameMp3":"","pathSaveFile":"","startIndexFrame":123,"volume":1.0},{"durationEnd":0,"durationStart":0,"endIndexFrame":268,"indexRowCurrent":0,"indexRowPrevious":0,"keyInHasMap":1654767593755,"linkDownloadMp3":"","nameMp3":"","pathSaveFile":"","startIndexFrame":182,"volume":1.0},{"durationEnd":0,"durationStart":0,"endIndexFrame":360,"indexRowCurrent":0,"indexRowPrevious":0,"keyInHasMap":1654767593772,"linkDownloadMp3":"","nameMp3":"","pathSaveFile":"","startIndexFrame":303,"volume":1.0}]},"timeLastUpdate":1654767602009,"videoEffect":{"listItemEffectData":[{"drawMode":"SCREEN","endIndexFrame":359,"indexFrameDrawCurrent":0,"isCenterCrop":true,"isCenterInside":false,"isDraw":true,"isReloadFromCache":true,"jsonObjectDataOfItem":"","keyEffect":"SERVER","keyInHasMap":1654767602010,"pathFolderEffect":"/data/user/0/videoeditor.moviemaker/files/FOLDER_EFFECT/Retro/17","positionInAdapter":17,"sizeCanvasCurrent":{"x":540,"y":720},"speed":1,"startIndexFrame":0,"title":"Retro 17","totalFrame":359,"uri":"/data/user/0/videoeditor.moviemaker/files/FOLDER_EFFECT/Retro/17/Retro.m4v"}],"listItemViewDataOnTimeLine":[{"durationEnd":0,"durationStart":0,"endIndexFrame":359,"indexRowCurrent":0,"indexRowPrevious":0,"keyInHasMap":1654767570809,"linkDownloadMp3":"","nameMp3":"","pathSaveFile":"","startIndexFrame":0,"volume":1.0}]}}