{"durationVideo":10433,"editor":{"listItemPhotoData":[{"backgroundColor":-16777216,"blurBackground":0,"duration":5000,"endIndexFrame":149,"flipHorizontal":1.0,"flipVertical":1.0,"gpuPosition":0,"gpuProgress":0,"heightBitmap":1280,"idItemPhoto":"1654506678730","indexEndFrameTransformCombo":0,"indexEndFrameTransformIn":0,"indexStartFrameTransformOut":0,"isCenterCrop":false,"isCenterInside":true,"isCropBitmap":false,"isLoadFromCache":true,"isLocked":false,"itemDataTransition":{"indexCate":2,"indexItem":5,"isMask":false,"keyItem":"CAMERA_DOWN","linkCover":"https://photoforapp.s3.ap-southeast-1.amazonaws.com/Video/TransitionsServer/Camera/Icon/CAMERA_DOWN.gif","linkDownload":"https://photoforapp.s3.ap-southeast-1.amazonaws.com/Video/TransitionsServer/Camera/CAMERA_DOWN.zip","modeDraw":"","nameEn":"Down","nameVn":"Xuống","paintModeDraw":"SRC_OVER","pathFolderOfTransition":"","pathFolderZipOfTransition":"","positionTransitionInAdapter":0,"timeTransitionCurrent":592,"typeTransition":{"type":"NONE","typeTransition":"NONE"}},"itemTemplateModel":{"duration":0,"heightBitmap":0,"indexSticker":-1,"isCrop":false,"isLocked":false,"md5PathFileOld":"","pathFile":"","rect":{"bottom":0,"left":0,"right":0,"top":0},"typeTemplateModel":"NONE","widthBitmap":0},"linkBackgroundImage":"","objDataAdjust":{"mCurrentBrightnessFilter":50,"mCurrentContrastFilter":50,"mCurrentExposureFilter":50,"mCurrentFadeFilters":0,"mCurrentHighlightFilter":100,"mCurrentHueFilter":0,"mCurrentSaturationFilter":50,"mCurrentShadowFilter":0,"mCurrentSharpenFilter":50,"mCurrentTempFilter":50,"mCurrentVignetteFilter":100,"mListRedoAdjust":[],"mListUndoAdjust":[]},"pathBitmap":"/storage/emulated/0/Pictures/Telegram/IMG_20220606_161026_384.jpg","rotate":0,"rotateAnim":0.0,"scaleAnim":1.0,"startIndexFrame":0,"timeTransformCombo":5000,"timeTransformIn":300,"timeTransformOut":300,"totalFrame":149,"typeBackground":"COLOR","typeTransformCombo":"NONE","typeTransformIn":"NONE","typeTransformOut":"NONE","valueMatrixBitmapDraw":[0.5625,0.0,0.0,0.0,0.5625,0.0,0.0,0.0,1.0],"widthBitmap":720},{"backgroundColor":-16777216,"blurBackground":0,"duration":5433,"endIndexFrame":312,"flipHorizontal":1.0,"flipVertical":1.0,"gpuPosition":0,"gpuProgress":0,"heightBitmap":1280,"idItemPhoto":"1654506678981","indexEndFrameTransformCombo":0,"indexEndFrameTransformIn":0,"indexStartFrameTransformOut":0,"isCenterCrop":false,"isCenterInside":true,"isCropBitmap":false,"isLoadFromCache":true,"isLocked":false,"itemDataTransition":{"indexCate":0,"isMask":false,"keyItem":"","linkCover":"","linkDownload":"","modeDraw":"","nameEn":"","nameVn":"","paintModeDraw":"SRC_OVER","pathFolderOfTransition":"","pathFolderZipOfTransition":"","positionTransitionInAdapter":0,"timeTransitionCurrent":1000,"typeTransition":{"type":"NONE","typeTransition":"NONE"}},"itemTemplateModel":{"duration":0,"heightBitmap":0,"indexSticker":-1,"isCrop":false,"isLocked":false,"md5PathFileOld":"","pathFile":"","rect":{"bottom":0,"left":0,"right":0,"top":0},"typeTemplateModel":"NONE","widthBitmap":0},"linkBackgroundImage":"","objDataAdjust":{"mCurrentBrightnessFilter":50,"mCurrentContrastFilter":50,"mCurrentExposureFilter":50,"mCurrentFadeFilters":0,"mCurrentHighlightFilter":100,"mCurrentHueFilter":0,"mCurrentSaturationFilter":50,"mCurrentShadowFilter":0,"mCurrentSharpenFilter":50,"mCurrentTempFilter":50,"mCurrentVignetteFilter":100,"mListRedoAdjust":[],"mListUndoAdjust":[]},"pathBitmap":"/storage/emulated/0/Pictures/Telegram/IMG_20220606_161023_873.jpg","rotate":0,"rotateAnim":0.0,"scaleAnim":1.0,"startIndexFrame":150,"timeTransformCombo":5433,"timeTransformIn":300,"timeTransformOut":300,"totalFrame":162,"typeBackground":"COLOR","typeTransformCombo":"NONE","typeTransformIn":"NONE","typeTransformOut":"NONE","valueMatrixBitmapDraw":[0.5625,0.0,0.0,0.0,0.5625,0.0,0.0,0.0,1.0],"widthBitmap":720}]},"frame":{"listItemStickerData":[],"listItemViewDataOnTimeLine":[]},"keyProjectCurrent":"1654506681255","listTemplateModel":{"list":[]},"music":{"listItemMusicData":[{"durationEnd":10433,"durationStart":0,"endIndexFrame":313,"indexRowCurrent":0,"indexRowPrevious":0,"keyInHasMap":1654506696578,"linkDownloadMp3":"/storage/emulated/0/Music/G3Video/Direct_ConvertVideoToMp3_1654505777771.mp3","nameMp3":"Direct_ConvertVideoToMp3_1654505777771.mp3","pathSaveFile":"/storage/emulated/0/Music/G3Video/Direct_ConvertVideoToMp3_1654505777771.mp3","startIndexFrame":0,"volume":1.0}]},"nameVideo":"Template 1654506681255","setting":{"quality":720,"ratio":{"height":1.7777778,"width":1.0}},"sticker":{"listItemStickerData":[],"listItemViewDataOnTimeLine":[]},"text":{"listItemStickerData":[],"listItemViewDataOnTimeLine":[]},"timeLastUpdate":1654507282953,"videoEffect":{"listItemEffectData":[{"drawMode":"SCREEN","endIndexFrame":149,"indexFrameDrawCurrent":0,"isCenterCrop":true,"isCenterInside":false,"isDraw":true,"isReloadFromCache":true,"jsonObjectDataOfItem":"{\"MAX\":25.0,\"MIN\":1.0,\"blurCurrent\":19.92,\"color\":-16776961,\"defaultBlur\":20.0}","keyEffect":"Party","keyInHasMap":1654507282956,"pathFolderEffect":"","positionInAdapter":0,"sizeCanvasCurrent":{"x":0,"y":0},"speed":1,"startIndexFrame":21,"title":"Đường màu xanh","totalFrame":128,"uri":""},{"drawMode":"SCREEN","endIndexFrame":148,"indexFrameDrawCurrent":0,"isCenterCrop":true,"isCenterInside":false,"isDraw":true,"isReloadFromCache":true,"jsonObjectDataOfItem":"{\"defaultPercentWidth\":1.0,\"defaultSpeed\":3.0,\"isHorizontal\":false,\"max\":10.0,\"maxSpeed\":50.0,\"min\":1.0,\"minSpeed\":2.0,\"percentWidth\":0.99,\"speedCurrent\":18.24}","keyEffect":"Party","keyInHasMap":1654507282960,"pathFolderEffect":"","positionInAdapter":2,"sizeCanvasCurrent":{"x":0,"y":0},"speed":1,"startIndexFrame":0,"title":"Lắc, giật ảnh","totalFrame":148,"uri":""},{"drawMode":"SCREEN","endIndexFrame":189,"indexFrameDrawCurrent":0,"isCenterCrop":true,"isCenterInside":false,"isDraw":true,"isReloadFromCache":true,"jsonObjectDataOfItem":"","keyEffect":"Basic","keyInHasMap":1654507282962,"pathFolderEffect":"","positionInAdapter":6,"sizeCanvasCurrent":{"x":0,"y":0},"speed":1,"startIndexFrame":150,"title":"Phóng to","totalFrame":39,"uri":""},{"drawMode":"SCREEN","endIndexFrame":264,"indexFrameDrawCurrent":0,"isCenterCrop":true,"isCenterInside":false,"isDraw":true,"isReloadFromCache":true,"jsonObjectDataOfItem":"","keyEffect":"Basic","keyInHasMap":1654507282964,"pathFolderEffect":"","positionInAdapter":6,"sizeCanvasCurrent":{"x":0,"y":0},"speed":1,"startIndexFrame":234,"title":"Phóng to","totalFrame":30,"uri":""},{"drawMode":"SCREEN","endIndexFrame":313,"indexFrameDrawCurrent":0,"isCenterCrop":true,"isCenterInside":false,"isDraw":true,"isReloadFromCache":true,"jsonObjectDataOfItem":"{\"defaultPercentWidth\":1.0,\"defaultSpeed\":3.0,\"isHorizontal\":false,\"max\":10.0,\"maxSpeed\":50.0,\"min\":1.0,\"minSpeed\":2.0,\"percentWidth\":0.99,\"speedCurrent\":14.4}","keyEffect":"Party","keyInHasMap":1654507282967,"pathFolderEffect":"","positionInAdapter":2,"sizeCanvasCurrent":{"x":0,"y":0},"speed":1,"startIndexFrame":151,"title":"Lắc, giật ảnh","totalFrame":162,"uri":""},{"drawMode":"SCREEN","endIndexFrame":220,"indexFrameDrawCurrent":0,"isCenterCrop":true,"isCenterInside":false,"isDraw":true,"isReloadFromCache":true,"jsonObjectDataOfItem":"","keyEffect":"Basic","keyInHasMap":1654507282969,"pathFolderEffect":"","positionInAdapter":6,"sizeCanvasCurrent":{"x":0,"y":0},"speed":1,"startIndexFrame":190,"title":"Phóng to","totalFrame":30,"uri":""},{"drawMode":"SCREEN","endIndexFrame":313,"indexFrameDrawCurrent":0,"isCenterCrop":true,"isCenterInside":false,"isDraw":true,"isReloadFromCache":true,"jsonObjectDataOfItem":"","keyEffect":"Basic","keyInHasMap":1654507282971,"pathFolderEffect":"","positionInAdapter":6,"sizeCanvasCurrent":{"x":0,"y":0},"speed":1,"startIndexFrame":283,"title":"Phóng to","totalFrame":30,"uri":""}],"listItemViewDataOnTimeLine":[{"durationEnd":6066,"durationStart":0,"endIndexFrame":149,"indexRowCurrent":0,"indexRowPrevious":0,"keyInHasMap":1654506799484,"linkDownloadMp3":"","nameMp3":"","pathSaveFile":"","startIndexFrame":21,"volume":1.0},{"durationEnd":4933,"durationStart":0,"endIndexFrame":148,"indexRowCurrent":0,"indexRowPrevious":0,"keyInHasMap":1654506807413,"linkDownloadMp3":"","nameMp3":"","pathSaveFile":"","startIndexFrame":0,"volume":1.0},{"durationEnd":1500,"durationStart":0,"endIndexFrame":189,"indexRowCurrent":0,"indexRowPrevious":0,"keyInHasMap":1654506914318,"linkDownloadMp3":"","nameMp3":"","pathSaveFile":"","startIndexFrame":150,"volume":1.0},{"durationEnd":1300,"durationStart":0,"endIndexFrame":264,"indexRowCurrent":0,"indexRowPrevious":0,"keyInHasMap":1654506949206,"linkDownloadMp3":"","nameMp3":"","pathSaveFile":"","startIndexFrame":234,"volume":1.0},{"durationEnd":5400,"durationStart":0,"endIndexFrame":313,"indexRowCurrent":0,"indexRowPrevious":0,"keyInHasMap":1654507053971,"linkDownloadMp3":"","nameMp3":"","pathSaveFile":"","startIndexFrame":151,"volume":1.0},{"durationEnd":999,"durationStart":0,"endIndexFrame":220,"indexRowCurrent":0,"indexRowPrevious":0,"keyInHasMap":1654507255623,"linkDownloadMp3":"","nameMp3":"","pathSaveFile":"","startIndexFrame":190,"volume":1.0},{"durationEnd":999,"durationStart":0,"endIndexFrame":313,"indexRowCurrent":0,"indexRowPrevious":0,"keyInHasMap":1654507268192,"linkDownloadMp3":"","nameMp3":"","pathSaveFile":"","startIndexFrame":283,"volume":1.0}]}}