{
  "durationVideo": 13033,
  "editor": {
    "listItemPhotoData": [
      {
        "backgroundColor": -16777216,
        "blurBackground": 0,
        "duration": 13033,
        "endIndexFrame": 390,
        "flipHorizontal": 1.0,
        "flipVertical": 1.0,
        "gpuPosition": 0,
        "gpuProgress": 0,
        "heightBitmap": 1280,
        "idItemPhoto": "1657529225581",
        "indexEndFrameTransformCombo": 0,
        "indexEndFrameTransformIn": 0,
        "indexStartFrameTransformOut": 0,
        "isCalledCutBody": false,
        "isCenterCrop": false,
        "isCenterInside": true,
        "isCropBitmap": false,
        "isLoadFromCache": true,
        "isLocked": false,
        "itemDataTransition": {
          "indexCate": 0,
          "isMask": false,
          "keyItem": "",
          "linkCover": "",
          "linkDownload": "",
          "modeDraw": "",
          "nameEn": "",
          "nameVn": "",
          "paintModeDraw": "SRC_OVER",
          "pathFolderOfTransition": "",
          "pathFolderZipOfTransition": "",
          "positionTransitionInAdapter": 0,
          "timeTransitionCurrent": 1000,
          "typeTransition": {
            "type": "NONE",
            "typeTransition": "NONE"
          }
        },
        "itemOverlayDataEditorOverlay": {
          "alpha": 147,
          "folder": "Film",
          "indexCate": 8,
          "link": "https://photoforapp.s3.ap-southeast-1.amazonaws.com/PhotoFilter/PhotoFilter_V2/Filter/Film/15.jpg",
          "modeDraw": "SCREEN",
          "positionInAdapter": 135
        },
        "itemTemplateModel": {
          "duration": 0,
          "heightBitmap": 0,
          "indexSticker": -1,
          "isCrop": false,
          "isLocked": false,
          "md5PathFileOld": "",
          "pathFile": "",
          "rect": {
            "bottom": 0,
            "left": 0,
            "right": 0,
            "top": 0
          },
          "typeTemplateModel": "NONE",
          "widthBitmap": 0
        },
        "linkBackgroundImage": "",
        "objDataAdjust": {
          "mCurrentBrightnessFilter": 46,
          "mCurrentContrastFilter": 49,
          "mCurrentExposureFilter": 50,
          "mCurrentFadeFilters": 0,
          "mCurrentHighlightFilter": 100,
          "mCurrentHueFilter": 0,
          "mCurrentSaturationFilter": 50,
          "mCurrentShadowFilter": 0,
          "mCurrentSharpenFilter": 50,
          "mCurrentTempFilter": 50,
          "mCurrentVignetteFilter": 100,
          "mListRedoAdjust": [],
          "mListUndoAdjust": [
            {
              "mCurrentBrightnessFilter": 48,
              "mCurrentContrastFilter": 50,
              "mCurrentExposureFilter": 50,
              "mCurrentFadeFilters": 0,
              "mCurrentHighlightFilter": 100,
              "mCurrentHueFilter": 0,
              "mCurrentSaturationFilter": 50,
              "mCurrentShadowFilter": 0,
              "mCurrentSharpenFilter": 50,
              "mCurrentTempFilter": 50,
              "mCurrentVignetteFilter": 100,
              "position": 1
            },
            {
              "mCurrentBrightnessFilter": 48,
              "mCurrentContrastFilter": 48,
              "mCurrentExposureFilter": 50,
              "mCurrentFadeFilters": 0,
              "mCurrentHighlightFilter": 100,
              "mCurrentHueFilter": 0,
              "mCurrentSaturationFilter": 50,
              "mCurrentShadowFilter": 0,
              "mCurrentSharpenFilter": 50,
              "mCurrentTempFilter": 50,
              "mCurrentVignetteFilter": 100,
              "position": 2
            },
            {
              "mCurrentBrightnessFilter": 48,
              "mCurrentContrastFilter": 48,
              "mCurrentExposureFilter": 50,
              "mCurrentFadeFilters": 0,
              "mCurrentHighlightFilter": 100,
              "mCurrentHueFilter": 0,
              "mCurrentSaturationFilter": 45,
              "mCurrentShadowFilter": 0,
              "mCurrentSharpenFilter": 50,
              "mCurrentTempFilter": 50,
              "mCurrentVignetteFilter": 100,
              "position": 4
            },
            {
              "mCurrentBrightnessFilter": 48,
              "mCurrentContrastFilter": 48,
              "mCurrentExposureFilter": 50,
              "mCurrentFadeFilters": 0,
              "mCurrentHighlightFilter": 100,
              "mCurrentHueFilter": 0,
              "mCurrentSaturationFilter": 45,
              "mCurrentShadowFilter": 0,
              "mCurrentSharpenFilter": 50,
              "mCurrentTempFilter": 50,
              "mCurrentVignetteFilter": 100,
              "position": 6
            },
            {
              "mCurrentBrightnessFilter": 48,
              "mCurrentContrastFilter": 48,
              "mCurrentExposureFilter": 50,
              "mCurrentFadeFilters": 0,
              "mCurrentHighlightFilter": 100,
              "mCurrentHueFilter": 0,
              "mCurrentSaturationFilter": 45,
              "mCurrentShadowFilter": 0,
              "mCurrentSharpenFilter": 50,
              "mCurrentTempFilter": 50,
              "mCurrentVignetteFilter": 100,
              "position": 10
            },
            {
              "mCurrentBrightnessFilter": 48,
              "mCurrentContrastFilter": 48,
              "mCurrentExposureFilter": 50,
              "mCurrentFadeFilters": 0,
              "mCurrentHighlightFilter": 100,
              "mCurrentHueFilter": 0,
              "mCurrentSaturationFilter": 45,
              "mCurrentShadowFilter": 0,
              "mCurrentSharpenFilter": 50,
              "mCurrentTempFilter": 50,
              "mCurrentVignetteFilter": 100,
              "position": 9
            },
            {
              "mCurrentBrightnessFilter": 48,
              "mCurrentContrastFilter": 48,
              "mCurrentExposureFilter": 50,
              "mCurrentFadeFilters": 0,
              "mCurrentHighlightFilter": 100,
              "mCurrentHueFilter": 0,
              "mCurrentSaturationFilter": 45,
              "mCurrentShadowFilter": 0,
              "mCurrentSharpenFilter": 50,
              "mCurrentTempFilter": 50,
              "mCurrentVignetteFilter": 100,
              "position": 11
            },
            {
              "mCurrentBrightnessFilter": 47,
              "mCurrentContrastFilter": 48,
              "mCurrentExposureFilter": 50,
              "mCurrentFadeFilters": 0,
              "mCurrentHighlightFilter": 100,
              "mCurrentHueFilter": 0,
              "mCurrentSaturationFilter": 45,
              "mCurrentShadowFilter": 0,
              "mCurrentSharpenFilter": 50,
              "mCurrentTempFilter": 50,
              "mCurrentVignetteFilter": 100,
              "position": 1
            },
            {
              "mCurrentBrightnessFilter": 47,
              "mCurrentContrastFilter": 48,
              "mCurrentExposureFilter": 50,
              "mCurrentFadeFilters": 0,
              "mCurrentHighlightFilter": 100,
              "mCurrentHueFilter": 0,
              "mCurrentSaturationFilter": 50,
              "mCurrentShadowFilter": 0,
              "mCurrentSharpenFilter": 50,
              "mCurrentTempFilter": 50,
              "mCurrentVignetteFilter": 100,
              "position": 4
            },
            {
              "mCurrentBrightnessFilter": 47,
              "mCurrentContrastFilter": 49,
              "mCurrentExposureFilter": 50,
              "mCurrentFadeFilters": 0,
              "mCurrentHighlightFilter": 100,
              "mCurrentHueFilter": 0,
              "mCurrentSaturationFilter": 50,
              "mCurrentShadowFilter": 0,
              "mCurrentSharpenFilter": 50,
              "mCurrentTempFilter": 50,
              "mCurrentVignetteFilter": 100,
              "position": 2
            },
            {
              "mCurrentBrightnessFilter": 46,
              "mCurrentContrastFilter": 49,
              "mCurrentExposureFilter": 50,
              "mCurrentFadeFilters": 0,
              "mCurrentHighlightFilter": 100,
              "mCurrentHueFilter": 0,
              "mCurrentSaturationFilter": 50,
              "mCurrentShadowFilter": 0,
              "mCurrentSharpenFilter": 50,
              "mCurrentTempFilter": 50,
              "mCurrentVignetteFilter": 100,
              "position": 1
            }
          ]
        },
        "pathBitmap": "/storage/emulated/0/Pictures/Telegram/IMG_20220711_154646_434.jpg",
        "rotate": 0,
        "rotateAnim": 0.0,
        "scaleAnim": 1.0,
        "startIndexFrame": 0,
        "timeTransformCombo": 13033,
        "timeTransformIn": 300,
        "timeTransformOut": 300,
        "totalFrame": 390,
        "typeBackground": "COLOR",
        "typeTransformCombo": "NONE",
        "typeTransformIn": "NONE",
        "typeTransformOut": "NONE",
        "valueMatrixBitmapDraw": [
          0.5725,
          0.0,
          -3.5999985,
          0.0,
          0.5725,
          -6.399994,
          0.0,
          0.0,
          1.0
        ],
        "widthBitmap": 720
      }
    ]
  },
  "frame": {
    "listItemStickerData": [],
    "listItemViewDataOnTimeLine": []
  },
  "keyProjectCurrent": "1657529227803",
  "listTemplateModel": {
    "list": []
  },
  "music": {
    "listItemMusicData": [
      {
        "durationEnd": 13006,
        "durationFadeIn": 0,
        "durationFadeOut": 0,
        "durationStart": 0,
        "endIndexFrame": 391,
        "indexRowCurrent": 0,
        "indexRowPrevious": 0,
        "keyInHasMap": 1657529245566,
        "linkDownloadMp3": "/storage/emulated/0/Music/G3Video/Direct_ConvertVideoToMp3_1657529240719.mp3",
        "nameMp3": "Direct_ConvertVideoToMp3_1657529240719.mp3",
        "pathDefault": "/storage/emulated/0/Music/G3Video/Direct_ConvertVideoToMp3_1657529240719.mp3",
        "pathSaveFile": "/storage/emulated/0/Music/G3Video/Direct_ConvertVideoToMp3_1657529240719.mp3",
        "positionEffectVoice": 0,
        "speedAudio": 1.0,
        "startIndexFrame": 1,
        "volume": 1.0
      }
    ]
  },
  "nameVideo": "Template 1657529227803",
  "setting": {
    "quality": 720,
    "ratio": {
      "height": 1.7777778,
      "width": 1.0
    }
  },
  "sticker": {
    "listItemStickerData": [
      {
        "DOT": ".",
        "TYPE_PHOTO": "png",
        "WIDTH_MAX": 360,
        "alpha": 255,
        "animTextModel": {
          "easeCombo": "LINEAR",
          "easeIn": "LINEAR",
          "easeOut": "LINEAR",
          "endIndexFrameCombo": 391,
          "endIndexFrameIn": 0,
          "endIndexFrameOut": 391,
          "percentIn": 0.0,
          "percentOut": 0.0,
          "percentSpeedCombo": 30.0,
          "speedFrameCombo": 0,
          "startIndexFrameCombo": 0,
          "startIndexFrameIn": 0,
          "startIndexFrameOut": 0,
          "typeAnimTextCombo": "NONE",
          "typeAnimTextIn": "NONE_IN",
          "typeAnimTextOut": "NONE_OUT"
        },
        "countDeltaTime": 0.0,
        "dataFrames": {
          "isNeedLoadBitmap1": false,
          "isNeedLoadBitmap2": false,
          "isNeedLoadBitmap2Loop": false,
          "isNeedLoadBitmap3": false,
          "isNeedLoadBitmap4": false,
          "isNeedLoadBitmap4Loop": false,
          "isNeedLoadBitmap5": false,
          "isNeedLoadBitmap6": false,
          "isNeedLoadBitmap6Loop": false,
          "isNeedLoadBitmap7": false,
          "isNeedLoadBitmap8": false,
          "isNeedLoadBitmap8Loop": false,
          "isNeedLoadBitmap9": false
        },
        "deviationXShadow": 0.0,
        "deviationYShadow": 0.0,
        "duration": 13033,
        "endColor": -1,
        "endIndexFrame": 391,
        "flip": -1.0,
        "heightBitmap": 330,
        "id": "a61cda8a82a3723634c77717ef2827ad",
        "indexColor": 0,
        "indexColorShadow": 0,
        "indexEndFrameTransformCombo": 0,
        "indexEndFrameTransformIn": 0,
        "indexFont": 0,
        "indexFrame": 7,
        "indexStartFrameTransformOut": 0,
        "indexTransition": -1,
        "isBgText": false,
        "isBoldText": false,
        "isDashText": false,
        "isDashUnderText": false,
        "isDrawAnim": false,
        "isFirstFillDataTransformCombo": true,
        "isInit": true,
        "isItalicText": false,
        "isLayerFront": true,
        "isLoadFrameCache": true,
        "isTexture": false,
        "isVisible": true,
        "linkBubble": "",
        "linkItemFrame": "",
        "linkMask": "",
        "listText": [],
        "modeDraw": "SRC_OVER",
        "pathFolder": "https://photoforapp.s3.ap-southeast-1.amazonaws.com/Video/Sticker/GIF_GIF/Heart3/13.gif",
        "pathFont": "",
        "pathSaveBitmapFrame": "",
        "pathTexture": "",
        "pointRotate": {
          "x": 75.26422,
          "y": 113.606995
        },
        "pointTranslate": {
          "x": -89.73578,
          "y": -51.393005
        },
        "rotate": -15.654404,
        "scale": 0.46824098,
        "speed": 1,
        "speedOfTransformCombo": 15,
        "startColor": -1,
        "startIndexFrame": 0,
        "stickerTypeTransformCombo": "NONE",
        "stickerTypeTransformIn": "NONE",
        "stickerTypeTransformOut": "NONE",
        "textAlignment": "CENTER",
        "textBlurShadow": 0.0,
        "textColorShadow": -16777216,
        "textHeightAllLine": 0.0,
        "textHeightOneLine": 0.0,
        "textLetterSpacing": 0.0,
        "textLineSpacing": 4.0,
        "textPadding": 6.0,
        "textSize": 1.0,
        "textSizeDefault": 30.0,
        "textString": "",
        "textStroke": {
          "color": "#000000",
          "indexPositionInAdapter": -1,
          "width": 0.0
        },
        "timeTransformCombo": 300,
        "timeTransformIn": 300,
        "timeTransformOut": 300,
        "titleShow": "He13",
        "totalFileNeedDownForOneFrame": 0,
        "typeSticker": "LIST_PHOTO",
        "urlCover": "https://photoforapp.s3.ap-southeast-1.amazonaws.com/Video/Sticker/GIF_GIF/Heart3/13.gif",
        "widthBitmap": 330
      }
    ],
    "listItemViewDataOnTimeLine": [
      {
        "durationEnd": 0,
        "durationFadeIn": 0,
        "durationFadeOut": 0,
        "durationStart": 0,
        "endIndexFrame": 391,
        "indexRowCurrent": 0,
        "indexRowPrevious": 0,
        "keyInHasMap": 1657533331812,
        "linkDownloadMp3": "",
        "nameMp3": "",
        "pathDefault": "",
        "pathSaveFile": "",
        "positionEffectVoice": 0,
        "speedAudio": 1.0,
        "startIndexFrame": 0,
        "volume": 1.0
      }
    ]
  },
  "text": {
    "listItemStickerData": [],
    "listItemViewDataOnTimeLine": []
  },
  "timeLastUpdate": 1657533337707,
  "videoEffect": {
    "listItemEffectData": [
      {
        "drawMode": "SCREEN",
        "endIndexFrame": 391,
        "indexFrameDrawCurrent": 67,
        "isCenterCrop": true,
        "isCenterInside": false,
        "isDraw": true,
        "isNeedCutBody": false,
        "isReloadFromCache": true,
        "jsonObjectDataOfItem": "",
        "keyEffect": "SERVER",
        "keyInHasMap": 1657533337707,
        "pathFolderEffect": "/data/user/0/videoeditor.moviemaker/files/FOLDER_EFFECT/Love/18",
        "positionInAdapter": 18,
        "speed": 1,
        "startIndexFrame": 0,
        "title": "Love 18",
        "totalFrame": 391,
        "uri": "/data/user/0/videoeditor.moviemaker/files/FOLDER_EFFECT/Love/18/Love.m4v"
      },
      {
        "drawMode": "SCREEN",
        "endIndexFrame": 391,
        "indexFrameDrawCurrent": 67,
        "isCenterCrop": true,
        "isCenterInside": false,
        "isDraw": true,
        "isNeedCutBody": false,
        "isReloadFromCache": true,
        "jsonObjectDataOfItem": "",
        "keyEffect": "SERVER",
        "keyInHasMap": 1657533337708,
        "pathFolderEffect": "/data/user/0/videoeditor.moviemaker/files/FOLDER_EFFECT/Love/18",
        "positionInAdapter": 18,
        "speed": 1,
        "startIndexFrame": 0,
        "title": "Love 18",
        "totalFrame": 391,
        "uri": "/data/user/0/videoeditor.moviemaker/files/FOLDER_EFFECT/Love/18/Love.m4v"
      }
    ],
    "listItemViewDataOnTimeLine": [
      {
        "durationEnd": 0,
        "durationFadeIn": 0,
        "durationFadeOut": 0,
        "durationStart": 0,
        "endIndexFrame": 391,
        "indexRowCurrent": 0,
        "indexRowPrevious": 0,
        "keyInHasMap": 1657529637616,
        "linkDownloadMp3": "",
        "nameMp3": "",
        "pathDefault": "",
        "pathSaveFile": "",
        "positionEffectVoice": 0,
        "speedAudio": 1.0,
        "startIndexFrame": 0,
        "volume": 1.0
      },
      {
        "durationEnd": 0,
        "durationFadeIn": 0,
        "durationFadeOut": 0,
        "durationStart": 0,
        "endIndexFrame": 391,
        "indexRowCurrent": 0,
        "indexRowPrevious": 0,
        "keyInHasMap": 1657529637616,
        "linkDownloadMp3": "",
        "nameMp3": "",
        "pathDefault": "",
        "pathSaveFile": "",
        "positionEffectVoice": 0,
        "speedAudio": 1.0,
        "startIndexFrame": 0,
        "volume": 1.0
      }
    ]
  }
}