{"durationVideo":16233,"editor":{"listItemPhotoData":[{"backgroundColor":-16777216,"blurBackground":0,"duration":7467,"endIndexFrame":223,"flipHorizontal":1.0,"flipVertical":1.0,"gpuPosition":0,"gpuProgress":0,"heightBitmap":1280,"idItemPhoto":"1654573542492","indexEndFrameTransformCombo":0,"indexEndFrameTransformIn":0,"indexStartFrameTransformOut":0,"isCenterCrop":false,"isCenterInside":true,"isCropBitmap":false,"isLoadFromCache":true,"isLocked":true,"itemDataTransition":{"indexCate":1,"indexItem":1,"isMask":false,"keyItem":"BLACK_FADE","linkCover":"https://photoforapp.s3.ap-southeast-1.amazonaws.com/Video/TransitionsServer/Basic/Icon/BLACK_FADE.gif","linkDownload":"https://photoforapp.s3.ap-southeast-1.amazonaws.com/Video/TransitionsServer/Basic/BLACK_FADE.zip","modeDraw":"","nameEn":"Back fade","nameVn":"Đen mờ dần","paintModeDraw":"SRC_OVER","pathFolderOfTransition":"","pathFolderZipOfTransition":"","positionTransitionInAdapter":1,"timeTransitionCurrent":1000,"typeTransition":{"type":"BASIC","typeTransition":"BLACK_FADE"}},"itemTemplateModel":{"duration":0,"heightBitmap":0,"indexSticker":-1,"isCrop":false,"isLocked":false,"md5PathFileOld":"","pathFile":"","rect":{"bottom":0,"left":0,"right":0,"top":0},"typeTemplateModel":"NONE","widthBitmap":0},"linkBackgroundImage":"","objDataAdjust":{"mCurrentBrightnessFilter":50,"mCurrentContrastFilter":50,"mCurrentExposureFilter":50,"mCurrentFadeFilters":0,"mCurrentHighlightFilter":100,"mCurrentHueFilter":0,"mCurrentSaturationFilter":50,"mCurrentShadowFilter":0,"mCurrentSharpenFilter":50,"mCurrentTempFilter":50,"mCurrentVignetteFilter":100,"mListRedoAdjust":[],"mListUndoAdjust":[]},"pathBitmap":"/storage/emulated/0/Pictures/Telegram/IMG_20220602_141645_566.jpg","rotate":0,"rotateAnim":0.0,"scaleAnim":1.0,"startIndexFrame":0,"timeTransformCombo":7467,"timeTransformIn":300,"timeTransformOut":300,"totalFrame":223,"typeBackground":"COLOR","typeTransformCombo":"NONE","typeTransformIn":"NONE","typeTransformOut":"NONE","valueMatrixBitmapDraw":[0.5625,0.0,0.0,0.0,0.5625,0.0,0.0,0.0,1.0],"widthBitmap":720},{"backgroundColor":-16777216,"blurBackground":0,"duration":1767,"endIndexFrame":276,"flipHorizontal":1.0,"flipVertical":1.0,"gpuPosition":0,"gpuProgress":0,"heightBitmap":846,"idItemPhoto":"1654573542865","indexEndFrameTransformCombo":0,"indexEndFrameTransformIn":0,"indexStartFrameTransformOut":0,"isCenterCrop":false,"isCenterInside":true,"isCropBitmap":true,"isLoadFromCache":true,"isLocked":false,"itemDataTransition":{"indexCate":0,"isMask":false,"keyItem":"","linkCover":"","linkDownload":"","modeDraw":"","nameEn":"","nameVn":"","paintModeDraw":"SRC_OVER","pathFolderOfTransition":"","pathFolderZipOfTransition":"","positionTransitionInAdapter":0,"timeTransitionCurrent":1000,"typeTransition":{"type":"NONE","typeTransition":"NONE"}},"itemTemplateModel":{"duration":0,"heightBitmap":0,"indexSticker":-1,"isCrop":false,"isLocked":false,"md5PathFileOld":"","pathFile":"","rect":{"bottom":0,"left":0,"right":0,"top":0},"typeTemplateModel":"NONE","widthBitmap":0},"linkBackgroundImage":"","objDataAdjust":{"mCurrentBrightnessFilter":50,"mCurrentContrastFilter":50,"mCurrentExposureFilter":50,"mCurrentFadeFilters":0,"mCurrentHighlightFilter":100,"mCurrentHueFilter":0,"mCurrentSaturationFilter":50,"mCurrentShadowFilter":0,"mCurrentSharpenFilter":50,"mCurrentTempFilter":50,"mCurrentVignetteFilter":100,"mListRedoAdjust":[],"mListUndoAdjust":[]},"pathBitmap":"/storage/emulated/0/Pictures/Telegram/IMG_20220607_104321_622.png","rectCrop":{"bottom":846,"left":10,"right":486,"top":0},"rotate":0,"rotateAnim":0.0,"scaleAnim":1.0,"startIndexFrame":224,"timeTransformCombo":1767,"timeTransformIn":300,"timeTransformOut":300,"totalFrame":52,"typeBackground":"COLOR","typeTransformCombo":"NONE","typeTransformIn":"NONE","typeTransformOut":"NONE","valueMatrixBitmapDraw":[0.85084033,0.0,1.9073486E-6,0.0,0.85084033,0.09453964,0.0,0.0,1.0],"widthBitmap":476},{"backgroundColor":-16777216,"blurBackground":0,"duration":2067,"endIndexFrame":338,"flipHorizontal":1.0,"flipVertical":1.0,"gpuPosition":0,"gpuProgress":0,"heightBitmap":876,"idItemPhoto":"1654573543036","indexEndFrameTransformCombo":0,"indexEndFrameTransformIn":0,"indexStartFrameTransformOut":0,"isCenterCrop":false,"isCenterInside":true,"isCropBitmap":true,"isLoadFromCache":true,"isLocked":false,"itemDataTransition":{"indexCate":0,"isMask":false,"keyItem":"","linkCover":"","linkDownload":"","modeDraw":"","nameEn":"","nameVn":"","paintModeDraw":"SRC_OVER","pathFolderOfTransition":"","pathFolderZipOfTransition":"","positionTransitionInAdapter":0,"timeTransitionCurrent":1000,"typeTransition":{"type":"NONE","typeTransition":"NONE"}},"itemTemplateModel":{"duration":0,"heightBitmap":0,"indexSticker":-1,"isCrop":false,"isLocked":false,"md5PathFileOld":"","pathFile":"","rect":{"bottom":0,"left":0,"right":0,"top":0},"typeTemplateModel":"NONE","widthBitmap":0},"linkBackgroundImage":"","objDataAdjust":{"mCurrentBrightnessFilter":50,"mCurrentContrastFilter":50,"mCurrentExposureFilter":50,"mCurrentFadeFilters":0,"mCurrentHighlightFilter":100,"mCurrentHueFilter":0,"mCurrentSaturationFilter":50,"mCurrentShadowFilter":0,"mCurrentSharpenFilter":50,"mCurrentTempFilter":50,"mCurrentVignetteFilter":100,"mListRedoAdjust":[],"mListUndoAdjust":[]},"pathBitmap":"/storage/emulated/0/Pictures/Telegram/IMG_20220607_104318_913.png","rectCrop":{"bottom":876,"left":0,"right":493,"top":0},"rotate":0,"rotateAnim":0.0,"scaleAnim":1.0,"startIndexFrame":277,"timeTransformCombo":2067,"timeTransformIn":300,"timeTransformOut":300,"totalFrame":61,"typeBackground":"COLOR","typeTransformCombo":"NONE","typeTransformIn":"NONE","typeTransformOut":"NONE","valueMatrixBitmapDraw":[0.821501,0.0,-3.8146973E-6,0.0,0.821501,0.18256378,0.0,0.0,1.0],"widthBitmap":493},{"backgroundColor":-16777216,"blurBackground":0,"duration":1167,"endIndexFrame":373,"flipHorizontal":1.0,"flipVertical":1.0,"gpuPosition":0,"gpuProgress":0,"heightBitmap":811,"idItemPhoto":"1654573543138","indexEndFrameTransformCombo":0,"indexEndFrameTransformIn":0,"indexStartFrameTransformOut":0,"isCenterCrop":false,"isCenterInside":true,"isCropBitmap":true,"isLoadFromCache":true,"isLocked":false,"itemDataTransition":{"indexCate":0,"isMask":false,"keyItem":"","linkCover":"","linkDownload":"","modeDraw":"","nameEn":"","nameVn":"","paintModeDraw":"SRC_OVER","pathFolderOfTransition":"","pathFolderZipOfTransition":"","positionTransitionInAdapter":0,"timeTransitionCurrent":1000,"typeTransition":{"type":"NONE","typeTransition":"NONE"}},"itemTemplateModel":{"duration":0,"heightBitmap":0,"indexSticker":-1,"isCrop":false,"isLocked":false,"md5PathFileOld":"","pathFile":"","rect":{"bottom":0,"left":0,"right":0,"top":0},"typeTemplateModel":"NONE","widthBitmap":0},"linkBackgroundImage":"","objDataAdjust":{"mCurrentBrightnessFilter":50,"mCurrentContrastFilter":50,"mCurrentExposureFilter":50,"mCurrentFadeFilters":0,"mCurrentHighlightFilter":100,"mCurrentHueFilter":0,"mCurrentSaturationFilter":50,"mCurrentShadowFilter":0,"mCurrentSharpenFilter":50,"mCurrentTempFilter":50,"mCurrentVignetteFilter":100,"mListRedoAdjust":[],"mListUndoAdjust":[]},"pathBitmap":"/storage/emulated/0/Pictures/Telegram/IMG_20220607_104323_200.png","rectCrop":{"bottom":878,"left":95,"right":551,"top":67},"rotate":0,"rotateAnim":0.0,"scaleAnim":1.0,"startIndexFrame":339,"timeTransformCombo":1167,"timeTransformIn":300,"timeTransformOut":300,"totalFrame":34,"typeBackground":"COLOR","typeTransformCombo":"NONE","typeTransformIn":"NONE","typeTransformOut":"NONE","valueMatrixBitmapDraw":[0.8877928,0.0,0.083236694,0.0,0.8877928,1.9073486E-5,0.0,0.0,1.0],"widthBitmap":456},{"backgroundColor":-16777216,"blurBackground":0,"duration":1867,"endIndexFrame":429,"flipHorizontal":1.0,"flipVertical":1.0,"gpuPosition":0,"gpuProgress":0,"heightBitmap":837,"idItemPhoto":"1654573543248","indexEndFrameTransformCombo":0,"indexEndFrameTransformIn":0,"indexStartFrameTransformOut":0,"isCenterCrop":false,"isCenterInside":true,"isCropBitmap":true,"isLoadFromCache":true,"isLocked":false,"itemDataTransition":{"indexCate":0,"isMask":false,"keyItem":"","linkCover":"","linkDownload":"","modeDraw":"","nameEn":"","nameVn":"","paintModeDraw":"SRC_OVER","pathFolderOfTransition":"","pathFolderZipOfTransition":"","positionTransitionInAdapter":0,"timeTransitionCurrent":1000,"typeTransition":{"type":"NONE","typeTransition":"NONE"}},"itemTemplateModel":{"duration":0,"heightBitmap":0,"indexSticker":-1,"isCrop":false,"isLocked":false,"md5PathFileOld":"","pathFile":"","rect":{"bottom":0,"left":0,"right":0,"top":0},"typeTemplateModel":"NONE","widthBitmap":0},"linkBackgroundImage":"","objDataAdjust":{"mCurrentBrightnessFilter":50,"mCurrentContrastFilter":50,"mCurrentExposureFilter":50,"mCurrentFadeFilters":0,"mCurrentHighlightFilter":100,"mCurrentHueFilter":0,"mCurrentSaturationFilter":50,"mCurrentShadowFilter":0,"mCurrentSharpenFilter":50,"mCurrentTempFilter":50,"mCurrentVignetteFilter":100,"mListRedoAdjust":[],"mListUndoAdjust":[]},"pathBitmap":"/storage/emulated/0/Pictures/Telegram/IMG_20220607_104317_846.png","rectCrop":{"bottom":837,"left":0,"right":471,"top":0},"rotate":0,"rotateAnim":0.0,"scaleAnim":1.0,"startIndexFrame":374,"timeTransformCombo":1867,"timeTransformIn":300,"timeTransformOut":300,"totalFrame":55,"typeBackground":"COLOR","typeTransformCombo":"NONE","typeTransformIn":"NONE","typeTransformOut":"NONE","valueMatrixBitmapDraw":[0.85987264,0.0,-3.8146973E-6,0.0,0.85987264,0.14331055,0.0,0.0,1.0],"widthBitmap":471},{"backgroundColor":-16777216,"blurBackground":0,"duration":1900,"endIndexFrame":486,"flipHorizontal":1.0,"flipVertical":1.0,"gpuPosition":0,"gpuProgress":0,"heightBitmap":841,"idItemPhoto":"1654573543382","indexEndFrameTransformCombo":0,"indexEndFrameTransformIn":0,"indexStartFrameTransformOut":0,"isCenterCrop":false,"isCenterInside":true,"isCropBitmap":true,"isLoadFromCache":true,"isLocked":false,"itemDataTransition":{"indexCate":0,"isMask":false,"keyItem":"","linkCover":"","linkDownload":"","modeDraw":"","nameEn":"","nameVn":"","paintModeDraw":"SRC_OVER","pathFolderOfTransition":"","pathFolderZipOfTransition":"","positionTransitionInAdapter":0,"timeTransitionCurrent":1000,"typeTransition":{"type":"NONE","typeTransition":"NONE"}},"itemTemplateModel":{"duration":0,"heightBitmap":0,"indexSticker":-1,"isCrop":false,"isLocked":false,"md5PathFileOld":"","pathFile":"","rect":{"bottom":0,"left":0,"right":0,"top":0},"typeTemplateModel":"NONE","widthBitmap":0},"linkBackgroundImage":"","objDataAdjust":{"mCurrentBrightnessFilter":50,"mCurrentContrastFilter":50,"mCurrentExposureFilter":50,"mCurrentFadeFilters":0,"mCurrentHighlightFilter":100,"mCurrentHueFilter":0,"mCurrentSaturationFilter":50,"mCurrentShadowFilter":0,"mCurrentSharpenFilter":50,"mCurrentTempFilter":50,"mCurrentVignetteFilter":100,"mListRedoAdjust":[],"mListUndoAdjust":[]},"pathBitmap":"/storage/emulated/0/Pictures/Telegram/IMG_20220607_104320_003.png","rectCrop":{"bottom":841,"left":45,"right":519,"top":0},"rotate":0,"rotateAnim":0.0,"scaleAnim":1.0,"startIndexFrame":430,"timeTransformCombo":1900,"timeTransformIn":300,"timeTransformOut":300,"totalFrame":56,"typeBackground":"COLOR","typeTransformCombo":"NONE","typeTransformIn":"NONE","typeTransformOut":"NONE","valueMatrixBitmapDraw":[0.8544304,0.0,-3.8146973E-6,0.0,0.8544304,0.7120209,0.0,0.0,1.0],"widthBitmap":474}]},"frame":{"listItemStickerData":[],"listItemViewDataOnTimeLine":[]},"keyProjectCurrent":"1654573545083","listTemplateModel":{"list":[]},"music":{"listItemMusicData":[{"durationEnd":16233,"durationStart":0,"endIndexFrame":487,"indexRowCurrent":0,"indexRowPrevious":0,"keyInHasMap":1654573549897,"linkDownloadMp3":"/storage/emulated/0/Music/G3Video/Direct_ConvertVideoToMp3_1654573427557.mp3","nameMp3":"Direct_ConvertVideoToMp3_1654573427557.mp3","pathSaveFile":"/storage/emulated/0/Music/G3Video/Direct_ConvertVideoToMp3_1654573427557.mp3","startIndexFrame":0,"volume":1.0}]},"nameVideo":"Template 1654573545083","setting":{"quality":720,"ratio":{"height":1.7777778,"width":1.0}},"sticker":{"listItemStickerData":[{"DOT":".","TYPE_PHOTO":"png","WIDTH_MAX":360,"alpha":255,"countDeltaTime":0.0,"dataFrames":{"isNeedLoadBitmap1":false,"isNeedLoadBitmap2":false,"isNeedLoadBitmap2Loop":false,"isNeedLoadBitmap3":false,"isNeedLoadBitmap4":false,"isNeedLoadBitmap4Loop":false,"isNeedLoadBitmap5":false,"isNeedLoadBitmap6":false,"isNeedLoadBitmap6Loop":false,"isNeedLoadBitmap7":false,"isNeedLoadBitmap8":false,"isNeedLoadBitmap8Loop":false,"isNeedLoadBitmap9":false},"deviationXShadow":0.0,"deviationYShadow":0.0,"duration":3966,"endColor":-1,"endIndexFrame":222,"flip":1.0,"heightBitmap":330,"id":"84d7ff308620492ae3c1969f54761d","indexColor":0,"indexColorShadow":0,"indexEndFrameTransformCombo":0,"indexEndFrameTransformIn":0,"indexFont":0,"indexFrame":29,"indexStartFrameTransformOut":0,"indexTransition":-1,"isBgText":false,"isBoldText":false,"isDashText":false,"isDashUnderText":false,"isDrawAnim":false,"isFirstFillDataTransformCombo":true,"isInit":true,"isItalicText":false,"isLayerFront":true,"isLoadFrameCache":true,"isTexture":false,"isVisible":false,"linkBubble":"","linkItemFrame":"","linkMask":"","listText":[],"modeDraw":"SRC_OVER","pathFolder":"https://photoforapp.s3.ap-southeast-1.amazonaws.com/Video/Sticker/GIF_GIF/Cute 4/5.gif","pathFont":"","pathSaveBitmapFrame":"","pathTexture":"","pointRotate":{"x":304.13007,"y":311.14154},"pointTranslate":{"x":139.13007,"y":146.14154},"rotate":-0.60113525,"scale":0.6134375,"speed":1,"speedOfTransformCombo":15,"startColor":-1,"startIndexFrame":103,"stickerTypeTransformCombo":"NONE","stickerTypeTransformIn":"NONE","stickerTypeTransformOut":"NONE","textAlignment":"CENTER","textBlurShadow":0.0,"textColorShadow":-16777216,"textHeightAllLine":0.0,"textHeightOneLine":0.0,"textLetterSpacing":0.0,"textLineSpacing":4.0,"textPadding":6.0,"textSize":1.0,"textSizeDefault":30.0,"textString":"","textStroke":{"color":"#000000","indexPositionInAdapter":-1,"width":0.0},"timeTransformCombo":300,"timeTransformIn":300,"timeTransformOut":300,"titleShow":"Cu5","totalFileNeedDownForOneFrame":0,"typeSticker":"LIST_PHOTO","urlCover":"https://photoforapp.s3.ap-southeast-1.amazonaws.com/Video/Sticker/GIF_GIF/Cute 4/5.gif","widthBitmap":330},{"DOT":".","TYPE_PHOTO":"png","WIDTH_MAX":360,"alpha":255,"countDeltaTime":0.0,"dataFrames":{"isNeedLoadBitmap1":false,"isNeedLoadBitmap2":false,"isNeedLoadBitmap2Loop":false,"isNeedLoadBitmap3":false,"isNeedLoadBitmap4":false,"isNeedLoadBitmap4Loop":false,"isNeedLoadBitmap5":false,"isNeedLoadBitmap6":false,"isNeedLoadBitmap6Loop":false,"isNeedLoadBitmap7":false,"isNeedLoadBitmap8":false,"isNeedLoadBitmap8Loop":false,"isNeedLoadBitmap9":false},"deviationXShadow":0.0,"deviationYShadow":0.0,"duration":3966,"endColor":-1,"endIndexFrame":222,"flip":1.0,"heightBitmap":330,"id":"d66f1697d0f771f74fb220e7dd7c14","indexColor":0,"indexColorShadow":0,"indexEndFrameTransformCombo":0,"indexEndFrameTransformIn":0,"indexFont":0,"indexFrame":11,"indexStartFrameTransformOut":0,"indexTransition":-1,"isBgText":false,"isBoldText":false,"isDashText":false,"isDashUnderText":false,"isDrawAnim":false,"isFirstFillDataTransformCombo":true,"isInit":true,"isItalicText":false,"isLayerFront":true,"isLoadFrameCache":true,"isTexture":false,"isVisible":false,"linkBubble":"","linkItemFrame":"","linkMask":"","listText":[],"modeDraw":"SRC_OVER","pathFolder":"https://photoforapp.s3.ap-southeast-1.amazonaws.com/Video/Sticker/GIF_GIF/Cute 3/1.gif","pathFont":"","pathSaveBitmapFrame":"","pathTexture":"","pointRotate":{"x":117.97597,"y":355.39728},"pointTranslate":{"x":-47.024033,"y":190.39728},"rotate":-25.452011,"scale":0.43516243,"speed":1,"speedOfTransformCombo":15,"startColor":-1,"startIndexFrame":103,"stickerTypeTransformCombo":"NONE","stickerTypeTransformIn":"NONE","stickerTypeTransformOut":"NONE","textAlignment":"CENTER","textBlurShadow":0.0,"textColorShadow":-16777216,"textHeightAllLine":0.0,"textHeightOneLine":0.0,"textLetterSpacing":0.0,"textLineSpacing":4.0,"textPadding":6.0,"textSize":1.0,"textSizeDefault":30.0,"textString":"","textStroke":{"color":"#000000","indexPositionInAdapter":-1,"width":0.0},"timeTransformCombo":300,"timeTransformIn":300,"timeTransformOut":300,"titleShow":"Cu1","totalFileNeedDownForOneFrame":0,"typeSticker":"LIST_PHOTO","urlCover":"https://photoforapp.s3.ap-southeast-1.amazonaws.com/Video/Sticker/GIF_GIF/Cute 3/1.gif","widthBitmap":330}],"listItemViewDataOnTimeLine":[{"durationEnd":0,"durationStart":0,"endIndexFrame":222,"indexRowCurrent":0,"indexRowPrevious":0,"keyInHasMap":1654574928958,"linkDownloadMp3":"","nameMp3":"","pathSaveFile":"","startIndexFrame":103,"volume":1.0},{"durationEnd":3966,"durationStart":0,"endIndexFrame":222,"indexRowCurrent":0,"indexRowPrevious":0,"keyInHasMap":1654575091599,"linkDownloadMp3":"","nameMp3":"","pathSaveFile":"","startIndexFrame":103,"volume":1.0}]},"text":{"listItemStickerData":[{"DOT":".","TYPE_PHOTO":"png","WIDTH_MAX":360,"alpha":255,"countDeltaTime":0.0,"dataFrames":{"isNeedLoadBitmap1":false,"isNeedLoadBitmap2":false,"isNeedLoadBitmap2Loop":false,"isNeedLoadBitmap3":false,"isNeedLoadBitmap4":false,"isNeedLoadBitmap4Loop":false,"isNeedLoadBitmap5":false,"isNeedLoadBitmap6":false,"isNeedLoadBitmap6Loop":false,"isNeedLoadBitmap7":false,"isNeedLoadBitmap8":false,"isNeedLoadBitmap8Loop":false,"isNeedLoadBitmap9":false},"deviationXShadow":0.0,"deviationYShadow":0.0,"duration":1833,"endColor":-1,"endIndexFrame":55,"flip":1.0,"heightBitmap":0,"id":"ee181313dfa365b877d23727c65f3e24","indexColor":0,"indexColorShadow":0,"indexEndFrameTransformCombo":0,"indexEndFrameTransformIn":0,"indexFont":14,"indexFrame":0,"indexStartFrameTransformOut":0,"indexTransition":-1,"isBgText":false,"isBoldText":false,"isDashText":false,"isDashUnderText":false,"isDrawAnim":false,"isFirstFillDataTransformCombo":true,"isInit":true,"isItalicText":false,"isLayerFront":true,"isLoadFrameCache":true,"isTexture":false,"isVisible":true,"linkBubble":"","linkItemFrame":"","linkMask":"","listText":["So listen up","and hear me"],"modeDraw":"SRC_OVER","pathFolder":"","pathFont":"assetsFontTextSticker/font_3.ttf","pathSaveBitmapFrame":"","pathTexture":"","pointRotate":{"x":210.54994,"y":326.3656},"pointTranslate":{"x":30.549942,"y":146.3656},"rotate":-0.116378784,"scale":0.6321691,"speed":1,"speedOfTransformCombo":15,"startColor":-1,"startIndexFrame":0,"stickerTypeTransformCombo":"NONE","stickerTypeTransformIn":"NONE","stickerTypeTransformOut":"NONE","textAlignment":"CENTER","textBlurShadow":0.0,"textColorShadow":-16777216,"textHeightAllLine":157.75,"textHeightOneLine":71.0,"textLetterSpacing":0.08,"textLineSpacing":23.0,"textPadding":15.75,"textSize":58.0,"textSizeDefault":30.0,"textString":"So listen up\nand hear me","textStroke":{"color":"#000000","indexPositionInAdapter":-1,"width":0.0},"timeTransformCombo":300,"timeTransformIn":300,"timeTransformOut":300,"titleShow":"","totalFileNeedDownForOneFrame":0,"typeSticker":"TEXT","urlCover":"","widthBitmap":0},{"DOT":".","TYPE_PHOTO":"png","WIDTH_MAX":360,"alpha":255,"countDeltaTime":0.0,"dataFrames":{"isNeedLoadBitmap1":false,"isNeedLoadBitmap2":false,"isNeedLoadBitmap2Loop":false,"isNeedLoadBitmap3":false,"isNeedLoadBitmap4":false,"isNeedLoadBitmap4Loop":false,"isNeedLoadBitmap5":false,"isNeedLoadBitmap6":false,"isNeedLoadBitmap6Loop":false,"isNeedLoadBitmap7":false,"isNeedLoadBitmap8":false,"isNeedLoadBitmap8Loop":false,"isNeedLoadBitmap9":false},"deviationXShadow":0.0,"deviationYShadow":0.0,"duration":1566,"endColor":-1,"endIndexFrame":102,"flip":1.0,"heightBitmap":0,"id":"58f39b3adc1b65274963e8820e5bd1","indexColor":0,"indexColorShadow":0,"indexEndFrameTransformCombo":0,"indexEndFrameTransformIn":0,"indexFont":14,"indexFrame":0,"indexStartFrameTransformOut":0,"indexTransition":-1,"isBgText":false,"isBoldText":false,"isDashText":false,"isDashUnderText":false,"isDrawAnim":false,"isFirstFillDataTransformCombo":true,"isInit":true,"isItalicText":false,"isLayerFront":true,"isLoadFrameCache":true,"isTexture":false,"isVisible":false,"linkBubble":"","linkItemFrame":"","linkMask":"","listText":["Cause I\u0027m only","gonna"],"modeDraw":"SRC_OVER","pathFolder":"","pathFont":"assetsFontTextSticker/font_3.ttf","pathSaveBitmapFrame":"","pathTexture":"","pointRotate":{"x":213.06557,"y":325.65753},"pointTranslate":{"x":33.065567,"y":145.65753},"rotate":-0.40446472,"scale":0.7248564,"speed":1,"speedOfTransformCombo":15,"startColor":-1,"startIndexFrame":55,"stickerTypeTransformCombo":"NONE","stickerTypeTransformIn":"NONE","stickerTypeTransformOut":"NONE","textAlignment":"CENTER","textBlurShadow":0.0,"textColorShadow":-16777216,"textHeightAllLine":153.75,"textHeightOneLine":69.0,"textLetterSpacing":0.08,"textLineSpacing":23.0,"textPadding":15.75,"textSize":49.0,"textSizeDefault":30.0,"textString":"Cause I\u0027m only\ngonna","textStroke":{"color":"#000000","indexPositionInAdapter":-1,"width":0.0},"timeTransformCombo":300,"timeTransformIn":300,"timeTransformOut":300,"titleShow":"","totalFileNeedDownForOneFrame":0,"typeSticker":"TEXT","urlCover":"","widthBitmap":0},{"DOT":".","TYPE_PHOTO":"png","WIDTH_MAX":360,"alpha":255,"countDeltaTime":0.0,"dataFrames":{"isNeedLoadBitmap1":false,"isNeedLoadBitmap2":false,"isNeedLoadBitmap2Loop":false,"isNeedLoadBitmap3":false,"isNeedLoadBitmap4":false,"isNeedLoadBitmap4Loop":false,"isNeedLoadBitmap5":false,"isNeedLoadBitmap6":false,"isNeedLoadBitmap6Loop":false,"isNeedLoadBitmap7":false,"isNeedLoadBitmap8":false,"isNeedLoadBitmap8Loop":false,"isNeedLoadBitmap9":false},"deviationXShadow":0.0,"deviationYShadow":0.0,"duration":3999,"endColor":-1,"endIndexFrame":223,"flip":1.0,"heightBitmap":0,"id":"338fdf5a7e39dc1aedba9177d99b86aa","indexColor":0,"indexColorShadow":0,"indexEndFrameTransformCombo":0,"indexEndFrameTransformIn":0,"indexFont":14,"indexFrame":0,"indexStartFrameTransformOut":0,"indexTransition":-1,"isBgText":false,"isBoldText":false,"isDashText":false,"isDashUnderText":false,"isDrawAnim":false,"isFirstFillDataTransformCombo":true,"isInit":true,"isItalicText":false,"isLayerFront":true,"isLoadFrameCache":true,"isTexture":false,"isVisible":false,"linkBubble":"","linkItemFrame":"","linkMask":"","listText":["Say it","once"],"modeDraw":"SRC_OVER","pathFolder":"","pathFont":"assetsFontTextSticker/font_3.ttf","pathSaveBitmapFrame":"","pathTexture":"","pointRotate":{"x":211.72389,"y":327.42773},"pointTranslate":{"x":31.723892,"y":147.42773},"rotate":-0.35980225,"scale":0.33925313,"speed":1,"speedOfTransformCombo":15,"startColor":-1,"startIndexFrame":103,"stickerTypeTransformCombo":"NONE","stickerTypeTransformIn":"NONE","stickerTypeTransformOut":"NONE","textAlignment":"CENTER","textBlurShadow":0.0,"textColorShadow":-16777216,"textHeightAllLine":291.75,"textHeightOneLine":138.0,"textLetterSpacing":0.08,"textLineSpacing":23.0,"textPadding":15.75,"textSize":124.0,"textSizeDefault":30.0,"textString":"Say it\nonce","textStroke":{"color":"#000000","indexPositionInAdapter":-1,"width":0.0},"timeTransformCombo":300,"timeTransformIn":300,"timeTransformOut":300,"titleShow":"","totalFileNeedDownForOneFrame":0,"typeSticker":"TEXT","urlCover":"","widthBitmap":0}],"listItemViewDataOnTimeLine":[{"durationEnd":0,"durationStart":0,"endIndexFrame":55,"indexRowCurrent":0,"indexRowPrevious":0,"keyInHasMap":1654574928822,"linkDownloadMp3":"","nameMp3":"","pathSaveFile":"","startIndexFrame":0,"volume":1.0},{"durationEnd":0,"durationStart":0,"endIndexFrame":102,"indexRowCurrent":0,"indexRowPrevious":0,"keyInHasMap":1654574928846,"linkDownloadMp3":"","nameMp3":"","pathSaveFile":"","startIndexFrame":55,"volume":1.0},{"durationEnd":0,"durationStart":0,"endIndexFrame":223,"indexRowCurrent":0,"indexRowPrevious":0,"keyInHasMap":1654574928868,"linkDownloadMp3":"","nameMp3":"","pathSaveFile":"","startIndexFrame":103,"volume":1.0}]},"timeLastUpdate":1654575248491,"videoEffect":{"listItemEffectData":[{"drawMode":"SCREEN","endIndexFrame":487,"indexFrameDrawCurrent":0,"isCenterCrop":true,"isCenterInside":false,"isDraw":true,"isReloadFromCache":true,"jsonObjectDataOfItem":"{\"defaultPercentWidth\":1.0,\"defaultSpeed\":3.0,\"isHorizontal\":false,\"max\":10.0,\"maxSpeed\":50.0,\"min\":1.0,\"minSpeed\":2.0,\"percentWidth\":0.9,\"speedCurrent\":40.32}","keyEffect":"Party","keyInHasMap":1654575248502,"pathFolderEffect":"","positionInAdapter":2,"sizeCanvasCurrent":{"x":0,"y":0},"speed":1,"startIndexFrame":225,"title":"Stuck frame","totalFrame":262,"uri":""},{"drawMode":"SCREEN","endIndexFrame":487,"indexFrameDrawCurrent":21,"isCenterCrop":true,"isCenterInside":false,"isDraw":true,"isReloadFromCache":true,"jsonObjectDataOfItem":"","keyEffect":"SERVER","keyInHasMap":1654575248511,"pathFolderEffect":"/data/user/0/videoeditor.moviemaker/files/FOLDER_EFFECT/Retro/0","positionInAdapter":0,"sizeCanvasCurrent":{"x":405,"y":720},"speed":1,"startIndexFrame":225,"title":"Retro 0","totalFrame":262,"uri":"/data/user/0/videoeditor.moviemaker/files/FOLDER_EFFECT/Retro/0/Retro.m4v"}],"listItemViewDataOnTimeLine":[{"durationEnd":8733,"durationStart":0,"endIndexFrame":487,"indexRowCurrent":0,"indexRowPrevious":0,"keyInHasMap":1654575122240,"linkDownloadMp3":"","nameMp3":"","pathSaveFile":"","startIndexFrame":225,"volume":1.0},{"durationEnd":8733,"durationStart":0,"endIndexFrame":487,"indexRowCurrent":0,"indexRowPrevious":0,"keyInHasMap":1654575183503,"linkDownloadMp3":"","nameMp3":"","pathSaveFile":"","startIndexFrame":225,"volume":1.0}]}}