{"durationVideo":9233,"editor":{"listItemPhotoData":[{"backgroundColor":-16777216,"blurBackground":0,"duration":6233,"endIndexFrame":186,"flipHorizontal":1.0,"flipVertical":1.0,"gpuPosition":0,"gpuProgress":0,"heightBitmap":960,"idItemPhoto":"1654496291782","indexEndFrameTransformCombo":186,"indexEndFrameTransformIn":0,"indexStartFrameTransformOut":0,"isCenterCrop":false,"isCenterInside":true,"isCropBitmap":false,"isLoadFromCache":true,"isLocked":false,"itemDataTransition":{"indexCate":2,"indexItem":1,"isMask":false,"keyItem":"CAMERA_PULL_OUT","linkCover":"https://photoforapp.s3.ap-southeast-1.amazonaws.com/Video/TransitionsServer/Camera/Icon/CAMERA_PULL_OUT.gif","linkDownload":"https://photoforapp.s3.ap-southeast-1.amazonaws.com/Video/TransitionsServer/Camera/CAMERA_PULL_OUT.zip","modeDraw":"","nameEn":"Pull Out","nameVn":"Kéo ra","paintModeDraw":"SRC_OVER","pathFolderOfTransition":"","pathFolderZipOfTransition":"","positionTransitionInAdapter":19,"timeTransitionCurrent":878,"typeTransition":{"type":"CAMERA","typeTransition":"CAMERA_PULL_OUT"}},"itemTemplateModel":{"duration":0,"heightBitmap":0,"indexSticker":-1,"isCrop":false,"isLocked":false,"md5PathFileOld":"","pathFile":"","rect":{"bottom":0,"left":0,"right":0,"top":0},"typeTemplateModel":"NONE","widthBitmap":0},"linkBackgroundImage":"","objDataAdjust":{"mCurrentBrightnessFilter":50,"mCurrentContrastFilter":50,"mCurrentExposureFilter":50,"mCurrentFadeFilters":0,"mCurrentHighlightFilter":100,"mCurrentHueFilter":0,"mCurrentSaturationFilter":50,"mCurrentShadowFilter":0,"mCurrentSharpenFilter":50,"mCurrentTempFilter":50,"mCurrentVignetteFilter":100,"mListRedoAdjust":[],"mListUndoAdjust":[]},"pathBitmap":"/storage/emulated/0/Pictures/Telegram/IMG_20220606_131558_536.png","rotate":0,"rotateAnim":0.0,"scaleAnim":1.0,"startIndexFrame":0,"timeTransformCombo":6233,"timeTransformIn":300,"timeTransformOut":300,"totalFrame":186,"typeBackground":"COLOR","typeTransformCombo":"ZOOM_2","typeTransformIn":"NONE","typeTransformOut":"NONE","valueMatrixBitmapDraw":[0.75,0.0,0.0,0.0,0.75,0.0,0.0,0.0,1.0],"widthBitmap":720},{"backgroundColor":-16777216,"blurBackground":2,"duration":3000,"endIndexFrame":276,"flipHorizontal":1.0,"flipVertical":1.0,"gpuPosition":0,"gpuProgress":0,"heightBitmap":940,"idItemPhoto":"1654496292250","indexEndFrameTransformCombo":276,"indexEndFrameTransformIn":207,"indexStartFrameTransformOut":0,"isCenterCrop":false,"isCenterInside":true,"isCropBitmap":false,"isLoadFromCache":true,"isLocked":false,"itemDataTransition":{"indexCate":0,"isMask":false,"keyItem":"","linkCover":"","linkDownload":"","modeDraw":"","nameEn":"","nameVn":"","paintModeDraw":"SRC_OVER","pathFolderOfTransition":"","pathFolderZipOfTransition":"","positionTransitionInAdapter":0,"timeTransitionCurrent":1000,"typeTransition":{"type":"NONE","typeTransition":"NONE"}},"itemTemplateModel":{"duration":0,"heightBitmap":0,"indexSticker":-1,"isCrop":false,"isLocked":false,"md5PathFileOld":"","pathFile":"","rect":{"bottom":0,"left":0,"right":0,"top":0},"typeTemplateModel":"NONE","widthBitmap":0},"linkBackgroundImage":"","objDataAdjust":{"mCurrentBrightnessFilter":50,"mCurrentContrastFilter":50,"mCurrentExposureFilter":50,"mCurrentFadeFilters":0,"mCurrentHighlightFilter":100,"mCurrentHueFilter":0,"mCurrentSaturationFilter":50,"mCurrentShadowFilter":0,"mCurrentSharpenFilter":50,"mCurrentTempFilter":50,"mCurrentVignetteFilter":100,"mListRedoAdjust":[],"mListUndoAdjust":[]},"pathBitmap":"/storage/emulated/0/Pictures/Telegram/IMG_20220606_131601_124.png","rotate":0,"rotateAnim":0.0,"scaleAnim":1.0,"startIndexFrame":187,"timeTransformCombo":3000,"timeTransformIn":667,"timeTransformOut":300,"totalFrame":89,"typeBackground":"BLUR","typeTransformCombo":"JUMP_ROTATE","typeTransformIn":"NONE","typeTransformOut":"NONE","valueMatrixBitmapDraw":[0.7659575,0.0,-7.6293945E-6,0.0,0.7659575,-1.5258789E-5,0.0,0.0,1.0],"widthBitmap":705}]},"frame":{"listItemStickerData":[],"listItemViewDataOnTimeLine":[]},"keyProjectCurrent":"1654496291722","listTemplateModel":{"list":[]},"music":{"listItemMusicData":[{"durationEnd":9233,"durationStart":0,"endIndexFrame":277,"indexRowCurrent":0,"indexRowPrevious":0,"keyInHasMap":1654496309448,"linkDownloadMp3":"/storage/emulated/0/Music/G3Video/Direct_ConvertVideoToMp3_1654496220753.mp3","nameMp3":"Direct_ConvertVideoToMp3_1654496220753.mp3","pathSaveFile":"/storage/emulated/0/Music/G3Video/Direct_ConvertVideoToMp3_1654496220753.mp3","startIndexFrame":0,"volume":1.0}]},"nameVideo":"Template 1654496291722","setting":{"quality":720,"ratio":{"height":1.3333334,"width":1.0}},"sticker":{"listItemStickerData":[],"listItemViewDataOnTimeLine":[]},"text":{"listItemStickerData":[{"DOT":".","TYPE_PHOTO":"png","WIDTH_MAX":360,"alpha":255,"countDeltaTime":0.0,"dataFrames":{"isNeedLoadBitmap1":false,"isNeedLoadBitmap2":false,"isNeedLoadBitmap2Loop":false,"isNeedLoadBitmap3":false,"isNeedLoadBitmap4":false,"isNeedLoadBitmap4Loop":false,"isNeedLoadBitmap5":false,"isNeedLoadBitmap6":false,"isNeedLoadBitmap6Loop":false,"isNeedLoadBitmap7":false,"isNeedLoadBitmap8":false,"isNeedLoadBitmap8Loop":false,"isNeedLoadBitmap9":false},"deviationXShadow":0.0,"deviationYShadow":0.0,"duration":6200,"endColor":-1,"endIndexFrame":186,"flip":1.0,"heightBitmap":0,"id":"60fa6aa28450144c1ed3ec37905d515b","indexColor":0,"indexColorShadow":0,"indexEndFrameTransformCombo":0,"indexEndFrameTransformIn":0,"indexFont":154,"indexFrame":0,"indexStartFrameTransformOut":0,"indexTransition":-1,"isBgText":false,"isBoldText":false,"isDashText":false,"isDashUnderText":false,"isDrawAnim":false,"isFirstFillDataTransformCombo":true,"isInit":true,"isItalicText":false,"isLayerFront":true,"isLoadFrameCache":true,"isTexture":false,"isVisible":false,"linkBubble":"","linkItemFrame":"","linkMask":"","listText":["Chúng tôi của 2015"],"modeDraw":"SRC_OVER","pathFolder":"","pathFont":"/data/user/0/videoeditor.moviemaker/files/INTERNAL_FONT_FOLDER_UNZIP/onroad/onroad/Quick Run.ttf","pathSaveBitmapFrame":"","pathTexture":"https://photoforapp.s3.ap-southeast-1.amazonaws.com/Video/TextV2/Style/Basic/11/texture.jpg","pointRotate":{"x":274.025,"y":104.37804},"pointTranslate":{"x":94.024994,"y":-75.62196},"rotate":-0.31549072,"scale":1.11286,"speed":1,"speedOfTransformCombo":15,"startColor":-1,"startIndexFrame":0,"stickerTypeTransformCombo":"NONE","stickerTypeTransformIn":"NONE","stickerTypeTransformOut":"NONE","textAlignment":"CENTER","textBlurShadow":0.0,"textColorShadow":-16777216,"textHeightAllLine":64.75,"textHeightOneLine":44.0,"textLetterSpacing":0.0,"textLineSpacing":4.0,"textPadding":15.75,"textSize":40.0,"textSizeDefault":30.0,"textString":"Chúng tôi của 2015","textStroke":{"color":"#000000","indexPositionInAdapter":-1,"width":2.0},"timeTransformCombo":300,"timeTransformIn":300,"timeTransformOut":300,"titleShow":"","totalFileNeedDownForOneFrame":0,"typeSticker":"TEXT","urlCover":"","widthBitmap":0},{"DOT":".","TYPE_PHOTO":"png","WIDTH_MAX":360,"alpha":255,"countDeltaTime":0.0,"dataFrames":{"isNeedLoadBitmap1":false,"isNeedLoadBitmap2":false,"isNeedLoadBitmap2Loop":false,"isNeedLoadBitmap3":false,"isNeedLoadBitmap4":false,"isNeedLoadBitmap4Loop":false,"isNeedLoadBitmap5":false,"isNeedLoadBitmap6":false,"isNeedLoadBitmap6Loop":false,"isNeedLoadBitmap7":false,"isNeedLoadBitmap8":false,"isNeedLoadBitmap8Loop":false,"isNeedLoadBitmap9":false},"deviationXShadow":0.0,"deviationYShadow":0.0,"duration":3000,"endColor":-1,"endIndexFrame":277,"flip":1.0,"heightBitmap":0,"id":"aaa4466a4e452430be455ce0b8191a6b","indexColor":0,"indexColorShadow":0,"indexEndFrameTransformCombo":0,"indexEndFrameTransformIn":0,"indexFont":154,"indexFrame":0,"indexStartFrameTransformOut":0,"indexTransition":-1,"isBgText":false,"isBoldText":false,"isDashText":false,"isDashUnderText":false,"isDrawAnim":false,"isFirstFillDataTransformCombo":true,"isInit":true,"isItalicText":false,"isLayerFront":true,"isLoadFrameCache":true,"isTexture":false,"isVisible":true,"linkBubble":"","linkItemFrame":"","linkMask":"","listText":["và 2022"],"modeDraw":"SRC_OVER","pathFolder":"","pathFont":"/data/user/0/videoeditor.moviemaker/files/INTERNAL_FONT_FOLDER_UNZIP/onroad/onroad/Quick Run.ttf","pathSaveBitmapFrame":"","pathTexture":"https://photoforapp.s3.ap-southeast-1.amazonaws.com/Video/TextV2/Style/Basic/11/texture.jpg","pointRotate":{"x":407.35162,"y":609.60315},"pointTranslate":{"x":227.35162,"y":429.60315},"rotate":0.09190369,"scale":0.60886747,"speed":1,"speedOfTransformCombo":15,"startColor":-1,"startIndexFrame":187,"stickerTypeTransformCombo":"NONE","stickerTypeTransformIn":"NONE","stickerTypeTransformOut":"NONE","textAlignment":"CENTER","textBlurShadow":0.0,"textColorShadow":-16777216,"textHeightAllLine":85.75,"textHeightOneLine":65.0,"textLetterSpacing":0.0,"textLineSpacing":4.0,"textPadding":15.75,"textSize":100.0,"textSizeDefault":30.0,"textString":"và 2022","textStroke":{"color":"#000000","indexPositionInAdapter":-1,"width":2.0},"timeTransformCombo":300,"timeTransformIn":300,"timeTransformOut":300,"titleShow":"","totalFileNeedDownForOneFrame":0,"typeSticker":"TEXT","urlCover":"","widthBitmap":0}],"listItemViewDataOnTimeLine":[{"durationEnd":6200,"durationStart":0,"endIndexFrame":186,"indexRowCurrent":0,"indexRowPrevious":0,"keyInHasMap":1654496791709,"linkDownloadMp3":"","nameMp3":"","pathSaveFile":"","startIndexFrame":0,"volume":1.0},{"durationEnd":5733,"durationStart":0,"endIndexFrame":277,"indexRowCurrent":0,"indexRowPrevious":0,"keyInHasMap":1654496946940,"linkDownloadMp3":"","nameMp3":"","pathSaveFile":"","startIndexFrame":187,"volume":1.0}]},"timeLastUpdate":1654497335000,"videoEffect":{"listItemEffectData":[{"drawMode":"SCREEN","endIndexFrame":186,"indexFrameDrawCurrent":0,"isCenterCrop":true,"isCenterInside":false,"isDraw":true,"isReloadFromCache":true,"jsonObjectDataOfItem":"{\"defaultPercentWidth\":1.0,\"defaultSpeed\":3.0,\"isHorizontal\":false,\"max\":10.0,\"maxSpeed\":50.0,\"min\":1.0,\"minSpeed\":2.0,\"percentWidth\":2.61,\"speedCurrent\":22.56}","keyEffect":"Party","keyInHasMap":1654497335004,"pathFolderEffect":"","positionInAdapter":2,"sizeCanvasCurrent":{"x":0,"y":0},"speed":1,"startIndexFrame":0,"title":"Lắc, giật ảnh","totalFrame":186,"uri":""},{"drawMode":"SCREEN","endIndexFrame":277,"indexFrameDrawCurrent":12,"isCenterCrop":true,"isCenterInside":false,"isDraw":true,"isReloadFromCache":true,"jsonObjectDataOfItem":"","keyEffect":"SERVER","keyInHasMap":1654497335007,"pathFolderEffect":"/data/user/0/videoeditor.moviemaker/files/FOLDER_EFFECT/Firework/9","positionInAdapter":9,"sizeCanvasCurrent":{"x":540,"y":720},"speed":1,"startIndexFrame":188,"title":"Firework 9","totalFrame":89,"uri":"/data/user/0/videoeditor.moviemaker/files/FOLDER_EFFECT/Firework/9/Firework.m4v"}],"listItemViewDataOnTimeLine":[{"durationEnd":0,"durationStart":0,"endIndexFrame":186,"indexRowCurrent":0,"indexRowPrevious":0,"keyInHasMap":1654496549742,"linkDownloadMp3":"","nameMp3":"","pathSaveFile":"","startIndexFrame":0,"volume":1.0},{"durationEnd":0,"durationStart":0,"endIndexFrame":277,"indexRowCurrent":0,"indexRowPrevious":0,"keyInHasMap":1654496629134,"linkDownloadMp3":"","nameMp3":"","pathSaveFile":"","startIndexFrame":188,"volume":1.0}]}}