{"durationVideo":9500,"editor":{"listItemPhotoData":[{"backgroundColor":-16777216,"blurBackground":0,"duration":9500,"endIndexFrame":284,"flipHorizontal":1.0,"flipVertical":1.0,"gpuPosition":6,"gpuProgress":62,"heightBitmap":677,"idItemPhoto":"1653988089350","indexEndFrameTransformCombo":0,"indexEndFrameTransformIn":0,"indexStartFrameTransformOut":0,"isCenterCrop":false,"isCenterInside":true,"isCropBitmap":true,"isLoadFromCache":true,"isLocked":false,"itemDataTransition":{"indexCate":0,"isMask":false,"keyItem":"","linkCover":"","linkDownload":"","modeDraw":"","nameEn":"","nameVn":"","paintModeDraw":"SRC_OVER","pathFolderOfTransition":"","pathFolderZipOfTransition":"","positionTransitionInAdapter":0,"timeTransitionCurrent":1000,"typeTransition":{"type":"NONE","typeTransition":"NONE"}},"itemTemplateModel":{"duration":0,"heightBitmap":0,"indexSticker":-1,"isCrop":false,"isLocked":false,"md5PathFileOld":"","pathFile":"","rect":{"bottom":0,"left":0,"right":0,"top":0},"typeTemplateModel":"NONE","widthBitmap":0},"linkBackgroundImage":"","objDataAdjust":{"mCurrentBrightnessFilter":50,"mCurrentContrastFilter":50,"mCurrentExposureFilter":50,"mCurrentFadeFilters":0,"mCurrentHighlightFilter":100,"mCurrentHueFilter":0,"mCurrentSaturationFilter":50,"mCurrentShadowFilter":0,"mCurrentSharpenFilter":50,"mCurrentTempFilter":50,"mCurrentVignetteFilter":100,"mListRedoAdjust":[],"mListUndoAdjust":[]},"pathBitmap":"/storage/emulated/0/DCIM/100PINT/Ghim/58c07349860ee2b83020aeeaa3deb041.jpg","rectCrop":{"bottom":713,"left":27,"right":535,"top":36},"rotate":0,"rotateAnim":0.0,"scaleAnim":1.0,"startIndexFrame":0,"timeTransformCombo":9500,"timeTransformIn":300,"timeTransformOut":300,"totalFrame":284,"typeBackground":"COLOR","typeTransformCombo":"NONE","typeTransformIn":"NONE","typeTransformOut":"NONE","valueMatrixBitmapDraw":[1.0629921,0.0,0.0,0.0,1.0629921,0.17717552,0.0,0.0,1.0],"widthBitmap":508}]},"frame":{"listItemStickerData":[],"listItemViewDataOnTimeLine":[]},"keyProjectCurrent":"1653988109247","listTemplateModel":{"list":[]},"music":{"listItemMusicData":[{"durationEnd":9500,"durationStart":0,"endIndexFrame":285,"indexRowCurrent":0,"indexRowPrevious":0,"keyInHasMap":1653988252293,"linkDownloadMp3":"https://photoforapp84133-dev.s3.ap-southeast-1.amazonaws.com/public/YoutubeAudioLibrary/International/Happy/that girl - tiktok - olly murs.mp3","nameMp3":"that girl - tiktok - olly murs.mp3","pathSaveFile":"/data/user/0/videoeditor.moviemaker/files/Private/HIDE/MUSIC/that girl - tiktok - olly murs.mp3","startIndexFrame":0,"volume":1.0}]},"nameVideo":"Template 1653988109247","setting":{"quality":720,"ratio":{"height":4.0,"width":3.0}},"sticker":{"listItemStickerData":[{"DOT":".","TYPE_PHOTO":"png","WIDTH_MAX":360,"alpha":255,"countDeltaTime":0.0,"dataFrames":{"isNeedLoadBitmap1":false,"isNeedLoadBitmap2":false,"isNeedLoadBitmap2Loop":false,"isNeedLoadBitmap3":false,"isNeedLoadBitmap4":false,"isNeedLoadBitmap4Loop":false,"isNeedLoadBitmap5":false,"isNeedLoadBitmap6":false,"isNeedLoadBitmap6Loop":false,"isNeedLoadBitmap7":false,"isNeedLoadBitmap8":false,"isNeedLoadBitmap8Loop":false,"isNeedLoadBitmap9":false},"deviationXShadow":0.0,"deviationYShadow":0.0,"duration":9500,"endColor":-1,"endIndexFrame":285,"flip":1.0,"heightBitmap":359,"id":"cdbdf54b54f02a34e73ba0e7266c36","indexColor":0,"indexColorShadow":0,"indexEndFrameTransformCombo":0,"indexEndFrameTransformIn":0,"indexFont":0,"indexFrame":0,"indexStartFrameTransformOut":0,"indexTransition":-1,"isBgText":false,"isBoldText":false,"isDashText":false,"isDashUnderText":false,"isDrawAnim":false,"isFirstFillDataTransformCombo":true,"isInit":true,"isItalicText":false,"isLayerFront":true,"isLoadFrameCache":true,"isTexture":false,"isVisible":true,"linkBubble":"","linkItemFrame":"","linkMask":"","listText":[],"modeDraw":"SRC_OVER","pathFolder":"/storage/emulated/0/DCIM/100PINT/Ghim/acb303dc868896d068ddcb3ec9e30615.jpg","pathFont":"","pathSaveBitmapFrame":"","pathTexture":"","pointRotate":{"x":119.56729,"y":584.4657},"pointTranslate":{"x":-60.43271,"y":405.4657},"rotate":-0.026000977,"scale":0.4759621,"speed":1,"speedOfTransformCombo":15,"startColor":-1,"startIndexFrame":0,"stickerTypeTransformCombo":"NONE","stickerTypeTransformIn":"NONE","stickerTypeTransformOut":"NONE","textAlignment":"CENTER","textBlurShadow":0.0,"textColorShadow":-16777216,"textHeightAllLine":0.0,"textHeightOneLine":0.0,"textLetterSpacing":0.0,"textLineSpacing":4.0,"textPadding":6.0,"textSize":1.0,"textSizeDefault":30.0,"textString":"","textStroke":{"color":"#000000","indexPositionInAdapter":-1,"width":0.0},"timeTransformCombo":300,"timeTransformIn":300,"timeTransformOut":300,"titleShow":"/storage/emulated/0/DCIM/100PINT/Ghim/acb303dc868896d068ddcb3ec9e30615.jpg","totalFileNeedDownForOneFrame":0,"typeSticker":"ONE_PHOTO","urlCover":"/storage/emulated/0/DCIM/100PINT/Ghim/acb303dc868896d068ddcb3ec9e30615.jpg","widthBitmap":360},{"DOT":".","TYPE_PHOTO":"png","WIDTH_MAX":360,"alpha":205,"countDeltaTime":0.0,"dataFrames":{"isNeedLoadBitmap1":false,"isNeedLoadBitmap2":false,"isNeedLoadBitmap2Loop":false,"isNeedLoadBitmap3":false,"isNeedLoadBitmap4":false,"isNeedLoadBitmap4Loop":false,"isNeedLoadBitmap5":false,"isNeedLoadBitmap6":false,"isNeedLoadBitmap6Loop":false,"isNeedLoadBitmap7":false,"isNeedLoadBitmap8":false,"isNeedLoadBitmap8Loop":false,"isNeedLoadBitmap9":false},"deviationXShadow":0.0,"deviationYShadow":0.0,"duration":9500,"endColor":-1,"endIndexFrame":285,"flip":1.0,"heightBitmap":360,"id":"38e4ff20c8f22cdc23d0a4fd26c49991","indexColor":0,"indexColorShadow":0,"indexEndFrameTransformCombo":0,"indexEndFrameTransformIn":0,"indexFont":0,"indexFrame":0,"indexStartFrameTransformOut":0,"indexTransition":-1,"isBgText":false,"isBoldText":false,"isDashText":false,"isDashUnderText":false,"isDrawAnim":false,"isFirstFillDataTransformCombo":true,"isInit":true,"isItalicText":false,"isLayerFront":true,"isLoadFrameCache":true,"isTexture":false,"isVisible":true,"linkBubble":"","linkItemFrame":"","linkMask":"","listText":[],"modeDraw":"SRC_OVER","pathFolder":"https://photoforapp.s3.ap-southeast-1.amazonaws.com/Video/Sticker/GIF_GIF/Aesthetic/21.gif","pathFont":"","pathSaveBitmapFrame":"","pathTexture":"","pointRotate":{"x":53.155518,"y":652.4428},"pointTranslate":{"x":-126.84448,"y":472.4428},"rotate":46.28707,"scale":0.34094816,"speed":1,"speedOfTransformCombo":15,"startColor":-1,"startIndexFrame":0,"stickerTypeTransformCombo":"NONE","stickerTypeTransformIn":"NONE","stickerTypeTransformOut":"NONE","textAlignment":"CENTER","textBlurShadow":0.0,"textColorShadow":-16777216,"textHeightAllLine":0.0,"textHeightOneLine":0.0,"textLetterSpacing":0.0,"textLineSpacing":4.0,"textPadding":6.0,"textSize":1.0,"textSizeDefault":30.0,"textString":"","textStroke":{"color":"#000000","indexPositionInAdapter":-1,"width":0.0},"timeTransformCombo":300,"timeTransformIn":300,"timeTransformOut":300,"titleShow":"Ae21","totalFileNeedDownForOneFrame":0,"typeSticker":"LIST_PHOTO","urlCover":"https://photoforapp.s3.ap-southeast-1.amazonaws.com/Video/Sticker/GIF_GIF/Aesthetic/21.gif","widthBitmap":360}],"listItemViewDataOnTimeLine":[{"durationEnd":9500,"durationStart":0,"endIndexFrame":285,"indexRowCurrent":0,"indexRowPrevious":0,"keyInHasMap":1653988331995,"linkDownloadMp3":"","nameMp3":"","pathSaveFile":"","startIndexFrame":0,"volume":1.0},{"durationEnd":9500,"durationStart":0,"endIndexFrame":285,"indexRowCurrent":0,"indexRowPrevious":0,"keyInHasMap":1653989465034,"linkDownloadMp3":"","nameMp3":"","pathSaveFile":"","startIndexFrame":0,"volume":1.0}]},"text":{"listItemStickerData":[{"DOT":".","TYPE_PHOTO":"png","WIDTH_MAX":360,"alpha":255,"countDeltaTime":0.0,"dataFrames":{"isNeedLoadBitmap1":false,"isNeedLoadBitmap2":false,"isNeedLoadBitmap2Loop":false,"isNeedLoadBitmap3":false,"isNeedLoadBitmap4":false,"isNeedLoadBitmap4Loop":false,"isNeedLoadBitmap5":false,"isNeedLoadBitmap6":false,"isNeedLoadBitmap6Loop":false,"isNeedLoadBitmap7":false,"isNeedLoadBitmap8":false,"isNeedLoadBitmap8Loop":false,"isNeedLoadBitmap9":false},"deviationXShadow":0.0,"deviationYShadow":0.0,"duration":9500,"endColor":-1,"endIndexFrame":285,"flip":1.0,"heightBitmap":0,"id":"84dade578358582c88a0187ddac7eca","indexColor":0,"indexColorShadow":3,"indexEndFrameTransformCombo":0,"indexEndFrameTransformIn":0,"indexFont":39,"indexFrame":0,"indexStartFrameTransformOut":0,"indexTransition":-1,"isBgText":true,"isBoldText":true,"isDashText":false,"isDashUnderText":false,"isDrawAnim":false,"isFirstFillDataTransformCombo":true,"isInit":true,"isItalicText":false,"isLayerFront":true,"isLoadFrameCache":true,"isTexture":false,"isVisible":true,"linkBubble":"https://photoforapp.s3.ap-southeast-1.amazonaws.com/Video/TextV2/frame/197/layer_1.png","linkItemFrame":"","linkMask":"https://photoforapp.s3.ap-southeast-1.amazonaws.com/Video/TextV2/frame/197/layer_2_mask.png","listText":["Olly Murs ( Lyrics )"],"modeDraw":"SRC_OVER","pathFolder":"","pathFont":"/data/user/0/videoeditor.moviemaker/files/UN_ZIP_TEXT_BUBBLE/197/mvboli/mvboli/mvboli.ttf","pathSaveBitmapFrame":"","pathTexture":"","pointRotate":{"x":368.44376,"y":619.8706},"pointTranslate":{"x":188.44376,"y":439.8706},"rotate":0.27051544,"scale":0.81013197,"speed":1,"speedOfTransformCombo":15,"startColor":-1,"startIndexFrame":0,"stickerTypeTransformCombo":"NONE","stickerTypeTransformIn":"NONE","stickerTypeTransformOut":"NONE","textAlignment":"LEFT","textBlurShadow":0.0,"textColorShadow":-6381922,"textHeightAllLine":49.75,"textHeightOneLine":34.0,"textLetterSpacing":0.08,"textLineSpacing":4.0,"textPadding":15.75,"textSize":30.0,"textSizeDefault":30.0,"textString":"Olly Murs ( Lyrics )","textStroke":{"color":"","indexPositionInAdapter":-1,"width":0.0},"timeTransformCombo":300,"timeTransformIn":300,"timeTransformOut":300,"titleShow":"","totalFileNeedDownForOneFrame":0,"typeSticker":"TEXT","urlCover":"","widthBitmap":0},{"DOT":".","TYPE_PHOTO":"png","WIDTH_MAX":360,"alpha":255,"countDeltaTime":0.0,"dataFrames":{"isNeedLoadBitmap1":false,"isNeedLoadBitmap2":false,"isNeedLoadBitmap2Loop":false,"isNeedLoadBitmap3":false,"isNeedLoadBitmap4":false,"isNeedLoadBitmap4Loop":false,"isNeedLoadBitmap5":false,"isNeedLoadBitmap6":false,"isNeedLoadBitmap6Loop":false,"isNeedLoadBitmap7":false,"isNeedLoadBitmap8":false,"isNeedLoadBitmap8Loop":false,"isNeedLoadBitmap9":false},"deviationXShadow":0.0,"deviationYShadow":0.0,"duration":9500,"endColor":-1,"endIndexFrame":285,"flip":1.0,"heightBitmap":0,"id":"94dabca5639e1c5cbd33397aefffedc","indexColor":0,"indexColorShadow":3,"indexEndFrameTransformCombo":0,"indexEndFrameTransformIn":0,"indexFont":100,"indexFrame":0,"indexStartFrameTransformOut":0,"indexTransition":-1,"isBgText":false,"isBoldText":false,"isDashText":false,"isDashUnderText":false,"isDrawAnim":false,"isFirstFillDataTransformCombo":true,"isInit":true,"isItalicText":false,"isLayerFront":true,"isLoadFrameCache":true,"isTexture":false,"isVisible":true,"linkBubble":"","linkItemFrame":"","linkMask":"","listText":["That girl"],"modeDraw":"SRC_OVER","pathFolder":"","pathFont":"/data/user/0/videoeditor.moviemaker/files/INTERNAL_FONT_FOLDER_UNZIP/beauty/beauty/FreshtoDeath.otf","pathSaveBitmapFrame":"","pathTexture":"","pointRotate":{"x":323.6661,"y":530.2966},"pointTranslate":{"x":143.6661,"y":350.29657},"rotate":-0.4100418,"scale":0.58572793,"speed":1,"speedOfTransformCombo":15,"startColor":-1,"startIndexFrame":0,"stickerTypeTransformCombo":"NONE","stickerTypeTransformIn":"NONE","stickerTypeTransformOut":"NONE","textAlignment":"CENTER","textBlurShadow":0.0,"textColorShadow":-6381922,"textHeightAllLine":92.75,"textHeightOneLine":77.0,"textLetterSpacing":0.24,"textLineSpacing":4.0,"textPadding":15.75,"textSize":63.0,"textSizeDefault":30.0,"textString":"That girl","textStroke":{"color":"#000000","indexPositionInAdapter":-1,"width":0.0},"timeTransformCombo":300,"timeTransformIn":300,"timeTransformOut":300,"titleShow":"","totalFileNeedDownForOneFrame":0,"typeSticker":"TEXT","urlCover":"","widthBitmap":0}],"listItemViewDataOnTimeLine":[{"durationEnd":9500,"durationStart":0,"endIndexFrame":285,"indexRowCurrent":0,"indexRowPrevious":0,"keyInHasMap":1653988494358,"linkDownloadMp3":"","nameMp3":"","pathSaveFile":"","startIndexFrame":0,"volume":1.0},{"durationEnd":0,"durationStart":0,"endIndexFrame":285,"indexRowCurrent":0,"indexRowPrevious":0,"keyInHasMap":1653989003411,"linkDownloadMp3":"","nameMp3":"","pathSaveFile":"","startIndexFrame":0,"volume":1.0}]},"timeLastUpdate":1653989576770,"videoEffect":{"listItemEffectData":[{"drawMode":"SCREEN","endIndexFrame":285,"indexFrameDrawCurrent":0,"isCenterCrop":true,"isCenterInside":false,"isDraw":true,"isReloadFromCache":true,"jsonObjectDataOfItem":"","keyEffect":"SERVER","keyInHasMap":1653989576775,"pathFolderEffect":"/data/user/0/videoeditor.moviemaker/files/FOLDER_EFFECT/Retro/17","positionInAdapter":17,"sizeCanvasCurrent":{"x":540,"y":720},"speed":1,"startIndexFrame":0,"title":"Retro 17","totalFrame":285,"uri":"/data/user/0/videoeditor.moviemaker/files/FOLDER_EFFECT/Retro/17/Retro.m4v"}],"listItemViewDataOnTimeLine":[{"durationEnd":9500,"durationStart":0,"endIndexFrame":285,"indexRowCurrent":0,"indexRowPrevious":0,"keyInHasMap":1653989339781,"linkDownloadMp3":"","nameMp3":"","pathSaveFile":"","startIndexFrame":0,"volume":1.0}]}}