{"durationVideo":10000,"editor":{"listItemPhotoData":[{"backgroundColor":-16777216,"blurBackground":0,"duration":10000,"endIndexFrame":299,"flipHorizontal":1.0,"flipVertical":1.0,"gpuPosition":0,"gpuProgress":0,"heightBitmap":1280,"idItemPhoto":"1654588193601","indexEndFrameTransformCombo":0,"indexEndFrameTransformIn":0,"indexStartFrameTransformOut":0,"isCenterCrop":false,"isCenterInside":true,"isCropBitmap":false,"isLoadFromCache":true,"isLocked":true,"itemDataTransition":{"indexCate":0,"isMask":false,"keyItem":"","linkCover":"","linkDownload":"","modeDraw":"","nameEn":"","nameVn":"","paintModeDraw":"SRC_OVER","pathFolderOfTransition":"","pathFolderZipOfTransition":"","positionTransitionInAdapter":0,"timeTransitionCurrent":1000,"typeTransition":{"type":"NONE","typeTransition":"NONE"}},"itemTemplateModel":{"duration":0,"heightBitmap":0,"indexSticker":-1,"isCrop":false,"isLocked":false,"md5PathFileOld":"","pathFile":"","rect":{"bottom":0,"left":0,"right":0,"top":0},"typeTemplateModel":"NONE","widthBitmap":0},"linkBackgroundImage":"","objDataAdjust":{"mCurrentBrightnessFilter":50,"mCurrentContrastFilter":50,"mCurrentExposureFilter":50,"mCurrentFadeFilters":0,"mCurrentHighlightFilter":100,"mCurrentHueFilter":0,"mCurrentSaturationFilter":50,"mCurrentShadowFilter":0,"mCurrentSharpenFilter":50,"mCurrentTempFilter":50,"mCurrentVignetteFilter":100,"mListRedoAdjust":[],"mListUndoAdjust":[]},"pathBitmap":"/storage/emulated/0/Pictures/Telegram/IMG_20220607_144925_966.jpg","rotate":0,"rotateAnim":0.0,"scaleAnim":1.0,"startIndexFrame":0,"timeTransformCombo":10000,"timeTransformIn":300,"timeTransformOut":300,"totalFrame":299,"typeBackground":"COLOR","typeTransformCombo":"NONE","typeTransformIn":"NONE","typeTransformOut":"NONE","valueMatrixBitmapDraw":[0.5625,0.0,67.5,0.0,0.5625,0.0,0.0,0.0,1.0],"widthBitmap":720}]},"frame":{"listItemStickerData":[],"listItemViewDataOnTimeLine":[]},"keyProjectCurrent":"1654588204964","listTemplateModel":{"list":[]},"music":{"listItemMusicData":[{"durationEnd":10000,"durationStart":0,"endIndexFrame":300,"indexRowCurrent":0,"indexRowPrevious":0,"keyInHasMap":1654588216779,"linkDownloadMp3":"/storage/emulated/0/Music/G3Video/Direct_ConvertVideoToMp3_1654588135569.mp3","nameMp3":"Direct_ConvertVideoToMp3_1654588135569.mp3","pathSaveFile":"/storage/emulated/0/Music/G3Video/Direct_ConvertVideoToMp3_1654588135569.mp3","startIndexFrame":0,"volume":1.0}]},"nameVideo":"Template 1654588204964","setting":{"quality":720,"ratio":{"height":4.0,"width":3.0}},"sticker":{"listItemStickerData":[{"DOT":".","TYPE_PHOTO":"png","WIDTH_MAX":360,"alpha":255,"countDeltaTime":0.0,"dataFrames":{"isNeedLoadBitmap1":false,"isNeedLoadBitmap2":false,"isNeedLoadBitmap2Loop":false,"isNeedLoadBitmap3":false,"isNeedLoadBitmap4":false,"isNeedLoadBitmap4Loop":false,"isNeedLoadBitmap5":false,"isNeedLoadBitmap6":false,"isNeedLoadBitmap6Loop":false,"isNeedLoadBitmap7":false,"isNeedLoadBitmap8":false,"isNeedLoadBitmap8Loop":false,"isNeedLoadBitmap9":false},"deviationXShadow":0.0,"deviationYShadow":0.0,"duration":10000,"endColor":-1,"endIndexFrame":300,"flip":1.0,"heightBitmap":360,"id":"f884efbbe36be7644105efa98611727","indexColor":0,"indexColorShadow":0,"indexEndFrameTransformCombo":0,"indexEndFrameTransformIn":0,"indexFont":0,"indexFrame":0,"indexStartFrameTransformOut":0,"indexTransition":-1,"isBgText":false,"isBoldText":false,"isDashText":false,"isDashUnderText":false,"isDrawAnim":false,"isFirstFillDataTransformCombo":true,"isInit":true,"isItalicText":false,"isLayerFront":true,"isLoadFrameCache":true,"isTexture":false,"isVisible":true,"linkBubble":"","linkItemFrame":"","linkMask":"","listText":[],"modeDraw":"SRC_OVER","pathFolder":"/storage/emulated/0/Pictures/Telegram/IMG_20220607_144929_234.jpg","pathFont":"","pathSaveBitmapFrame":"","pathTexture":"","pointRotate":{"x":137.28162,"y":193.90466},"pointTranslate":{"x":2.2816162,"y":13.904663},"rotate":0.1940918,"scale":0.86708015,"speed":1,"speedOfTransformCombo":15,"startColor":-1,"startIndexFrame":0,"stickerTypeTransformCombo":"NONE","stickerTypeTransformIn":"NONE","stickerTypeTransformOut":"NONE","textAlignment":"CENTER","textBlurShadow":0.0,"textColorShadow":-16777216,"textHeightAllLine":0.0,"textHeightOneLine":0.0,"textLetterSpacing":0.0,"textLineSpacing":4.0,"textPadding":6.0,"textSize":1.0,"textSizeDefault":30.0,"textString":"","textStroke":{"color":"#000000","indexPositionInAdapter":-1,"width":0.0},"timeTransformCombo":300,"timeTransformIn":300,"timeTransformOut":300,"titleShow":"/storage/emulated/0/Pictures/Telegram/IMG_20220607_144929_234.jpg","totalFileNeedDownForOneFrame":0,"typeSticker":"ONE_PHOTO","urlCover":"/storage/emulated/0/Pictures/Telegram/IMG_20220607_144929_234.jpg","widthBitmap":270},{"DOT":".","TYPE_PHOTO":"png","WIDTH_MAX":360,"alpha":255,"countDeltaTime":0.0,"dataFrames":{"isNeedLoadBitmap1":false,"isNeedLoadBitmap2":false,"isNeedLoadBitmap2Loop":false,"isNeedLoadBitmap3":false,"isNeedLoadBitmap4":false,"isNeedLoadBitmap4Loop":false,"isNeedLoadBitmap5":false,"isNeedLoadBitmap6":false,"isNeedLoadBitmap6Loop":false,"isNeedLoadBitmap7":false,"isNeedLoadBitmap8":false,"isNeedLoadBitmap8Loop":false,"isNeedLoadBitmap9":false},"deviationXShadow":0.0,"deviationYShadow":0.0,"duration":10000,"endColor":-1,"endIndexFrame":300,"flip":1.0,"heightBitmap":360,"id":"ba599a7e604376bc2370f5e84988d221","indexColor":0,"indexColorShadow":0,"indexEndFrameTransformCombo":0,"indexEndFrameTransformIn":0,"indexFont":0,"indexFrame":0,"indexStartFrameTransformOut":0,"indexTransition":-1,"isBgText":false,"isBoldText":false,"isDashText":false,"isDashUnderText":false,"isDrawAnim":false,"isFirstFillDataTransformCombo":true,"isInit":true,"isItalicText":false,"isLayerFront":true,"isLoadFrameCache":true,"isTexture":false,"isVisible":true,"linkBubble":"","linkItemFrame":"","linkMask":"","listText":[],"modeDraw":"SRC_OVER","pathFolder":"/storage/emulated/0/Pictures/Telegram/IMG_20220607_144934_924.jpg","pathFont":"","pathSaveBitmapFrame":"","pathTexture":"","pointRotate":{"x":387.01642,"y":197.8508},"pointTranslate":{"x":252.01642,"y":17.8508},"rotate":0.17567444,"scale":0.8696719,"speed":1,"speedOfTransformCombo":15,"startColor":-1,"startIndexFrame":0,"stickerTypeTransformCombo":"NONE","stickerTypeTransformIn":"NONE","stickerTypeTransformOut":"NONE","textAlignment":"CENTER","textBlurShadow":0.0,"textColorShadow":-16777216,"textHeightAllLine":0.0,"textHeightOneLine":0.0,"textLetterSpacing":0.0,"textLineSpacing":4.0,"textPadding":6.0,"textSize":1.0,"textSizeDefault":30.0,"textString":"","textStroke":{"color":"#000000","indexPositionInAdapter":-1,"width":0.0},"timeTransformCombo":300,"timeTransformIn":300,"timeTransformOut":300,"titleShow":"/storage/emulated/0/Pictures/Telegram/IMG_20220607_144934_924.jpg","totalFileNeedDownForOneFrame":0,"typeSticker":"ONE_PHOTO","urlCover":"/storage/emulated/0/Pictures/Telegram/IMG_20220607_144934_924.jpg","widthBitmap":270},{"DOT":".","TYPE_PHOTO":"png","WIDTH_MAX":360,"alpha":255,"countDeltaTime":0.0,"dataFrames":{"isNeedLoadBitmap1":false,"isNeedLoadBitmap2":false,"isNeedLoadBitmap2Loop":false,"isNeedLoadBitmap3":false,"isNeedLoadBitmap4":false,"isNeedLoadBitmap4Loop":false,"isNeedLoadBitmap5":false,"isNeedLoadBitmap6":false,"isNeedLoadBitmap6Loop":false,"isNeedLoadBitmap7":false,"isNeedLoadBitmap8":false,"isNeedLoadBitmap8Loop":false,"isNeedLoadBitmap9":false},"deviationXShadow":0.0,"deviationYShadow":0.0,"duration":10000,"endColor":-1,"endIndexFrame":300,"flip":1.0,"heightBitmap":360,"id":"638e8a8e684cb62631b1fb946b46ad5","indexColor":0,"indexColorShadow":0,"indexEndFrameTransformCombo":0,"indexEndFrameTransformIn":0,"indexFont":0,"indexFrame":0,"indexStartFrameTransformOut":0,"indexTransition":-1,"isBgText":false,"isBoldText":false,"isDashText":false,"isDashUnderText":false,"isDrawAnim":false,"isFirstFillDataTransformCombo":true,"isInit":true,"isItalicText":false,"isLayerFront":true,"isLoadFrameCache":true,"isTexture":false,"isVisible":true,"linkBubble":"","linkItemFrame":"","linkMask":"","listText":[],"modeDraw":"SRC_OVER","pathFolder":"/storage/emulated/0/Pictures/Telegram/IMG_20220607_144933_687.jpg","pathFont":"","pathSaveBitmapFrame":"","pathTexture":"","pointRotate":{"x":386.71515,"y":525.378},"pointTranslate":{"x":251.71515,"y":345.378},"rotate":0.39395142,"scale":0.86566716,"speed":1,"speedOfTransformCombo":15,"startColor":-1,"startIndexFrame":0,"stickerTypeTransformCombo":"NONE","stickerTypeTransformIn":"NONE","stickerTypeTransformOut":"NONE","textAlignment":"CENTER","textBlurShadow":0.0,"textColorShadow":-16777216,"textHeightAllLine":0.0,"textHeightOneLine":0.0,"textLetterSpacing":0.0,"textLineSpacing":4.0,"textPadding":6.0,"textSize":1.0,"textSizeDefault":30.0,"textString":"","textStroke":{"color":"#000000","indexPositionInAdapter":-1,"width":0.0},"timeTransformCombo":300,"timeTransformIn":300,"timeTransformOut":300,"titleShow":"/storage/emulated/0/Pictures/Telegram/IMG_20220607_144933_687.jpg","totalFileNeedDownForOneFrame":0,"typeSticker":"ONE_PHOTO","urlCover":"/storage/emulated/0/Pictures/Telegram/IMG_20220607_144933_687.jpg","widthBitmap":270},{"DOT":".","TYPE_PHOTO":"png","WIDTH_MAX":360,"alpha":255,"countDeltaTime":0.0,"dataFrames":{"isNeedLoadBitmap1":false,"isNeedLoadBitmap2":false,"isNeedLoadBitmap2Loop":false,"isNeedLoadBitmap3":false,"isNeedLoadBitmap4":false,"isNeedLoadBitmap4Loop":false,"isNeedLoadBitmap5":false,"isNeedLoadBitmap6":false,"isNeedLoadBitmap6Loop":false,"isNeedLoadBitmap7":false,"isNeedLoadBitmap8":false,"isNeedLoadBitmap8Loop":false,"isNeedLoadBitmap9":false},"deviationXShadow":0.0,"deviationYShadow":0.0,"duration":10000,"endColor":-1,"endIndexFrame":300,"flip":1.0,"heightBitmap":360,"id":"1f1b1470103b4a67b70bebda1f6256f","indexColor":0,"indexColorShadow":0,"indexEndFrameTransformCombo":0,"indexEndFrameTransformIn":0,"indexFont":0,"indexFrame":0,"indexStartFrameTransformOut":0,"indexTransition":-1,"isBgText":false,"isBoldText":false,"isDashText":false,"isDashUnderText":false,"isDrawAnim":false,"isFirstFillDataTransformCombo":true,"isInit":true,"isItalicText":false,"isLayerFront":true,"isLoadFrameCache":true,"isTexture":false,"isVisible":true,"linkBubble":"","linkItemFrame":"","linkMask":"","listText":[],"modeDraw":"SRC_OVER","pathFolder":"/storage/emulated/0/Pictures/Telegram/IMG_20220607_144936_606.jpg","pathFont":"","pathSaveBitmapFrame":"","pathTexture":"","pointRotate":{"x":135.50581,"y":523.58435},"pointTranslate":{"x":0.5058136,"y":343.58435},"rotate":0.08958435,"scale":0.8694288,"speed":1,"speedOfTransformCombo":15,"startColor":-1,"startIndexFrame":0,"stickerTypeTransformCombo":"NONE","stickerTypeTransformIn":"NONE","stickerTypeTransformOut":"NONE","textAlignment":"CENTER","textBlurShadow":0.0,"textColorShadow":-16777216,"textHeightAllLine":0.0,"textHeightOneLine":0.0,"textLetterSpacing":0.0,"textLineSpacing":4.0,"textPadding":6.0,"textSize":1.0,"textSizeDefault":30.0,"textString":"","textStroke":{"color":"#000000","indexPositionInAdapter":-1,"width":0.0},"timeTransformCombo":300,"timeTransformIn":300,"timeTransformOut":300,"titleShow":"/storage/emulated/0/Pictures/Telegram/IMG_20220607_144936_606.jpg","totalFileNeedDownForOneFrame":0,"typeSticker":"ONE_PHOTO","urlCover":"/storage/emulated/0/Pictures/Telegram/IMG_20220607_144936_606.jpg","widthBitmap":270},{"DOT":".","TYPE_PHOTO":"png","WIDTH_MAX":360,"alpha":255,"countDeltaTime":0.0,"dataFrames":{"isNeedLoadBitmap1":false,"isNeedLoadBitmap2":false,"isNeedLoadBitmap2Loop":false,"isNeedLoadBitmap3":false,"isNeedLoadBitmap4":false,"isNeedLoadBitmap4Loop":false,"isNeedLoadBitmap5":false,"isNeedLoadBitmap6":false,"isNeedLoadBitmap6Loop":false,"isNeedLoadBitmap7":false,"isNeedLoadBitmap8":false,"isNeedLoadBitmap8Loop":false,"isNeedLoadBitmap9":false},"deviationXShadow":0.0,"deviationYShadow":0.0,"duration":10000,"endColor":-1,"endIndexFrame":300,"flip":1.0,"heightBitmap":360,"id":"2246e22ece143bdd5a42fc1646f7d8d8","indexColor":0,"indexColorShadow":0,"indexEndFrameTransformCombo":0,"indexEndFrameTransformIn":0,"indexFont":0,"indexFrame":0,"indexStartFrameTransformOut":0,"indexTransition":-1,"isBgText":false,"isBoldText":false,"isDashText":false,"isDashUnderText":false,"isDrawAnim":false,"isFirstFillDataTransformCombo":true,"isInit":true,"isItalicText":false,"isLayerFront":true,"isLoadFrameCache":true,"isTexture":false,"isVisible":true,"linkBubble":"","linkItemFrame":"","linkMask":"","listText":[],"modeDraw":"SRC_OVER","pathFolder":"https://photoforapp.s3.ap-southeast-1.amazonaws.com/Video/Sticker/GIF_GIF/Film/23.png","pathFont":"","pathSaveBitmapFrame":"","pathTexture":"","pointRotate":{"x":140.37027,"y":197.13333},"pointTranslate":{"x":-39.62973,"y":17.133331},"rotate":0.12542725,"scale":0.9113499,"speed":1,"speedOfTransformCombo":15,"startColor":-1,"startIndexFrame":0,"stickerTypeTransformCombo":"NONE","stickerTypeTransformIn":"NONE","stickerTypeTransformOut":"NONE","textAlignment":"CENTER","textBlurShadow":0.0,"textColorShadow":-16777216,"textHeightAllLine":0.0,"textHeightOneLine":0.0,"textLetterSpacing":0.0,"textLineSpacing":4.0,"textPadding":6.0,"textSize":1.0,"textSizeDefault":30.0,"textString":"","textStroke":{"color":"#000000","indexPositionInAdapter":-1,"width":0.0},"timeTransformCombo":300,"timeTransformIn":300,"timeTransformOut":300,"titleShow":"Fi23","totalFileNeedDownForOneFrame":0,"typeSticker":"ONE_PHOTO","urlCover":"https://photoforapp.s3.ap-southeast-1.amazonaws.com/Video/Sticker/GIF_GIF/Film/23.png","widthBitmap":360},{"DOT":".","TYPE_PHOTO":"png","WIDTH_MAX":360,"alpha":255,"countDeltaTime":0.0,"dataFrames":{"isNeedLoadBitmap1":false,"isNeedLoadBitmap2":false,"isNeedLoadBitmap2Loop":false,"isNeedLoadBitmap3":false,"isNeedLoadBitmap4":false,"isNeedLoadBitmap4Loop":false,"isNeedLoadBitmap5":false,"isNeedLoadBitmap6":false,"isNeedLoadBitmap6Loop":false,"isNeedLoadBitmap7":false,"isNeedLoadBitmap8":false,"isNeedLoadBitmap8Loop":false,"isNeedLoadBitmap9":false},"deviationXShadow":0.0,"deviationYShadow":0.0,"duration":10000,"endColor":-1,"endIndexFrame":300,"flip":1.0,"heightBitmap":360,"id":"767ae4d9a8585d69d0d216764ab116","indexColor":0,"indexColorShadow":0,"indexEndFrameTransformCombo":0,"indexEndFrameTransformIn":0,"indexFont":0,"indexFrame":0,"indexStartFrameTransformOut":0,"indexTransition":-1,"isBgText":false,"isBoldText":false,"isDashText":false,"isDashUnderText":false,"isDrawAnim":false,"isFirstFillDataTransformCombo":true,"isInit":true,"isItalicText":false,"isLayerFront":true,"isLoadFrameCache":true,"isTexture":false,"isVisible":true,"linkBubble":"","linkItemFrame":"","linkMask":"","listText":[],"modeDraw":"SRC_OVER","pathFolder":"https://photoforapp.s3.ap-southeast-1.amazonaws.com/Video/Sticker/GIF_GIF/Film/23.png","pathFont":"","pathSaveBitmapFrame":"","pathTexture":"","pointRotate":{"x":136.33447,"y":518.2654},"pointTranslate":{"x":-43.665527,"y":338.26538},"rotate":0.12542725,"scale":0.9113499,"speed":1,"speedOfTransformCombo":15,"startColor":-1,"startIndexFrame":0,"stickerTypeTransformCombo":"NONE","stickerTypeTransformIn":"NONE","stickerTypeTransformOut":"NONE","textAlignment":"CENTER","textBlurShadow":0.0,"textColorShadow":-16777216,"textHeightAllLine":0.0,"textHeightOneLine":0.0,"textLetterSpacing":0.0,"textLineSpacing":4.0,"textPadding":6.0,"textSize":1.0,"textSizeDefault":30.0,"textString":"","textStroke":{"color":"#000000","indexPositionInAdapter":-1,"width":0.0},"timeTransformCombo":300,"timeTransformIn":300,"timeTransformOut":300,"titleShow":"Fi23","totalFileNeedDownForOneFrame":0,"typeSticker":"ONE_PHOTO","urlCover":"https://photoforapp.s3.ap-southeast-1.amazonaws.com/Video/Sticker/GIF_GIF/Film/23.png","widthBitmap":360},{"DOT":".","TYPE_PHOTO":"png","WIDTH_MAX":360,"alpha":255,"countDeltaTime":0.0,"dataFrames":{"isNeedLoadBitmap1":false,"isNeedLoadBitmap2":false,"isNeedLoadBitmap2Loop":false,"isNeedLoadBitmap3":false,"isNeedLoadBitmap4":false,"isNeedLoadBitmap4Loop":false,"isNeedLoadBitmap5":false,"isNeedLoadBitmap6":false,"isNeedLoadBitmap6Loop":false,"isNeedLoadBitmap7":false,"isNeedLoadBitmap8":false,"isNeedLoadBitmap8Loop":false,"isNeedLoadBitmap9":false},"deviationXShadow":0.0,"deviationYShadow":0.0,"duration":10000,"endColor":-1,"endIndexFrame":300,"flip":1.0,"heightBitmap":360,"id":"bf6a1b17788b53998ed5382c7d8632ce","indexColor":0,"indexColorShadow":0,"indexEndFrameTransformCombo":0,"indexEndFrameTransformIn":0,"indexFont":0,"indexFrame":0,"indexStartFrameTransformOut":0,"indexTransition":-1,"isBgText":false,"isBoldText":false,"isDashText":false,"isDashUnderText":false,"isDrawAnim":false,"isFirstFillDataTransformCombo":true,"isInit":true,"isItalicText":false,"isLayerFront":true,"isLoadFrameCache":true,"isTexture":false,"isVisible":true,"linkBubble":"","linkItemFrame":"","linkMask":"","listText":[],"modeDraw":"SRC_OVER","pathFolder":"https://photoforapp.s3.ap-southeast-1.amazonaws.com/Video/Sticker/GIF_GIF/Film/23.png","pathFont":"","pathSaveBitmapFrame":"","pathTexture":"","pointRotate":{"x":390.42804,"y":517.9689},"pointTranslate":{"x":210.42804,"y":337.96887},"rotate":0.12542725,"scale":0.9113499,"speed":1,"speedOfTransformCombo":15,"startColor":-1,"startIndexFrame":0,"stickerTypeTransformCombo":"NONE","stickerTypeTransformIn":"NONE","stickerTypeTransformOut":"NONE","textAlignment":"CENTER","textBlurShadow":0.0,"textColorShadow":-16777216,"textHeightAllLine":0.0,"textHeightOneLine":0.0,"textLetterSpacing":0.0,"textLineSpacing":4.0,"textPadding":6.0,"textSize":1.0,"textSizeDefault":30.0,"textString":"","textStroke":{"color":"#000000","indexPositionInAdapter":-1,"width":0.0},"timeTransformCombo":300,"timeTransformIn":300,"timeTransformOut":300,"titleShow":"Fi23","totalFileNeedDownForOneFrame":0,"typeSticker":"ONE_PHOTO","urlCover":"https://photoforapp.s3.ap-southeast-1.amazonaws.com/Video/Sticker/GIF_GIF/Film/23.png","widthBitmap":360},{"DOT":".","TYPE_PHOTO":"png","WIDTH_MAX":360,"alpha":255,"countDeltaTime":0.0,"dataFrames":{"isNeedLoadBitmap1":false,"isNeedLoadBitmap2":false,"isNeedLoadBitmap2Loop":false,"isNeedLoadBitmap3":false,"isNeedLoadBitmap4":false,"isNeedLoadBitmap4Loop":false,"isNeedLoadBitmap5":false,"isNeedLoadBitmap6":false,"isNeedLoadBitmap6Loop":false,"isNeedLoadBitmap7":false,"isNeedLoadBitmap8":false,"isNeedLoadBitmap8Loop":false,"isNeedLoadBitmap9":false},"deviationXShadow":0.0,"deviationYShadow":0.0,"duration":10000,"endColor":-1,"endIndexFrame":300,"flip":1.0,"heightBitmap":360,"id":"74d2b8186f89c7bc3594827f9e53fa3","indexColor":0,"indexColorShadow":0,"indexEndFrameTransformCombo":0,"indexEndFrameTransformIn":0,"indexFont":0,"indexFrame":0,"indexStartFrameTransformOut":0,"indexTransition":-1,"isBgText":false,"isBoldText":false,"isDashText":false,"isDashUnderText":false,"isDrawAnim":false,"isFirstFillDataTransformCombo":true,"isInit":true,"isItalicText":false,"isLayerFront":true,"isLoadFrameCache":true,"isTexture":false,"isVisible":true,"linkBubble":"","linkItemFrame":"","linkMask":"","listText":[],"modeDraw":"SRC_OVER","pathFolder":"https://photoforapp.s3.ap-southeast-1.amazonaws.com/Video/Sticker/GIF_GIF/Film/23.png","pathFont":"","pathSaveBitmapFrame":"","pathTexture":"","pointRotate":{"x":390.42804,"y":199.11362},"pointTranslate":{"x":210.42804,"y":19.113617},"rotate":0.12542725,"scale":0.9113499,"speed":1,"speedOfTransformCombo":15,"startColor":-1,"startIndexFrame":0,"stickerTypeTransformCombo":"NONE","stickerTypeTransformIn":"NONE","stickerTypeTransformOut":"NONE","textAlignment":"CENTER","textBlurShadow":0.0,"textColorShadow":-16777216,"textHeightAllLine":0.0,"textHeightOneLine":0.0,"textLetterSpacing":0.0,"textLineSpacing":4.0,"textPadding":6.0,"textSize":1.0,"textSizeDefault":30.0,"textString":"","textStroke":{"color":"#000000","indexPositionInAdapter":-1,"width":0.0},"timeTransformCombo":300,"timeTransformIn":300,"timeTransformOut":300,"titleShow":"Fi23","totalFileNeedDownForOneFrame":0,"typeSticker":"ONE_PHOTO","urlCover":"https://photoforapp.s3.ap-southeast-1.amazonaws.com/Video/Sticker/GIF_GIF/Film/23.png","widthBitmap":360},{"DOT":".","TYPE_PHOTO":"png","WIDTH_MAX":360,"alpha":255,"countDeltaTime":0.0,"dataFrames":{"isNeedLoadBitmap1":false,"isNeedLoadBitmap2":false,"isNeedLoadBitmap2Loop":false,"isNeedLoadBitmap3":false,"isNeedLoadBitmap4":false,"isNeedLoadBitmap4Loop":false,"isNeedLoadBitmap5":false,"isNeedLoadBitmap6":false,"isNeedLoadBitmap6Loop":false,"isNeedLoadBitmap7":false,"isNeedLoadBitmap8":false,"isNeedLoadBitmap8Loop":false,"isNeedLoadBitmap9":false},"deviationXShadow":0.0,"deviationYShadow":0.0,"duration":10000,"endColor":-1,"endIndexFrame":300,"flip":1.0,"heightBitmap":360,"id":"d4193f4649b10793b13ec79886c2b4a","indexColor":0,"indexColorShadow":0,"indexEndFrameTransformCombo":0,"indexEndFrameTransformIn":0,"indexFont":0,"indexFrame":0,"indexStartFrameTransformOut":0,"indexTransition":-1,"isBgText":false,"isBoldText":false,"isDashText":false,"isDashUnderText":false,"isDrawAnim":false,"isFirstFillDataTransformCombo":true,"isInit":true,"isItalicText":false,"isLayerFront":true,"isLoadFrameCache":true,"isTexture":false,"isVisible":true,"linkBubble":"","linkItemFrame":"","linkMask":"","listText":[],"modeDraw":"SRC_OVER","pathFolder":"https://photoforapp.s3.ap-southeast-1.amazonaws.com/Video/Sticker/GIF_GIF/Text3/24.png","pathFont":"","pathSaveBitmapFrame":"","pathTexture":"","pointRotate":{"x":396.5625,"y":23.504532},"pointTranslate":{"x":216.56252,"y":-156.49547},"rotate":-0.5166626,"scale":0.6895572,"speed":1,"speedOfTransformCombo":15,"startColor":-1,"startIndexFrame":0,"stickerTypeTransformCombo":"NONE","stickerTypeTransformIn":"NONE","stickerTypeTransformOut":"NONE","textAlignment":"CENTER","textBlurShadow":0.0,"textColorShadow":-16777216,"textHeightAllLine":0.0,"textHeightOneLine":0.0,"textLetterSpacing":0.0,"textLineSpacing":4.0,"textPadding":6.0,"textSize":1.0,"textSizeDefault":30.0,"textString":"","textStroke":{"color":"#000000","indexPositionInAdapter":-1,"width":0.0},"timeTransformCombo":300,"timeTransformIn":300,"timeTransformOut":300,"titleShow":"Te24","totalFileNeedDownForOneFrame":0,"typeSticker":"ONE_PHOTO","urlCover":"https://photoforapp.s3.ap-southeast-1.amazonaws.com/Video/Sticker/GIF_GIF/Text3/24.png","widthBitmap":360},{"DOT":".","TYPE_PHOTO":"png","WIDTH_MAX":360,"alpha":255,"countDeltaTime":0.0,"dataFrames":{"isNeedLoadBitmap1":false,"isNeedLoadBitmap2":false,"isNeedLoadBitmap2Loop":false,"isNeedLoadBitmap3":false,"isNeedLoadBitmap4":false,"isNeedLoadBitmap4Loop":false,"isNeedLoadBitmap5":false,"isNeedLoadBitmap6":false,"isNeedLoadBitmap6Loop":false,"isNeedLoadBitmap7":false,"isNeedLoadBitmap8":false,"isNeedLoadBitmap8Loop":false,"isNeedLoadBitmap9":false},"deviationXShadow":0.0,"deviationYShadow":0.0,"duration":10000,"endColor":-1,"endIndexFrame":300,"flip":1.0,"heightBitmap":360,"id":"6979805529bd193a2587a956b45bc4c5","indexColor":0,"indexColorShadow":0,"indexEndFrameTransformCombo":0,"indexEndFrameTransformIn":0,"indexFont":0,"indexFrame":0,"indexStartFrameTransformOut":0,"indexTransition":-1,"isBgText":false,"isBoldText":false,"isDashText":false,"isDashUnderText":false,"isDrawAnim":false,"isFirstFillDataTransformCombo":true,"isInit":true,"isItalicText":false,"isLayerFront":true,"isLoadFrameCache":true,"isTexture":false,"isVisible":true,"linkBubble":"","linkItemFrame":"","linkMask":"","listText":[],"modeDraw":"SRC_OVER","pathFolder":"https://photoforapp.s3.ap-southeast-1.amazonaws.com/Video/Sticker/GIF_GIF/Text3/24.png","pathFont":"","pathSaveBitmapFrame":"","pathTexture":"","pointRotate":{"x":137.30312,"y":692.97034},"pointTranslate":{"x":-42.696884,"y":512.97034},"rotate":-0.5166626,"scale":0.6895572,"speed":1,"speedOfTransformCombo":15,"startColor":-1,"startIndexFrame":0,"stickerTypeTransformCombo":"NONE","stickerTypeTransformIn":"NONE","stickerTypeTransformOut":"NONE","textAlignment":"CENTER","textBlurShadow":0.0,"textColorShadow":-16777216,"textHeightAllLine":0.0,"textHeightOneLine":0.0,"textLetterSpacing":0.0,"textLineSpacing":4.0,"textPadding":6.0,"textSize":1.0,"textSizeDefault":30.0,"textString":"","textStroke":{"color":"#000000","indexPositionInAdapter":-1,"width":0.0},"timeTransformCombo":300,"timeTransformIn":300,"timeTransformOut":300,"titleShow":"Te24","totalFileNeedDownForOneFrame":0,"typeSticker":"ONE_PHOTO","urlCover":"https://photoforapp.s3.ap-southeast-1.amazonaws.com/Video/Sticker/GIF_GIF/Text3/24.png","widthBitmap":360}],"listItemViewDataOnTimeLine":[{"durationEnd":0,"durationStart":0,"endIndexFrame":300,"indexRowCurrent":0,"indexRowPrevious":0,"keyInHasMap":1654593847926,"linkDownloadMp3":"","nameMp3":"","pathSaveFile":"","startIndexFrame":0,"volume":1.0},{"durationEnd":0,"durationStart":0,"endIndexFrame":300,"indexRowCurrent":0,"indexRowPrevious":0,"keyInHasMap":1654593847938,"linkDownloadMp3":"","nameMp3":"","pathSaveFile":"","startIndexFrame":0,"volume":1.0},{"durationEnd":0,"durationStart":0,"endIndexFrame":300,"indexRowCurrent":0,"indexRowPrevious":0,"keyInHasMap":1654593847951,"linkDownloadMp3":"","nameMp3":"","pathSaveFile":"","startIndexFrame":0,"volume":1.0},{"durationEnd":0,"durationStart":0,"endIndexFrame":300,"indexRowCurrent":0,"indexRowPrevious":0,"keyInHasMap":1654593847964,"linkDownloadMp3":"","nameMp3":"","pathSaveFile":"","startIndexFrame":0,"volume":1.0},{"durationEnd":0,"durationStart":0,"endIndexFrame":300,"indexRowCurrent":0,"indexRowPrevious":0,"keyInHasMap":1654593847980,"linkDownloadMp3":"","nameMp3":"","pathSaveFile":"","startIndexFrame":0,"volume":1.0},{"durationEnd":0,"durationStart":0,"endIndexFrame":300,"indexRowCurrent":0,"indexRowPrevious":0,"keyInHasMap":1654593847997,"linkDownloadMp3":"","nameMp3":"","pathSaveFile":"","startIndexFrame":0,"volume":1.0},{"durationEnd":0,"durationStart":0,"endIndexFrame":300,"indexRowCurrent":0,"indexRowPrevious":0,"keyInHasMap":1654593848017,"linkDownloadMp3":"","nameMp3":"","pathSaveFile":"","startIndexFrame":0,"volume":1.0},{"durationEnd":0,"durationStart":0,"endIndexFrame":300,"indexRowCurrent":0,"indexRowPrevious":0,"keyInHasMap":1654593848035,"linkDownloadMp3":"","nameMp3":"","pathSaveFile":"","startIndexFrame":0,"volume":1.0},{"durationEnd":0,"durationStart":0,"endIndexFrame":300,"indexRowCurrent":0,"indexRowPrevious":0,"keyInHasMap":1654593848053,"linkDownloadMp3":"","nameMp3":"","pathSaveFile":"","startIndexFrame":0,"volume":1.0},{"durationEnd":0,"durationStart":0,"endIndexFrame":300,"indexRowCurrent":0,"indexRowPrevious":0,"keyInHasMap":1654593848073,"linkDownloadMp3":"","nameMp3":"","pathSaveFile":"","startIndexFrame":0,"volume":1.0}]},"text":{"listItemStickerData":[],"listItemViewDataOnTimeLine":[]},"timeLastUpdate":1654593857252,"videoEffect":{"listItemEffectData":[{"drawMode":"SCREEN","endIndexFrame":300,"indexFrameDrawCurrent":47,"isCenterCrop":true,"isCenterInside":false,"isDraw":true,"isReloadFromCache":true,"jsonObjectDataOfItem":"","keyEffect":"SERVER","keyInHasMap":1654593857256,"pathFolderEffect":"/data/user/0/videoeditor.moviemaker/files/FOLDER_EFFECT/Retro/17","positionInAdapter":17,"sizeCanvasCurrent":{"x":540,"y":720},"speed":1,"startIndexFrame":0,"title":"Retro 17","totalFrame":300,"uri":"/data/user/0/videoeditor.moviemaker/files/FOLDER_EFFECT/Retro/17/Retro.m4v"},{"drawMode":"SCREEN","endIndexFrame":300,"indexFrameDrawCurrent":0,"isCenterCrop":true,"isCenterInside":false,"isDraw":true,"isReloadFromCache":true,"jsonObjectDataOfItem":"{\"defaultPercentWidth\":1.0,\"defaultSpeed\":3.0,\"isHorizontal\":false,\"max\":10.0,\"maxSpeed\":50.0,\"min\":1.0,\"minSpeed\":2.0,\"percentWidth\":0.27,\"speedCurrent\":36.96}","keyEffect":"Party","keyInHasMap":1654593857264,"pathFolderEffect":"","positionInAdapter":2,"sizeCanvasCurrent":{"x":0,"y":0},"speed":1,"startIndexFrame":0,"title":"Lắc, giật ảnh","totalFrame":300,"uri":""}],"listItemViewDataOnTimeLine":[{"durationEnd":0,"durationStart":0,"endIndexFrame":300,"indexRowCurrent":0,"indexRowPrevious":0,"keyInHasMap":1654588861679,"linkDownloadMp3":"","nameMp3":"","pathSaveFile":"","startIndexFrame":0,"volume":1.0},{"durationEnd":0,"durationStart":0,"endIndexFrame":300,"indexRowCurrent":0,"indexRowPrevious":0,"keyInHasMap":1654588861685,"linkDownloadMp3":"","nameMp3":"","pathSaveFile":"","startIndexFrame":0,"volume":1.0}]}}