{"durationVideo":10000,"editor":{"listItemPhotoData":[{"backgroundColor":-16777216,"blurBackground":0,"duration":10000,"endIndexFrame":299,"flipHorizontal":1.0,"flipVertical":1.0,"gpuPosition":0,"gpuProgress":0,"heightBitmap":1280,"idItemPhoto":"1654835847426","indexEndFrameTransformCombo":0,"indexEndFrameTransformIn":0,"indexStartFrameTransformOut":0,"isCenterCrop":true,"isCenterInside":false,"isCropBitmap":false,"isLoadFromCache":true,"isLocked":true,"itemDataTransition":{"indexCate":0,"isMask":false,"keyItem":"","linkCover":"","linkDownload":"","modeDraw":"","nameEn":"","nameVn":"","paintModeDraw":"SRC_OVER","pathFolderOfTransition":"","pathFolderZipOfTransition":"","positionTransitionInAdapter":0,"timeTransitionCurrent":1000,"typeTransition":{"type":"NONE","typeTransition":"NONE"}},"itemTemplateModel":{"duration":0,"heightBitmap":0,"indexSticker":-1,"isCrop":false,"isLocked":false,"md5PathFileOld":"","pathFile":"","rect":{"bottom":0,"left":0,"right":0,"top":0},"typeTemplateModel":"NONE","widthBitmap":0},"linkBackgroundImage":"","objDataAdjust":{"mCurrentBrightnessFilter":50,"mCurrentContrastFilter":50,"mCurrentExposureFilter":50,"mCurrentFadeFilters":0,"mCurrentHighlightFilter":100,"mCurrentHueFilter":0,"mCurrentSaturationFilter":50,"mCurrentShadowFilter":0,"mCurrentSharpenFilter":50,"mCurrentTempFilter":50,"mCurrentVignetteFilter":100,"mListRedoAdjust":[],"mListUndoAdjust":[]},"pathBitmap":"/storage/emulated/0/Pictures/Telegram/IMG_20220602_162119_329.jpg","rotate":0,"rotateAnim":0.0,"scaleAnim":1.0,"startIndexFrame":0,"timeTransformCombo":10000,"timeTransformIn":300,"timeTransformOut":300,"totalFrame":299,"typeBackground":"COLOR","typeTransformCombo":"NONE","typeTransformIn":"NONE","typeTransformOut":"NONE","valueMatrixBitmapDraw":[0.75,0.0,0.0,0.0,0.75,-120.0,0.0,0.0,1.0],"widthBitmap":720}]},"frame":{"listItemStickerData":[],"listItemViewDataOnTimeLine":[]},"keyProjectCurrent":"1654835869576","listTemplateModel":{"list":[]},"music":{"listItemMusicData":[{"durationEnd":10004,"durationStart":0,"endIndexFrame":300,"indexRowCurrent":0,"indexRowPrevious":0,"keyInHasMap":1654841341368,"linkDownloadMp3":"/storage/emulated/0/Music/G3Video/Direct_ConvertVideoToMp3_1654835790067.mp3","nameMp3":"Direct_ConvertVideoToMp3_1654835790067.mp3","pathSaveFile":"/storage/emulated/0/Music/G3Video/Direct_ConvertVideoToMp3_1654835790067.mp3","startIndexFrame":0,"volume":1.0}]},"nameVideo":"Template 1654835869576","setting":{"quality":720,"ratio":{"height":4.0,"width":3.0}},"sticker":{"listItemStickerData":[{"DOT":".","TYPE_PHOTO":"png","WIDTH_MAX":360,"alpha":255,"countDeltaTime":0.0,"dataFrames":{"isNeedLoadBitmap1":false,"isNeedLoadBitmap2":false,"isNeedLoadBitmap2Loop":false,"isNeedLoadBitmap3":false,"isNeedLoadBitmap4":false,"isNeedLoadBitmap4Loop":false,"isNeedLoadBitmap5":false,"isNeedLoadBitmap6":false,"isNeedLoadBitmap6Loop":false,"isNeedLoadBitmap7":false,"isNeedLoadBitmap8":false,"isNeedLoadBitmap8Loop":false,"isNeedLoadBitmap9":false},"deviationXShadow":0.0,"deviationYShadow":0.0,"duration":10000,"endColor":-1,"endIndexFrame":300,"flip":1.0,"heightBitmap":202,"id":"420ece3ce4d97243926ebe4212c6661","indexColor":0,"indexColorShadow":0,"indexEndFrameTransformCombo":0,"indexEndFrameTransformIn":0,"indexFont":0,"indexFrame":0,"indexStartFrameTransformOut":0,"indexTransition":-1,"isBgText":false,"isBoldText":false,"isDashText":false,"isDashUnderText":false,"isDrawAnim":false,"isFirstFillDataTransformCombo":true,"isInit":true,"isItalicText":false,"isLayerFront":true,"isLoadFrameCache":true,"isTexture":false,"isVisible":true,"linkBubble":"","linkItemFrame":"","linkMask":"","listText":[],"modeDraw":"SRC_OVER","pathFolder":"/storage/emulated/0/Pictures/Telegram/IMG_20220610_113649_747.jpg","pathFont":"","pathSaveBitmapFrame":"","pathTexture":"","pointRotate":{"x":271.89417,"y":147.32455},"pointTranslate":{"x":91.894165,"y":46.324554},"rotate":-0.72546387,"scale":1.517457,"speed":1,"speedOfTransformCombo":15,"startColor":-1,"startIndexFrame":0,"stickerTypeTransformCombo":"NONE","stickerTypeTransformIn":"NONE","stickerTypeTransformOut":"NONE","textAlignment":"CENTER","textBlurShadow":0.0,"textColorShadow":-16777216,"textHeightAllLine":0.0,"textHeightOneLine":0.0,"textLetterSpacing":0.0,"textLineSpacing":4.0,"textPadding":6.0,"textSize":1.0,"textSizeDefault":30.0,"textString":"","textStroke":{"color":"#000000","indexPositionInAdapter":-1,"width":0.0},"timeTransformCombo":300,"timeTransformIn":300,"timeTransformOut":300,"titleShow":"/storage/emulated/0/Pictures/Telegram/IMG_20220610_113649_747.jpg","totalFileNeedDownForOneFrame":0,"typeSticker":"ONE_PHOTO","urlCover":"/storage/emulated/0/Pictures/Telegram/IMG_20220610_113649_747.jpg","widthBitmap":360},{"DOT":".","TYPE_PHOTO":"png","WIDTH_MAX":360,"alpha":255,"countDeltaTime":0.0,"dataFrames":{"isNeedLoadBitmap1":false,"isNeedLoadBitmap2":false,"isNeedLoadBitmap2Loop":false,"isNeedLoadBitmap3":false,"isNeedLoadBitmap4":false,"isNeedLoadBitmap4Loop":false,"isNeedLoadBitmap5":false,"isNeedLoadBitmap6":false,"isNeedLoadBitmap6Loop":false,"isNeedLoadBitmap7":false,"isNeedLoadBitmap8":false,"isNeedLoadBitmap8Loop":false,"isNeedLoadBitmap9":false},"deviationXShadow":0.0,"deviationYShadow":0.0,"duration":9966,"endColor":-1,"endIndexFrame":299,"flip":1.0,"heightBitmap":202,"id":"668922e31489631e62754ff9d0856b7a","indexColor":0,"indexColorShadow":0,"indexEndFrameTransformCombo":0,"indexEndFrameTransformIn":0,"indexFont":0,"indexFrame":0,"indexStartFrameTransformOut":0,"indexTransition":-1,"isBgText":false,"isBoldText":false,"isDashText":false,"isDashUnderText":false,"isDrawAnim":false,"isFirstFillDataTransformCombo":true,"isInit":true,"isItalicText":false,"isLayerFront":true,"isLoadFrameCache":true,"isTexture":false,"isVisible":true,"linkBubble":"","linkItemFrame":"","linkMask":"","listText":[],"modeDraw":"SRC_OVER","pathFolder":"/storage/emulated/0/Pictures/Telegram/IMG_20220610_113648_239.jpg","pathFont":"","pathSaveBitmapFrame":"","pathTexture":"","pointRotate":{"x":272.58286,"y":543.6735},"pointTranslate":{"x":92.582855,"y":442.67352},"rotate":-0.40345764,"scale":1.198415,"speed":1,"speedOfTransformCombo":15,"startColor":-1,"startIndexFrame":0,"stickerTypeTransformCombo":"NONE","stickerTypeTransformIn":"NONE","stickerTypeTransformOut":"NONE","textAlignment":"CENTER","textBlurShadow":0.0,"textColorShadow":-16777216,"textHeightAllLine":0.0,"textHeightOneLine":0.0,"textLetterSpacing":0.0,"textLineSpacing":4.0,"textPadding":6.0,"textSize":1.0,"textSizeDefault":30.0,"textString":"","textStroke":{"color":"#000000","indexPositionInAdapter":-1,"width":0.0},"timeTransformCombo":300,"timeTransformIn":300,"timeTransformOut":300,"titleShow":"/storage/emulated/0/Pictures/Telegram/IMG_20220610_113648_239.jpg","totalFileNeedDownForOneFrame":0,"typeSticker":"ONE_PHOTO","urlCover":"/storage/emulated/0/Pictures/Telegram/IMG_20220610_113648_239.jpg","widthBitmap":360}],"listItemViewDataOnTimeLine":[{"durationEnd":10000,"durationStart":0,"endIndexFrame":300,"indexRowCurrent":0,"indexRowPrevious":0,"keyInHasMap":1654841306028,"linkDownloadMp3":"","nameMp3":"","pathSaveFile":"","startIndexFrame":0,"volume":1.0},{"durationEnd":9966,"durationStart":0,"endIndexFrame":299,"indexRowCurrent":0,"indexRowPrevious":0,"keyInHasMap":1654841306057,"linkDownloadMp3":"","nameMp3":"","pathSaveFile":"","startIndexFrame":0,"volume":1.0}]},"text":{"listItemStickerData":[{"DOT":".","TYPE_PHOTO":"png","WIDTH_MAX":360,"alpha":255,"countDeltaTime":0.0,"dataFrames":{"isNeedLoadBitmap1":false,"isNeedLoadBitmap2":false,"isNeedLoadBitmap2Loop":false,"isNeedLoadBitmap3":false,"isNeedLoadBitmap4":false,"isNeedLoadBitmap4Loop":false,"isNeedLoadBitmap5":false,"isNeedLoadBitmap6":false,"isNeedLoadBitmap6Loop":false,"isNeedLoadBitmap7":false,"isNeedLoadBitmap8":false,"isNeedLoadBitmap8Loop":false,"isNeedLoadBitmap9":false},"deviationXShadow":0.0,"deviationYShadow":0.0,"duration":10000,"endColor":-16777216,"endIndexFrame":300,"flip":1.0,"heightBitmap":0,"id":"cba924ed4a6a6705a3d81f15e9ab5e6","indexColor":65,"indexColorShadow":0,"indexEndFrameTransformCombo":0,"indexEndFrameTransformIn":0,"indexFont":96,"indexFrame":0,"indexStartFrameTransformOut":0,"indexTransition":-1,"isBgText":false,"isBoldText":false,"isDashText":false,"isDashUnderText":false,"isDrawAnim":false,"isFirstFillDataTransformCombo":true,"isInit":true,"isItalicText":false,"isLayerFront":true,"isLoadFrameCache":true,"isTexture":false,"isVisible":true,"linkBubble":"","linkItemFrame":"","linkMask":"","listText":["Time becomes wonderful with you"],"modeDraw":"SRC_OVER","pathFolder":"","pathFont":"/data/user/0/videoeditor.moviemaker/files/INTERNAL_FONT_FOLDER_UNZIP/onthebeach/onthebeach/Rhesmanisa.otf","pathSaveBitmapFrame":"","pathTexture":"","pointRotate":{"x":265.96414,"y":345.2918},"pointTranslate":{"x":85.96414,"y":165.29181},"rotate":-0.40193176,"scale":1.4856226,"speed":1,"speedOfTransformCombo":15,"startColor":-16777216,"startIndexFrame":0,"stickerTypeTransformCombo":"NONE","stickerTypeTransformIn":"NONE","stickerTypeTransformOut":"NONE","textAlignment":"CENTER","textBlurShadow":0.0,"textColorShadow":-16777216,"textHeightAllLine":57.75,"textHeightOneLine":42.0,"textLetterSpacing":0.16,"textLineSpacing":4.0,"textPadding":15.75,"textSize":30.0,"textSizeDefault":30.0,"textString":"Time becomes wonderful with you","textStroke":{"color":"#000000","indexPositionInAdapter":-1,"width":0.0},"timeTransformCombo":300,"timeTransformIn":300,"timeTransformOut":300,"titleShow":"","totalFileNeedDownForOneFrame":0,"typeSticker":"TEXT","urlCover":"","widthBitmap":0}],"listItemViewDataOnTimeLine":[{"durationEnd":10000,"durationStart":0,"endIndexFrame":300,"indexRowCurrent":0,"indexRowPrevious":0,"keyInHasMap":1654841306005,"linkDownloadMp3":"","nameMp3":"","pathSaveFile":"","startIndexFrame":0,"volume":1.0}]},"timeLastUpdate":1654841380874,"videoEffect":{"listItemEffectData":[{"drawMode":"SCREEN","endIndexFrame":300,"indexFrameDrawCurrent":0,"isCenterCrop":true,"isCenterInside":false,"isDraw":true,"isReloadFromCache":true,"jsonObjectDataOfItem":"","keyEffect":"SERVER","keyInHasMap":1654841380875,"pathFolderEffect":"/data/user/0/videoeditor.moviemaker/files/FOLDER_EFFECT/Love/12","positionInAdapter":12,"sizeCanvasCurrent":{"x":540,"y":720},"speed":1,"startIndexFrame":0,"title":"Love 12","totalFrame":300,"uri":"/data/user/0/videoeditor.moviemaker/files/FOLDER_EFFECT/Love/12/Love.m4v"}],"listItemViewDataOnTimeLine":[{"durationEnd":10000,"durationStart":0,"endIndexFrame":300,"indexRowCurrent":0,"indexRowPrevious":0,"keyInHasMap":1654841367987,"linkDownloadMp3":"","nameMp3":"","pathSaveFile":"","startIndexFrame":0,"volume":1.0}]}}