{"durationVideo":9000,"editor":{"listItemPhotoData":[{"backgroundColor":0,"blurBackground":0,"duration":9000,"endIndexFrame":269,"flipHorizontal":1.0,"flipVertical":1.0,"gpuPosition":0,"gpuProgress":0,"heightBitmap":1136,"idItemPhoto":"1653556455281","indexEndFrameTransformCombo":0,"indexEndFrameTransformIn":269,"indexStartFrameTransformOut":0,"isCenterCrop":false,"isCenterInside":false,"isCropBitmap":false,"isLoadFromCache":true,"itemDataTransition":{"indexCate":0,"isMask":false,"keyItem":"","linkCover":"","linkDownload":"","modeDraw":"","nameEn":"","nameVn":"","paintModeDraw":"SRC_OVER","pathFolderOfTransition":"","pathFolderZipOfTransition":"","positionTransitionInAdapter":0,"timeTransitionCurrent":1000,"typeTransition":{"type":"NONE","typeTransition":"NONE"}},"itemOverlayDataEditorOverlay":{"alpha":178,"folder":"VHSPlay","indexCate":16,"link":"https://photoforapp.s3.ap-southeast-1.amazonaws.com/PhotoFilter/PhotoFilter_V2/Filter/VHSPlay/1.jpg","modeDraw":"SCREEN","positionInAdapter":361},"itemTemplateModel":{"duration":0,"heightBitmap":0,"indexSticker":-1,"isCrop":false,"pathFile":"","rect":{"bottom":0,"left":0,"right":0,"top":0},"typeTemplateModel":"NONE","widthBitmap":0},"linkBackgroundImage":"","matrixBitmapDraw":{},"objDataAdjust":{"mCurrentBrightnessFilter":50,"mCurrentContrastFilter":50,"mCurrentExposureFilter":50,"mCurrentFadeFilters":0,"mCurrentHighlightFilter":100,"mCurrentHueFilter":0,"mCurrentSaturationFilter":50,"mCurrentShadowFilter":0,"mCurrentSharpenFilter":50,"mCurrentTempFilter":50,"mCurrentVignetteFilter":100,"mListRedoAdjust":[],"mListUndoAdjust":[]},"pathBitmap":"/storage/emulated/0/Pictures/Telegram/IMG_20220526_161208_748.jpg","rotate":0,"rotateAnim":0.0,"scaleAnim":1.0,"startIndexFrame":0,"timeTransformCombo":9000,"timeTransformIn":9000,"timeTransformOut":300,"totalFrame":269,"typeBackground":"COLOR","typeTransformCombo":"NONE","typeTransformIn":"MOVE_TOP_TO_BOTTOM","typeTransformOut":"NONE","valueMatrixBitmapDraw":[0.4546174,0.0,44.393967,0.0,0.4546174,96.98851,0.0,0.0,1.0],"widthBitmap":852}]},"frame":{"listItemStickerData":[],"listItemViewDataOnTimeLine":[]},"keyProjectCurrent":"1653556759144","listTemplateModel":{"list":[]},"music":{"listItemMusicData":[{"durationEnd":9015,"durationStart":0,"endIndexFrame":270,"indexRowCurrent":0,"indexRowPrevious":0,"keyInHasMap":1653556564770,"linkDownloadMp3":"/storage/emulated/0/Music/G3Video/Direct_ConvertVideoToMp3_1653556191644.mp3","nameMp3":"Direct_ConvertVideoToMp3_1653556191644.mp3","pathSaveFile":"/storage/emulated/0/Music/G3Video/Direct_ConvertVideoToMp3_1653556191644.mp3","startIndexFrame":0,"volume":1.0}]},"nameVideo":"Template 1653556759144","setting":{"quality":720,"ratio":{"height":1.5005862,"width":1.0}},"sticker":{"listItemStickerData":[{"DOT":".","TYPE_PHOTO":"png","WIDTH_MAX":360,"alpha":255,"countDeltaTime":0.0,"dataFrames":{"isNeedLoadBitmap1":false,"isNeedLoadBitmap2":false,"isNeedLoadBitmap2Loop":false,"isNeedLoadBitmap3":false,"isNeedLoadBitmap4":false,"isNeedLoadBitmap4Loop":false,"isNeedLoadBitmap5":false,"isNeedLoadBitmap6":false,"isNeedLoadBitmap6Loop":false,"isNeedLoadBitmap7":false,"isNeedLoadBitmap8":false,"isNeedLoadBitmap8Loop":false,"isNeedLoadBitmap9":false},"deviationXShadow":0.0,"deviationYShadow":0.0,"duration":4933,"endColor":-1,"endIndexFrame":270,"flip":1.0,"heightBitmap":345,"id":"f69735b9162aa2e4db1dffce4a334ff","indexColor":0,"indexColorShadow":0,"indexEndFrameTransformCombo":0,"indexEndFrameTransformIn":199,"indexFont":0,"indexFrame":11,"indexStartFrameTransformOut":0,"indexTransition":-1,"isBgText":false,"isBoldText":false,"isDashText":false,"isDashUnderText":false,"isDrawAnim":false,"isFirstFillDataTransformCombo":true,"isInit":true,"isItalicText":false,"isLayerFront":true,"isLoadFrameCache":true,"isTexture":false,"isVisible":true,"linkBubble":"","linkItemFrame":"","linkMask":"","listText":[],"modeDraw":"SRC_OVER","pathFolder":"https://photoforapp.s3.ap-southeast-1.amazonaws.com/Video/Sticker/GIF_GIF/Effect/8.gif","pathFont":"","pathSaveBitmapFrame":"","pathTexture":"","pointRotate":{"x":405.29047,"y":644.1199},"pointTranslate":{"x":233.29047,"y":472.11987},"rotate":7.716316,"scale":0.2642358,"speed":1,"speedOfTransformCombo":15,"startColor":-1,"startIndexFrame":122,"stickerTypeTransformCombo":"NONE","stickerTypeTransformIn":"MOVE_RIGHT_TO_LEFT","stickerTypeTransformOut":"NONE","textAlignment":"CENTER","textBlurShadow":0.0,"textColorShadow":-16777216,"textHeightAllLine":0.0,"textHeightOneLine":0.0,"textLetterSpacing":0.0,"textLineSpacing":4.0,"textPadding":6.0,"textSize":1.0,"textSizeDefault":30.0,"textString":"","textStroke":{"color":"#000000","indexPositionInAdapter":-1,"width":0.0},"timeTransformCombo":300,"timeTransformIn":2596,"timeTransformOut":300,"titleShow":"Ef8","totalFileNeedDownForOneFrame":0,"typeSticker":"LIST_PHOTO","urlCover":"https://photoforapp.s3.ap-southeast-1.amazonaws.com/Video/Sticker/GIF_GIF/Effect/8.gif","widthBitmap":345},{"DOT":".","TYPE_PHOTO":"png","WIDTH_MAX":360,"alpha":255,"countDeltaTime":0.0,"dataFrames":{"isNeedLoadBitmap1":false,"isNeedLoadBitmap2":false,"isNeedLoadBitmap2Loop":false,"isNeedLoadBitmap3":false,"isNeedLoadBitmap4":false,"isNeedLoadBitmap4Loop":false,"isNeedLoadBitmap5":false,"isNeedLoadBitmap6":false,"isNeedLoadBitmap6Loop":false,"isNeedLoadBitmap7":false,"isNeedLoadBitmap8":false,"isNeedLoadBitmap8Loop":false,"isNeedLoadBitmap9":false},"deviationXShadow":0.0,"deviationYShadow":0.0,"duration":4933,"endColor":-1,"endIndexFrame":270,"flip":1.0,"heightBitmap":345,"id":"f35da84542e37ad0b9348bb92961e476","indexColor":0,"indexColorShadow":0,"indexEndFrameTransformCombo":0,"indexEndFrameTransformIn":199,"indexFont":0,"indexFrame":11,"indexStartFrameTransformOut":0,"indexTransition":-1,"isBgText":false,"isBoldText":false,"isDashText":false,"isDashUnderText":false,"isDrawAnim":false,"isFirstFillDataTransformCombo":true,"isInit":true,"isItalicText":false,"isLayerFront":true,"isLoadFrameCache":true,"isTexture":false,"isVisible":true,"linkBubble":"","linkItemFrame":"","linkMask":"","listText":[],"modeDraw":"SRC_OVER","pathFolder":"https://photoforapp.s3.ap-southeast-1.amazonaws.com/Video/Sticker/GIF_GIF/Effect/8.gif","pathFont":"","pathSaveBitmapFrame":"","pathTexture":"","pointRotate":{"x":36.74176,"y":58.36415},"pointTranslate":{"x":-135.25824,"y":-113.63585},"rotate":7.716316,"scale":0.2642358,"speed":1,"speedOfTransformCombo":15,"startColor":-1,"startIndexFrame":122,"stickerTypeTransformCombo":"NONE","stickerTypeTransformIn":"MOVE_LEFT_TO_RIGHT","stickerTypeTransformOut":"NONE","textAlignment":"CENTER","textBlurShadow":0.0,"textColorShadow":-16777216,"textHeightAllLine":0.0,"textHeightOneLine":0.0,"textLetterSpacing":0.0,"textLineSpacing":4.0,"textPadding":6.0,"textSize":1.0,"textSizeDefault":30.0,"textString":"","textStroke":{"color":"#000000","indexPositionInAdapter":-1,"width":0.0},"timeTransformCombo":300,"timeTransformIn":2596,"timeTransformOut":300,"titleShow":"Ef8","totalFileNeedDownForOneFrame":0,"typeSticker":"LIST_PHOTO","urlCover":"https://photoforapp.s3.ap-southeast-1.amazonaws.com/Video/Sticker/GIF_GIF/Effect/8.gif","widthBitmap":345},{"DOT":".","TYPE_PHOTO":"png","WIDTH_MAX":360,"alpha":255,"countDeltaTime":0.0,"dataFrames":{"isNeedLoadBitmap1":false,"isNeedLoadBitmap2":false,"isNeedLoadBitmap2Loop":false,"isNeedLoadBitmap3":false,"isNeedLoadBitmap4":false,"isNeedLoadBitmap4Loop":false,"isNeedLoadBitmap5":false,"isNeedLoadBitmap6":false,"isNeedLoadBitmap6Loop":false,"isNeedLoadBitmap7":false,"isNeedLoadBitmap8":false,"isNeedLoadBitmap8Loop":false,"isNeedLoadBitmap9":false},"deviationXShadow":0.0,"deviationYShadow":0.0,"duration":4933,"endColor":-1,"endIndexFrame":270,"flip":1.0,"heightBitmap":345,"id":"5076b4a8c2f43736432d271da0de5e60","indexColor":0,"indexColorShadow":0,"indexEndFrameTransformCombo":0,"indexEndFrameTransformIn":199,"indexFont":0,"indexFrame":11,"indexStartFrameTransformOut":0,"indexTransition":-1,"isBgText":false,"isBoldText":false,"isDashText":false,"isDashUnderText":false,"isDrawAnim":false,"isFirstFillDataTransformCombo":true,"isInit":true,"isItalicText":false,"isLayerFront":true,"isLoadFrameCache":true,"isTexture":false,"isVisible":true,"linkBubble":"","linkItemFrame":"","linkMask":"","listText":[],"modeDraw":"SRC_OVER","pathFolder":"https://photoforapp.s3.ap-southeast-1.amazonaws.com/Video/Sticker/GIF_GIF/Effect/8.gif","pathFont":"","pathSaveBitmapFrame":"","pathTexture":"","pointRotate":{"x":436.6082,"y":223.44545},"pointTranslate":{"x":264.6082,"y":51.44545},"rotate":7.716316,"scale":0.2642358,"speed":1,"speedOfTransformCombo":15,"startColor":-1,"startIndexFrame":122,"stickerTypeTransformCombo":"NONE","stickerTypeTransformIn":"MOVE_RIGHT_TO_LEFT","stickerTypeTransformOut":"NONE","textAlignment":"CENTER","textBlurShadow":0.0,"textColorShadow":-16777216,"textHeightAllLine":0.0,"textHeightOneLine":0.0,"textLetterSpacing":0.0,"textLineSpacing":4.0,"textPadding":6.0,"textSize":1.0,"textSizeDefault":30.0,"textString":"","textStroke":{"color":"#000000","indexPositionInAdapter":-1,"width":0.0},"timeTransformCombo":300,"timeTransformIn":2596,"timeTransformOut":300,"titleShow":"Ef8","totalFileNeedDownForOneFrame":0,"typeSticker":"LIST_PHOTO","urlCover":"https://photoforapp.s3.ap-southeast-1.amazonaws.com/Video/Sticker/GIF_GIF/Effect/8.gif","widthBitmap":345},{"DOT":".","TYPE_PHOTO":"png","WIDTH_MAX":360,"alpha":255,"countDeltaTime":0.0,"dataFrames":{"isNeedLoadBitmap1":false,"isNeedLoadBitmap2":false,"isNeedLoadBitmap2Loop":false,"isNeedLoadBitmap3":false,"isNeedLoadBitmap4":false,"isNeedLoadBitmap4Loop":false,"isNeedLoadBitmap5":false,"isNeedLoadBitmap6":false,"isNeedLoadBitmap6Loop":false,"isNeedLoadBitmap7":false,"isNeedLoadBitmap8":false,"isNeedLoadBitmap8Loop":false,"isNeedLoadBitmap9":false},"deviationXShadow":0.0,"deviationYShadow":0.0,"duration":4933,"endColor":-1,"endIndexFrame":270,"flip":1.0,"heightBitmap":345,"id":"92b117f1a5db3eb66156647c237245","indexColor":0,"indexColorShadow":0,"indexEndFrameTransformCombo":0,"indexEndFrameTransformIn":199,"indexFont":0,"indexFrame":11,"indexStartFrameTransformOut":0,"indexTransition":-1,"isBgText":false,"isBoldText":false,"isDashText":false,"isDashUnderText":false,"isDrawAnim":false,"isFirstFillDataTransformCombo":true,"isInit":true,"isItalicText":false,"isLayerFront":true,"isLoadFrameCache":true,"isTexture":false,"isVisible":true,"linkBubble":"","linkItemFrame":"","linkMask":"","listText":[],"modeDraw":"SRC_OVER","pathFolder":"https://photoforapp.s3.ap-southeast-1.amazonaws.com/Video/Sticker/GIF_GIF/Effect/8.gif","pathFont":"","pathSaveBitmapFrame":"","pathTexture":"","pointRotate":{"x":46.911896,"y":436.9563},"pointTranslate":{"x":-125.088104,"y":264.9563},"rotate":7.716316,"scale":0.2642358,"speed":1,"speedOfTransformCombo":15,"startColor":-1,"startIndexFrame":122,"stickerTypeTransformCombo":"NONE","stickerTypeTransformIn":"MOVE_LEFT_TO_RIGHT","stickerTypeTransformOut":"NONE","textAlignment":"CENTER","textBlurShadow":0.0,"textColorShadow":-16777216,"textHeightAllLine":0.0,"textHeightOneLine":0.0,"textLetterSpacing":0.0,"textLineSpacing":4.0,"textPadding":6.0,"textSize":1.0,"textSizeDefault":30.0,"textString":"","textStroke":{"color":"#000000","indexPositionInAdapter":-1,"width":0.0},"timeTransformCombo":300,"timeTransformIn":2596,"timeTransformOut":300,"titleShow":"Ef8","totalFileNeedDownForOneFrame":0,"typeSticker":"LIST_PHOTO","urlCover":"https://photoforapp.s3.ap-southeast-1.amazonaws.com/Video/Sticker/GIF_GIF/Effect/8.gif","widthBitmap":345}],"listItemViewDataOnTimeLine":[{"durationEnd":0,"durationStart":0,"endIndexFrame":270,"indexRowCurrent":0,"indexRowPrevious":0,"keyInHasMap":1653619347729,"linkDownloadMp3":"","nameMp3":"","pathSaveFile":"","startIndexFrame":122,"volume":1.0},{"durationEnd":0,"durationStart":0,"endIndexFrame":270,"indexRowCurrent":0,"indexRowPrevious":0,"keyInHasMap":1653619347736,"linkDownloadMp3":"","nameMp3":"","pathSaveFile":"","startIndexFrame":122,"volume":1.0},{"durationEnd":0,"durationStart":0,"endIndexFrame":270,"indexRowCurrent":0,"indexRowPrevious":0,"keyInHasMap":1653619347764,"linkDownloadMp3":"","nameMp3":"","pathSaveFile":"","startIndexFrame":122,"volume":1.0},{"durationEnd":0,"durationStart":0,"endIndexFrame":270,"indexRowCurrent":0,"indexRowPrevious":0,"keyInHasMap":1653619347781,"linkDownloadMp3":"","nameMp3":"","pathSaveFile":"","startIndexFrame":122,"volume":1.0}]},"text":{"listItemStickerData":[],"listItemViewDataOnTimeLine":[]},"timeLastUpdate":1653619356550,"videoEffect":{"listItemEffectData":[],"listItemViewDataOnTimeLine":[]}}