{"durationVideo":8500,"editor":{"listItemPhotoData":[{"backgroundColor":-16777216,"blurBackground":25,"duration":4500,"endIndexFrame":134,"flipHorizontal":1.0,"flipVertical":1.0,"gpuPosition":0,"gpuProgress":0,"heightBitmap":1153,"idItemPhoto":"1653972710344","indexEndFrameTransformCombo":0,"indexEndFrameTransformIn":0,"indexStartFrameTransformOut":0,"isCenterCrop":false,"isCenterInside":false,"isCropBitmap":false,"isLoadFromCache":true,"isLocked":false,"itemDataTransition":{"indexCate":4,"indexItem":13,"isMask":false,"keyItem":"MIX","linkCover":"https://photoforapp.s3.ap-southeast-1.amazonaws.com/Video/TransitionsServer/Basic/Icon/MIX.gif","linkDownload":"https://photoforapp.s3.ap-southeast-1.amazonaws.com/Video/TransitionsServer/Basic/MIX.zip","modeDraw":"","nameEn":"Mix","nameVn":"Kết hợp","paintModeDraw":"SRC_OVER","pathFolderOfTransition":"","pathFolderZipOfTransition":"","positionTransitionInAdapter":47,"timeTransitionCurrent":603,"typeTransition":{"type":"BASIC","typeTransition":"MIX"}},"itemTemplateModel":{"duration":0,"heightBitmap":0,"indexSticker":-1,"isCrop":false,"isLocked":false,"md5PathFileOld":"","pathFile":"","rect":{"bottom":0,"left":0,"right":0,"top":0},"typeTemplateModel":"NONE","widthBitmap":0},"linkBackgroundImage":"","objDataAdjust":{"mCurrentBrightnessFilter":50,"mCurrentContrastFilter":50,"mCurrentExposureFilter":50,"mCurrentFadeFilters":0,"mCurrentHighlightFilter":100,"mCurrentHueFilter":0,"mCurrentSaturationFilter":50,"mCurrentShadowFilter":0,"mCurrentSharpenFilter":50,"mCurrentTempFilter":50,"mCurrentVignetteFilter":100,"mListRedoAdjust":[],"mListUndoAdjust":[]},"pathBitmap":"/storage/emulated/0/Pictures/Telegram/IMG_20220531_114935_320.jpg","rotate":0,"rotateAnim":0.0,"scaleAnim":1.0,"startIndexFrame":0,"timeTransformCombo":4500,"timeTransformIn":300,"timeTransformOut":300,"totalFrame":134,"typeBackground":"BLUR","typeTransformCombo":"NONE","typeTransformIn":"NONE","typeTransformOut":"NONE","valueMatrixBitmapDraw":[0.53869146,0.0,27.927773,0.0,0.53869146,36.11635,0.0,0.0,1.0],"widthBitmap":649},{"backgroundColor":-16777216,"blurBackground":25,"duration":4000,"endIndexFrame":254,"flipHorizontal":1.0,"flipVertical":1.0,"gpuPosition":0,"gpuProgress":0,"heightBitmap":1239,"idItemPhoto":"1653972767172","indexEndFrameTransformCombo":0,"indexEndFrameTransformIn":0,"indexStartFrameTransformOut":0,"isCenterCrop":false,"isCenterInside":false,"isCropBitmap":false,"isLoadFromCache":true,"isLocked":false,"itemDataTransition":{"indexCate":0,"isMask":false,"keyItem":"","linkCover":"","linkDownload":"","modeDraw":"","nameEn":"","nameVn":"","paintModeDraw":"SRC_OVER","pathFolderOfTransition":"","pathFolderZipOfTransition":"","positionTransitionInAdapter":0,"timeTransitionCurrent":1000,"typeTransition":{"type":"NONE","typeTransition":"NONE"}},"itemTemplateModel":{"duration":0,"heightBitmap":0,"indexSticker":-1,"isCrop":false,"isLocked":false,"md5PathFileOld":"","pathFile":"","rect":{"bottom":0,"left":0,"right":0,"top":0},"typeTemplateModel":"NONE","widthBitmap":0},"linkBackgroundImage":"","objDataAdjust":{"mCurrentBrightnessFilter":50,"mCurrentContrastFilter":50,"mCurrentExposureFilter":50,"mCurrentFadeFilters":0,"mCurrentHighlightFilter":100,"mCurrentHueFilter":0,"mCurrentSaturationFilter":50,"mCurrentShadowFilter":0,"mCurrentSharpenFilter":50,"mCurrentTempFilter":50,"mCurrentVignetteFilter":100,"mListRedoAdjust":[],"mListUndoAdjust":[]},"pathBitmap":"/storage/emulated/0/Pictures/Telegram/IMG_20220531_115632_958.jpg","rotate":0,"rotateAnim":0.0,"scaleAnim":1.0,"startIndexFrame":135,"timeTransformCombo":4000,"timeTransformIn":300,"timeTransformOut":300,"totalFrame":119,"typeBackground":"BLUR","typeTransformCombo":"NONE","typeTransformIn":"NONE","typeTransformOut":"NONE","valueMatrixBitmapDraw":[0.5030596,0.0,26.474777,0.0,0.5030596,33.394806,0.0,0.0,1.0],"widthBitmap":697}]},"frame":{"listItemStickerData":[{"DOT":".","TYPE_PHOTO":"png","WIDTH_MAX":360,"alpha":255,"countDeltaTime":0.0,"dataFrames":{"isNeedLoadBitmap1":true,"isNeedLoadBitmap2":true,"isNeedLoadBitmap2Loop":false,"isNeedLoadBitmap3":true,"isNeedLoadBitmap4":false,"isNeedLoadBitmap4Loop":true,"isNeedLoadBitmap5":true,"isNeedLoadBitmap6":true,"isNeedLoadBitmap6Loop":false,"isNeedLoadBitmap7":true,"isNeedLoadBitmap8":false,"isNeedLoadBitmap8Loop":true,"isNeedLoadBitmap9":false},"deviationXShadow":0.0,"deviationYShadow":0.0,"duration":8500,"endColor":-1,"endIndexFrame":255,"flip":1.0,"heightBitmap":0,"id":"f99f1da2c54cacbebde2bab9bece239","indexColor":0,"indexColorShadow":0,"indexEndFrameTransformCombo":0,"indexEndFrameTransformIn":0,"indexFont":0,"indexFrame":0,"indexStartFrameTransformOut":0,"indexTransition":-1,"isBgText":false,"isBoldText":false,"isDashText":false,"isDashUnderText":false,"isDrawAnim":false,"isFirstFillDataTransformCombo":true,"isInit":true,"isItalicText":false,"isLayerFront":true,"isLoadFrameCache":true,"isTexture":false,"isVisible":true,"linkBubble":"","linkItemFrame":"https://photoforapp84133-dev.s3.ap-southeast-1.amazonaws.com/public/Frame/Line/Frame/8/","linkMask":"","listText":[],"modeDraw":"SRC_OVER","pathFolder":"","pathFont":"","pathSaveBitmapFrame":"/data/user/0/videoeditor.moviemaker/files/SaveProject/1653972713051/cc64a63f7d8b6cd8106d39e691a9b5f.png","pathTexture":"","pointRotate":{"x":0.0,"y":0.0},"pointTranslate":{"x":0.5,"y":0.0},"rotate":0.0,"scale":1.0,"speed":1,"speedOfTransformCombo":15,"startColor":-1,"startIndexFrame":0,"stickerTypeTransformCombo":"NONE","stickerTypeTransformIn":"NONE","stickerTypeTransformOut":"NONE","textAlignment":"CENTER","textBlurShadow":0.0,"textColorShadow":-16777216,"textHeightAllLine":0.0,"textHeightOneLine":0.0,"textLetterSpacing":0.0,"textLineSpacing":4.0,"textPadding":6.0,"textSize":1.0,"textSizeDefault":30.0,"textString":"","textStroke":{"color":"#000000","indexPositionInAdapter":-1,"width":0.0},"timeTransformCombo":300,"timeTransformIn":300,"timeTransformOut":300,"titleShow":"","totalFileNeedDownForOneFrame":8,"typeSticker":"FRAME","urlCover":"","widthBitmap":0}],"listItemViewDataOnTimeLine":[{"durationEnd":0,"durationStart":0,"endIndexFrame":255,"indexRowCurrent":0,"indexRowPrevious":0,"keyInHasMap":1653978014979,"linkDownloadMp3":"","nameMp3":"","pathSaveFile":"","startIndexFrame":0,"volume":1.0}]},"keyProjectCurrent":"1653972713051","listTemplateModel":{"list":[]},"music":{"listItemMusicData":[{"durationEnd":8500,"durationStart":0,"endIndexFrame":255,"indexRowCurrent":0,"indexRowPrevious":0,"keyInHasMap":1653972723810,"linkDownloadMp3":"/storage/emulated/0/Music/G3Video/Direct_ConvertVideoToMp3_1653972473610.mp3","nameMp3":"Direct_ConvertVideoToMp3_1653972473610.mp3","pathSaveFile":"/storage/emulated/0/Music/G3Video/Direct_ConvertVideoToMp3_1653972473610.mp3","startIndexFrame":0,"volume":1.0}]},"nameVideo":"Template 1653972713051","setting":{"quality":720,"ratio":{"height":1.7765794,"width":1.0}},"sticker":{"listItemStickerData":[],"listItemViewDataOnTimeLine":[]},"text":{"listItemStickerData":[],"listItemViewDataOnTimeLine":[]},"timeLastUpdate":1653978512225,"videoEffect":{"listItemEffectData":[{"drawMode":"SCREEN","endIndexFrame":156,"indexFrameDrawCurrent":13,"isCenterCrop":true,"isCenterInside":false,"isDraw":true,"isReloadFromCache":true,"jsonObjectDataOfItem":"","keyEffect":"SERVER","keyInHasMap":1653978512227,"pathFolderEffect":"/data/user/0/videoeditor.moviemaker/files/FOLDER_EFFECT/Mood/15","positionInAdapter":15,"sizeCanvasCurrent":{"x":405,"y":720},"speed":1,"startIndexFrame":117,"title":"Mood 15","totalFrame":39,"uri":"/data/user/0/videoeditor.moviemaker/files/FOLDER_EFFECT/Mood/15/Mood.m4v"},{"drawMode":"SCREEN","endIndexFrame":125,"indexFrameDrawCurrent":0,"isCenterCrop":true,"isCenterInside":false,"isDraw":true,"isReloadFromCache":true,"jsonObjectDataOfItem":"","keyEffect":"Basic","keyInHasMap":1653978512229,"pathFolderEffect":"","positionInAdapter":6,"sizeCanvasCurrent":{"x":0,"y":0},"speed":1,"startIndexFrame":76,"title":"Phóng to","totalFrame":49,"uri":""},{"drawMode":"SCREEN","endIndexFrame":116,"indexFrameDrawCurrent":0,"isCenterCrop":true,"isCenterInside":false,"isDraw":true,"isReloadFromCache":true,"jsonObjectDataOfItem":"{\"color\":-1,\"defaultSpeed\":3.0,\"max\":30.0,\"min\":2.0,\"speedCurrent\":4.8}","keyEffect":"Party","keyInHasMap":1653978512230,"pathFolderEffect":"","positionInAdapter":3,"sizeCanvasCurrent":{"x":0,"y":0},"speed":1,"startIndexFrame":0,"title":"Đèn nháy trắng","totalFrame":116,"uri":""},{"drawMode":"SCREEN","endIndexFrame":255,"indexFrameDrawCurrent":25,"isCenterCrop":true,"isCenterInside":false,"isDraw":true,"isReloadFromCache":true,"jsonObjectDataOfItem":"","keyEffect":"SERVER","keyInHasMap":1653978512232,"pathFolderEffect":"/data/user/0/videoeditor.moviemaker/files/FOLDER_EFFECT/Falling/20","positionInAdapter":20,"sizeCanvasCurrent":{"x":405,"y":720},"speed":1,"startIndexFrame":136,"title":"Falling 20","totalFrame":119,"uri":"/data/user/0/videoeditor.moviemaker/files/FOLDER_EFFECT/Falling/20/Falling.m4v"},{"drawMode":"SCREEN","endIndexFrame":255,"indexFrameDrawCurrent":25,"isCenterCrop":true,"isCenterInside":false,"isDraw":true,"isReloadFromCache":true,"jsonObjectDataOfItem":"","keyEffect":"SERVER","keyInHasMap":1653978512233,"pathFolderEffect":"/data/user/0/videoeditor.moviemaker/files/FOLDER_EFFECT/Blink/14","positionInAdapter":14,"sizeCanvasCurrent":{"x":405,"y":720},"speed":1,"startIndexFrame":136,"title":"Blink 14","totalFrame":119,"uri":"/data/user/0/videoeditor.moviemaker/files/FOLDER_EFFECT/Blink/14/Blink.m4v"}],"listItemViewDataOnTimeLine":[{"durationEnd":1300,"durationStart":0,"endIndexFrame":156,"indexRowCurrent":0,"indexRowPrevious":0,"keyInHasMap":1653977610324,"linkDownloadMp3":"","nameMp3":"","pathSaveFile":"","startIndexFrame":117,"volume":1.0},{"durationEnd":1633,"durationStart":0,"endIndexFrame":125,"indexRowCurrent":0,"indexRowPrevious":0,"keyInHasMap":1653977610325,"linkDownloadMp3":"","nameMp3":"","pathSaveFile":"","startIndexFrame":76,"volume":1.0},{"durationEnd":3866,"durationStart":0,"endIndexFrame":116,"indexRowCurrent":0,"indexRowPrevious":0,"keyInHasMap":1653978304240,"linkDownloadMp3":"","nameMp3":"","pathSaveFile":"","startIndexFrame":0,"volume":1.0},{"durationEnd":3966,"durationStart":0,"endIndexFrame":255,"indexRowCurrent":0,"indexRowPrevious":0,"keyInHasMap":1653978435436,"linkDownloadMp3":"","nameMp3":"","pathSaveFile":"","startIndexFrame":136,"volume":1.0},{"durationEnd":3966,"durationStart":0,"endIndexFrame":255,"indexRowCurrent":0,"indexRowPrevious":0,"keyInHasMap":1653978486078,"linkDownloadMp3":"","nameMp3":"","pathSaveFile":"","startIndexFrame":136,"volume":1.0}]}}