{
  "durationVideo": 11600,
  "editor": {
    "listItemPhotoData": [
      {
        "backgroundColor": -16777216,
        "blurBackground": 0,
        "duration": 2000,
        "endIndexFrame": 59,
        "flipHorizontal": 1.0,
        "flipVertical": 1.0,
        "gpuPosition": 0,
        "gpuProgress": 0,
        "heightBitmap": 1200,
        "idItemPhoto": "1657014063787",
        "indexEndFrameTransformCombo": 0,
        "indexEndFrameTransformIn": 0,
        "indexStartFrameTransformOut": 0,
        "isCalledCutBody": false,
        "isCenterCrop": false,
        "isCenterInside": true,
        "isCropBitmap": false,
        "isLoadFromCache": true,
        "isLocked": false,
        "itemDataTransition": {
          "indexCate": 0,
          "isMask": false,
          "keyItem": "",
          "linkCover": "",
          "linkDownload": "",
          "modeDraw": "",
          "nameEn": "",
          "nameVn": "",
          "paintModeDraw": "SRC_OVER",
          "pathFolderOfTransition": "",
          "pathFolderZipOfTransition": "",
          "positionTransitionInAdapter": 0,
          "timeTransitionCurrent": 1000,
          "typeTransition": {
            "type": "NONE",
            "typeTransition": "NONE"
          }
        },
        "itemTemplateModel": {
          "duration": 0,
          "heightBitmap": 0,
          "indexSticker": -1,
          "isCrop": false,
          "isLocked": false,
          "md5PathFileOld": "",
          "pathFile": "",
          "rect": {
            "bottom": 0,
            "left": 0,
            "right": 0,
            "top": 0
          },
          "typeTemplateModel": "NONE",
          "widthBitmap": 0
        },
        "linkBackgroundImage": "",
        "objDataAdjust": {
          "mCurrentBrightnessFilter": 45,
          "mCurrentContrastFilter": 39,
          "mCurrentExposureFilter": 50,
          "mCurrentFadeFilters": 0,
          "mCurrentHighlightFilter": 100,
          "mCurrentHueFilter": 0,
          "mCurrentSaturationFilter": 40,
          "mCurrentShadowFilter": 0,
          "mCurrentSharpenFilter": 50,
          "mCurrentTempFilter": 50,
          "mCurrentVignetteFilter": 100,
          "mListRedoAdjust": [],
          "mListUndoAdjust": [
            {
              "mCurrentBrightnessFilter": 50,
              "mCurrentContrastFilter": 39,
              "mCurrentExposureFilter": 50,
              "mCurrentFadeFilters": 0,
              "mCurrentHighlightFilter": 100,
              "mCurrentHueFilter": 0,
              "mCurrentSaturationFilter": 50,
              "mCurrentShadowFilter": 0,
              "mCurrentSharpenFilter": 50,
              "mCurrentTempFilter": 50,
              "mCurrentVignetteFilter": 100,
              "position": 2
            },
            {
              "mCurrentBrightnessFilter": 50,
              "mCurrentContrastFilter": 39,
              "mCurrentExposureFilter": 50,
              "mCurrentFadeFilters": 0,
              "mCurrentHighlightFilter": 100,
              "mCurrentHueFilter": 0,
              "mCurrentSaturationFilter": 40,
              "mCurrentShadowFilter": 0,
              "mCurrentSharpenFilter": 50,
              "mCurrentTempFilter": 50,
              "mCurrentVignetteFilter": 100,
              "position": 4
            },
            {
              "mCurrentBrightnessFilter": 45,
              "mCurrentContrastFilter": 39,
              "mCurrentExposureFilter": 50,
              "mCurrentFadeFilters": 0,
              "mCurrentHighlightFilter": 100,
              "mCurrentHueFilter": 0,
              "mCurrentSaturationFilter": 40,
              "mCurrentShadowFilter": 0,
              "mCurrentSharpenFilter": 50,
              "mCurrentTempFilter": 50,
              "mCurrentVignetteFilter": 100,
              "position": 1
            }
          ]
        },
        "pathBitmap": "/storage/emulated/0/Pictures/Telegram/IMG_20220705_164045_378.jpg",
        "rotate": 0,
        "rotateAnim": 0.0,
        "scaleAnim": 1.0,
        "startIndexFrame": 0,
        "timeTransformCombo": 2000,
        "timeTransformIn": 300,
        "timeTransformOut": 300,
        "totalFrame": 59,
        "typeBackground": "COLOR",
        "typeTransformCombo": "NONE",
        "typeTransformIn": "NONE",
        "typeTransformOut": "NONE",
        "valueMatrixBitmapDraw": [
          0.61,
          0.0,
          -4.5,
          0.0,
          0.61,
          -6.0000153,
          0.0,
          0.0,
          1.0
        ],
        "widthBitmap": 900
      },
      {
        "backgroundColor": -16777216,
        "blurBackground": 0,
        "duration": 1800,
        "endIndexFrame": 113,
        "flipHorizontal": 1.0,
        "flipVertical": 1.0,
        "gpuPosition": 0,
        "gpuProgress": 0,
        "heightBitmap": 1200,
        "idItemPhoto": "1657014063921",
        "indexEndFrameTransformCombo": 0,
        "indexEndFrameTransformIn": 0,
        "indexStartFrameTransformOut": 0,
        "isCalledCutBody": false,
        "isCenterCrop": false,
        "isCenterInside": true,
        "isCropBitmap": false,
        "isLoadFromCache": true,
        "isLocked": false,
        "itemDataTransition": {
          "indexCate": 0,
          "isMask": false,
          "keyItem": "",
          "linkCover": "",
          "linkDownload": "",
          "modeDraw": "",
          "nameEn": "",
          "nameVn": "",
          "paintModeDraw": "SRC_OVER",
          "pathFolderOfTransition": "",
          "pathFolderZipOfTransition": "",
          "positionTransitionInAdapter": 0,
          "timeTransitionCurrent": 1000,
          "typeTransition": {
            "type": "NONE",
            "typeTransition": "NONE"
          }
        },
        "itemTemplateModel": {
          "duration": 0,
          "heightBitmap": 0,
          "indexSticker": -1,
          "isCrop": false,
          "isLocked": false,
          "md5PathFileOld": "",
          "pathFile": "",
          "rect": {
            "bottom": 0,
            "left": 0,
            "right": 0,
            "top": 0
          },
          "typeTemplateModel": "NONE",
          "widthBitmap": 0
        },
        "linkBackgroundImage": "",
        "objDataAdjust": {
          "mCurrentBrightnessFilter": 45,
          "mCurrentContrastFilter": 40,
          "mCurrentExposureFilter": 50,
          "mCurrentFadeFilters": 0,
          "mCurrentHighlightFilter": 100,
          "mCurrentHueFilter": 0,
          "mCurrentSaturationFilter": 40,
          "mCurrentShadowFilter": 0,
          "mCurrentSharpenFilter": 50,
          "mCurrentTempFilter": 50,
          "mCurrentVignetteFilter": 100,
          "mListRedoAdjust": [],
          "mListUndoAdjust": [
            {
              "mCurrentBrightnessFilter": 50,
              "mCurrentContrastFilter": 40,
              "mCurrentExposureFilter": 50,
              "mCurrentFadeFilters": 0,
              "mCurrentHighlightFilter": 100,
              "mCurrentHueFilter": 0,
              "mCurrentSaturationFilter": 50,
              "mCurrentShadowFilter": 0,
              "mCurrentSharpenFilter": 50,
              "mCurrentTempFilter": 50,
              "mCurrentVignetteFilter": 100,
              "position": 2
            },
            {
              "mCurrentBrightnessFilter": 50,
              "mCurrentContrastFilter": 40,
              "mCurrentExposureFilter": 50,
              "mCurrentFadeFilters": 0,
              "mCurrentHighlightFilter": 100,
              "mCurrentHueFilter": 0,
              "mCurrentSaturationFilter": 40,
              "mCurrentShadowFilter": 0,
              "mCurrentSharpenFilter": 50,
              "mCurrentTempFilter": 50,
              "mCurrentVignetteFilter": 100,
              "position": 4
            },
            {
              "mCurrentBrightnessFilter": 45,
              "mCurrentContrastFilter": 40,
              "mCurrentExposureFilter": 50,
              "mCurrentFadeFilters": 0,
              "mCurrentHighlightFilter": 100,
              "mCurrentHueFilter": 0,
              "mCurrentSaturationFilter": 40,
              "mCurrentShadowFilter": 0,
              "mCurrentSharpenFilter": 50,
              "mCurrentTempFilter": 50,
              "mCurrentVignetteFilter": 100,
              "position": 1
            }
          ]
        },
        "pathBitmap": "/storage/emulated/0/Pictures/Telegram/IMG_20220705_164043_807.jpg",
        "rotate": 0,
        "rotateAnim": 0.0,
        "scaleAnim": 1.0,
        "startIndexFrame": 60,
        "timeTransformCombo": 1800,
        "timeTransformIn": 300,
        "timeTransformOut": 300,
        "totalFrame": 53,
        "typeBackground": "COLOR",
        "typeTransformCombo": "NONE",
        "typeTransformIn": "NONE",
        "typeTransformOut": "NONE",
        "valueMatrixBitmapDraw": [
          0.61,
          0.0,
          -4.5,
          0.0,
          0.61,
          -6.0000153,
          0.0,
          0.0,
          1.0
        ],
        "widthBitmap": 900
      },
      {
        "backgroundColor": -16777216,
        "blurBackground": 0,
        "duration": 1800,
        "endIndexFrame": 167,
        "flipHorizontal": 1.0,
        "flipVertical": 1.0,
        "gpuPosition": 0,
        "gpuProgress": 0,
        "heightBitmap": 1200,
        "idItemPhoto": "1657014064028",
        "indexEndFrameTransformCombo": 0,
        "indexEndFrameTransformIn": 0,
        "indexStartFrameTransformOut": 0,
        "isCalledCutBody": false,
        "isCenterCrop": false,
        "isCenterInside": true,
        "isCropBitmap": false,
        "isLoadFromCache": true,
        "isLocked": false,
        "itemDataTransition": {
          "indexCate": 0,
          "isMask": false,
          "keyItem": "",
          "linkCover": "",
          "linkDownload": "",
          "modeDraw": "",
          "nameEn": "",
          "nameVn": "",
          "paintModeDraw": "SRC_OVER",
          "pathFolderOfTransition": "",
          "pathFolderZipOfTransition": "",
          "positionTransitionInAdapter": 0,
          "timeTransitionCurrent": 1000,
          "typeTransition": {
            "type": "NONE",
            "typeTransition": "NONE"
          }
        },
        "itemTemplateModel": {
          "duration": 0,
          "heightBitmap": 0,
          "indexSticker": -1,
          "isCrop": false,
          "isLocked": false,
          "md5PathFileOld": "",
          "pathFile": "",
          "rect": {
            "bottom": 0,
            "left": 0,
            "right": 0,
            "top": 0
          },
          "typeTemplateModel": "NONE",
          "widthBitmap": 0
        },
        "linkBackgroundImage": "",
        "objDataAdjust": {
          "mCurrentBrightnessFilter": 44,
          "mCurrentContrastFilter": 40,
          "mCurrentExposureFilter": 50,
          "mCurrentFadeFilters": 0,
          "mCurrentHighlightFilter": 100,
          "mCurrentHueFilter": 0,
          "mCurrentSaturationFilter": 39,
          "mCurrentShadowFilter": 0,
          "mCurrentSharpenFilter": 50,
          "mCurrentTempFilter": 50,
          "mCurrentVignetteFilter": 100,
          "mListRedoAdjust": [],
          "mListUndoAdjust": [
            {
              "mCurrentBrightnessFilter": 54,
              "mCurrentContrastFilter": 50,
              "mCurrentExposureFilter": 50,
              "mCurrentFadeFilters": 0,
              "mCurrentHighlightFilter": 100,
              "mCurrentHueFilter": 0,
              "mCurrentSaturationFilter": 50,
              "mCurrentShadowFilter": 0,
              "mCurrentSharpenFilter": 50,
              "mCurrentTempFilter": 50,
              "mCurrentVignetteFilter": 100,
              "position": 1
            },
            {
              "mCurrentBrightnessFilter": 57,
              "mCurrentContrastFilter": 50,
              "mCurrentExposureFilter": 50,
              "mCurrentFadeFilters": 0,
              "mCurrentHighlightFilter": 100,
              "mCurrentHueFilter": 0,
              "mCurrentSaturationFilter": 50,
              "mCurrentShadowFilter": 0,
              "mCurrentSharpenFilter": 50,
              "mCurrentTempFilter": 50,
              "mCurrentVignetteFilter": 100,
              "position": 1
            },
            {
              "mCurrentBrightnessFilter": 50,
              "mCurrentContrastFilter": 50,
              "mCurrentExposureFilter": 50,
              "mCurrentFadeFilters": 0,
              "mCurrentHighlightFilter": 100,
              "mCurrentHueFilter": 0,
              "mCurrentSaturationFilter": 50,
              "mCurrentShadowFilter": 0,
              "mCurrentSharpenFilter": 50,
              "mCurrentTempFilter": 50,
              "mCurrentVignetteFilter": 100,
              "position": 1
            },
            {
              "mCurrentBrightnessFilter": 50,
              "mCurrentContrastFilter": 40,
              "mCurrentExposureFilter": 50,
              "mCurrentFadeFilters": 0,
              "mCurrentHighlightFilter": 100,
              "mCurrentHueFilter": 0,
              "mCurrentSaturationFilter": 50,
              "mCurrentShadowFilter": 0,
              "mCurrentSharpenFilter": 50,
              "mCurrentTempFilter": 50,
              "mCurrentVignetteFilter": 100,
              "position": 2
            },
            {
              "mCurrentBrightnessFilter": 50,
              "mCurrentContrastFilter": 40,
              "mCurrentExposureFilter": 50,
              "mCurrentFadeFilters": 0,
              "mCurrentHighlightFilter": 100,
              "mCurrentHueFilter": 0,
              "mCurrentSaturationFilter": 39,
              "mCurrentShadowFilter": 0,
              "mCurrentSharpenFilter": 50,
              "mCurrentTempFilter": 50,
              "mCurrentVignetteFilter": 100,
              "position": 4
            },
            {
              "mCurrentBrightnessFilter": 44,
              "mCurrentContrastFilter": 40,
              "mCurrentExposureFilter": 50,
              "mCurrentFadeFilters": 0,
              "mCurrentHighlightFilter": 100,
              "mCurrentHueFilter": 0,
              "mCurrentSaturationFilter": 39,
              "mCurrentShadowFilter": 0,
              "mCurrentSharpenFilter": 50,
              "mCurrentTempFilter": 50,
              "mCurrentVignetteFilter": 100,
              "position": 1
            }
          ]
        },
        "pathBitmap": "/storage/emulated/0/Pictures/Telegram/IMG_20220705_164042_781.jpg",
        "rotate": 0,
        "rotateAnim": 0.0,
        "scaleAnim": 1.0,
        "startIndexFrame": 114,
        "timeTransformCombo": 1800,
        "timeTransformIn": 300,
        "timeTransformOut": 300,
        "totalFrame": 53,
        "typeBackground": "COLOR",
        "typeTransformCombo": "NONE",
        "typeTransformIn": "NONE",
        "typeTransformOut": "NONE",
        "valueMatrixBitmapDraw": [
          0.61,
          0.0,
          -4.5,
          0.0,
          0.61,
          -6.0000153,
          0.0,
          0.0,
          1.0
        ],
        "widthBitmap": 900
      },
      {
        "backgroundColor": -16777216,
        "blurBackground": 0,
        "duration": 1900,
        "endIndexFrame": 224,
        "flipHorizontal": 1.0,
        "flipVertical": 1.0,
        "gpuPosition": 0,
        "gpuProgress": 0,
        "heightBitmap": 1200,
        "idItemPhoto": "1657014064139",
        "indexEndFrameTransformCombo": 0,
        "indexEndFrameTransformIn": 0,
        "indexStartFrameTransformOut": 0,
        "isCalledCutBody": false,
        "isCenterCrop": false,
        "isCenterInside": true,
        "isCropBitmap": false,
        "isLoadFromCache": true,
        "isLocked": false,
        "itemDataTransition": {
          "indexCate": 0,
          "isMask": false,
          "keyItem": "",
          "linkCover": "",
          "linkDownload": "",
          "modeDraw": "",
          "nameEn": "",
          "nameVn": "",
          "paintModeDraw": "SRC_OVER",
          "pathFolderOfTransition": "",
          "pathFolderZipOfTransition": "",
          "positionTransitionInAdapter": 0,
          "timeTransitionCurrent": 1000,
          "typeTransition": {
            "type": "NONE",
            "typeTransition": "NONE"
          }
        },
        "itemTemplateModel": {
          "duration": 0,
          "heightBitmap": 0,
          "indexSticker": -1,
          "isCrop": false,
          "isLocked": false,
          "md5PathFileOld": "",
          "pathFile": "",
          "rect": {
            "bottom": 0,
            "left": 0,
            "right": 0,
            "top": 0
          },
          "typeTemplateModel": "NONE",
          "widthBitmap": 0
        },
        "linkBackgroundImage": "",
        "objDataAdjust": {
          "mCurrentBrightnessFilter": 45,
          "mCurrentContrastFilter": 40,
          "mCurrentExposureFilter": 50,
          "mCurrentFadeFilters": 0,
          "mCurrentHighlightFilter": 100,
          "mCurrentHueFilter": 0,
          "mCurrentSaturationFilter": 40,
          "mCurrentShadowFilter": 0,
          "mCurrentSharpenFilter": 50,
          "mCurrentTempFilter": 50,
          "mCurrentVignetteFilter": 100,
          "mListRedoAdjust": [],
          "mListUndoAdjust": [
            {
              "mCurrentBrightnessFilter": 50,
              "mCurrentContrastFilter": 40,
              "mCurrentExposureFilter": 50,
              "mCurrentFadeFilters": 0,
              "mCurrentHighlightFilter": 100,
              "mCurrentHueFilter": 0,
              "mCurrentSaturationFilter": 50,
              "mCurrentShadowFilter": 0,
              "mCurrentSharpenFilter": 50,
              "mCurrentTempFilter": 50,
              "mCurrentVignetteFilter": 100,
              "position": 2
            },
            {
              "mCurrentBrightnessFilter": 50,
              "mCurrentContrastFilter": 40,
              "mCurrentExposureFilter": 50,
              "mCurrentFadeFilters": 0,
              "mCurrentHighlightFilter": 100,
              "mCurrentHueFilter": 0,
              "mCurrentSaturationFilter": 40,
              "mCurrentShadowFilter": 0,
              "mCurrentSharpenFilter": 50,
              "mCurrentTempFilter": 50,
              "mCurrentVignetteFilter": 100,
              "position": 4
            },
            {
              "mCurrentBrightnessFilter": 45,
              "mCurrentContrastFilter": 40,
              "mCurrentExposureFilter": 50,
              "mCurrentFadeFilters": 0,
              "mCurrentHighlightFilter": 100,
              "mCurrentHueFilter": 0,
              "mCurrentSaturationFilter": 40,
              "mCurrentShadowFilter": 0,
              "mCurrentSharpenFilter": 50,
              "mCurrentTempFilter": 50,
              "mCurrentVignetteFilter": 100,
              "position": 1
            }
          ]
        },
        "pathBitmap": "/storage/emulated/0/Pictures/Telegram/IMG_20220705_164041_020.jpg",
        "rotate": 0,
        "rotateAnim": 0.0,
        "scaleAnim": 1.0,
        "startIndexFrame": 168,
        "timeTransformCombo": 1900,
        "timeTransformIn": 300,
        "timeTransformOut": 300,
        "totalFrame": 56,
        "typeBackground": "COLOR",
        "typeTransformCombo": "NONE",
        "typeTransformIn": "NONE",
        "typeTransformOut": "NONE",
        "valueMatrixBitmapDraw": [
          0.61,
          0.0,
          -4.5,
          0.0,
          0.61,
          -6.0000153,
          0.0,
          0.0,
          1.0
        ],
        "widthBitmap": 900
      },
      {
        "backgroundColor": -16777216,
        "blurBackground": 0,
        "duration": 1733,
        "endIndexFrame": 276,
        "flipHorizontal": 1.0,
        "flipVertical": 1.0,
        "gpuPosition": 0,
        "gpuProgress": 0,
        "heightBitmap": 1200,
        "idItemPhoto": "1657014064240",
        "indexEndFrameTransformCombo": 0,
        "indexEndFrameTransformIn": 0,
        "indexStartFrameTransformOut": 0,
        "isCalledCutBody": false,
        "isCenterCrop": false,
        "isCenterInside": true,
        "isCropBitmap": false,
        "isLoadFromCache": true,
        "isLocked": false,
        "itemDataTransition": {
          "indexCate": 0,
          "isMask": false,
          "keyItem": "",
          "linkCover": "",
          "linkDownload": "",
          "modeDraw": "",
          "nameEn": "",
          "nameVn": "",
          "paintModeDraw": "SRC_OVER",
          "pathFolderOfTransition": "",
          "pathFolderZipOfTransition": "",
          "positionTransitionInAdapter": 0,
          "timeTransitionCurrent": 1000,
          "typeTransition": {
            "type": "NONE",
            "typeTransition": "NONE"
          }
        },
        "itemTemplateModel": {
          "duration": 0,
          "heightBitmap": 0,
          "indexSticker": -1,
          "isCrop": false,
          "isLocked": false,
          "md5PathFileOld": "",
          "pathFile": "",
          "rect": {
            "bottom": 0,
            "left": 0,
            "right": 0,
            "top": 0
          },
          "typeTemplateModel": "NONE",
          "widthBitmap": 0
        },
        "linkBackgroundImage": "",
        "objDataAdjust": {
          "mCurrentBrightnessFilter": 45,
          "mCurrentContrastFilter": 40,
          "mCurrentExposureFilter": 50,
          "mCurrentFadeFilters": 0,
          "mCurrentHighlightFilter": 100,
          "mCurrentHueFilter": 0,
          "mCurrentSaturationFilter": 39,
          "mCurrentShadowFilter": 0,
          "mCurrentSharpenFilter": 50,
          "mCurrentTempFilter": 50,
          "mCurrentVignetteFilter": 100,
          "mListRedoAdjust": [],
          "mListUndoAdjust": [
            {
              "mCurrentBrightnessFilter": 50,
              "mCurrentContrastFilter": 40,
              "mCurrentExposureFilter": 50,
              "mCurrentFadeFilters": 0,
              "mCurrentHighlightFilter": 100,
              "mCurrentHueFilter": 0,
              "mCurrentSaturationFilter": 50,
              "mCurrentShadowFilter": 0,
              "mCurrentSharpenFilter": 50,
              "mCurrentTempFilter": 50,
              "mCurrentVignetteFilter": 100,
              "position": 2
            },
            {
              "mCurrentBrightnessFilter": 50,
              "mCurrentContrastFilter": 40,
              "mCurrentExposureFilter": 50,
              "mCurrentFadeFilters": 0,
              "mCurrentHighlightFilter": 100,
              "mCurrentHueFilter": 0,
              "mCurrentSaturationFilter": 39,
              "mCurrentShadowFilter": 0,
              "mCurrentSharpenFilter": 50,
              "mCurrentTempFilter": 50,
              "mCurrentVignetteFilter": 100,
              "position": 4
            },
            {
              "mCurrentBrightnessFilter": 45,
              "mCurrentContrastFilter": 40,
              "mCurrentExposureFilter": 50,
              "mCurrentFadeFilters": 0,
              "mCurrentHighlightFilter": 100,
              "mCurrentHueFilter": 0,
              "mCurrentSaturationFilter": 39,
              "mCurrentShadowFilter": 0,
              "mCurrentSharpenFilter": 50,
              "mCurrentTempFilter": 50,
              "mCurrentVignetteFilter": 100,
              "position": 1
            }
          ]
        },
        "pathBitmap": "/storage/emulated/0/Pictures/Telegram/IMG_20220705_164039_337.jpg",
        "rotate": 0,
        "rotateAnim": 0.0,
        "scaleAnim": 1.0,
        "startIndexFrame": 225,
        "timeTransformCombo": 1733,
        "timeTransformIn": 300,
        "timeTransformOut": 300,
        "totalFrame": 51,
        "typeBackground": "COLOR",
        "typeTransformCombo": "NONE",
        "typeTransformIn": "NONE",
        "typeTransformOut": "NONE",
        "valueMatrixBitmapDraw": [
          0.61,
          0.0,
          -4.5,
          0.0,
          0.61,
          -6.0000153,
          0.0,
          0.0,
          1.0
        ],
        "widthBitmap": 900
      },
      {
        "backgroundColor": -16777216,
        "blurBackground": 0,
        "duration": 2367,
        "endIndexFrame": 347,
        "flipHorizontal": 1.0,
        "flipVertical": 1.0,
        "gpuPosition": 0,
        "gpuProgress": 0,
        "heightBitmap": 1200,
        "idItemPhoto": "1657014064377",
        "indexEndFrameTransformCombo": 0,
        "indexEndFrameTransformIn": 0,
        "indexStartFrameTransformOut": 0,
        "isCalledCutBody": false,
        "isCenterCrop": false,
        "isCenterInside": true,
        "isCropBitmap": false,
        "isLoadFromCache": true,
        "isLocked": false,
        "itemDataTransition": {
          "indexCate": 0,
          "isMask": false,
          "keyItem": "",
          "linkCover": "",
          "linkDownload": "",
          "modeDraw": "",
          "nameEn": "",
          "nameVn": "",
          "paintModeDraw": "SRC_OVER",
          "pathFolderOfTransition": "",
          "pathFolderZipOfTransition": "",
          "positionTransitionInAdapter": 0,
          "timeTransitionCurrent": 1000,
          "typeTransition": {
            "type": "NONE",
            "typeTransition": "NONE"
          }
        },
        "itemTemplateModel": {
          "duration": 0,
          "heightBitmap": 0,
          "indexSticker": -1,
          "isCrop": false,
          "isLocked": false,
          "md5PathFileOld": "",
          "pathFile": "",
          "rect": {
            "bottom": 0,
            "left": 0,
            "right": 0,
            "top": 0
          },
          "typeTemplateModel": "NONE",
          "widthBitmap": 0
        },
        "linkBackgroundImage": "",
        "objDataAdjust": {
          "mCurrentBrightnessFilter": 45,
          "mCurrentContrastFilter": 40,
          "mCurrentExposureFilter": 50,
          "mCurrentFadeFilters": 0,
          "mCurrentHighlightFilter": 100,
          "mCurrentHueFilter": 0,
          "mCurrentSaturationFilter": 40,
          "mCurrentShadowFilter": 0,
          "mCurrentSharpenFilter": 50,
          "mCurrentTempFilter": 50,
          "mCurrentVignetteFilter": 100,
          "mListRedoAdjust": [],
          "mListUndoAdjust": [
            {
              "mCurrentBrightnessFilter": 50,
              "mCurrentContrastFilter": 40,
              "mCurrentExposureFilter": 50,
              "mCurrentFadeFilters": 0,
              "mCurrentHighlightFilter": 100,
              "mCurrentHueFilter": 0,
              "mCurrentSaturationFilter": 50,
              "mCurrentShadowFilter": 0,
              "mCurrentSharpenFilter": 50,
              "mCurrentTempFilter": 50,
              "mCurrentVignetteFilter": 100,
              "position": 2
            },
            {
              "mCurrentBrightnessFilter": 50,
              "mCurrentContrastFilter": 40,
              "mCurrentExposureFilter": 50,
              "mCurrentFadeFilters": 0,
              "mCurrentHighlightFilter": 100,
              "mCurrentHueFilter": 0,
              "mCurrentSaturationFilter": 40,
              "mCurrentShadowFilter": 0,
              "mCurrentSharpenFilter": 50,
              "mCurrentTempFilter": 50,
              "mCurrentVignetteFilter": 100,
              "position": 4
            },
            {
              "mCurrentBrightnessFilter": 45,
              "mCurrentContrastFilter": 40,
              "mCurrentExposureFilter": 50,
              "mCurrentFadeFilters": 0,
              "mCurrentHighlightFilter": 100,
              "mCurrentHueFilter": 0,
              "mCurrentSaturationFilter": 40,
              "mCurrentShadowFilter": 0,
              "mCurrentSharpenFilter": 50,
              "mCurrentTempFilter": 50,
              "mCurrentVignetteFilter": 100,
              "position": 1
            }
          ]
        },
        "pathBitmap": "/storage/emulated/0/Pictures/Telegram/IMG_20220705_164037_609.jpg",
        "rotate": 0,
        "rotateAnim": 0.0,
        "scaleAnim": 1.0,
        "startIndexFrame": 277,
        "timeTransformCombo": 2367,
        "timeTransformIn": 300,
        "timeTransformOut": 300,
        "totalFrame": 70,
        "typeBackground": "COLOR",
        "typeTransformCombo": "NONE",
        "typeTransformIn": "NONE",
        "typeTransformOut": "NONE",
        "valueMatrixBitmapDraw": [
          0.61,
          0.0,
          -4.5,
          0.0,
          0.61,
          -6.0000153,
          0.0,
          0.0,
          1.0
        ],
        "widthBitmap": 900
      }
    ]
  },
  "frame": {
    "listItemStickerData": [],
    "listItemViewDataOnTimeLine": []
  },
  "keyProjectCurrent": "1657014065746",
  "listTemplateModel": {
    "list": []
  },
  "music": {
    "listItemMusicData": [
      {
        "durationEnd": 11664,
        "durationFadeIn": 0,
        "durationFadeOut": 0,
        "durationStart": 0,
        "endIndexFrame": 349,
        "indexRowCurrent": 0,
        "indexRowPrevious": 0,
        "keyInHasMap": 1657014070606,
        "linkDownloadMp3": "/storage/emulated/0/Music/G3Video/Direct_ConvertVideoToMp3_1657014067054.mp3",
        "nameMp3": "Direct_ConvertVideoToMp3_1657014067054.mp3",
        "pathDefault": "/storage/emulated/0/Music/G3Video/Direct_ConvertVideoToMp3_1657014067054.mp3",
        "pathSaveFile": "/storage/emulated/0/Music/G3Video/Direct_ConvertVideoToMp3_1657014067054.mp3",
        "positionEffectVoice": 0,
        "speedAudio": 1.0,
        "startIndexFrame": 0,
        "volume": 1.0
      }
    ]
  },
  "nameVideo": "Template 1657014065746",
  "setting": {
    "quality": 720,
    "ratio": {
      "height": 1.3333334,
      "width": 1.0
    }
  },
  "sticker": {
    "listItemStickerData": [
      {
        "DOT": ".",
        "TYPE_PHOTO": "png",
        "WIDTH_MAX": 360,
        "alpha": 255,
        "animTextModel": {
          "easeCombo": "LINEAR",
          "easeIn": "LINEAR",
          "easeOut": "LINEAR",
          "endIndexFrameCombo": 349,
          "endIndexFrameIn": 0,
          "endIndexFrameOut": 349,
          "percentIn": 0.0,
          "percentOut": 0.0,
          "percentSpeedCombo": 30.0,
          "speedFrameCombo": 0,
          "startIndexFrameCombo": 0,
          "startIndexFrameIn": 0,
          "startIndexFrameOut": 0,
          "typeAnimTextCombo": "NONE",
          "typeAnimTextIn": "NONE_IN",
          "typeAnimTextOut": "NONE_OUT"
        },
        "countDeltaTime": 0.0,
        "dataFrames": {
          "isNeedLoadBitmap1": false,
          "isNeedLoadBitmap2": false,
          "isNeedLoadBitmap2Loop": false,
          "isNeedLoadBitmap3": false,
          "isNeedLoadBitmap4": false,
          "isNeedLoadBitmap4Loop": false,
          "isNeedLoadBitmap5": false,
          "isNeedLoadBitmap6": false,
          "isNeedLoadBitmap6Loop": false,
          "isNeedLoadBitmap7": false,
          "isNeedLoadBitmap8": false,
          "isNeedLoadBitmap8Loop": false,
          "isNeedLoadBitmap9": false
        },
        "deviationXShadow": 0.0,
        "deviationYShadow": 0.0,
        "duration": 11633,
        "endColor": -1,
        "endIndexFrame": 349,
        "flip": 1.0,
        "heightBitmap": 360,
        "id": "6cea577ea1eefeaa75c8f260f7279f6",
        "indexColor": 0,
        "indexColorShadow": 0,
        "indexEndFrameTransformCombo": 0,
        "indexEndFrameTransformIn": 0,
        "indexFont": 0,
        "indexFrame": 25,
        "indexStartFrameTransformOut": 0,
        "indexTransition": -1,
        "isBgText": false,
        "isBoldText": false,
        "isDashText": false,
        "isDashUnderText": false,
        "isDrawAnim": false,
        "isFirstFillDataTransformCombo": true,
        "isInit": true,
        "isItalicText": false,
        "isLayerFront": true,
        "isLoadFrameCache": true,
        "isTexture": false,
        "isVisible": true,
        "linkBubble": "",
        "linkItemFrame": "",
        "linkMask": "",
        "listText": [],
        "modeDraw": "SRC_OVER",
        "pathFolder": "https://photoforapp.s3.ap-southeast-1.amazonaws.com/Video/Sticker/GIF_GIF/Heart3/17.gif",
        "pathFont": "",
        "pathSaveBitmapFrame": "",
        "pathTexture": "",
        "pointRotate": {
          "x": 275.6549,
          "y": 323.19812
        },
        "pointTranslate": {
          "x": 95.65491,
          "y": 143.19812
        },
        "rotate": -0.1937561,
        "scale": 0.28611302,
        "speed": 1,
        "speedOfTransformCombo": 15,
        "startColor": -1,
        "startIndexFrame": 0,
        "stickerTypeTransformCombo": "NONE",
        "stickerTypeTransformIn": "NONE",
        "stickerTypeTransformOut": "NONE",
        "textAlignment": "CENTER",
        "textBlurShadow": 0.0,
        "textColorShadow": -16777216,
        "textHeightAllLine": 0.0,
        "textHeightOneLine": 0.0,
        "textLetterSpacing": 0.0,
        "textLineSpacing": 4.0,
        "textPadding": 6.0,
        "textSize": 1.0,
        "textSizeDefault": 30.0,
        "textString": "",
        "textStroke": {
          "color": "#000000",
          "indexPositionInAdapter": -1,
          "width": 0.0
        },
        "timeTransformCombo": 300,
        "timeTransformIn": 300,
        "timeTransformOut": 300,
        "titleShow": "He17",
        "totalFileNeedDownForOneFrame": 0,
        "typeSticker": "LIST_PHOTO",
        "urlCover": "https://photoforapp.s3.ap-southeast-1.amazonaws.com/Video/Sticker/GIF_GIF/Heart3/17.gif",
        "widthBitmap": 360
      }
    ],
    "listItemViewDataOnTimeLine": [
      {
        "durationEnd": 0,
        "durationFadeIn": 0,
        "durationFadeOut": 0,
        "durationStart": 0,
        "endIndexFrame": 349,
        "indexRowCurrent": 0,
        "indexRowPrevious": 0,
        "keyInHasMap": 1657014731797,
        "linkDownloadMp3": "",
        "nameMp3": "",
        "pathDefault": "",
        "pathSaveFile": "",
        "positionEffectVoice": 0,
        "speedAudio": 1.0,
        "startIndexFrame": 0,
        "volume": 1.0
      }
    ]
  },
  "text": {
    "listItemStickerData": [
      {
        "DOT": ".",
        "TYPE_PHOTO": "png",
        "WIDTH_MAX": 360,
        "alpha": 255,
        "animTextModel": {
          "easeCombo": "LINEAR",
          "easeIn": "LINEAR",
          "easeOut": "LINEAR",
          "endIndexFrameCombo": 349,
          "endIndexFrameIn": 0,
          "endIndexFrameOut": 349,
          "percentIn": 0.0,
          "percentOut": 0.0,
          "percentSpeedCombo": 30.0,
          "speedFrameCombo": 0,
          "startIndexFrameCombo": 0,
          "startIndexFrameIn": 0,
          "startIndexFrameOut": 0,
          "typeAnimTextCombo": "NONE",
          "typeAnimTextIn": "NONE_IN",
          "typeAnimTextOut": "NONE_OUT"
        },
        "countDeltaTime": 0.0,
        "dataFrames": {
          "isNeedLoadBitmap1": false,
          "isNeedLoadBitmap2": false,
          "isNeedLoadBitmap2Loop": false,
          "isNeedLoadBitmap3": false,
          "isNeedLoadBitmap4": false,
          "isNeedLoadBitmap4Loop": false,
          "isNeedLoadBitmap5": false,
          "isNeedLoadBitmap6": false,
          "isNeedLoadBitmap6Loop": false,
          "isNeedLoadBitmap7": false,
          "isNeedLoadBitmap8": false,
          "isNeedLoadBitmap8Loop": false,
          "isNeedLoadBitmap9": false
        },
        "deviationXShadow": 0.0,
        "deviationYShadow": 0.0,
        "duration": 11633,
        "endColor": -1,
        "endIndexFrame": 349,
        "flip": 1.0,
        "heightBitmap": 0,
        "id": "6b8718a5284fcc0c06b1e7af82a4662",
        "indexColor": 0,
        "indexColorShadow": 0,
        "indexEndFrameTransformCombo": 0,
        "indexEndFrameTransformIn": 0,
        "indexFont": 71,
        "indexFrame": 0,
        "indexStartFrameTransformOut": 0,
        "indexTransition": -1,
        "isBgText": false,
        "isBoldText": true,
        "isDashText": false,
        "isDashUnderText": false,
        "isDrawAnim": false,
        "isFirstFillDataTransformCombo": true,
        "isInit": true,
        "isItalicText": false,
        "isLayerFront": true,
        "isLoadFrameCache": true,
        "isTexture": false,
        "isVisible": true,
        "linkBubble": "",
        "linkItemFrame": "",
        "linkMask": "",
        "listText": [
          "my heart",
          "calls out for you"
        ],
        "modeDraw": "SRC_OVER",
        "pathFolder": "",
        "pathFont": "/data/user/0/videoeditor.moviemaker/files/INTERNAL_FONT_FOLDER_UNZIP/autum/autum/Autumn Chant.otf",
        "pathSaveBitmapFrame": "",
        "pathTexture": "https://photoforapp.s3.ap-southeast-1.amazonaws.com/Video/TextV2/Style/Basic/14/texture.jpg",
        "pointRotate": {
          "x": 270.0,
          "y": 360.0
        },
        "pointTranslate": {
          "x": 90.0,
          "y": 180.0
        },
        "rotate": 0.31726074,
        "scale": 1.0440481,
        "speed": 1,
        "speedOfTransformCombo": 15,
        "startColor": -1,
        "startIndexFrame": 0,
        "stickerTypeTransformCombo": "NONE",
        "stickerTypeTransformIn": "NONE",
        "stickerTypeTransformOut": "NONE",
        "textAlignment": "CENTER",
        "textBlurShadow": 10.0,
        "textColorShadow": 855638016,
        "textHeightAllLine": 81.75,
        "textHeightOneLine": 33.0,
        "textLetterSpacing": 0.0,
        "textLineSpacing": 4.0,
        "textPadding": 15.75,
        "textSize": 26.0,
        "textSizeDefault": 30.0,
        "textString": "my heart\ncalls out for you",
        "textStroke": {
          "color": "#000000",
          "indexPositionInAdapter": -1,
          "width": 0.0
        },
        "timeTransformCombo": 300,
        "timeTransformIn": 300,
        "timeTransformOut": 300,
        "titleShow": "",
        "totalFileNeedDownForOneFrame": 0,
        "typeSticker": "TEXT",
        "urlCover": "",
        "widthBitmap": 0
      }
    ],
    "listItemViewDataOnTimeLine": [
      {
        "durationEnd": 0,
        "durationFadeIn": 0,
        "durationFadeOut": 0,
        "durationStart": 0,
        "endIndexFrame": 349,
        "indexRowCurrent": 0,
        "indexRowPrevious": 0,
        "keyInHasMap": 1657014731780,
        "linkDownloadMp3": "",
        "nameMp3": "",
        "pathDefault": "",
        "pathSaveFile": "",
        "positionEffectVoice": 0,
        "speedAudio": 1.0,
        "startIndexFrame": 0,
        "volume": 1.0
      }
    ]
  },
  "timeLastUpdate": 1657014732811,
  "videoEffect": {
    "listItemEffectData": [],
    "listItemViewDataOnTimeLine": []
  }
}