{"durationVideo":5967,"editor":{"listItemPhotoData":[{"backgroundColor":-16777216,"blurBackground":25,"duration":967,"endIndexFrame":28,"flipHorizontal":1.0,"flipVertical":1.0,"gpuPosition":0,"gpuProgress":0,"heightBitmap":1277,"idItemPhoto":"1655112406363","indexEndFrameTransformCombo":28,"indexEndFrameTransformIn":0,"indexStartFrameTransformOut":0,"isCenterCrop":false,"isCenterInside":true,"isCropBitmap":false,"isLoadFromCache":true,"isLocked":false,"itemDataTransition":{"indexCate":2,"indexItem":0,"isMask":false,"keyItem":"CAMERA_PULL_IN","linkCover":"https://photoforapp.s3.ap-southeast-1.amazonaws.com/Video/TransitionsServer/Camera/Icon/CAMERA_PULL_IN.gif","linkDownload":"https://photoforapp.s3.ap-southeast-1.amazonaws.com/Video/TransitionsServer/Camera/CAMERA_PULL_IN.zip","modeDraw":"","nameEn":"Pull in","nameVn":"Kéo vào","paintModeDraw":"SRC_OVER","pathFolderOfTransition":"","pathFolderZipOfTransition":"","positionTransitionInAdapter":7,"timeTransitionCurrent":605,"typeTransition":{"type":"CAMERA","typeTransition":"CAMERA_PULL_IN"}},"itemTemplateModel":{"duration":0,"heightBitmap":0,"indexSticker":-1,"isCrop":false,"isLocked":false,"md5PathFileOld":"","pathFile":"","rect":{"bottom":0,"left":0,"right":0,"top":0},"typeTemplateModel":"NONE","widthBitmap":0},"linkBackgroundImage":"","objDataAdjust":{"mCurrentBrightnessFilter":50,"mCurrentContrastFilter":50,"mCurrentExposureFilter":50,"mCurrentFadeFilters":0,"mCurrentHighlightFilter":100,"mCurrentHueFilter":0,"mCurrentSaturationFilter":50,"mCurrentShadowFilter":0,"mCurrentSharpenFilter":50,"mCurrentTempFilter":50,"mCurrentVignetteFilter":100,"mListRedoAdjust":[],"mListUndoAdjust":[]},"pathBitmap":"/storage/emulated/0/Pictures/Telegram/IMG_20220613_162349_034.jpg","rotate":0,"rotateAnim":0.0,"scaleAnim":1.0,"startIndexFrame":0,"timeTransformCombo":967,"timeTransformIn":300,"timeTransformOut":300,"totalFrame":28,"typeBackground":"BLUR","typeTransformCombo":"NONE","typeTransformIn":"NONE","typeTransformOut":"NONE","valueMatrixBitmapDraw":[0.56367433,0.0,0.0,0.0,0.56367433,0.093933105,0.0,0.0,1.0],"widthBitmap":958},{"backgroundColor":-16777216,"blurBackground":25,"duration":5000,"endIndexFrame":178,"flipHorizontal":1.0,"flipVertical":1.0,"gpuPosition":0,"gpuProgress":0,"heightBitmap":1280,"idItemPhoto":"1655112406459","indexEndFrameTransformCombo":178,"indexEndFrameTransformIn":0,"indexStartFrameTransformOut":0,"isCenterCrop":false,"isCenterInside":true,"isCropBitmap":false,"isLoadFromCache":true,"isLocked":false,"itemDataTransition":{"indexCate":0,"isMask":false,"keyItem":"","linkCover":"","linkDownload":"","modeDraw":"","nameEn":"","nameVn":"","paintModeDraw":"SRC_OVER","pathFolderOfTransition":"","pathFolderZipOfTransition":"","positionTransitionInAdapter":0,"timeTransitionCurrent":1000,"typeTransition":{"type":"NONE","typeTransition":"NONE"}},"itemTemplateModel":{"duration":0,"heightBitmap":0,"indexSticker":-1,"isCrop":false,"isLocked":false,"md5PathFileOld":"","pathFile":"","rect":{"bottom":0,"left":0,"right":0,"top":0},"typeTemplateModel":"NONE","widthBitmap":0},"linkBackgroundImage":"","objDataAdjust":{"mCurrentBrightnessFilter":50,"mCurrentContrastFilter":50,"mCurrentExposureFilter":50,"mCurrentFadeFilters":0,"mCurrentHighlightFilter":100,"mCurrentHueFilter":0,"mCurrentSaturationFilter":50,"mCurrentShadowFilter":0,"mCurrentSharpenFilter":50,"mCurrentTempFilter":50,"mCurrentVignetteFilter":100,"mListRedoAdjust":[],"mListUndoAdjust":[]},"pathBitmap":"/storage/emulated/0/Pictures/Telegram/IMG_20220613_162353_651.jpg","rotate":0,"rotateAnim":0.0,"scaleAnim":1.0,"startIndexFrame":29,"timeTransformCombo":5000,"timeTransformIn":300,"timeTransformOut":300,"totalFrame":149,"typeBackground":"BLUR","typeTransformCombo":"JUMP_ROTATE","typeTransformIn":"NONE","typeTransformOut":"NONE","valueMatrixBitmapDraw":[0.56133056,0.0,0.0,0.0,0.56133056,0.7484436,0.0,0.0,1.0],"widthBitmap":962}]},"frame":{"listItemStickerData":[],"listItemViewDataOnTimeLine":[]},"keyProjectCurrent":"1655112419516","listTemplateModel":{"list":[]},"music":{"listItemMusicData":[{"durationEnd":6000,"durationStart":0,"endIndexFrame":180,"indexRowCurrent":0,"indexRowPrevious":0,"keyInHasMap":1655112451749,"linkDownloadMp3":"/storage/emulated/0/Music/G3Video/Direct_ConvertVideoToMp3_1655112286204.mp3","nameMp3":"Direct_ConvertVideoToMp3_1655112286204.mp3","pathSaveFile":"/storage/emulated/0/Music/G3Video/Direct_ConvertVideoToMp3_1655112286204.mp3","startIndexFrame":0,"volume":1.0}]},"nameVideo":"Template 1655112419516","setting":{"quality":720,"ratio":{"height":1.3329854,"width":1.0}},"sticker":{"listItemStickerData":[],"listItemViewDataOnTimeLine":[]},"text":{"listItemStickerData":[],"listItemViewDataOnTimeLine":[]},"timeLastUpdate":1655113104472,"videoEffect":{"listItemEffectData":[{"drawMode":"SCREEN","endIndexFrame":32,"indexFrameDrawCurrent":0,"isCenterCrop":true,"isCenterInside":false,"isDraw":true,"isReloadFromCache":true,"jsonObjectDataOfItem":"","keyEffect":"Basic","keyInHasMap":1655113104474,"pathFolderEffect":"","positionInAdapter":6,"sizeCanvasCurrent":{"x":0,"y":0},"speed":1,"startIndexFrame":1,"title":"Zoom in","totalFrame":31,"uri":""},{"drawMode":"SCREEN","endIndexFrame":270,"indexFrameDrawCurrent":0,"isCenterCrop":true,"isCenterInside":false,"isDraw":true,"isReloadFromCache":true,"jsonObjectDataOfItem":"{\"color\":-1,\"defaultSpeed\":3.0,\"max\":30.0,\"min\":2.0,\"speedCurrent\":19.92}","keyEffect":"Party","keyInHasMap":1655113104475,"pathFolderEffect":"","positionInAdapter":3,"sizeCanvasCurrent":{"x":0,"y":0},"speed":1,"startIndexFrame":29,"title":"White flash","totalFrame":241,"uri":""}],"listItemViewDataOnTimeLine":[{"durationEnd":1033,"durationStart":0,"endIndexFrame":32,"indexRowCurrent":0,"indexRowPrevious":0,"keyInHasMap":1655112894861,"linkDownloadMp3":"","nameMp3":"","pathSaveFile":"","startIndexFrame":1,"volume":1.0},{"durationEnd":8033,"durationStart":0,"endIndexFrame":270,"indexRowCurrent":0,"indexRowPrevious":0,"keyInHasMap":1655112933688,"linkDownloadMp3":"","nameMp3":"","pathSaveFile":"","startIndexFrame":29,"volume":1.0}]}}