{
  "durationVideo": 8533,
  "editor": {
    "listItemPhotoData": [
      {
        "backgroundColor": -16777216,
        "blurBackground": 0,
        "duration": 8533,
        "endIndexFrame": 255,
        "flipHorizontal": 1.0,
        "flipVertical": 1.0,
        "gpuPosition": 0,
        "gpuProgress": 0,
        "heightBitmap": 1280,
        "idItemPhoto": "1658133895231",
        "indexEndFrameTransformCombo": 0,
        "indexEndFrameTransformIn": 0,
        "indexStartFrameTransformOut": 0,
        "isCalledCutBody": false,
        "isCenterCrop": false,
        "isCenterInside": true,
        "isCropBitmap": true,
        "isLoadFromCache": true,
        "isLocked": false,
        "itemDataTransition": {
          "indexCate": 0,
          "isMask": false,
          "keyItem": "",
          "linkCover": "",
          "linkDownload": "",
          "modeDraw": "",
          "nameEn": "",
          "nameVn": "",
          "paintModeDraw": "SRC_OVER",
          "pathFolderOfTransition": "",
          "pathFolderZipOfTransition": "",
          "positionTransitionInAdapter": 0,
          "timeTransitionCurrent": 1000,
          "typeTransition": {
            "type": "NONE",
            "typeTransition": "NONE"
          }
        },
        "itemTemplateModel": {
          "duration": 0,
          "heightBitmap": 0,
          "indexSticker": -1,
          "isCrop": false,
          "isLocked": false,
          "md5PathFileOld": "",
          "pathFile": "",
          "rect": {
            "bottom": 0,
            "left": 0,
            "right": 0,
            "top": 0
          },
          "typeTemplateModel": "NONE",
          "widthBitmap": 0
        },
        "linkBackgroundImage": "",
        "objDataAdjust": {
          "mCurrentBrightnessFilter": 50,
          "mCurrentContrastFilter": 50,
          "mCurrentExposureFilter": 50,
          "mCurrentFadeFilters": 0,
          "mCurrentHighlightFilter": 100,
          "mCurrentHueFilter": 0,
          "mCurrentSaturationFilter": 50,
          "mCurrentShadowFilter": 0,
          "mCurrentSharpenFilter": 50,
          "mCurrentTempFilter": 50,
          "mCurrentVignetteFilter": 100,
          "mListRedoAdjust": [],
          "mListUndoAdjust": []
        },
        "pathBitmap": "/storage/emulated/0/DCIM/Ảnh Test/Girl/285245523_2162375207258877_7121724860619919345_n.jpg",
        "rectCrop": {
          "bottom": 1280,
          "left": 86,
          "right": 806,
          "top": 0
        },
        "rotate": 0,
        "rotateAnim": 0.0,
        "scaleAnim": 1.0,
        "startIndexFrame": 0,
        "timeTransformCombo": 8533,
        "timeTransformIn": 300,
        "timeTransformOut": 300,
        "totalFrame": 255,
        "typeBackground": "COLOR",
        "typeTransformCombo": "NONE",
        "typeTransformIn": "NONE",
        "typeTransformOut": "NONE",
        "valueMatrixBitmapDraw": [
          0.5725,
          0.0,
          -3.5999985,
          0.0,
          0.5725,
          -6.399994,
          0.0,
          0.0,
          1.0
        ],
        "widthBitmap": 720
      }
    ]
  },
  "frame": {
    "listItemStickerData": [],
    "listItemViewDataOnTimeLine": []
  },
  "keyProjectCurrent": "1658133907754",
  "listTemplateModel": {
    "list": []
  },
  "music": {
    "listItemMusicData": [
      {
        "durationEnd": 8376,
        "durationFadeIn": 0,
        "durationFadeOut": 0,
        "durationStart": 0,
        "endIndexFrame": 252,
        "indexRowCurrent": 0,
        "indexRowPrevious": 0,
        "keyInHasMap": 1658133919234,
        "linkDownloadMp3": "/storage/emulated/0/Music/G3Video/Direct_ConvertVideoToMp3_1658133853862.mp3",
        "nameMp3": "Direct_ConvertVideoToMp3_1658133853862.mp3",
        "pathDefault": "/storage/emulated/0/Music/G3Video/Direct_ConvertVideoToMp3_1658133853862.mp3",
        "pathSaveFile": "/storage/emulated/0/Music/G3Video/Direct_ConvertVideoToMp3_1658133853862.mp3",
        "positionEffectVoice": 0,
        "speedAudio": 1.0,
        "startIndexFrame": 1,
        "volume": 1.0
      }
    ]
  },
  "nameVideo": "Template 1658133907754",
  "setting": {
    "quality": 720,
    "ratio": {
      "height": 16.0,
      "width": 9.0
    }
  },
  "sticker": {
    "listItemStickerData": [],
    "listItemViewDataOnTimeLine": []
  },
  "text": {
    "listItemStickerData": [],
    "listItemViewDataOnTimeLine": []
  },
  "timeLastUpdate": 1658135109313,
  "videoEffect": {
    "listItemEffectData": [
      {
        "drawMode": "SCREEN",
        "endIndexFrame": 85,
        "indexFrameDrawCurrent": 0,
        "isCenterCrop": true,
        "isCenterInside": false,
        "isDraw": true,
        "isNeedCutBody": false,
        "isReloadFromCache": true,
        "jsonObjectDataOfItem": "{\n  \"defaultMinSpeed\": 10.0,\n  \"defaultShow\": 20,\n  \"defaultSpeed\": 25.0,\n  \"max\": 50.0,\n  \"min\": 0.0,\n  \"speedCurrent\": 25.0\n}",
        "keyEffect": "Party",
        "keyInHasMap": 1658135109319,
        "pathFolderEffect": "",
        "positionInAdapter": 16,
        "speed": 1,
        "startIndexFrame": 64,
        "title": "Negative",
        "totalFrame": 21,
        "uri": ""
      },
      {
        "drawMode": "SCREEN",
        "endIndexFrame": 94,
        "indexFrameDrawCurrent": 0,
        "isCenterCrop": true,
        "isCenterInside": false,
        "isDraw": true,
        "isNeedCutBody": false,
        "isReloadFromCache": true,
        "jsonObjectDataOfItem": "{\n  \"defaultMinShow\": 6.0,\n  \"defaultMinSpeed\": 10.0,\n  \"defaultShow\": 6.0,\n  \"defaultSpeed\": 0.0,\n  \"maxShow\": 6.0,\n  \"maxSpeed\": 10.0,\n  \"minShow\": 0.0,\n  \"minSpeed\": 0.0,\n  \"showCurrent\": 6.0,\n  \"speedCurrent\": 0.0\n}",
        "keyEffect": "Party",
        "keyInHasMap": 1658135109329,
        "pathFolderEffect": "",
        "positionInAdapter": 7,
        "speed": 1,
        "startIndexFrame": 87,
        "title": "Pulse",
        "totalFrame": 7,
        "uri": ""
      },
      {
        "drawMode": "SCREEN",
        "endIndexFrame": 99,
        "indexFrameDrawCurrent": 0,
        "isCenterCrop": true,
        "isCenterInside": false,
        "isDraw": true,
        "isNeedCutBody": false,
        "isReloadFromCache": true,
        "jsonObjectDataOfItem": "{\n  \"defaultMinShow\": 6.0,\n  \"defaultMinSpeed\": 10.0,\n  \"defaultShow\": 6.0,\n  \"defaultSpeed\": 0.0,\n  \"maxShow\": 6.0,\n  \"maxSpeed\": 10.0,\n  \"minShow\": 0.0,\n  \"minSpeed\": 0.0,\n  \"showCurrent\": 6.0,\n  \"speedCurrent\": 0.0\n}",
        "keyEffect": "Party",
        "keyInHasMap": 1658135109334,
        "pathFolderEffect": "",
        "positionInAdapter": 7,
        "speed": 1,
        "startIndexFrame": 92,
        "title": "Pulse",
        "totalFrame": 7,
        "uri": ""
      },
      {
        "drawMode": "SCREEN",
        "endIndexFrame": 103,
        "indexFrameDrawCurrent": 0,
        "isCenterCrop": true,
        "isCenterInside": false,
        "isDraw": true,
        "isNeedCutBody": false,
        "isReloadFromCache": true,
        "jsonObjectDataOfItem": "{\n  \"defaultMinShow\": 6.0,\n  \"defaultMinSpeed\": 10.0,\n  \"defaultShow\": 6.0,\n  \"defaultSpeed\": 0.0,\n  \"maxShow\": 6.0,\n  \"maxSpeed\": 10.0,\n  \"minShow\": 0.0,\n  \"minSpeed\": 0.0,\n  \"showCurrent\": 6.0,\n  \"speedCurrent\": 0.0\n}",
        "keyEffect": "Party",
        "keyInHasMap": 1658135109341,
        "pathFolderEffect": "",
        "positionInAdapter": 7,
        "speed": 1,
        "startIndexFrame": 96,
        "title": "Pulse",
        "totalFrame": 7,
        "uri": ""
      },
      {
        "drawMode": "SCREEN",
        "endIndexFrame": 108,
        "indexFrameDrawCurrent": 0,
        "isCenterCrop": true,
        "isCenterInside": false,
        "isDraw": true,
        "isNeedCutBody": false,
        "isReloadFromCache": true,
        "jsonObjectDataOfItem": "{\n  \"defaultMinShow\": 6.0,\n  \"defaultMinSpeed\": 10.0,\n  \"defaultShow\": 6.0,\n  \"defaultSpeed\": 0.0,\n  \"maxShow\": 6.0,\n  \"maxSpeed\": 10.0,\n  \"minShow\": 0.0,\n  \"minSpeed\": 0.0,\n  \"showCurrent\": 6.0,\n  \"speedCurrent\": 0.0\n}",
        "keyEffect": "Party",
        "keyInHasMap": 1658135109344,
        "pathFolderEffect": "",
        "positionInAdapter": 7,
        "speed": 1,
        "startIndexFrame": 101,
        "title": "Pulse",
        "totalFrame": 7,
        "uri": ""
      },
      {
        "drawMode": "SCREEN",
        "endIndexFrame": 112,
        "indexFrameDrawCurrent": 0,
        "isCenterCrop": true,
        "isCenterInside": false,
        "isDraw": true,
        "isNeedCutBody": false,
        "isReloadFromCache": true,
        "jsonObjectDataOfItem": "{\n  \"defaultMinShow\": 6.0,\n  \"defaultMinSpeed\": 10.0,\n  \"defaultShow\": 6.0,\n  \"defaultSpeed\": 0.0,\n  \"maxShow\": 6.0,\n  \"maxSpeed\": 10.0,\n  \"minShow\": 0.0,\n  \"minSpeed\": 0.0,\n  \"showCurrent\": 6.0,\n  \"speedCurrent\": 0.0\n}",
        "keyEffect": "Party",
        "keyInHasMap": 1658135109347,
        "pathFolderEffect": "",
        "positionInAdapter": 7,
        "speed": 1,
        "startIndexFrame": 105,
        "title": "Pulse",
        "totalFrame": 7,
        "uri": ""
      },
      {
        "drawMode": "SCREEN",
        "endIndexFrame": 117,
        "indexFrameDrawCurrent": 0,
        "isCenterCrop": true,
        "isCenterInside": false,
        "isDraw": true,
        "isNeedCutBody": false,
        "isReloadFromCache": true,
        "jsonObjectDataOfItem": "{\n  \"defaultMinShow\": 6.0,\n  \"defaultMinSpeed\": 10.0,\n  \"defaultShow\": 6.0,\n  \"defaultSpeed\": 0.0,\n  \"maxShow\": 6.0,\n  \"maxSpeed\": 10.0,\n  \"minShow\": 0.0,\n  \"minSpeed\": 0.0,\n  \"showCurrent\": 6.0,\n  \"speedCurrent\": 0.0\n}",
        "keyEffect": "Party",
        "keyInHasMap": 1658135109351,
        "pathFolderEffect": "",
        "positionInAdapter": 7,
        "speed": 1,
        "startIndexFrame": 110,
        "title": "Pulse",
        "totalFrame": 7,
        "uri": ""
      },
      {
        "drawMode": "SCREEN",
        "endIndexFrame": 120,
        "indexFrameDrawCurrent": 0,
        "isCenterCrop": true,
        "isCenterInside": false,
        "isDraw": true,
        "isNeedCutBody": false,
        "isReloadFromCache": true,
        "jsonObjectDataOfItem": "{\n  \"defaultMinShow\": 6.0,\n  \"defaultMinSpeed\": 10.0,\n  \"defaultShow\": 6.0,\n  \"defaultSpeed\": 0.0,\n  \"maxShow\": 6.0,\n  \"maxSpeed\": 10.0,\n  \"minShow\": 0.0,\n  \"minSpeed\": 0.0,\n  \"showCurrent\": 6.0,\n  \"speedCurrent\": 0.0\n}",
        "keyEffect": "Party",
        "keyInHasMap": 1658135109354,
        "pathFolderEffect": "",
        "positionInAdapter": 7,
        "speed": 1,
        "startIndexFrame": 115,
        "title": "Pulse",
        "totalFrame": 5,
        "uri": ""
      },
      {
        "drawMode": "SCREEN",
        "endIndexFrame": 123,
        "indexFrameDrawCurrent": 0,
        "isCenterCrop": true,
        "isCenterInside": false,
        "isDraw": true,
        "isNeedCutBody": false,
        "isReloadFromCache": true,
        "jsonObjectDataOfItem": "{\n  \"defaultMinShow\": 6.0,\n  \"defaultMinSpeed\": 10.0,\n  \"defaultShow\": 6.0,\n  \"defaultSpeed\": 0.0,\n  \"maxShow\": 6.0,\n  \"maxSpeed\": 10.0,\n  \"minShow\": 0.0,\n  \"minSpeed\": 0.0,\n  \"showCurrent\": 6.0,\n  \"speedCurrent\": 0.0\n}",
        "keyEffect": "Party",
        "keyInHasMap": 1658135109358,
        "pathFolderEffect": "",
        "positionInAdapter": 7,
        "speed": 1,
        "startIndexFrame": 119,
        "title": "Pulse",
        "totalFrame": 4,
        "uri": ""
      },
      {
        "drawMode": "SCREEN",
        "endIndexFrame": 256,
        "indexFrameDrawCurrent": 7,
        "isCenterCrop": true,
        "isCenterInside": false,
        "isDraw": true,
        "isNeedCutBody": false,
        "isReloadFromCache": true,
        "jsonObjectDataOfItem": "",
        "keyEffect": "SERVER",
        "keyInHasMap": 1658135109360,
        "pathFolderEffect": "/data/user/0/videoeditor.moviemaker/files/FOLDER_EFFECT/Particles/30",
        "positionInAdapter": 30,
        "speed": 1,
        "startIndexFrame": 125,
        "title": "Particles 30",
        "totalFrame": 131,
        "uri": "/data/user/0/videoeditor.moviemaker/files/FOLDER_EFFECT/Particles/30/Particles.m4v"
      },
      {
        "drawMode": "SCREEN",
        "endIndexFrame": 165,
        "indexFrameDrawCurrent": 0,
        "isCenterCrop": true,
        "isCenterInside": false,
        "isDraw": true,
        "isNeedCutBody": false,
        "isReloadFromCache": true,
        "jsonObjectDataOfItem": "{\n  \"defaultMinSpeed\": 10.0,\n  \"defaultMinZoom\": 1.1,\n  \"defaultShow\": 10,\n  \"defaultSpeed\": 0.0,\n  \"defaultZoom\": 0.0,\n  \"maxSpeed\": 10.0,\n  \"maxZoom\": 0.7,\n  \"minSpeed\": 0.0,\n  \"minZoom\": 0.0,\n  \"speedCurrent\": 0.0,\n  \"variabilityZoom\": 1.0,\n  \"zoomCurrent\": 0.0\n}",
        "keyEffect": "Party",
        "keyInHasMap": 1658135109366,
        "pathFolderEffect": "",
        "positionInAdapter": 8,
        "speed": 1,
        "startIndexFrame": 159,
        "title": "Astral",
        "totalFrame": 6,
        "uri": ""
      },
      {
        "drawMode": "SCREEN",
        "endIndexFrame": 171,
        "indexFrameDrawCurrent": 0,
        "isCenterCrop": true,
        "isCenterInside": false,
        "isDraw": true,
        "isNeedCutBody": false,
        "isReloadFromCache": true,
        "jsonObjectDataOfItem": "{\n  \"defaultMinSpeed\": 10.0,\n  \"defaultMinZoom\": 1.1,\n  \"defaultShow\": 10,\n  \"defaultSpeed\": 0.0,\n  \"defaultZoom\": 0.0,\n  \"maxSpeed\": 10.0,\n  \"maxZoom\": 0.7,\n  \"minSpeed\": 0.0,\n  \"minZoom\": 0.0,\n  \"speedCurrent\": 0.0,\n  \"variabilityZoom\": 1.0,\n  \"zoomCurrent\": 0.0\n}",
        "keyEffect": "Party",
        "keyInHasMap": 1658135109370,
        "pathFolderEffect": "",
        "positionInAdapter": 8,
        "speed": 1,
        "startIndexFrame": 165,
        "title": "Astral",
        "totalFrame": 6,
        "uri": ""
      },
      {
        "drawMode": "SCREEN",
        "endIndexFrame": 232,
        "indexFrameDrawCurrent": 12,
        "isCenterCrop": true,
        "isCenterInside": false,
        "isDraw": true,
        "isNeedCutBody": false,
        "isReloadFromCache": true,
        "jsonObjectDataOfItem": "",
        "keyEffect": "SERVER",
        "keyInHasMap": 1658135109372,
        "pathFolderEffect": "/data/user/0/videoeditor.moviemaker/files/FOLDER_EFFECT/Particles/32",
        "positionInAdapter": 32,
        "speed": 1,
        "startIndexFrame": 191,
        "title": "Particles 32",
        "totalFrame": 41,
        "uri": "/data/user/0/videoeditor.moviemaker/files/FOLDER_EFFECT/Particles/32/Particles.m4v"
      },
      {
        "drawMode": "SCREEN",
        "endIndexFrame": 256,
        "indexFrameDrawCurrent": 0,
        "isCenterCrop": true,
        "isCenterInside": false,
        "isDraw": true,
        "isNeedCutBody": false,
        "isReloadFromCache": true,
        "jsonObjectDataOfItem": "{\n  \"color\": -1,\n  \"defaultMinSpeed\": 2.0,\n  \"defaultSpeed\": 3.0,\n  \"max\": 28.0,\n  \"min\": 0.0,\n  \"speedCurrent\": 3.0\n}",
        "keyEffect": "Party",
        "keyInHasMap": 1658135109376,
        "pathFolderEffect": "",
        "positionInAdapter": 3,
        "speed": 1,
        "startIndexFrame": 225,
        "title": "White flash",
        "totalFrame": 31,
        "uri": ""
      },
      {
        "drawMode": "SCREEN",
        "endIndexFrame": 256,
        "indexFrameDrawCurrent": 0,
        "isCenterCrop": true,
        "isCenterInside": false,
        "isDraw": true,
        "isNeedCutBody": false,
        "isReloadFromCache": true,
        "jsonObjectDataOfItem": "{\n  \"color\": -1,\n  \"defaultMinSpeed\": 2.0,\n  \"defaultSpeed\": 3.0,\n  \"max\": 28.0,\n  \"min\": 0.0,\n  \"speedCurrent\": 3.0\n}",
        "keyEffect": "Party",
        "keyInHasMap": 1658135109378,
        "pathFolderEffect": "",
        "positionInAdapter": 3,
        "speed": 1,
        "startIndexFrame": 225,
        "title": "White flash",
        "totalFrame": 31,
        "uri": ""
      }
    ],
    "listItemViewDataOnTimeLine": [
      {
        "durationEnd": 933,
        "durationFadeIn": 0,
        "durationFadeOut": 0,
        "durationStart": 0,
        "endIndexFrame": 85,
        "indexRowCurrent": 0,
        "indexRowPrevious": 0,
        "keyInHasMap": 1658134044781,
        "linkDownloadMp3": "",
        "nameMp3": "",
        "pathDefault": "",
        "pathSaveFile": "",
        "positionEffectVoice": 0,
        "speedAudio": 1.0,
        "startIndexFrame": 64,
        "volume": 1.0
      },
      {
        "durationEnd": 233,
        "durationFadeIn": 0,
        "durationFadeOut": 0,
        "durationStart": 0,
        "endIndexFrame": 94,
        "indexRowCurrent": 0,
        "indexRowPrevious": 0,
        "keyInHasMap": 1658134109145,
        "linkDownloadMp3": "",
        "nameMp3": "",
        "pathDefault": "",
        "pathSaveFile": "",
        "positionEffectVoice": 0,
        "speedAudio": 1.0,
        "startIndexFrame": 87,
        "volume": 1.0
      },
      {
        "durationEnd": 233,
        "durationFadeIn": 0,
        "durationFadeOut": 0,
        "durationStart": 0,
        "endIndexFrame": 99,
        "indexRowCurrent": 0,
        "indexRowPrevious": 0,
        "keyInHasMap": 1658134156397,
        "linkDownloadMp3": "",
        "nameMp3": "",
        "pathDefault": "",
        "pathSaveFile": "",
        "positionEffectVoice": 0,
        "speedAudio": 1.0,
        "startIndexFrame": 92,
        "volume": 1.0
      },
      {
        "durationEnd": 0,
        "durationFadeIn": 0,
        "durationFadeOut": 0,
        "durationStart": 0,
        "endIndexFrame": 103,
        "indexRowCurrent": 0,
        "indexRowPrevious": 0,
        "keyInHasMap": 1658134186092,
        "linkDownloadMp3": "",
        "nameMp3": "",
        "pathDefault": "",
        "pathSaveFile": "",
        "positionEffectVoice": 0,
        "speedAudio": 1.0,
        "startIndexFrame": 96,
        "volume": 1.0
      },
      {
        "durationEnd": 0,
        "durationFadeIn": 0,
        "durationFadeOut": 0,
        "durationStart": 0,
        "endIndexFrame": 108,
        "indexRowCurrent": 0,
        "indexRowPrevious": 0,
        "keyInHasMap": 1658134191847,
        "linkDownloadMp3": "",
        "nameMp3": "",
        "pathDefault": "",
        "pathSaveFile": "",
        "positionEffectVoice": 0,
        "speedAudio": 1.0,
        "startIndexFrame": 101,
        "volume": 1.0
      },
      {
        "durationEnd": 0,
        "durationFadeIn": 0,
        "durationFadeOut": 0,
        "durationStart": 0,
        "endIndexFrame": 112,
        "indexRowCurrent": 0,
        "indexRowPrevious": 0,
        "keyInHasMap": 1658134195432,
        "linkDownloadMp3": "",
        "nameMp3": "",
        "pathDefault": "",
        "pathSaveFile": "",
        "positionEffectVoice": 0,
        "speedAudio": 1.0,
        "startIndexFrame": 105,
        "volume": 1.0
      },
      {
        "durationEnd": 0,
        "durationFadeIn": 0,
        "durationFadeOut": 0,
        "durationStart": 0,
        "endIndexFrame": 117,
        "indexRowCurrent": 0,
        "indexRowPrevious": 0,
        "keyInHasMap": 1658134200258,
        "linkDownloadMp3": "",
        "nameMp3": "",
        "pathDefault": "",
        "pathSaveFile": "",
        "positionEffectVoice": 0,
        "speedAudio": 1.0,
        "startIndexFrame": 110,
        "volume": 1.0
      },
      {
        "durationEnd": 166,
        "durationFadeIn": 0,
        "durationFadeOut": 0,
        "durationStart": 0,
        "endIndexFrame": 120,
        "indexRowCurrent": 0,
        "indexRowPrevious": 0,
        "keyInHasMap": 1658134217043,
        "linkDownloadMp3": "",
        "nameMp3": "",
        "pathDefault": "",
        "pathSaveFile": "",
        "positionEffectVoice": 0,
        "speedAudio": 1.0,
        "startIndexFrame": 115,
        "volume": 1.0
      },
      {
        "durationEnd": 133,
        "durationFadeIn": 0,
        "durationFadeOut": 0,
        "durationStart": 0,
        "endIndexFrame": 123,
        "indexRowCurrent": 0,
        "indexRowPrevious": 0,
        "keyInHasMap": 1658134219998,
        "linkDownloadMp3": "",
        "nameMp3": "",
        "pathDefault": "",
        "pathSaveFile": "",
        "positionEffectVoice": 0,
        "speedAudio": 1.0,
        "startIndexFrame": 119,
        "volume": 1.0
      },
      {
        "durationEnd": 4366,
        "durationFadeIn": 0,
        "durationFadeOut": 0,
        "durationStart": 0,
        "endIndexFrame": 256,
        "indexRowCurrent": 0,
        "indexRowPrevious": 0,
        "keyInHasMap": 1658134541408,
        "linkDownloadMp3": "",
        "nameMp3": "",
        "pathDefault": "",
        "pathSaveFile": "",
        "positionEffectVoice": 0,
        "speedAudio": 1.0,
        "startIndexFrame": 125,
        "volume": 1.0
      },
      {
        "durationEnd": 433,
        "durationFadeIn": 0,
        "durationFadeOut": 0,
        "durationStart": 0,
        "endIndexFrame": 165,
        "indexRowCurrent": 0,
        "indexRowPrevious": 0,
        "keyInHasMap": 1658134592339,
        "linkDownloadMp3": "",
        "nameMp3": "",
        "pathDefault": "",
        "pathSaveFile": "",
        "positionEffectVoice": 0,
        "speedAudio": 1.0,
        "startIndexFrame": 159,
        "volume": 1.0
      },
      {
        "durationEnd": 0,
        "durationFadeIn": 0,
        "durationFadeOut": 0,
        "durationStart": 0,
        "endIndexFrame": 171,
        "indexRowCurrent": 0,
        "indexRowPrevious": 0,
        "keyInHasMap": 1658134647289,
        "linkDownloadMp3": "",
        "nameMp3": "",
        "pathDefault": "",
        "pathSaveFile": "",
        "positionEffectVoice": 0,
        "speedAudio": 1.0,
        "startIndexFrame": 165,
        "volume": 1.0
      },
      {
        "durationEnd": 2133,
        "durationFadeIn": 0,
        "durationFadeOut": 0,
        "durationStart": 0,
        "endIndexFrame": 232,
        "indexRowCurrent": 0,
        "indexRowPrevious": 0,
        "keyInHasMap": 1658134700099,
        "linkDownloadMp3": "",
        "nameMp3": "",
        "pathDefault": "",
        "pathSaveFile": "",
        "positionEffectVoice": 0,
        "speedAudio": 1.0,
        "startIndexFrame": 191,
        "volume": 1.0
      },
      {
        "durationEnd": 1033,
        "durationFadeIn": 0,
        "durationFadeOut": 0,
        "durationStart": 0,
        "endIndexFrame": 256,
        "indexRowCurrent": 0,
        "indexRowPrevious": 0,
        "keyInHasMap": 1658135068079,
        "linkDownloadMp3": "",
        "nameMp3": "",
        "pathDefault": "",
        "pathSaveFile": "",
        "positionEffectVoice": 0,
        "speedAudio": 1.0,
        "startIndexFrame": 225,
        "volume": 1.0
      },
      {
        "durationEnd": 1033,
        "durationFadeIn": 0,
        "durationFadeOut": 0,
        "durationStart": 0,
        "endIndexFrame": 256,
        "indexRowCurrent": 0,
        "indexRowPrevious": 0,
        "keyInHasMap": 1658135085891,
        "linkDownloadMp3": "",
        "nameMp3": "",
        "pathDefault": "",
        "pathSaveFile": "",
        "positionEffectVoice": 0,
        "speedAudio": 1.0,
        "startIndexFrame": 225,
        "volume": 1.0
      }
    ]
  }
}