{"durationVideo":7000,"editor":{"listItemPhotoData":[{"backgroundColor":-3814679,"blurBackground":0,"duration":7000,"endIndexFrame":209,"flipHorizontal":1.0,"flipVertical":1.0,"gpuPosition":0,"gpuProgress":0,"heightBitmap":800,"idItemPhoto":"1654844500942","indexEndFrameTransformCombo":0,"indexEndFrameTransformIn":40,"indexStartFrameTransformOut":0,"isCenterCrop":false,"isCenterInside":false,"isCropBitmap":false,"isLoadFromCache":true,"isLocked":false,"itemDataTransition":{"indexCate":0,"isMask":false,"keyItem":"","linkCover":"","linkDownload":"","modeDraw":"","nameEn":"","nameVn":"","paintModeDraw":"SRC_OVER","pathFolderOfTransition":"","pathFolderZipOfTransition":"","positionTransitionInAdapter":0,"timeTransitionCurrent":1000,"typeTransition":{"type":"NONE","typeTransition":"NONE"}},"itemTemplateModel":{"duration":0,"heightBitmap":0,"indexSticker":-1,"isCrop":false,"isLocked":false,"md5PathFileOld":"","pathFile":"","rect":{"bottom":0,"left":0,"right":0,"top":0},"typeTemplateModel":"NONE","widthBitmap":0},"linkBackgroundImage":"","objDataAdjust":{"mCurrentBrightnessFilter":50,"mCurrentContrastFilter":50,"mCurrentExposureFilter":50,"mCurrentFadeFilters":0,"mCurrentHighlightFilter":100,"mCurrentHueFilter":0,"mCurrentSaturationFilter":50,"mCurrentShadowFilter":0,"mCurrentSharpenFilter":50,"mCurrentTempFilter":50,"mCurrentVignetteFilter":100,"mListRedoAdjust":[],"mListUndoAdjust":[]},"pathBitmap":"/storage/emulated/0/Pictures/Telegram/IMG_20220610_140120_876.jpg","rotate":0,"rotateAnim":0.0,"scaleAnim":1.0,"startIndexFrame":0,"timeTransformCombo":7000,"timeTransformIn":1356,"timeTransformOut":300,"totalFrame":209,"typeBackground":"COLOR","typeTransformCombo":"NONE","typeTransformIn":"MOVE_TOP_TO_BOTTOM","typeTransformOut":"NONE","valueMatrixBitmapDraw":[0.31105065,0.0,14.925919,0.0,0.31105065,24.855316,0.0,0.0,1.0],"widthBitmap":600}]},"frame":{"listItemStickerData":[],"listItemViewDataOnTimeLine":[]},"keyProjectCurrent":"1654844514467","listTemplateModel":{"list":[]},"music":{"listItemMusicData":[{"durationEnd":7032,"durationStart":0,"endIndexFrame":210,"indexRowCurrent":0,"indexRowPrevious":0,"keyInHasMap":1654844518535,"linkDownloadMp3":"/storage/emulated/0/Music/G3Video/Direct_ConvertVideoToMp3_1654844399894.mp3","nameMp3":"Direct_ConvertVideoToMp3_1654844399894.mp3","pathSaveFile":"/storage/emulated/0/Music/G3Video/Direct_ConvertVideoToMp3_1654844399894.mp3","startIndexFrame":0,"volume":1.0}]},"nameVideo":"Template 1654844514467","setting":{"quality":720,"ratio":{"height":16.0,"width":9.0}},"sticker":{"listItemStickerData":[{"DOT":".","TYPE_PHOTO":"png","WIDTH_MAX":360,"alpha":255,"countDeltaTime":0.0,"dataFrames":{"isNeedLoadBitmap1":false,"isNeedLoadBitmap2":false,"isNeedLoadBitmap2Loop":false,"isNeedLoadBitmap3":false,"isNeedLoadBitmap4":false,"isNeedLoadBitmap4Loop":false,"isNeedLoadBitmap5":false,"isNeedLoadBitmap6":false,"isNeedLoadBitmap6Loop":false,"isNeedLoadBitmap7":false,"isNeedLoadBitmap8":false,"isNeedLoadBitmap8Loop":false,"isNeedLoadBitmap9":false},"deviationXShadow":0.0,"deviationYShadow":0.0,"duration":5500,"endColor":-1,"endIndexFrame":210,"flip":1.0,"heightBitmap":360,"id":"5cb3934d533c4dcbd7f42570194f4ef2","indexColor":0,"indexColorShadow":0,"indexEndFrameTransformCombo":0,"indexEndFrameTransformIn":0,"indexFont":0,"indexFrame":0,"indexStartFrameTransformOut":0,"indexTransition":-1,"isBgText":false,"isBoldText":false,"isDashText":false,"isDashUnderText":false,"isDrawAnim":false,"isFirstFillDataTransformCombo":true,"isInit":true,"isItalicText":false,"isLayerFront":true,"isLoadFrameCache":true,"isTexture":false,"isVisible":false,"linkBubble":"","linkItemFrame":"","linkMask":"","listText":[],"modeDraw":"SRC_OVER","pathFolder":"/storage/emulated/0/Pictures/Telegram/IMG_20220610_140123_318.jpg","pathFont":"","pathSaveBitmapFrame":"","pathTexture":"","pointRotate":{"x":299.43433,"y":148.98799},"pointTranslate":{"x":164.43431,"y":-31.012009},"rotate":-0.5431824,"scale":0.6886936,"speed":1,"speedOfTransformCombo":15,"startColor":-1,"startIndexFrame":45,"stickerTypeTransformCombo":"NONE","stickerTypeTransformIn":"NONE","stickerTypeTransformOut":"NONE","textAlignment":"CENTER","textBlurShadow":0.0,"textColorShadow":-16777216,"textHeightAllLine":0.0,"textHeightOneLine":0.0,"textLetterSpacing":0.0,"textLineSpacing":4.0,"textPadding":6.0,"textSize":1.0,"textSizeDefault":30.0,"textString":"","textStroke":{"color":"#000000","indexPositionInAdapter":-1,"width":0.0},"timeTransformCombo":300,"timeTransformIn":300,"timeTransformOut":300,"titleShow":"/storage/emulated/0/Pictures/Telegram/IMG_20220610_140123_318.jpg","totalFileNeedDownForOneFrame":0,"typeSticker":"ONE_PHOTO","urlCover":"/storage/emulated/0/Pictures/Telegram/IMG_20220610_140123_318.jpg","widthBitmap":270},{"DOT":".","TYPE_PHOTO":"png","WIDTH_MAX":360,"alpha":255,"countDeltaTime":0.0,"dataFrames":{"isNeedLoadBitmap1":false,"isNeedLoadBitmap2":false,"isNeedLoadBitmap2Loop":false,"isNeedLoadBitmap3":false,"isNeedLoadBitmap4":false,"isNeedLoadBitmap4Loop":false,"isNeedLoadBitmap5":false,"isNeedLoadBitmap6":false,"isNeedLoadBitmap6Loop":false,"isNeedLoadBitmap7":false,"isNeedLoadBitmap8":false,"isNeedLoadBitmap8Loop":false,"isNeedLoadBitmap9":false},"deviationXShadow":0.0,"deviationYShadow":0.0,"duration":4900,"endColor":-1,"endIndexFrame":210,"flip":1.0,"heightBitmap":360,"id":"aa276ad4f75fbe3799f286b22691de","indexColor":0,"indexColorShadow":0,"indexEndFrameTransformCombo":0,"indexEndFrameTransformIn":0,"indexFont":0,"indexFrame":0,"indexStartFrameTransformOut":0,"indexTransition":-1,"isBgText":false,"isBoldText":false,"isDashText":false,"isDashUnderText":false,"isDrawAnim":false,"isFirstFillDataTransformCombo":true,"isInit":true,"isItalicText":false,"isLayerFront":true,"isLoadFrameCache":true,"isTexture":false,"isVisible":false,"linkBubble":"","linkItemFrame":"","linkMask":"","listText":[],"modeDraw":"SRC_OVER","pathFolder":"/storage/emulated/0/Pictures/Telegram/IMG_20220610_140121_809.jpg","pathFont":"","pathSaveBitmapFrame":"","pathTexture":"","pointRotate":{"x":301.26776,"y":403.96735},"pointTranslate":{"x":166.26778,"y":223.96735},"rotate":-0.3448639,"scale":0.6918377,"speed":1,"speedOfTransformCombo":15,"startColor":-1,"startIndexFrame":63,"stickerTypeTransformCombo":"NONE","stickerTypeTransformIn":"NONE","stickerTypeTransformOut":"NONE","textAlignment":"CENTER","textBlurShadow":0.0,"textColorShadow":-16777216,"textHeightAllLine":0.0,"textHeightOneLine":0.0,"textLetterSpacing":0.0,"textLineSpacing":4.0,"textPadding":6.0,"textSize":1.0,"textSizeDefault":30.0,"textString":"","textStroke":{"color":"#000000","indexPositionInAdapter":-1,"width":0.0},"timeTransformCombo":300,"timeTransformIn":300,"timeTransformOut":300,"titleShow":"/storage/emulated/0/Pictures/Telegram/IMG_20220610_140121_809.jpg","totalFileNeedDownForOneFrame":0,"typeSticker":"ONE_PHOTO","urlCover":"/storage/emulated/0/Pictures/Telegram/IMG_20220610_140121_809.jpg","widthBitmap":270},{"DOT":".","TYPE_PHOTO":"png","WIDTH_MAX":360,"alpha":255,"countDeltaTime":0.0,"dataFrames":{"isNeedLoadBitmap1":false,"isNeedLoadBitmap2":false,"isNeedLoadBitmap2Loop":false,"isNeedLoadBitmap3":false,"isNeedLoadBitmap4":false,"isNeedLoadBitmap4Loop":false,"isNeedLoadBitmap5":false,"isNeedLoadBitmap6":false,"isNeedLoadBitmap6Loop":false,"isNeedLoadBitmap7":false,"isNeedLoadBitmap8":false,"isNeedLoadBitmap8Loop":false,"isNeedLoadBitmap9":false},"deviationXShadow":0.0,"deviationYShadow":0.0,"duration":4266,"endColor":-1,"endIndexFrame":210,"flip":1.0,"heightBitmap":360,"id":"95db57a1c99225ab6676417b8cbecf","indexColor":0,"indexColorShadow":0,"indexEndFrameTransformCombo":0,"indexEndFrameTransformIn":0,"indexFont":0,"indexFrame":0,"indexStartFrameTransformOut":0,"indexTransition":-1,"isBgText":false,"isBoldText":false,"isDashText":false,"isDashUnderText":false,"isDrawAnim":false,"isFirstFillDataTransformCombo":true,"isInit":true,"isItalicText":false,"isLayerFront":true,"isLoadFrameCache":true,"isTexture":false,"isVisible":false,"linkBubble":"","linkItemFrame":"","linkMask":"","listText":[],"modeDraw":"SRC_OVER","pathFolder":"/storage/emulated/0/Pictures/Telegram/IMG_20220610_140123_951.jpg","pathFont":"","pathSaveBitmapFrame":"","pathTexture":"","pointRotate":{"x":108.752045,"y":404.25592},"pointTranslate":{"x":-26.247955,"y":224.25592},"rotate":0.20481873,"scale":0.6938085,"speed":1,"speedOfTransformCombo":15,"startColor":-1,"startIndexFrame":82,"stickerTypeTransformCombo":"NONE","stickerTypeTransformIn":"NONE","stickerTypeTransformOut":"NONE","textAlignment":"CENTER","textBlurShadow":0.0,"textColorShadow":-16777216,"textHeightAllLine":0.0,"textHeightOneLine":0.0,"textLetterSpacing":0.0,"textLineSpacing":4.0,"textPadding":6.0,"textSize":1.0,"textSizeDefault":30.0,"textString":"","textStroke":{"color":"#000000","indexPositionInAdapter":-1,"width":0.0},"timeTransformCombo":300,"timeTransformIn":300,"timeTransformOut":300,"titleShow":"/storage/emulated/0/Pictures/Telegram/IMG_20220610_140123_951.jpg","totalFileNeedDownForOneFrame":0,"typeSticker":"ONE_PHOTO","urlCover":"/storage/emulated/0/Pictures/Telegram/IMG_20220610_140123_951.jpg","widthBitmap":270}],"listItemViewDataOnTimeLine":[{"durationEnd":5633,"durationStart":0,"endIndexFrame":210,"indexRowCurrent":0,"indexRowPrevious":0,"keyInHasMap":1654845392107,"linkDownloadMp3":"","nameMp3":"","pathSaveFile":"","startIndexFrame":45,"volume":1.0},{"durationEnd":4900,"durationStart":0,"endIndexFrame":210,"indexRowCurrent":0,"indexRowPrevious":0,"keyInHasMap":1654845392125,"linkDownloadMp3":"","nameMp3":"","pathSaveFile":"","startIndexFrame":63,"volume":1.0},{"durationEnd":4266,"durationStart":0,"endIndexFrame":210,"indexRowCurrent":0,"indexRowPrevious":0,"keyInHasMap":1654845392138,"linkDownloadMp3":"","nameMp3":"","pathSaveFile":"","startIndexFrame":82,"volume":1.0}]},"text":{"listItemStickerData":[{"DOT":".","TYPE_PHOTO":"png","WIDTH_MAX":360,"alpha":255,"countDeltaTime":0.0,"dataFrames":{"isNeedLoadBitmap1":false,"isNeedLoadBitmap2":false,"isNeedLoadBitmap2Loop":false,"isNeedLoadBitmap3":false,"isNeedLoadBitmap4":false,"isNeedLoadBitmap4Loop":false,"isNeedLoadBitmap5":false,"isNeedLoadBitmap6":false,"isNeedLoadBitmap6Loop":false,"isNeedLoadBitmap7":false,"isNeedLoadBitmap8":false,"isNeedLoadBitmap8Loop":false,"isNeedLoadBitmap9":false},"deviationXShadow":0.0,"deviationYShadow":0.0,"duration":3566,"endColor":-14606047,"endIndexFrame":210,"flip":1.0,"heightBitmap":0,"id":"9038452f941028c647ca0ae4c59c12e","indexColor":5,"indexColorShadow":0,"indexEndFrameTransformCombo":0,"indexEndFrameTransformIn":0,"indexFont":141,"indexFrame":0,"indexStartFrameTransformOut":0,"indexTransition":-1,"isBgText":false,"isBoldText":true,"isDashText":false,"isDashUnderText":false,"isDrawAnim":false,"isFirstFillDataTransformCombo":true,"isInit":true,"isItalicText":false,"isLayerFront":true,"isLoadFrameCache":true,"isTexture":false,"isVisible":false,"linkBubble":"","linkItemFrame":"","linkMask":"","listText":["DRAF"],"modeDraw":"SRC_OVER","pathFolder":"","pathFont":"/data/user/0/videoeditor.moviemaker/files/INTERNAL_FONT_FOLDER_UNZIP/onroad/onroad/Texta Book.otf","pathSaveBitmapFrame":"","pathTexture":"","pointRotate":{"x":46.868378,"y":558.26636},"pointTranslate":{"x":-133.13162,"y":378.26636},"rotate":1.263031,"scale":0.21168464,"speed":1,"speedOfTransformCombo":15,"startColor":-14606047,"startIndexFrame":103,"stickerTypeTransformCombo":"NONE","stickerTypeTransformIn":"NONE","stickerTypeTransformOut":"NONE","textAlignment":"CENTER","textBlurShadow":0.0,"textColorShadow":-16777216,"textHeightAllLine":101.75,"textHeightOneLine":86.0,"textLetterSpacing":0.08,"textLineSpacing":4.0,"textPadding":15.75,"textSize":129.0,"textSizeDefault":30.0,"textString":"DRAF","textStroke":{"color":"#000000","indexPositionInAdapter":-1,"width":0.0},"timeTransformCombo":300,"timeTransformIn":300,"timeTransformOut":300,"titleShow":"","totalFileNeedDownForOneFrame":0,"typeSticker":"TEXT","urlCover":"","widthBitmap":0},{"DOT":".","TYPE_PHOTO":"png","WIDTH_MAX":360,"alpha":255,"countDeltaTime":0.0,"dataFrames":{"isNeedLoadBitmap1":false,"isNeedLoadBitmap2":false,"isNeedLoadBitmap2Loop":false,"isNeedLoadBitmap3":false,"isNeedLoadBitmap4":false,"isNeedLoadBitmap4Loop":false,"isNeedLoadBitmap5":false,"isNeedLoadBitmap6":false,"isNeedLoadBitmap6Loop":false,"isNeedLoadBitmap7":false,"isNeedLoadBitmap8":false,"isNeedLoadBitmap8Loop":false,"isNeedLoadBitmap9":false},"deviationXShadow":0.0,"deviationYShadow":0.0,"duration":2433,"endColor":-14606047,"endIndexFrame":210,"flip":1.0,"heightBitmap":0,"id":"f7484f4a2a0dc87de2cdaff48c7f634","indexColor":5,"indexColorShadow":0,"indexEndFrameTransformCombo":0,"indexEndFrameTransformIn":0,"indexFont":141,"indexFrame":0,"indexStartFrameTransformOut":0,"indexTransition":-1,"isBgText":false,"isBoldText":true,"isDashText":false,"isDashUnderText":false,"isDrawAnim":false,"isFirstFillDataTransformCombo":true,"isInit":true,"isItalicText":false,"isLayerFront":true,"isLoadFrameCache":true,"isTexture":false,"isVisible":false,"linkBubble":"","linkItemFrame":"","linkMask":"","listText":["POST"],"modeDraw":"SRC_OVER","pathFolder":"","pathFont":"/data/user/0/videoeditor.moviemaker/files/INTERNAL_FONT_FOLDER_UNZIP/onroad/onroad/Texta Book.otf","pathSaveBitmapFrame":"","pathTexture":"","pointRotate":{"x":255.15982,"y":557.20435},"pointTranslate":{"x":75.15982,"y":377.20435},"rotate":1.3150787,"scale":0.21657461,"speed":1,"speedOfTransformCombo":15,"startColor":-14606047,"startIndexFrame":137,"stickerTypeTransformCombo":"NONE","stickerTypeTransformIn":"NONE","stickerTypeTransformOut":"NONE","textAlignment":"CENTER","textBlurShadow":0.0,"textColorShadow":-16777216,"textHeightAllLine":107.75,"textHeightOneLine":92.0,"textLetterSpacing":0.08,"textLineSpacing":4.0,"textPadding":15.75,"textSize":133.0,"textSizeDefault":30.0,"textString":"POST","textStroke":{"color":"#000000","indexPositionInAdapter":-1,"width":0.0},"timeTransformCombo":300,"timeTransformIn":300,"timeTransformOut":300,"titleShow":"","totalFileNeedDownForOneFrame":0,"typeSticker":"TEXT","urlCover":"","widthBitmap":0},{"DOT":".","TYPE_PHOTO":"png","WIDTH_MAX":360,"alpha":255,"countDeltaTime":0.0,"dataFrames":{"isNeedLoadBitmap1":false,"isNeedLoadBitmap2":false,"isNeedLoadBitmap2Loop":false,"isNeedLoadBitmap3":false,"isNeedLoadBitmap4":false,"isNeedLoadBitmap4Loop":false,"isNeedLoadBitmap5":false,"isNeedLoadBitmap6":false,"isNeedLoadBitmap6Loop":false,"isNeedLoadBitmap7":false,"isNeedLoadBitmap8":false,"isNeedLoadBitmap8Loop":false,"isNeedLoadBitmap9":false},"deviationXShadow":0.0,"deviationYShadow":0.0,"duration":1899,"endColor":-14606047,"endIndexFrame":210,"flip":1.0,"heightBitmap":0,"id":"e1d390d946a861e58d2f1552a2dafc","indexColor":5,"indexColorShadow":0,"indexEndFrameTransformCombo":0,"indexEndFrameTransformIn":0,"indexFont":141,"indexFrame":0,"indexStartFrameTransformOut":0,"indexTransition":-1,"isBgText":false,"isBoldText":true,"isDashText":false,"isDashUnderText":false,"isDrawAnim":false,"isFirstFillDataTransformCombo":true,"isInit":true,"isItalicText":false,"isLayerFront":true,"isLoadFrameCache":true,"isTexture":false,"isVisible":false,"linkBubble":"","linkItemFrame":"","linkMask":"","listText":["ARSIP"],"modeDraw":"SRC_OVER","pathFolder":"","pathFont":"/data/user/0/videoeditor.moviemaker/files/INTERNAL_FONT_FOLDER_UNZIP/onroad/onroad/Texta Book.otf","pathSaveBitmapFrame":"","pathTexture":"","pointRotate":{"x":354.27444,"y":556.4961},"pointTranslate":{"x":174.27444,"y":376.4961},"rotate":-0.8750839,"scale":0.26007324,"speed":1,"speedOfTransformCombo":15,"startColor":-14606047,"startIndexFrame":153,"stickerTypeTransformCombo":"NONE","stickerTypeTransformIn":"NONE","stickerTypeTransformOut":"NONE","textAlignment":"CENTER","textBlurShadow":0.0,"textColorShadow":-16777216,"textHeightAllLine":98.75,"textHeightOneLine":83.0,"textLetterSpacing":0.08,"textLineSpacing":4.0,"textPadding":15.75,"textSize":119.0,"textSizeDefault":30.0,"textString":"ARSIP","textStroke":{"color":"#000000","indexPositionInAdapter":-1,"width":0.0},"timeTransformCombo":300,"timeTransformIn":300,"timeTransformOut":300,"titleShow":"","totalFileNeedDownForOneFrame":0,"typeSticker":"TEXT","urlCover":"","widthBitmap":0},{"DOT":".","TYPE_PHOTO":"png","WIDTH_MAX":360,"alpha":255,"countDeltaTime":0.0,"dataFrames":{"isNeedLoadBitmap1":false,"isNeedLoadBitmap2":false,"isNeedLoadBitmap2Loop":false,"isNeedLoadBitmap3":false,"isNeedLoadBitmap4":false,"isNeedLoadBitmap4Loop":false,"isNeedLoadBitmap5":false,"isNeedLoadBitmap6":false,"isNeedLoadBitmap6Loop":false,"isNeedLoadBitmap7":false,"isNeedLoadBitmap8":false,"isNeedLoadBitmap8Loop":false,"isNeedLoadBitmap9":false},"deviationXShadow":2.0,"deviationYShadow":2.0,"duration":3033,"endColor":-1,"endIndexFrame":210,"flip":1.0,"heightBitmap":0,"id":"ebe47a7949914f6d6022a42fabf0682","indexColor":24,"indexColorShadow":0,"indexEndFrameTransformCombo":0,"indexEndFrameTransformIn":0,"indexFont":141,"indexFrame":0,"indexStartFrameTransformOut":0,"indexTransition":-1,"isBgText":false,"isBoldText":true,"isDashText":false,"isDashUnderText":false,"isDrawAnim":false,"isFirstFillDataTransformCombo":true,"isInit":true,"isItalicText":false,"isLayerFront":true,"isLoadFrameCache":true,"isTexture":false,"isVisible":false,"linkBubble":"","linkItemFrame":"","linkMask":"","listText":["STORY"],"modeDraw":"SRC_OVER","pathFolder":"","pathFont":"/data/user/0/videoeditor.moviemaker/files/INTERNAL_FONT_FOLDER_UNZIP/onroad/onroad/Texta Book.otf","pathSaveBitmapFrame":"","pathTexture":"https://photoforapp.s3.ap-southeast-1.amazonaws.com/Video/TextV2/Style/Color/11/texture.jpg","pointRotate":{"x":151.3495,"y":558.2664},"pointTranslate":{"x":-28.650497,"y":378.26642},"rotate":-0.8750839,"scale":0.26007324,"speed":1,"speedOfTransformCombo":15,"startColor":-1,"startIndexFrame":119,"stickerTypeTransformCombo":"NONE","stickerTypeTransformIn":"NONE","stickerTypeTransformOut":"NONE","textAlignment":"CENTER","textBlurShadow":1.0,"textColorShadow":-6303521,"textHeightAllLine":91.75,"textHeightOneLine":71.0,"textLetterSpacing":0.08,"textLineSpacing":4.0,"textPadding":15.75,"textSize":103.0,"textSizeDefault":30.0,"textString":"STORY","textStroke":{"color":"#003097","indexPositionInAdapter":-1,"width":0.0},"timeTransformCombo":300,"timeTransformIn":300,"timeTransformOut":300,"titleShow":"","totalFileNeedDownForOneFrame":0,"typeSticker":"TEXT","urlCover":"","widthBitmap":0},{"DOT":".","TYPE_PHOTO":"png","WIDTH_MAX":360,"alpha":255,"countDeltaTime":0.0,"dataFrames":{"isNeedLoadBitmap1":false,"isNeedLoadBitmap2":false,"isNeedLoadBitmap2Loop":false,"isNeedLoadBitmap3":false,"isNeedLoadBitmap4":false,"isNeedLoadBitmap4Loop":false,"isNeedLoadBitmap5":false,"isNeedLoadBitmap6":false,"isNeedLoadBitmap6Loop":false,"isNeedLoadBitmap7":false,"isNeedLoadBitmap8":false,"isNeedLoadBitmap8Loop":false,"isNeedLoadBitmap9":false},"deviationXShadow":0.0,"deviationYShadow":0.0,"duration":1366,"endColor":-16777216,"endIndexFrame":210,"flip":1.0,"heightBitmap":0,"id":"c6b52168b58068d7564eee5c1da96","indexColor":0,"indexColorShadow":0,"indexEndFrameTransformCombo":0,"indexEndFrameTransformIn":0,"indexFont":12,"indexFrame":0,"indexStartFrameTransformOut":0,"indexTransition":-1,"isBgText":false,"isBoldText":false,"isDashText":false,"isDashUnderText":false,"isDrawAnim":false,"isFirstFillDataTransformCombo":true,"isInit":true,"isItalicText":false,"isLayerFront":true,"isLoadFrameCache":true,"isTexture":false,"isVisible":false,"linkBubble":"","linkItemFrame":"","linkMask":"","listText":["Have a","nice day","-------------------"],"modeDraw":"SRC_OVER","pathFolder":"","pathFont":"assetsFontTextSticker/font_19.ttf","pathSaveBitmapFrame":"","pathTexture":"","pointRotate":{"x":204.68024,"y":641.82135},"pointTranslate":{"x":24.680237,"y":461.82135},"rotate":-0.46289825,"scale":1.1148648,"speed":1,"speedOfTransformCombo":15,"startColor":-16777216,"startIndexFrame":169,"stickerTypeTransformCombo":"NONE","stickerTypeTransformIn":"NONE","stickerTypeTransformOut":"NONE","textAlignment":"LEFT","textBlurShadow":0.0,"textColorShadow":-16777216,"textHeightAllLine":123.75,"textHeightOneLine":36.0,"textLetterSpacing":0.0,"textLineSpacing":31.0,"textPadding":15.75,"textSize":38.0,"textSizeDefault":30.0,"textString":"Have a\nnice day\n-------------------","textStroke":{"color":"#000000","indexPositionInAdapter":-1,"width":0.0},"timeTransformCombo":300,"timeTransformIn":300,"timeTransformOut":300,"titleShow":"","totalFileNeedDownForOneFrame":0,"typeSticker":"TEXT","urlCover":"","widthBitmap":0}],"listItemViewDataOnTimeLine":[{"durationEnd":0,"durationStart":0,"endIndexFrame":210,"indexRowCurrent":0,"indexRowPrevious":0,"keyInHasMap":1654845392003,"linkDownloadMp3":"","nameMp3":"","pathSaveFile":"","startIndexFrame":103,"volume":1.0},{"durationEnd":0,"durationStart":0,"endIndexFrame":210,"indexRowCurrent":0,"indexRowPrevious":0,"keyInHasMap":1654845392024,"linkDownloadMp3":"","nameMp3":"","pathSaveFile":"","startIndexFrame":137,"volume":1.0},{"durationEnd":0,"durationStart":0,"endIndexFrame":210,"indexRowCurrent":0,"indexRowPrevious":0,"keyInHasMap":1654845392037,"linkDownloadMp3":"","nameMp3":"","pathSaveFile":"","startIndexFrame":153,"volume":1.0},{"durationEnd":0,"durationStart":0,"endIndexFrame":210,"indexRowCurrent":0,"indexRowPrevious":0,"keyInHasMap":1654845392049,"linkDownloadMp3":"","nameMp3":"","pathSaveFile":"","startIndexFrame":119,"volume":1.0},{"durationEnd":0,"durationStart":0,"endIndexFrame":210,"indexRowCurrent":0,"indexRowPrevious":0,"keyInHasMap":1654845392069,"linkDownloadMp3":"","nameMp3":"","pathSaveFile":"","startIndexFrame":169,"volume":1.0}]},"timeLastUpdate":1654845539142,"videoEffect":{"listItemEffectData":[],"listItemViewDataOnTimeLine":[]}}