{
  "durationVideo": 9000,
  "editor": {
    "listItemPhotoData": [
      {
        "backgroundColor": -16777216,
        "blurBackground": 0,
        "duration": 2267,
        "endIndexFrame": 67,
        "flipHorizontal": 1.0,
        "flipVertical": 1.0,
        "gpuPosition": 0,
        "gpuProgress": 0,
        "heightBitmap": 1200,
        "idItemPhoto": "1657008653380",
        "indexEndFrameTransformCombo": 0,
        "indexEndFrameTransformIn": 0,
        "indexStartFrameTransformOut": 0,
        "isCalledCutBody": false,
        "isCenterCrop": false,
        "isCenterInside": true,
        "isCropBitmap": false,
        "isLoadFromCache": true,
        "isLocked": false,
        "itemDataTransition": {
          "indexCate": 0,
          "isMask": false,
          "keyItem": "",
          "linkCover": "",
          "linkDownload": "",
          "modeDraw": "",
          "nameEn": "",
          "nameVn": "",
          "paintModeDraw": "SRC_OVER",
          "pathFolderOfTransition": "",
          "pathFolderZipOfTransition": "",
          "positionTransitionInAdapter": 0,
          "timeTransitionCurrent": 1500,
          "typeTransition": {
            "type": "NONE",
            "typeTransition": "NONE"
          }
        },
        "itemTemplateModel": {
          "duration": 0,
          "heightBitmap": 0,
          "indexSticker": -1,
          "isCrop": false,
          "isLocked": false,
          "md5PathFileOld": "",
          "pathFile": "",
          "rect": {
            "bottom": 0,
            "left": 0,
            "right": 0,
            "top": 0
          },
          "typeTemplateModel": "NONE",
          "widthBitmap": 0
        },
        "linkBackgroundImage": "",
        "objDataAdjust": {
          "mCurrentBrightnessFilter": 50,
          "mCurrentContrastFilter": 50,
          "mCurrentExposureFilter": 50,
          "mCurrentFadeFilters": 0,
          "mCurrentHighlightFilter": 100,
          "mCurrentHueFilter": 0,
          "mCurrentSaturationFilter": 50,
          "mCurrentShadowFilter": 0,
          "mCurrentSharpenFilter": 50,
          "mCurrentTempFilter": 50,
          "mCurrentVignetteFilter": 100,
          "mListRedoAdjust": [],
          "mListUndoAdjust": []
        },
        "pathBitmap": "/storage/emulated/0/Pictures/Telegram/IMG_20220705_151027_384.jpg",
        "rotate": 0,
        "rotateAnim": 0.0,
        "scaleAnim": 1.0,
        "startIndexFrame": 0,
        "timeTransformCombo": 2267,
        "timeTransformIn": 300,
        "timeTransformOut": 300,
        "totalFrame": 67,
        "typeBackground": "COLOR",
        "typeTransformCombo": "NONE",
        "typeTransformIn": "NONE",
        "typeTransformOut": "NONE",
        "valueMatrixBitmapDraw": [
          0.61,
          0.0,
          -4.5,
          0.0,
          0.61,
          -6.0000153,
          0.0,
          0.0,
          1.0
        ],
        "widthBitmap": 900
      },
      {
        "backgroundColor": -16777216,
        "blurBackground": 0,
        "duration": 1358,
        "endIndexFrame": 108,
        "flipHorizontal": 1.0,
        "flipVertical": 1.0,
        "gpuPosition": 0,
        "gpuProgress": 0,
        "heightBitmap": 1200,
        "idItemPhoto": "1657008653505",
        "indexEndFrameTransformCombo": 0,
        "indexEndFrameTransformIn": 0,
        "indexStartFrameTransformOut": 0,
        "isCalledCutBody": false,
        "isCenterCrop": false,
        "isCenterInside": true,
        "isCropBitmap": false,
        "isLoadFromCache": true,
        "isLocked": false,
        "itemDataTransition": {
          "indexCate": 0,
          "isMask": false,
          "keyItem": "",
          "linkCover": "",
          "linkDownload": "",
          "modeDraw": "",
          "nameEn": "",
          "nameVn": "",
          "paintModeDraw": "SRC_OVER",
          "pathFolderOfTransition": "",
          "pathFolderZipOfTransition": "",
          "positionTransitionInAdapter": 0,
          "timeTransitionCurrent": 1000,
          "typeTransition": {
            "type": "NONE",
            "typeTransition": "NONE"
          }
        },
        "itemTemplateModel": {
          "duration": 0,
          "heightBitmap": 0,
          "indexSticker": -1,
          "isCrop": false,
          "isLocked": false,
          "md5PathFileOld": "",
          "pathFile": "",
          "rect": {
            "bottom": 0,
            "left": 0,
            "right": 0,
            "top": 0
          },
          "typeTemplateModel": "NONE",
          "widthBitmap": 0
        },
        "linkBackgroundImage": "",
        "objDataAdjust": {
          "mCurrentBrightnessFilter": 50,
          "mCurrentContrastFilter": 50,
          "mCurrentExposureFilter": 50,
          "mCurrentFadeFilters": 0,
          "mCurrentHighlightFilter": 100,
          "mCurrentHueFilter": 0,
          "mCurrentSaturationFilter": 50,
          "mCurrentShadowFilter": 0,
          "mCurrentSharpenFilter": 50,
          "mCurrentTempFilter": 50,
          "mCurrentVignetteFilter": 100,
          "mListRedoAdjust": [],
          "mListUndoAdjust": []
        },
        "pathBitmap": "/storage/emulated/0/Pictures/Telegram/IMG_20220705_151029_057.jpg",
        "rotate": 0,
        "rotateAnim": 0.0,
        "scaleAnim": 1.0,
        "startIndexFrame": 68,
        "timeTransformCombo": 1358,
        "timeTransformIn": 300,
        "timeTransformOut": 300,
        "totalFrame": 40,
        "typeBackground": "COLOR",
        "typeTransformCombo": "NONE",
        "typeTransformIn": "NONE",
        "typeTransformOut": "NONE",
        "valueMatrixBitmapDraw": [
          0.61,
          0.0,
          -4.5,
          0.0,
          0.61,
          -6.0000153,
          0.0,
          0.0,
          1.0
        ],
        "widthBitmap": 900
      },
      {
        "backgroundColor": -16777216,
        "blurBackground": 0,
        "duration": 1358,
        "endIndexFrame": 149,
        "flipHorizontal": 1.0,
        "flipVertical": 1.0,
        "gpuPosition": 0,
        "gpuProgress": 0,
        "heightBitmap": 1200,
        "idItemPhoto": "1657008653608",
        "indexEndFrameTransformCombo": 0,
        "indexEndFrameTransformIn": 0,
        "indexStartFrameTransformOut": 0,
        "isCalledCutBody": false,
        "isCenterCrop": false,
        "isCenterInside": true,
        "isCropBitmap": false,
        "isLoadFromCache": true,
        "isLocked": false,
        "itemDataTransition": {
          "indexCate": 0,
          "isMask": false,
          "keyItem": "",
          "linkCover": "",
          "linkDownload": "",
          "modeDraw": "",
          "nameEn": "",
          "nameVn": "",
          "paintModeDraw": "SRC_OVER",
          "pathFolderOfTransition": "",
          "pathFolderZipOfTransition": "",
          "positionTransitionInAdapter": 0,
          "timeTransitionCurrent": 1000,
          "typeTransition": {
            "type": "NONE",
            "typeTransition": "NONE"
          }
        },
        "itemTemplateModel": {
          "duration": 0,
          "heightBitmap": 0,
          "indexSticker": -1,
          "isCrop": false,
          "isLocked": false,
          "md5PathFileOld": "",
          "pathFile": "",
          "rect": {
            "bottom": 0,
            "left": 0,
            "right": 0,
            "top": 0
          },
          "typeTemplateModel": "NONE",
          "widthBitmap": 0
        },
        "linkBackgroundImage": "",
        "objDataAdjust": {
          "mCurrentBrightnessFilter": 50,
          "mCurrentContrastFilter": 50,
          "mCurrentExposureFilter": 50,
          "mCurrentFadeFilters": 0,
          "mCurrentHighlightFilter": 100,
          "mCurrentHueFilter": 0,
          "mCurrentSaturationFilter": 50,
          "mCurrentShadowFilter": 0,
          "mCurrentSharpenFilter": 50,
          "mCurrentTempFilter": 50,
          "mCurrentVignetteFilter": 100,
          "mListRedoAdjust": [],
          "mListUndoAdjust": []
        },
        "pathBitmap": "/storage/emulated/0/Pictures/Telegram/IMG_20220705_151031_581.jpg",
        "rotate": 0,
        "rotateAnim": 0.0,
        "scaleAnim": 1.0,
        "startIndexFrame": 109,
        "timeTransformCombo": 1358,
        "timeTransformIn": 300,
        "timeTransformOut": 300,
        "totalFrame": 40,
        "typeBackground": "COLOR",
        "typeTransformCombo": "NONE",
        "typeTransformIn": "NONE",
        "typeTransformOut": "NONE",
        "valueMatrixBitmapDraw": [
          0.61,
          0.0,
          -4.5,
          0.0,
          0.61,
          -6.0000153,
          0.0,
          0.0,
          1.0
        ],
        "widthBitmap": 900
      },
      {
        "backgroundColor": -16777216,
        "blurBackground": 0,
        "duration": 1358,
        "endIndexFrame": 190,
        "flipHorizontal": 1.0,
        "flipVertical": 1.0,
        "gpuPosition": 0,
        "gpuProgress": 0,
        "heightBitmap": 1200,
        "idItemPhoto": "1657008653720",
        "indexEndFrameTransformCombo": 0,
        "indexEndFrameTransformIn": 0,
        "indexStartFrameTransformOut": 0,
        "isCalledCutBody": false,
        "isCenterCrop": false,
        "isCenterInside": true,
        "isCropBitmap": false,
        "isLoadFromCache": true,
        "isLocked": false,
        "itemDataTransition": {
          "indexCate": 0,
          "isMask": false,
          "keyItem": "",
          "linkCover": "",
          "linkDownload": "",
          "modeDraw": "",
          "nameEn": "",
          "nameVn": "",
          "paintModeDraw": "SRC_OVER",
          "pathFolderOfTransition": "",
          "pathFolderZipOfTransition": "",
          "positionTransitionInAdapter": 0,
          "timeTransitionCurrent": 1000,
          "typeTransition": {
            "type": "NONE",
            "typeTransition": "NONE"
          }
        },
        "itemTemplateModel": {
          "duration": 0,
          "heightBitmap": 0,
          "indexSticker": -1,
          "isCrop": false,
          "isLocked": false,
          "md5PathFileOld": "",
          "pathFile": "",
          "rect": {
            "bottom": 0,
            "left": 0,
            "right": 0,
            "top": 0
          },
          "typeTemplateModel": "NONE",
          "widthBitmap": 0
        },
        "linkBackgroundImage": "",
        "objDataAdjust": {
          "mCurrentBrightnessFilter": 50,
          "mCurrentContrastFilter": 50,
          "mCurrentExposureFilter": 50,
          "mCurrentFadeFilters": 0,
          "mCurrentHighlightFilter": 100,
          "mCurrentHueFilter": 0,
          "mCurrentSaturationFilter": 50,
          "mCurrentShadowFilter": 0,
          "mCurrentSharpenFilter": 50,
          "mCurrentTempFilter": 50,
          "mCurrentVignetteFilter": 100,
          "mListRedoAdjust": [],
          "mListUndoAdjust": []
        },
        "pathBitmap": "/storage/emulated/0/Pictures/Telegram/IMG_20220705_151029_945.jpg",
        "rotate": 0,
        "rotateAnim": 0.0,
        "scaleAnim": 1.0,
        "startIndexFrame": 150,
        "timeTransformCombo": 1358,
        "timeTransformIn": 300,
        "timeTransformOut": 300,
        "totalFrame": 40,
        "typeBackground": "COLOR",
        "typeTransformCombo": "NONE",
        "typeTransformIn": "NONE",
        "typeTransformOut": "NONE",
        "valueMatrixBitmapDraw": [
          0.61,
          0.0,
          -4.5,
          0.0,
          0.61,
          -6.0000153,
          0.0,
          0.0,
          1.0
        ],
        "widthBitmap": 900
      },
      {
        "backgroundColor": -16777216,
        "blurBackground": 0,
        "duration": 1358,
        "endIndexFrame": 231,
        "flipHorizontal": 1.0,
        "flipVertical": 1.0,
        "gpuPosition": 0,
        "gpuProgress": 0,
        "heightBitmap": 1200,
        "idItemPhoto": "1657008653850",
        "indexEndFrameTransformCombo": 0,
        "indexEndFrameTransformIn": 0,
        "indexStartFrameTransformOut": 0,
        "isCalledCutBody": false,
        "isCenterCrop": false,
        "isCenterInside": true,
        "isCropBitmap": false,
        "isLoadFromCache": true,
        "isLocked": false,
        "itemDataTransition": {
          "indexCate": 0,
          "isMask": false,
          "keyItem": "",
          "linkCover": "",
          "linkDownload": "",
          "modeDraw": "",
          "nameEn": "",
          "nameVn": "",
          "paintModeDraw": "SRC_OVER",
          "pathFolderOfTransition": "",
          "pathFolderZipOfTransition": "",
          "positionTransitionInAdapter": 0,
          "timeTransitionCurrent": 1000,
          "typeTransition": {
            "type": "NONE",
            "typeTransition": "NONE"
          }
        },
        "itemTemplateModel": {
          "duration": 0,
          "heightBitmap": 0,
          "indexSticker": -1,
          "isCrop": false,
          "isLocked": false,
          "md5PathFileOld": "",
          "pathFile": "",
          "rect": {
            "bottom": 0,
            "left": 0,
            "right": 0,
            "top": 0
          },
          "typeTemplateModel": "NONE",
          "widthBitmap": 0
        },
        "linkBackgroundImage": "",
        "objDataAdjust": {
          "mCurrentBrightnessFilter": 50,
          "mCurrentContrastFilter": 50,
          "mCurrentExposureFilter": 50,
          "mCurrentFadeFilters": 0,
          "mCurrentHighlightFilter": 100,
          "mCurrentHueFilter": 0,
          "mCurrentSaturationFilter": 50,
          "mCurrentShadowFilter": 0,
          "mCurrentSharpenFilter": 50,
          "mCurrentTempFilter": 50,
          "mCurrentVignetteFilter": 100,
          "mListRedoAdjust": [],
          "mListUndoAdjust": []
        },
        "pathBitmap": "/storage/emulated/0/Pictures/Telegram/IMG_20220705_151033_304.jpg",
        "rotate": 0,
        "rotateAnim": 0.0,
        "scaleAnim": 1.0,
        "startIndexFrame": 191,
        "timeTransformCombo": 1358,
        "timeTransformIn": 300,
        "timeTransformOut": 300,
        "totalFrame": 40,
        "typeBackground": "COLOR",
        "typeTransformCombo": "NONE",
        "typeTransformIn": "NONE",
        "typeTransformOut": "NONE",
        "valueMatrixBitmapDraw": [
          0.61,
          0.0,
          -4.5,
          0.0,
          0.61,
          -6.0000153,
          0.0,
          0.0,
          1.0
        ],
        "widthBitmap": 900
      },
      {
        "backgroundColor": -16777216,
        "blurBackground": 0,
        "duration": 1267,
        "endIndexFrame": 269,
        "flipHorizontal": 1.0,
        "flipVertical": 1.0,
        "gpuPosition": 0,
        "gpuProgress": 0,
        "heightBitmap": 1200,
        "idItemPhoto": "1657008653964",
        "indexEndFrameTransformCombo": 0,
        "indexEndFrameTransformIn": 0,
        "indexStartFrameTransformOut": 0,
        "isCalledCutBody": false,
        "isCenterCrop": false,
        "isCenterInside": true,
        "isCropBitmap": false,
        "isLoadFromCache": true,
        "isLocked": false,
        "itemDataTransition": {
          "indexCate": 0,
          "isMask": false,
          "keyItem": "",
          "linkCover": "",
          "linkDownload": "",
          "modeDraw": "",
          "nameEn": "",
          "nameVn": "",
          "paintModeDraw": "SRC_OVER",
          "pathFolderOfTransition": "",
          "pathFolderZipOfTransition": "",
          "positionTransitionInAdapter": 0,
          "timeTransitionCurrent": 1000,
          "typeTransition": {
            "type": "NONE",
            "typeTransition": "NONE"
          }
        },
        "itemTemplateModel": {
          "duration": 0,
          "heightBitmap": 0,
          "indexSticker": -1,
          "isCrop": false,
          "isLocked": false,
          "md5PathFileOld": "",
          "pathFile": "",
          "rect": {
            "bottom": 0,
            "left": 0,
            "right": 0,
            "top": 0
          },
          "typeTemplateModel": "NONE",
          "widthBitmap": 0
        },
        "linkBackgroundImage": "",
        "objDataAdjust": {
          "mCurrentBrightnessFilter": 50,
          "mCurrentContrastFilter": 50,
          "mCurrentExposureFilter": 50,
          "mCurrentFadeFilters": 0,
          "mCurrentHighlightFilter": 100,
          "mCurrentHueFilter": 0,
          "mCurrentSaturationFilter": 50,
          "mCurrentShadowFilter": 0,
          "mCurrentSharpenFilter": 50,
          "mCurrentTempFilter": 50,
          "mCurrentVignetteFilter": 100,
          "mListRedoAdjust": [],
          "mListUndoAdjust": []
        },
        "pathBitmap": "/storage/emulated/0/Pictures/Telegram/IMG_20220705_151026_047.jpg",
        "rotate": 0,
        "rotateAnim": 0.0,
        "scaleAnim": 1.0,
        "startIndexFrame": 232,
        "timeTransformCombo": 1267,
        "timeTransformIn": 300,
        "timeTransformOut": 300,
        "totalFrame": 37,
        "typeBackground": "COLOR",
        "typeTransformCombo": "NONE",
        "typeTransformIn": "NONE",
        "typeTransformOut": "NONE",
        "valueMatrixBitmapDraw": [
          0.61,
          0.0,
          -4.5,
          0.0,
          0.61,
          -6.0000153,
          0.0,
          0.0,
          1.0
        ],
        "widthBitmap": 900
      }
    ]
  },
  "frame": {
    "listItemStickerData": [
      {
        "DOT": ".",
        "TYPE_PHOTO": "png",
        "WIDTH_MAX": 360,
        "alpha": 255,
        "animTextModel": {
          "easeCombo": "LINEAR",
          "easeIn": "LINEAR",
          "easeOut": "LINEAR",
          "endIndexFrameCombo": 270,
          "endIndexFrameIn": 0,
          "endIndexFrameOut": 270,
          "percentIn": 0.0,
          "percentOut": 0.0,
          "percentSpeedCombo": 30.0,
          "speedFrameCombo": 0,
          "startIndexFrameCombo": 0,
          "startIndexFrameIn": 0,
          "startIndexFrameOut": 0,
          "typeAnimTextCombo": "NONE",
          "typeAnimTextIn": "NONE_IN",
          "typeAnimTextOut": "NONE_OUT"
        },
        "countDeltaTime": 0.0,
        "dataFrames": {
          "isNeedLoadBitmap1": true,
          "isNeedLoadBitmap2": false,
          "isNeedLoadBitmap2Loop": true,
          "isNeedLoadBitmap3": true,
          "isNeedLoadBitmap4": false,
          "isNeedLoadBitmap4Loop": true,
          "isNeedLoadBitmap5": true,
          "isNeedLoadBitmap6": false,
          "isNeedLoadBitmap6Loop": true,
          "isNeedLoadBitmap7": true,
          "isNeedLoadBitmap8": false,
          "isNeedLoadBitmap8Loop": true,
          "isNeedLoadBitmap9": false
        },
        "deviationXShadow": 0.0,
        "deviationYShadow": 0.0,
        "duration": 9000,
        "endColor": -1,
        "endIndexFrame": 270,
        "flip": 1.0,
        "heightBitmap": 0,
        "id": "8c2a706396cb61ea998be2835d54f",
        "indexColor": 0,
        "indexColorShadow": 0,
        "indexEndFrameTransformCombo": 0,
        "indexEndFrameTransformIn": 0,
        "indexFont": 0,
        "indexFrame": 0,
        "indexStartFrameTransformOut": 0,
        "indexTransition": -1,
        "isBgText": false,
        "isBoldText": false,
        "isDashText": false,
        "isDashUnderText": false,
        "isDrawAnim": false,
        "isFirstFillDataTransformCombo": true,
        "isInit": true,
        "isItalicText": false,
        "isLayerFront": true,
        "isLoadFrameCache": true,
        "isTexture": false,
        "isVisible": true,
        "linkBubble": "",
        "linkItemFrame": "https://photoforapp84133-dev.s3.ap-southeast-1.amazonaws.com/public/Frame/Color/Frame/1/",
        "linkMask": "",
        "listText": [],
        "modeDraw": "SRC_OVER",
        "pathFolder": "",
        "pathFont": "",
        "pathSaveBitmapFrame": "/data/user/0/videoeditor.moviemaker/files/SaveProject/1657008656130/fdb546c92585538fd17fdf9ed9b5f5f0.png",
        "pathTexture": "",
        "pointRotate": {
          "x": 0.0,
          "y": 0.0
        },
        "pointTranslate": {
          "x": 0.0,
          "y": 0.0
        },
        "rotate": 0.0,
        "scale": 1.0,
        "speed": 1,
        "speedOfTransformCombo": 15,
        "startColor": -1,
        "startIndexFrame": 0,
        "stickerTypeTransformCombo": "NONE",
        "stickerTypeTransformIn": "NONE",
        "stickerTypeTransformOut": "NONE",
        "textAlignment": "CENTER",
        "textBlurShadow": 0.0,
        "textColorShadow": -16777216,
        "textHeightAllLine": 0.0,
        "textHeightOneLine": 0.0,
        "textLetterSpacing": 0.0,
        "textLineSpacing": 4.0,
        "textPadding": 6.0,
        "textSize": 1.0,
        "textSizeDefault": 30.0,
        "textString": "",
        "textStroke": {
          "color": "#000000",
          "indexPositionInAdapter": -1,
          "width": 0.0
        },
        "timeTransformCombo": 300,
        "timeTransformIn": 300,
        "timeTransformOut": 300,
        "titleShow": "",
        "totalFileNeedDownForOneFrame": 8,
        "typeSticker": "FRAME",
        "urlCover": "",
        "widthBitmap": 0
      }
    ],
    "listItemViewDataOnTimeLine": [
      {
        "durationEnd": 0,
        "durationFadeIn": 0,
        "durationFadeOut": 0,
        "durationStart": 0,
        "endIndexFrame": 270,
        "indexRowCurrent": 0,
        "indexRowPrevious": 0,
        "keyInHasMap": 1657014609295,
        "linkDownloadMp3": "",
        "nameMp3": "",
        "pathDefault": "",
        "pathSaveFile": "",
        "positionEffectVoice": 0,
        "speedAudio": 1.0,
        "startIndexFrame": 0,
        "volume": 1.0
      }
    ]
  },
  "keyProjectCurrent": "1657008656130",
  "listTemplateModel": {
    "list": []
  },
  "music": {
    "listItemMusicData": [
      {
        "durationEnd": 9000,
        "durationFadeIn": 0,
        "durationFadeOut": 0,
        "durationStart": 0,
        "endIndexFrame": 270,
        "indexRowCurrent": 0,
        "indexRowPrevious": 0,
        "keyInHasMap": 1657008661531,
        "linkDownloadMp3": "/storage/emulated/0/Music/G3Video/Direct_ConvertVideoToMp3_1657008658001.mp3",
        "nameMp3": "Direct_ConvertVideoToMp3_1657008658001.mp3",
        "pathDefault": "/storage/emulated/0/Music/G3Video/Direct_ConvertVideoToMp3_1657008658001.mp3",
        "pathSaveFile": "/storage/emulated/0/Music/G3Video/Direct_ConvertVideoToMp3_1657008658001.mp3",
        "positionEffectVoice": 0,
        "speedAudio": 1.0,
        "startIndexFrame": 0,
        "volume": 1.0
      }
    ]
  },
  "nameVideo": "Template 1657008656130",
  "setting": {
    "quality": 720,
    "ratio": {
      "height": 1.3333334,
      "width": 1.0
    }
  },
  "sticker": {
    "listItemStickerData": [],
    "listItemViewDataOnTimeLine": []
  },
  "text": {
    "listItemStickerData": [
      {
        "DOT": ".",
        "TYPE_PHOTO": "png",
        "WIDTH_MAX": 360,
        "alpha": 255,
        "animTextModel": {
          "easeCombo": "LINEAR",
          "easeIn": "LINEAR",
          "easeOut": "LINEAR",
          "endIndexFrameCombo": 270,
          "endIndexFrameIn": 0,
          "endIndexFrameOut": 270,
          "percentIn": 0.0,
          "percentOut": 0.0,
          "percentSpeedCombo": 30.0,
          "speedFrameCombo": 0,
          "startIndexFrameCombo": 0,
          "startIndexFrameIn": 0,
          "startIndexFrameOut": 0,
          "typeAnimTextCombo": "NONE",
          "typeAnimTextIn": "NONE_IN",
          "typeAnimTextOut": "NONE_OUT"
        },
        "countDeltaTime": 0.0,
        "dataFrames": {
          "isNeedLoadBitmap1": false,
          "isNeedLoadBitmap2": false,
          "isNeedLoadBitmap2Loop": false,
          "isNeedLoadBitmap3": false,
          "isNeedLoadBitmap4": false,
          "isNeedLoadBitmap4Loop": false,
          "isNeedLoadBitmap5": false,
          "isNeedLoadBitmap6": false,
          "isNeedLoadBitmap6Loop": false,
          "isNeedLoadBitmap7": false,
          "isNeedLoadBitmap8": false,
          "isNeedLoadBitmap8Loop": false,
          "isNeedLoadBitmap9": false
        },
        "deviationXShadow": 0.0,
        "deviationYShadow": 0.0,
        "duration": 9000,
        "endColor": -1,
        "endIndexFrame": 270,
        "flip": 1.0,
        "heightBitmap": 0,
        "id": "88b52993bf974745c5bb625eb34cf5",
        "indexColor": 0,
        "indexColorShadow": 0,
        "indexEndFrameTransformCombo": 0,
        "indexEndFrameTransformIn": 0,
        "indexFont": 0,
        "indexFrame": 0,
        "indexStartFrameTransformOut": 0,
        "indexTransition": -1,
        "isBgText": false,
        "isBoldText": false,
        "isDashText": false,
        "isDashUnderText": false,
        "isDrawAnim": false,
        "isFirstFillDataTransformCombo": true,
        "isInit": true,
        "isItalicText": false,
        "isLayerFront": true,
        "isLoadFrameCache": true,
        "isTexture": false,
        "isVisible": true,
        "linkBubble": "",
        "linkItemFrame": "",
        "linkMask": "",
        "listText": [
          "beach ✿ holiday ✿ coffee"
        ],
        "modeDraw": "SRC_OVER",
        "pathFolder": "",
        "pathFont": "",
        "pathSaveBitmapFrame": "",
        "pathTexture": "https://photoforapp.s3.ap-southeast-1.amazonaws.com/Video/TextV2/Style/Basic/14/texture.jpg",
        "pointRotate": {
          "x": 259.70007,
          "y": 634.66754
        },
        "pointTranslate": {
          "x": 79.70007,
          "y": 454.66754
        },
        "rotate": -0.59732056,
        "scale": 0.7699582,
        "speed": 1,
        "speedOfTransformCombo": 15,
        "startColor": -1,
        "startIndexFrame": 0,
        "stickerTypeTransformCombo": "NONE",
        "stickerTypeTransformIn": "NONE",
        "stickerTypeTransformOut": "NONE",
        "textAlignment": "CENTER",
        "textBlurShadow": 10.0,
        "textColorShadow": 855638016,
        "textHeightAllLine": 49.75,
        "textHeightOneLine": 34.0,
        "textLetterSpacing": 0.0,
        "textLineSpacing": 4.0,
        "textPadding": 15.75,
        "textSize": 30.0,
        "textSizeDefault": 30.0,
        "textString": "beach ✿ holiday ✿ coffee",
        "textStroke": {
          "color": "#000000",
          "indexPositionInAdapter": -1,
          "width": 0.0
        },
        "timeTransformCombo": 300,
        "timeTransformIn": 300,
        "timeTransformOut": 300,
        "titleShow": "",
        "totalFileNeedDownForOneFrame": 0,
        "typeSticker": "TEXT",
        "urlCover": "",
        "widthBitmap": 0
      },
      {
        "DOT": ".",
        "TYPE_PHOTO": "png",
        "WIDTH_MAX": 360,
        "alpha": 255,
        "animTextModel": {
          "easeCombo": "LINEAR",
          "easeIn": "LINEAR",
          "easeOut": "LINEAR",
          "endIndexFrameCombo": 270,
          "endIndexFrameIn": 0,
          "endIndexFrameOut": 270,
          "percentIn": 0.0,
          "percentOut": 0.0,
          "percentSpeedCombo": 30.0,
          "speedFrameCombo": 0,
          "startIndexFrameCombo": 0,
          "startIndexFrameIn": 0,
          "startIndexFrameOut": 0,
          "typeAnimTextCombo": "NONE",
          "typeAnimTextIn": "NONE_IN",
          "typeAnimTextOut": "NONE_OUT"
        },
        "countDeltaTime": 0.0,
        "dataFrames": {
          "isNeedLoadBitmap1": false,
          "isNeedLoadBitmap2": false,
          "isNeedLoadBitmap2Loop": false,
          "isNeedLoadBitmap3": false,
          "isNeedLoadBitmap4": false,
          "isNeedLoadBitmap4Loop": false,
          "isNeedLoadBitmap5": false,
          "isNeedLoadBitmap6": false,
          "isNeedLoadBitmap6Loop": false,
          "isNeedLoadBitmap7": false,
          "isNeedLoadBitmap8": false,
          "isNeedLoadBitmap8Loop": false,
          "isNeedLoadBitmap9": false
        },
        "deviationXShadow": 0.0,
        "deviationYShadow": 0.0,
        "duration": 9000,
        "endColor": -1,
        "endIndexFrame": 270,
        "flip": 1.0,
        "heightBitmap": 0,
        "id": "d56f20e3f0d955ad433766a6936201",
        "indexColor": 0,
        "indexColorShadow": 0,
        "indexEndFrameTransformCombo": 0,
        "indexEndFrameTransformIn": 0,
        "indexFont": 69,
        "indexFrame": 0,
        "indexStartFrameTransformOut": 0,
        "indexTransition": -1,
        "isBgText": false,
        "isBoldText": true,
        "isDashText": false,
        "isDashUnderText": false,
        "isDrawAnim": false,
        "isFirstFillDataTransformCombo": true,
        "isInit": true,
        "isItalicText": false,
        "isLayerFront": true,
        "isLoadFrameCache": true,
        "isTexture": false,
        "isVisible": true,
        "linkBubble": "",
        "linkItemFrame": "",
        "linkMask": "",
        "listText": [
          "SUMMER"
        ],
        "modeDraw": "SRC_OVER",
        "pathFolder": "",
        "pathFont": "/data/user/0/videoeditor.moviemaker/files/INTERNAL_FONT_FOLDER_UNZIP/autum/autum/You\u0027re So Cool - TTF.ttf",
        "pathSaveBitmapFrame": "",
        "pathTexture": "https://photoforapp.s3.ap-southeast-1.amazonaws.com/Video/TextV2/Style/Basic/14/texture.jpg",
        "pointRotate": {
          "x": 258.0843,
          "y": 598.7633
        },
        "pointTranslate": {
          "x": 78.08429,
          "y": 418.76334
        },
        "rotate": 0.09136963,
        "scale": 0.7307702,
        "speed": 1,
        "speedOfTransformCombo": 15,
        "startColor": -1,
        "startIndexFrame": 0,
        "stickerTypeTransformCombo": "NONE",
        "stickerTypeTransformIn": "NONE",
        "stickerTypeTransformOut": "NONE",
        "textAlignment": "CENTER",
        "textBlurShadow": 10.0,
        "textColorShadow": 855638016,
        "textHeightAllLine": 65.75,
        "textHeightOneLine": 50.0,
        "textLetterSpacing": 0.2,
        "textLineSpacing": 4.0,
        "textPadding": 15.75,
        "textSize": 66.0,
        "textSizeDefault": 30.0,
        "textString": "SUMMER",
        "textStroke": {
          "color": "#000000",
          "indexPositionInAdapter": -1,
          "width": 0.0
        },
        "timeTransformCombo": 300,
        "timeTransformIn": 300,
        "timeTransformOut": 300,
        "titleShow": "",
        "totalFileNeedDownForOneFrame": 0,
        "typeSticker": "TEXT",
        "urlCover": "",
        "widthBitmap": 0
      }
    ],
    "listItemViewDataOnTimeLine": [
      {
        "durationEnd": 0,
        "durationFadeIn": 0,
        "durationFadeOut": 0,
        "durationStart": 0,
        "endIndexFrame": 270,
        "indexRowCurrent": 0,
        "indexRowPrevious": 0,
        "keyInHasMap": 1657014609231,
        "linkDownloadMp3": "",
        "nameMp3": "",
        "pathDefault": "",
        "pathSaveFile": "",
        "positionEffectVoice": 0,
        "speedAudio": 1.0,
        "startIndexFrame": 0,
        "volume": 1.0
      },
      {
        "durationEnd": 0,
        "durationFadeIn": 0,
        "durationFadeOut": 0,
        "durationStart": 0,
        "endIndexFrame": 270,
        "indexRowCurrent": 0,
        "indexRowPrevious": 0,
        "keyInHasMap": 1657014609241,
        "linkDownloadMp3": "",
        "nameMp3": "",
        "pathDefault": "",
        "pathSaveFile": "",
        "positionEffectVoice": 0,
        "speedAudio": 1.0,
        "startIndexFrame": 0,
        "volume": 1.0
      }
    ]
  },
  "timeLastUpdate": 1657014610328,
  "videoEffect": {
    "listItemEffectData": [],
    "listItemViewDataOnTimeLine": []
  }
}