{
  "durationVideo": 7833,
  "editor": {
    "listItemPhotoData": [
      {
        "backgroundColor": -16777216,
        "blurBackground": 0,
        "duration": 4700,
        "endIndexFrame": 140,
        "flipHorizontal": 1.0,
        "flipVertical": 1.0,
        "gpuPosition": 0,
        "gpuProgress": 0,
        "heightBitmap": 1178,
        "idItemPhoto": "1658110559645",
        "indexEndFrameTransformCombo": 0,
        "indexEndFrameTransformIn": 9,
        "indexStartFrameTransformOut": 0,
        "isCalledCutBody": false,
        "isCenterCrop": false,
        "isCenterInside": true,
        "isCropBitmap": true,
        "isLoadFromCache": true,
        "isLocked": false,
        "itemDataTransition": {
          "indexCate": 6,
          "indexItem": 15,
          "isMask": false,
          "keyItem": "BLANCH",
          "linkCover": "https://photoforapp.s3.ap-southeast-1.amazonaws.com/Video/TransitionsServer/Basic/Icon/BLANCH.gif",
          "linkDownload": "https://photoforapp.s3.ap-southeast-1.amazonaws.com/Video/TransitionsServer/Basic/BLANCH.zip",
          "modeDraw": "",
          "nameEn": "Blanch",
          "nameVn": "Làm trắng",
          "paintModeDraw": "SRC_OVER",
          "pathFolderOfTransition": "",
          "pathFolderZipOfTransition": "",
          "positionTransitionInAdapter": 98,
          "timeTransitionCurrent": 273,
          "typeTransition": {
            "type": "BASIC",
            "typeTransition": "BLANCH"
          }
        },
        "itemTemplateModel": {
          "duration": 0,
          "heightBitmap": 0,
          "indexSticker": -1,
          "isCrop": false,
          "isLocked": false,
          "md5PathFileOld": "",
          "pathFile": "",
          "rect": {
            "bottom": 0,
            "left": 0,
            "right": 0,
            "top": 0
          },
          "typeTemplateModel": "NONE",
          "widthBitmap": 0
        },
        "linkBackgroundImage": "",
        "objDataAdjust": {
          "mCurrentBrightnessFilter": 50,
          "mCurrentContrastFilter": 50,
          "mCurrentExposureFilter": 50,
          "mCurrentFadeFilters": 0,
          "mCurrentHighlightFilter": 100,
          "mCurrentHueFilter": 0,
          "mCurrentSaturationFilter": 50,
          "mCurrentShadowFilter": 0,
          "mCurrentSharpenFilter": 50,
          "mCurrentTempFilter": 50,
          "mCurrentVignetteFilter": 100,
          "mListRedoAdjust": [],
          "mListUndoAdjust": []
        },
        "pathBitmap": "/storage/emulated/0/DCIM/Ảnh Test/Girl/278557100_3153146784922674_7483043573645960616_n.jpg",
        "rectCrop": {
          "bottom": 1280,
          "left": 143,
          "right": 806,
          "top": 102
        },
        "rotate": 0,
        "rotateAnim": 0.0,
        "scaleAnim": 1.0,
        "startIndexFrame": 0,
        "timeTransformCombo": 4700,
        "timeTransformIn": 300,
        "timeTransformOut": 300,
        "totalFrame": 140,
        "typeBackground": "COLOR",
        "typeTransformCombo": "NONE",
        "typeTransformIn": "NONE",
        "typeTransformOut": "NONE",
        "valueMatrixBitmapDraw": [
          0.62085974,
          0.0,
          -3.3150024,
          0.0,
          0.62085974,
          -5.686386,
          0.0,
          0.0,
          1.0
        ],
        "widthBitmap": 663
      },
      {
        "backgroundColor": -16777216,
        "blurBackground": 0,
        "duration": 3133,
        "endIndexFrame": 234,
        "flipHorizontal": 1.0,
        "flipVertical": 1.0,
        "gpuPosition": 0,
        "gpuProgress": 0,
        "heightBitmap": 1229,
        "idItemPhoto": "1658110560011",
        "indexEndFrameTransformCombo": 0,
        "indexEndFrameTransformIn": 0,
        "indexStartFrameTransformOut": 0,
        "isCalledCutBody": false,
        "isCenterCrop": false,
        "isCenterInside": true,
        "isCropBitmap": true,
        "isLoadFromCache": true,
        "isLocked": false,
        "itemDataTransition": {
          "indexCate": 0,
          "isMask": false,
          "keyItem": "",
          "linkCover": "",
          "linkDownload": "",
          "modeDraw": "",
          "nameEn": "",
          "nameVn": "",
          "paintModeDraw": "SRC_OVER",
          "pathFolderOfTransition": "",
          "pathFolderZipOfTransition": "",
          "positionTransitionInAdapter": 0,
          "timeTransitionCurrent": 1000,
          "typeTransition": {
            "type": "NONE",
            "typeTransition": "NONE"
          }
        },
        "itemTemplateModel": {
          "duration": 0,
          "heightBitmap": 0,
          "indexSticker": -1,
          "isCrop": false,
          "isLocked": false,
          "md5PathFileOld": "",
          "pathFile": "",
          "rect": {
            "bottom": 0,
            "left": 0,
            "right": 0,
            "top": 0
          },
          "typeTemplateModel": "NONE",
          "widthBitmap": 0
        },
        "linkBackgroundImage": "",
        "objDataAdjust": {
          "mCurrentBrightnessFilter": 50,
          "mCurrentContrastFilter": 50,
          "mCurrentExposureFilter": 50,
          "mCurrentFadeFilters": 0,
          "mCurrentHighlightFilter": 100,
          "mCurrentHueFilter": 0,
          "mCurrentSaturationFilter": 50,
          "mCurrentShadowFilter": 0,
          "mCurrentSharpenFilter": 50,
          "mCurrentTempFilter": 50,
          "mCurrentVignetteFilter": 100,
          "mListRedoAdjust": [],
          "mListUndoAdjust": []
        },
        "pathBitmap": "/storage/emulated/0/DCIM/Ảnh Test/Girl/278508310_3153146801589339_3331229844503360271_n.jpg",
        "rectCrop": {
          "bottom": 1270,
          "left": 102,
          "right": 793,
          "top": 41
        },
        "rotate": 0,
        "rotateAnim": 0.0,
        "scaleAnim": 1.0,
        "startIndexFrame": 141,
        "timeTransformCombo": 3133,
        "timeTransformIn": 300,
        "timeTransformOut": 300,
        "totalFrame": 93,
        "typeBackground": "COLOR",
        "typeTransformCombo": "NONE",
        "typeTransformIn": "NONE",
        "typeTransformOut": "NONE",
        "valueMatrixBitmapDraw": [
          0.5958421,
          0.0,
          -3.363449,
          0.0,
          0.5958421,
          -6.1449738,
          0.0,
          0.0,
          1.0
        ],
        "widthBitmap": 691
      }
    ]
  },
  "frame": {
    "listItemStickerData": [],
    "listItemViewDataOnTimeLine": []
  },
  "keyProjectCurrent": "1658110618342",
  "listTemplateModel": {
    "list": []
  },
  "music": {
    "listItemMusicData": [
      {
        "durationEnd": 7738,
        "durationFadeIn": 0,
        "durationFadeOut": 0,
        "durationStart": 0,
        "endIndexFrame": 232,
        "indexRowCurrent": 0,
        "indexRowPrevious": 0,
        "keyInHasMap": 1658110659741,
        "linkDownloadMp3": "/storage/emulated/0/Music/G3Video/Direct_ConvertVideoToMp3_1658110502201.mp3",
        "nameMp3": "Direct_ConvertVideoToMp3_1658110502201.mp3",
        "pathDefault": "/storage/emulated/0/Music/G3Video/Direct_ConvertVideoToMp3_1658110502201.mp3",
        "pathSaveFile": "/storage/emulated/0/Music/G3Video/Direct_ConvertVideoToMp3_1658110502201.mp3",
        "positionEffectVoice": 0,
        "speedAudio": 1.0,
        "startIndexFrame": 0,
        "volume": 1.0
      }
    ]
  },
  "nameVideo": "Template 1658110618342",
  "setting": {
    "quality": 720,
    "ratio": {
      "height": 16.0,
      "width": 9.0
    }
  },
  "sticker": {
    "listItemStickerData": [],
    "listItemViewDataOnTimeLine": []
  },
  "text": {
    "listItemStickerData": [],
    "listItemViewDataOnTimeLine": []
  },
  "timeLastUpdate": 1658114997430,
  "videoEffect": {
    "listItemEffectData": [
      {
        "drawMode": "SCREEN",
        "endIndexFrame": 63,
        "indexFrameDrawCurrent": 0,
        "isCenterCrop": true,
        "isCenterInside": false,
        "isDraw": true,
        "isNeedCutBody": false,
        "isReloadFromCache": true,
        "jsonObjectDataOfItem": "",
        "keyEffect": "Basic",
        "keyInHasMap": 1658114997432,
        "pathFolderEffect": "",
        "positionInAdapter": 22,
        "speed": 1,
        "startIndexFrame": 0,
        "title": "Portrait Open",
        "totalFrame": 63,
        "uri": ""
      },
      {
        "drawMode": "SCREEN",
        "endIndexFrame": 97,
        "indexFrameDrawCurrent": 0,
        "isCenterCrop": true,
        "isCenterInside": false,
        "isDraw": true,
        "isNeedCutBody": false,
        "isReloadFromCache": true,
        "jsonObjectDataOfItem": "",
        "keyEffect": "Basic",
        "keyInHasMap": 1658114997434,
        "pathFolderEffect": "",
        "positionInAdapter": 6,
        "speed": 1,
        "startIndexFrame": 50,
        "title": "Zoom in",
        "totalFrame": 47,
        "uri": ""
      },
      {
        "drawMode": "SCREEN",
        "endIndexFrame": 95,
        "indexFrameDrawCurrent": 0,
        "isCenterCrop": true,
        "isCenterInside": false,
        "isDraw": true,
        "isNeedCutBody": false,
        "isReloadFromCache": true,
        "jsonObjectDataOfItem": "{\n  \"color\": -1,\n  \"defaultMinSpeed\": 2.0,\n  \"defaultSpeed\": 3.0,\n  \"max\": 28.0,\n  \"min\": 0.0,\n  \"speedCurrent\": 0.0\n}",
        "keyEffect": "Party",
        "keyInHasMap": 1658114997438,
        "pathFolderEffect": "",
        "positionInAdapter": 3,
        "speed": 1,
        "startIndexFrame": 93,
        "title": "White flash",
        "totalFrame": 2,
        "uri": ""
      },
      {
        "drawMode": "SCREEN",
        "endIndexFrame": 122,
        "indexFrameDrawCurrent": 0,
        "isCenterCrop": true,
        "isCenterInside": false,
        "isDraw": true,
        "isNeedCutBody": false,
        "isReloadFromCache": true,
        "jsonObjectDataOfItem": "{\n  \"defaultMinSpeed\": 10.0,\n  \"defaultMinZoom\": 1.1,\n  \"defaultShow\": 10,\n  \"defaultSpeed\": 0.0,\n  \"defaultZoom\": 0.0,\n  \"maxSpeed\": 10.0,\n  \"maxZoom\": 0.7,\n  \"minSpeed\": 0.0,\n  \"minZoom\": 0.0,\n  \"speedCurrent\": 0.0,\n  \"variabilityZoom\": 1.0,\n  \"zoomCurrent\": 0.0\n}",
        "keyEffect": "Party",
        "keyInHasMap": 1658114997444,
        "pathFolderEffect": "",
        "positionInAdapter": 8,
        "speed": 1,
        "startIndexFrame": 115,
        "title": "Astral",
        "totalFrame": 7,
        "uri": ""
      },
      {
        "drawMode": "SCREEN",
        "endIndexFrame": 131,
        "indexFrameDrawCurrent": 0,
        "isCenterCrop": true,
        "isCenterInside": false,
        "isDraw": true,
        "isNeedCutBody": false,
        "isReloadFromCache": true,
        "jsonObjectDataOfItem": "{\n  \"defaultMinSpeed\": 10.0,\n  \"defaultMinZoom\": 1.1,\n  \"defaultShow\": 10,\n  \"defaultSpeed\": 0.0,\n  \"defaultZoom\": 0.0,\n  \"maxSpeed\": 10.0,\n  \"maxZoom\": 0.7,\n  \"minSpeed\": 0.0,\n  \"minZoom\": 0.0,\n  \"speedCurrent\": 0.0,\n  \"variabilityZoom\": 1.0,\n  \"zoomCurrent\": 0.0\n}",
        "keyEffect": "Party",
        "keyInHasMap": 1658114997448,
        "pathFolderEffect": "",
        "positionInAdapter": 8,
        "speed": 1,
        "startIndexFrame": 123,
        "title": "Astral",
        "totalFrame": 8,
        "uri": ""
      },
      {
        "drawMode": "SCREEN",
        "endIndexFrame": 110,
        "indexFrameDrawCurrent": 0,
        "isCenterCrop": true,
        "isCenterInside": false,
        "isDraw": true,
        "isNeedCutBody": false,
        "isReloadFromCache": true,
        "jsonObjectDataOfItem": "{\n  \"color\": -1,\n  \"defaultMinSpeed\": 2.0,\n  \"defaultSpeed\": 3.0,\n  \"max\": 28.0,\n  \"min\": 0.0,\n  \"speedCurrent\": 0.0\n}",
        "keyEffect": "Party",
        "keyInHasMap": 1658114997450,
        "pathFolderEffect": "",
        "positionInAdapter": 3,
        "speed": 1,
        "startIndexFrame": 108,
        "title": "White flash",
        "totalFrame": 2,
        "uri": ""
      },
      {
        "drawMode": "SCREEN",
        "endIndexFrame": 145,
        "indexFrameDrawCurrent": 0,
        "isCenterCrop": true,
        "isCenterInside": false,
        "isDraw": true,
        "isNeedCutBody": false,
        "isReloadFromCache": true,
        "jsonObjectDataOfItem": "{\n  \"defaultMinRange\": 5.0,\n  \"defaultMinSpeed\": 5.0,\n  \"defaultRange\": 0.0,\n  \"defaultShow\": 10,\n  \"defaultSpeed\": 0.0,\n  \"maxRange\": 15.0,\n  \"maxSpeed\": 15.0,\n  \"minRange\": 0.0,\n  \"minSpeed\": 0.0,\n  \"rangeCurrent\": 0.0,\n  \"speedCurrent\": 0.0\n}",
        "keyEffect": "Party",
        "keyInHasMap": 1658114997453,
        "pathFolderEffect": "",
        "positionInAdapter": 13,
        "speed": 1,
        "startIndexFrame": 131,
        "title": "Shake 1",
        "totalFrame": 14,
        "uri": ""
      },
      {
        "drawMode": "SCREEN",
        "endIndexFrame": 235,
        "indexFrameDrawCurrent": 2,
        "isCenterCrop": true,
        "isCenterInside": false,
        "isDraw": true,
        "isNeedCutBody": false,
        "isReloadFromCache": true,
        "jsonObjectDataOfItem": "",
        "keyEffect": "SERVER",
        "keyInHasMap": 1658114997455,
        "pathFolderEffect": "/data/user/0/videoeditor.moviemaker/files/FOLDER_EFFECT/Particles/24",
        "positionInAdapter": 24,
        "speed": 1,
        "startIndexFrame": 144,
        "title": "Particles 24",
        "totalFrame": 91,
        "uri": "/data/user/0/videoeditor.moviemaker/files/FOLDER_EFFECT/Particles/24/Particles.m4v"
      },
      {
        "drawMode": "SCREEN",
        "endIndexFrame": 234,
        "indexFrameDrawCurrent": 4,
        "isCenterCrop": true,
        "isCenterInside": false,
        "isDraw": true,
        "isNeedCutBody": false,
        "isReloadFromCache": true,
        "jsonObjectDataOfItem": "",
        "keyEffect": "SERVER",
        "keyInHasMap": 1658114997457,
        "pathFolderEffect": "/data/user/0/videoeditor.moviemaker/files/FOLDER_EFFECT/Particles/24",
        "positionInAdapter": 24,
        "speed": 1,
        "startIndexFrame": 142,
        "title": "Particles 24",
        "totalFrame": 92,
        "uri": "/data/user/0/videoeditor.moviemaker/files/FOLDER_EFFECT/Particles/24/Particles.m4v"
      },
      {
        "drawMode": "SCREEN",
        "endIndexFrame": 235,
        "indexFrameDrawCurrent": 85,
        "isCenterCrop": true,
        "isCenterInside": false,
        "isDraw": true,
        "isNeedCutBody": false,
        "isReloadFromCache": true,
        "jsonObjectDataOfItem": "",
        "keyEffect": "SERVER",
        "keyInHasMap": 1658114997459,
        "pathFolderEffect": "/data/user/0/videoeditor.moviemaker/files/FOLDER_EFFECT/Bokeh/24",
        "positionInAdapter": 24,
        "speed": 1,
        "startIndexFrame": 149,
        "title": "Bokeh 24",
        "totalFrame": 86,
        "uri": "/data/user/0/videoeditor.moviemaker/files/FOLDER_EFFECT/Bokeh/24/Bokeh.m4v"
      },
      {
        "drawMode": "SCREEN",
        "endIndexFrame": 235,
        "indexFrameDrawCurrent": 35,
        "isCenterCrop": true,
        "isCenterInside": false,
        "isDraw": true,
        "isNeedCutBody": false,
        "isReloadFromCache": true,
        "jsonObjectDataOfItem": "",
        "keyEffect": "SERVER",
        "keyInHasMap": 1658114997461,
        "pathFolderEffect": "/data/user/0/videoeditor.moviemaker/files/FOLDER_EFFECT/Particles/33",
        "positionInAdapter": 33,
        "speed": 1,
        "startIndexFrame": 149,
        "title": "Particles 33",
        "totalFrame": 86,
        "uri": "/data/user/0/videoeditor.moviemaker/files/FOLDER_EFFECT/Particles/33/Particles.m4v"
      },
      {
        "drawMode": "SCREEN",
        "endIndexFrame": 151,
        "indexFrameDrawCurrent": 0,
        "isCenterCrop": true,
        "isCenterInside": false,
        "isDraw": true,
        "isNeedCutBody": false,
        "isReloadFromCache": true,
        "jsonObjectDataOfItem": "{\n  \"mIntensity\": 50.0,\n  \"mSpeed\": 50.0\n}",
        "keyEffect": "Basic",
        "keyInHasMap": 1658114997463,
        "pathFolderEffect": "",
        "positionInAdapter": 16,
        "speed": 1,
        "startIndexFrame": 144,
        "title": "Shake",
        "totalFrame": 7,
        "uri": ""
      }
    ],
    "listItemViewDataOnTimeLine": [
      {
        "durationEnd": 0,
        "durationFadeIn": 0,
        "durationFadeOut": 0,
        "durationStart": 0,
        "endIndexFrame": 63,
        "indexRowCurrent": 0,
        "indexRowPrevious": 0,
        "keyInHasMap": 1658113946235,
        "linkDownloadMp3": "",
        "nameMp3": "",
        "pathDefault": "",
        "pathSaveFile": "",
        "positionEffectVoice": 0,
        "speedAudio": 1.0,
        "startIndexFrame": 0,
        "volume": 1.0
      },
      {
        "durationEnd": 0,
        "durationFadeIn": 0,
        "durationFadeOut": 0,
        "durationStart": 0,
        "endIndexFrame": 97,
        "indexRowCurrent": 0,
        "indexRowPrevious": 0,
        "keyInHasMap": 1658113946236,
        "linkDownloadMp3": "",
        "nameMp3": "",
        "pathDefault": "",
        "pathSaveFile": "",
        "positionEffectVoice": 0,
        "speedAudio": 1.0,
        "startIndexFrame": 50,
        "volume": 1.0
      },
      {
        "durationEnd": 0,
        "durationFadeIn": 0,
        "durationFadeOut": 0,
        "durationStart": 0,
        "endIndexFrame": 95,
        "indexRowCurrent": 0,
        "indexRowPrevious": 0,
        "keyInHasMap": 1658113946238,
        "linkDownloadMp3": "",
        "nameMp3": "",
        "pathDefault": "",
        "pathSaveFile": "",
        "positionEffectVoice": 0,
        "speedAudio": 1.0,
        "startIndexFrame": 93,
        "volume": 1.0
      },
      {
        "durationEnd": 0,
        "durationFadeIn": 0,
        "durationFadeOut": 0,
        "durationStart": 0,
        "endIndexFrame": 122,
        "indexRowCurrent": 0,
        "indexRowPrevious": 0,
        "keyInHasMap": 1658113946244,
        "linkDownloadMp3": "",
        "nameMp3": "",
        "pathDefault": "",
        "pathSaveFile": "",
        "positionEffectVoice": 0,
        "speedAudio": 1.0,
        "startIndexFrame": 115,
        "volume": 1.0
      },
      {
        "durationEnd": 0,
        "durationFadeIn": 0,
        "durationFadeOut": 0,
        "durationStart": 0,
        "endIndexFrame": 131,
        "indexRowCurrent": 0,
        "indexRowPrevious": 0,
        "keyInHasMap": 1658113946258,
        "linkDownloadMp3": "",
        "nameMp3": "",
        "pathDefault": "",
        "pathSaveFile": "",
        "positionEffectVoice": 0,
        "speedAudio": 1.0,
        "startIndexFrame": 123,
        "volume": 1.0
      },
      {
        "durationEnd": 0,
        "durationFadeIn": 0,
        "durationFadeOut": 0,
        "durationStart": 0,
        "endIndexFrame": 110,
        "indexRowCurrent": 0,
        "indexRowPrevious": 0,
        "keyInHasMap": 1658113946265,
        "linkDownloadMp3": "",
        "nameMp3": "",
        "pathDefault": "",
        "pathSaveFile": "",
        "positionEffectVoice": 0,
        "speedAudio": 1.0,
        "startIndexFrame": 108,
        "volume": 1.0
      },
      {
        "durationEnd": 0,
        "durationFadeIn": 0,
        "durationFadeOut": 0,
        "durationStart": 0,
        "endIndexFrame": 145,
        "indexRowCurrent": 0,
        "indexRowPrevious": 0,
        "keyInHasMap": 1658113946268,
        "linkDownloadMp3": "",
        "nameMp3": "",
        "pathDefault": "",
        "pathSaveFile": "",
        "positionEffectVoice": 0,
        "speedAudio": 1.0,
        "startIndexFrame": 131,
        "volume": 1.0
      },
      {
        "durationEnd": 3166,
        "durationFadeIn": 0,
        "durationFadeOut": 0,
        "durationStart": 0,
        "endIndexFrame": 235,
        "indexRowCurrent": 0,
        "indexRowPrevious": 0,
        "keyInHasMap": 1658114256770,
        "linkDownloadMp3": "",
        "nameMp3": "",
        "pathDefault": "",
        "pathSaveFile": "",
        "positionEffectVoice": 0,
        "speedAudio": 1.0,
        "startIndexFrame": 144,
        "volume": 1.0
      },
      {
        "durationEnd": 3066,
        "durationFadeIn": 0,
        "durationFadeOut": 0,
        "durationStart": 0,
        "endIndexFrame": 234,
        "indexRowCurrent": 0,
        "indexRowPrevious": 0,
        "keyInHasMap": 1658114360462,
        "linkDownloadMp3": "",
        "nameMp3": "",
        "pathDefault": "",
        "pathSaveFile": "",
        "positionEffectVoice": 0,
        "speedAudio": 1.0,
        "startIndexFrame": 142,
        "volume": 1.0
      },
      {
        "durationEnd": 2866,
        "durationFadeIn": 0,
        "durationFadeOut": 0,
        "durationStart": 0,
        "endIndexFrame": 235,
        "indexRowCurrent": 0,
        "indexRowPrevious": 0,
        "keyInHasMap": 1658114546669,
        "linkDownloadMp3": "",
        "nameMp3": "",
        "pathDefault": "",
        "pathSaveFile": "",
        "positionEffectVoice": 0,
        "speedAudio": 1.0,
        "startIndexFrame": 149,
        "volume": 1.0
      },
      {
        "durationEnd": 2866,
        "durationFadeIn": 0,
        "durationFadeOut": 0,
        "durationStart": 0,
        "endIndexFrame": 235,
        "indexRowCurrent": 0,
        "indexRowPrevious": 0,
        "keyInHasMap": 1658114582481,
        "linkDownloadMp3": "",
        "nameMp3": "",
        "pathDefault": "",
        "pathSaveFile": "",
        "positionEffectVoice": 0,
        "speedAudio": 1.0,
        "startIndexFrame": 149,
        "volume": 1.0
      },
      {
        "durationEnd": 1200,
        "durationFadeIn": 0,
        "durationFadeOut": 0,
        "durationStart": 0,
        "endIndexFrame": 151,
        "indexRowCurrent": 0,
        "indexRowPrevious": 0,
        "keyInHasMap": 1658114859491,
        "linkDownloadMp3": "",
        "nameMp3": "",
        "pathDefault": "",
        "pathSaveFile": "",
        "positionEffectVoice": 0,
        "speedAudio": 1.0,
        "startIndexFrame": 144,
        "volume": 1.0
      }
    ]
  }
}