{
  "durationVideo": 20500,
  "editor": {
    "listItemPhotoData": [
      {
        "backgroundColor": -16777216,
        "blurBackground": 0,
        "duration": 4667,
        "endIndexFrame": 139,
        "flipHorizontal": 1.0,
        "flipVertical": 1.0,
        "gpuPosition": 0,
        "gpuProgress": 0,
        "heightBitmap": 1193,
        "idItemPhoto": "1657073363329",
        "indexEndFrameTransformCombo": 0,
        "indexEndFrameTransformIn": 0,
        "indexStartFrameTransformOut": 0,
        "isCalledCutBody": false,
        "isCenterCrop": false,
        "isCenterInside": true,
        "isCropBitmap": true,
        "isLoadFromCache": true,
        "isLocked": false,
        "itemDataTransition": {
          "indexCate": 1,
          "indexItem": 1,
          "isMask": false,
          "keyItem": "BLACK_FADE",
          "linkCover": "https://photoforapp.s3.ap-southeast-1.amazonaws.com/Video/TransitionsServer/Basic/Icon/BLACK_FADE.gif",
          "linkDownload": "https://photoforapp.s3.ap-southeast-1.amazonaws.com/Video/TransitionsServer/Basic/BLACK_FADE.zip",
          "modeDraw": "",
          "nameEn": "Back fade",
          "nameVn": "Đen mờ dần",
          "paintModeDraw": "SRC_OVER",
          "pathFolderOfTransition": "",
          "pathFolderZipOfTransition": "",
          "positionTransitionInAdapter": 1,
          "timeTransitionCurrent": 571,
          "typeTransition": {
            "type": "BASIC",
            "typeTransition": "BLACK_FADE"
          }
        },
        "itemTemplateModel": {
          "duration": 0,
          "heightBitmap": 0,
          "indexSticker": -1,
          "isCrop": false,
          "isLocked": false,
          "md5PathFileOld": "",
          "pathFile": "",
          "rect": {
            "bottom": 0,
            "left": 0,
            "right": 0,
            "top": 0
          },
          "typeTemplateModel": "NONE",
          "widthBitmap": 0
        },
        "linkBackgroundImage": "",
        "objDataAdjust": {
          "mCurrentBrightnessFilter": 50,
          "mCurrentContrastFilter": 50,
          "mCurrentExposureFilter": 50,
          "mCurrentFadeFilters": 0,
          "mCurrentHighlightFilter": 100,
          "mCurrentHueFilter": 0,
          "mCurrentSaturationFilter": 50,
          "mCurrentShadowFilter": 0,
          "mCurrentSharpenFilter": 50,
          "mCurrentTempFilter": 50,
          "mCurrentVignetteFilter": 100,
          "mListRedoAdjust": [],
          "mListUndoAdjust": []
        },
        "pathBitmap": "/storage/emulated/0/DCIM/Ảnh Test/Girl/659.jpg",
        "rectCrop": {
          "bottom": 1280,
          "left": 115,
          "right": 786,
          "top": 87
        },
        "rotate": 0,
        "rotateAnim": 0.0,
        "scaleAnim": 1.0,
        "startIndexFrame": 0,
        "timeTransformCombo": 4667,
        "timeTransformIn": 300,
        "timeTransformOut": 300,
        "totalFrame": 139,
        "typeBackground": "COLOR",
        "typeTransformCombo": "NONE",
        "typeTransformIn": "NONE",
        "typeTransformOut": "NONE",
        "valueMatrixBitmapDraw": [
          0.6135205,
          0.0,
          -3.3361282,
          0.0,
          0.6135205,
          -5.964981,
          0.0,
          0.0,
          1.0
        ],
        "widthBitmap": 671
      },
      {
        "backgroundColor": -16777216,
        "blurBackground": 0,
        "duration": 2967,
        "endIndexFrame": 228,
        "flipHorizontal": 1.0,
        "flipVertical": 1.0,
        "gpuPosition": 0,
        "gpuProgress": 0,
        "heightBitmap": 1100,
        "idItemPhoto": "1657073363716",
        "indexEndFrameTransformCombo": 0,
        "indexEndFrameTransformIn": 0,
        "indexStartFrameTransformOut": 0,
        "isCalledCutBody": false,
        "isCenterCrop": false,
        "isCenterInside": true,
        "isCropBitmap": true,
        "isLoadFromCache": true,
        "isLocked": false,
        "itemDataTransition": {
          "indexCate": 1,
          "indexItem": 1,
          "isMask": false,
          "keyItem": "BLACK_FADE",
          "linkCover": "https://photoforapp.s3.ap-southeast-1.amazonaws.com/Video/TransitionsServer/Basic/Icon/BLACK_FADE.gif",
          "linkDownload": "https://photoforapp.s3.ap-southeast-1.amazonaws.com/Video/TransitionsServer/Basic/BLACK_FADE.zip",
          "modeDraw": "",
          "nameEn": "Back fade",
          "nameVn": "Đen mờ dần",
          "paintModeDraw": "SRC_OVER",
          "pathFolderOfTransition": "",
          "pathFolderZipOfTransition": "",
          "positionTransitionInAdapter": 1,
          "timeTransitionCurrent": 571,
          "typeTransition": {
            "type": "BASIC",
            "typeTransition": "BLACK_FADE"
          }
        },
        "itemTemplateModel": {
          "duration": 0,
          "heightBitmap": 0,
          "indexSticker": -1,
          "isCrop": false,
          "isLocked": false,
          "md5PathFileOld": "",
          "pathFile": "",
          "rect": {
            "bottom": 0,
            "left": 0,
            "right": 0,
            "top": 0
          },
          "typeTemplateModel": "NONE",
          "widthBitmap": 0
        },
        "linkBackgroundImage": "",
        "objDataAdjust": {
          "mCurrentBrightnessFilter": 50,
          "mCurrentContrastFilter": 50,
          "mCurrentExposureFilter": 50,
          "mCurrentFadeFilters": 0,
          "mCurrentHighlightFilter": 100,
          "mCurrentHueFilter": 0,
          "mCurrentSaturationFilter": 50,
          "mCurrentShadowFilter": 0,
          "mCurrentSharpenFilter": 50,
          "mCurrentTempFilter": 50,
          "mCurrentVignetteFilter": 100,
          "mListRedoAdjust": [],
          "mListUndoAdjust": []
        },
        "pathBitmap": "/storage/emulated/0/DCIM/Ảnh Test/Girl/662.jpg",
        "rectCrop": {
          "bottom": 1280,
          "left": 127,
          "right": 746,
          "top": 180
        },
        "rotate": 0,
        "rotateAnim": 0.0,
        "scaleAnim": 1.0,
        "startIndexFrame": 140,
        "timeTransformCombo": 2967,
        "timeTransformIn": 300,
        "timeTransformOut": 300,
        "totalFrame": 88,
        "typeBackground": "COLOR",
        "typeTransformCombo": "NONE",
        "typeTransformIn": "NONE",
        "typeTransformOut": "NONE",
        "valueMatrixBitmapDraw": [
          0.6642811,
          0.0,
          -3.0949936,
          0.0,
          0.6642811,
          -5.3545914,
          0.0,
          0.0,
          1.0
        ],
        "widthBitmap": 619
      },
      {
        "backgroundColor": -16777216,
        "blurBackground": 0,
        "duration": 2133,
        "endIndexFrame": 292,
        "flipHorizontal": 1.0,
        "flipVertical": 1.0,
        "gpuPosition": 0,
        "gpuProgress": 0,
        "heightBitmap": 1151,
        "idItemPhoto": "1657073363939",
        "indexEndFrameTransformCombo": 0,
        "indexEndFrameTransformIn": 0,
        "indexStartFrameTransformOut": 0,
        "isCalledCutBody": false,
        "isCenterCrop": false,
        "isCenterInside": true,
        "isCropBitmap": true,
        "isLoadFromCache": true,
        "isLocked": false,
        "itemDataTransition": {
          "indexCate": 1,
          "indexItem": 1,
          "isMask": false,
          "keyItem": "BLACK_FADE",
          "linkCover": "https://photoforapp.s3.ap-southeast-1.amazonaws.com/Video/TransitionsServer/Basic/Icon/BLACK_FADE.gif",
          "linkDownload": "https://photoforapp.s3.ap-southeast-1.amazonaws.com/Video/TransitionsServer/Basic/BLACK_FADE.zip",
          "modeDraw": "",
          "nameEn": "Back fade",
          "nameVn": "Đen mờ dần",
          "paintModeDraw": "SRC_OVER",
          "pathFolderOfTransition": "",
          "pathFolderZipOfTransition": "",
          "positionTransitionInAdapter": 1,
          "timeTransitionCurrent": 571,
          "typeTransition": {
            "type": "BASIC",
            "typeTransition": "BLACK_FADE"
          }
        },
        "itemTemplateModel": {
          "duration": 0,
          "heightBitmap": 0,
          "indexSticker": -1,
          "isCrop": false,
          "isLocked": false,
          "md5PathFileOld": "",
          "pathFile": "",
          "rect": {
            "bottom": 0,
            "left": 0,
            "right": 0,
            "top": 0
          },
          "typeTemplateModel": "NONE",
          "widthBitmap": 0
        },
        "linkBackgroundImage": "",
        "objDataAdjust": {
          "mCurrentBrightnessFilter": 50,
          "mCurrentContrastFilter": 50,
          "mCurrentExposureFilter": 50,
          "mCurrentFadeFilters": 0,
          "mCurrentHighlightFilter": 100,
          "mCurrentHueFilter": 0,
          "mCurrentSaturationFilter": 50,
          "mCurrentShadowFilter": 0,
          "mCurrentSharpenFilter": 50,
          "mCurrentTempFilter": 50,
          "mCurrentVignetteFilter": 100,
          "mListRedoAdjust": [],
          "mListUndoAdjust": []
        },
        "pathBitmap": "/storage/emulated/0/DCIM/Ảnh Test/Girl/652.jpg",
        "rectCrop": {
          "bottom": 1280,
          "left": 212,
          "right": 860,
          "top": 129
        },
        "rotate": 0,
        "rotateAnim": 0.0,
        "scaleAnim": 1.0,
        "startIndexFrame": 229,
        "timeTransformCombo": 2133,
        "timeTransformIn": 300,
        "timeTransformOut": 300,
        "totalFrame": 63,
        "typeBackground": "COLOR",
        "typeTransformCombo": "NONE",
        "typeTransformIn": "NONE",
        "typeTransformOut": "NONE",
        "valueMatrixBitmapDraw": [
          0.635,
          0.0,
          -3.2399902,
          0.0,
          0.635,
          -5.4424896,
          0.0,
          0.0,
          1.0
        ],
        "widthBitmap": 648
      },
      {
        "backgroundColor": -16777216,
        "blurBackground": 0,
        "duration": 2633,
        "endIndexFrame": 371,
        "flipHorizontal": 1.0,
        "flipVertical": 1.0,
        "gpuPosition": 0,
        "gpuProgress": 0,
        "heightBitmap": 1004,
        "idItemPhoto": "1657073364116",
        "indexEndFrameTransformCombo": 0,
        "indexEndFrameTransformIn": 0,
        "indexStartFrameTransformOut": 0,
        "isCalledCutBody": false,
        "isCenterCrop": false,
        "isCenterInside": true,
        "isCropBitmap": true,
        "isLoadFromCache": true,
        "isLocked": false,
        "itemDataTransition": {
          "indexCate": 1,
          "indexItem": 1,
          "isMask": false,
          "keyItem": "BLACK_FADE",
          "linkCover": "https://photoforapp.s3.ap-southeast-1.amazonaws.com/Video/TransitionsServer/Basic/Icon/BLACK_FADE.gif",
          "linkDownload": "https://photoforapp.s3.ap-southeast-1.amazonaws.com/Video/TransitionsServer/Basic/BLACK_FADE.zip",
          "modeDraw": "",
          "nameEn": "Back fade",
          "nameVn": "Đen mờ dần",
          "paintModeDraw": "SRC_OVER",
          "pathFolderOfTransition": "",
          "pathFolderZipOfTransition": "",
          "positionTransitionInAdapter": 1,
          "timeTransitionCurrent": 571,
          "typeTransition": {
            "type": "BASIC",
            "typeTransition": "BLACK_FADE"
          }
        },
        "itemTemplateModel": {
          "duration": 0,
          "heightBitmap": 0,
          "indexSticker": -1,
          "isCrop": false,
          "isLocked": false,
          "md5PathFileOld": "",
          "pathFile": "",
          "rect": {
            "bottom": 0,
            "left": 0,
            "right": 0,
            "top": 0
          },
          "typeTemplateModel": "NONE",
          "widthBitmap": 0
        },
        "linkBackgroundImage": "",
        "objDataAdjust": {
          "mCurrentBrightnessFilter": 50,
          "mCurrentContrastFilter": 50,
          "mCurrentExposureFilter": 50,
          "mCurrentFadeFilters": 0,
          "mCurrentHighlightFilter": 100,
          "mCurrentHueFilter": 0,
          "mCurrentSaturationFilter": 50,
          "mCurrentShadowFilter": 0,
          "mCurrentSharpenFilter": 50,
          "mCurrentTempFilter": 50,
          "mCurrentVignetteFilter": 100,
          "mListRedoAdjust": [],
          "mListUndoAdjust": []
        },
        "pathBitmap": "/storage/emulated/0/DCIM/Ảnh Test/Girl/642.jpg",
        "rectCrop": {
          "bottom": 1280,
          "left": 189,
          "right": 754,
          "top": 276
        },
        "rotate": 0,
        "rotateAnim": 0.0,
        "scaleAnim": 1.0,
        "startIndexFrame": 293,
        "timeTransformCombo": 2633,
        "timeTransformIn": 300,
        "timeTransformOut": 300,
        "totalFrame": 78,
        "typeBackground": "COLOR",
        "typeTransformCombo": "NONE",
        "typeTransformIn": "NONE",
        "typeTransformOut": "NONE",
        "valueMatrixBitmapDraw": [
          0.72681415,
          0.0,
          -2.8250046,
          0.0,
          0.72681415,
          -4.860718,
          0.0,
          0.0,
          1.0
        ],
        "widthBitmap": 565
      },
      {
        "backgroundColor": -16777216,
        "blurBackground": 0,
        "duration": 3367,
        "endIndexFrame": 472,
        "flipHorizontal": 1.0,
        "flipVertical": 1.0,
        "gpuPosition": 0,
        "gpuProgress": 0,
        "heightBitmap": 1024,
        "idItemPhoto": "1657073364341",
        "indexEndFrameTransformCombo": 0,
        "indexEndFrameTransformIn": 0,
        "indexStartFrameTransformOut": 0,
        "isCalledCutBody": false,
        "isCenterCrop": false,
        "isCenterInside": true,
        "isCropBitmap": true,
        "isLoadFromCache": true,
        "isLocked": false,
        "itemDataTransition": {
          "indexCate": 1,
          "indexItem": 1,
          "isMask": false,
          "keyItem": "BLACK_FADE",
          "linkCover": "https://photoforapp.s3.ap-southeast-1.amazonaws.com/Video/TransitionsServer/Basic/Icon/BLACK_FADE.gif",
          "linkDownload": "https://photoforapp.s3.ap-southeast-1.amazonaws.com/Video/TransitionsServer/Basic/BLACK_FADE.zip",
          "modeDraw": "",
          "nameEn": "Back fade",
          "nameVn": "Đen mờ dần",
          "paintModeDraw": "SRC_OVER",
          "pathFolderOfTransition": "",
          "pathFolderZipOfTransition": "",
          "positionTransitionInAdapter": 1,
          "timeTransitionCurrent": 571,
          "typeTransition": {
            "type": "BASIC",
            "typeTransition": "BLACK_FADE"
          }
        },
        "itemTemplateModel": {
          "duration": 0,
          "heightBitmap": 0,
          "indexSticker": -1,
          "isCrop": false,
          "isLocked": false,
          "md5PathFileOld": "",
          "pathFile": "",
          "rect": {
            "bottom": 0,
            "left": 0,
            "right": 0,
            "top": 0
          },
          "typeTemplateModel": "NONE",
          "widthBitmap": 0
        },
        "linkBackgroundImage": "",
        "objDataAdjust": {
          "mCurrentBrightnessFilter": 50,
          "mCurrentContrastFilter": 50,
          "mCurrentExposureFilter": 50,
          "mCurrentFadeFilters": 0,
          "mCurrentHighlightFilter": 100,
          "mCurrentHueFilter": 0,
          "mCurrentSaturationFilter": 50,
          "mCurrentShadowFilter": 0,
          "mCurrentSharpenFilter": 50,
          "mCurrentTempFilter": 50,
          "mCurrentVignetteFilter": 100,
          "mListRedoAdjust": [],
          "mListUndoAdjust": []
        },
        "pathBitmap": "/storage/emulated/0/DCIM/Ảnh Test/Girl/651.jpg",
        "rectCrop": {
          "bottom": 1280,
          "left": 199,
          "right": 775,
          "top": 256
        },
        "rotate": 0,
        "rotateAnim": 0.0,
        "scaleAnim": 1.0,
        "startIndexFrame": 372,
        "timeTransformCombo": 3367,
        "timeTransformIn": 300,
        "timeTransformOut": 300,
        "totalFrame": 100,
        "typeBackground": "COLOR",
        "typeTransformCombo": "NONE",
        "typeTransformIn": "NONE",
        "typeTransformOut": "NONE",
        "valueMatrixBitmapDraw": [
          0.713125,
          0.0,
          -2.8799934,
          0.0,
          0.713125,
          -5.1200027,
          0.0,
          0.0,
          1.0
        ],
        "widthBitmap": 576
      },
      {
        "backgroundColor": -16777216,
        "blurBackground": 0,
        "duration": 1400,
        "endIndexFrame": 514,
        "flipHorizontal": 1.0,
        "flipVertical": 1.0,
        "gpuPosition": 0,
        "gpuProgress": 0,
        "heightBitmap": 1044,
        "idItemPhoto": "1657073364562",
        "indexEndFrameTransformCombo": 0,
        "indexEndFrameTransformIn": 0,
        "indexStartFrameTransformOut": 0,
        "isCalledCutBody": false,
        "isCenterCrop": false,
        "isCenterInside": true,
        "isCropBitmap": true,
        "isLoadFromCache": true,
        "isLocked": false,
        "itemDataTransition": {
          "indexCate": 1,
          "indexItem": 1,
          "isMask": false,
          "keyItem": "BLACK_FADE",
          "linkCover": "https://photoforapp.s3.ap-southeast-1.amazonaws.com/Video/TransitionsServer/Basic/Icon/BLACK_FADE.gif",
          "linkDownload": "https://photoforapp.s3.ap-southeast-1.amazonaws.com/Video/TransitionsServer/Basic/BLACK_FADE.zip",
          "modeDraw": "",
          "nameEn": "Back fade",
          "nameVn": "Đen mờ dần",
          "paintModeDraw": "SRC_OVER",
          "pathFolderOfTransition": "",
          "pathFolderZipOfTransition": "",
          "positionTransitionInAdapter": 0,
          "timeTransitionCurrent": 571,
          "typeTransition": {
            "type": "NONE",
            "typeTransition": "NONE"
          }
        },
        "itemTemplateModel": {
          "duration": 0,
          "heightBitmap": 0,
          "indexSticker": -1,
          "isCrop": false,
          "isLocked": false,
          "md5PathFileOld": "",
          "pathFile": "",
          "rect": {
            "bottom": 0,
            "left": 0,
            "right": 0,
            "top": 0
          },
          "typeTemplateModel": "NONE",
          "widthBitmap": 0
        },
        "linkBackgroundImage": "",
        "objDataAdjust": {
          "mCurrentBrightnessFilter": 50,
          "mCurrentContrastFilter": 50,
          "mCurrentExposureFilter": 50,
          "mCurrentFadeFilters": 0,
          "mCurrentHighlightFilter": 100,
          "mCurrentHueFilter": 0,
          "mCurrentSaturationFilter": 50,
          "mCurrentShadowFilter": 0,
          "mCurrentSharpenFilter": 50,
          "mCurrentTempFilter": 50,
          "mCurrentVignetteFilter": 100,
          "mListRedoAdjust": [],
          "mListUndoAdjust": []
        },
        "pathBitmap": "/storage/emulated/0/DCIM/Ảnh Test/Girl/663.jpg",
        "rectCrop": {
          "bottom": 1280,
          "left": 176,
          "right": 763,
          "top": 236
        },
        "rotate": 0,
        "rotateAnim": 0.0,
        "scaleAnim": 1.0,
        "startIndexFrame": 473,
        "timeTransformCombo": 1400,
        "timeTransformIn": 300,
        "timeTransformOut": 300,
        "totalFrame": 41,
        "typeBackground": "COLOR",
        "typeTransformCombo": "NONE",
        "typeTransformIn": "NONE",
        "typeTransformOut": "NONE",
        "valueMatrixBitmapDraw": [
          0.6996552,
          0.0,
          -2.8487968,
          0.0,
          0.6996552,
          -5.220009,
          0.0,
          0.0,
          1.0
        ],
        "widthBitmap": 587
      },
      {
        "backgroundColor": -16777216,
        "blurBackground": 0,
        "duration": 3333,
        "endIndexFrame": 614,
        "flipHorizontal": 1.0,
        "flipVertical": 1.0,
        "gpuPosition": 0,
        "gpuProgress": 0,
        "heightBitmap": 971,
        "idItemPhoto": "1657073364725",
        "indexEndFrameTransformCombo": 0,
        "indexEndFrameTransformIn": 0,
        "indexStartFrameTransformOut": 0,
        "isCalledCutBody": false,
        "isCenterCrop": false,
        "isCenterInside": true,
        "isCropBitmap": true,
        "isLoadFromCache": true,
        "isLocked": false,
        "itemDataTransition": {
          "indexCate": 0,
          "isMask": false,
          "keyItem": "",
          "linkCover": "",
          "linkDownload": "",
          "modeDraw": "",
          "nameEn": "",
          "nameVn": "",
          "paintModeDraw": "SRC_OVER",
          "pathFolderOfTransition": "",
          "pathFolderZipOfTransition": "",
          "positionTransitionInAdapter": 0,
          "timeTransitionCurrent": 1000,
          "typeTransition": {
            "type": "NONE",
            "typeTransition": "NONE"
          }
        },
        "itemTemplateModel": {
          "duration": 0,
          "heightBitmap": 0,
          "indexSticker": -1,
          "isCrop": false,
          "isLocked": false,
          "md5PathFileOld": "",
          "pathFile": "",
          "rect": {
            "bottom": 0,
            "left": 0,
            "right": 0,
            "top": 0
          },
          "typeTemplateModel": "NONE",
          "widthBitmap": 0
        },
        "linkBackgroundImage": "",
        "objDataAdjust": {
          "mCurrentBrightnessFilter": 50,
          "mCurrentContrastFilter": 50,
          "mCurrentExposureFilter": 50,
          "mCurrentFadeFilters": 0,
          "mCurrentHighlightFilter": 100,
          "mCurrentHueFilter": 0,
          "mCurrentSaturationFilter": 50,
          "mCurrentShadowFilter": 0,
          "mCurrentSharpenFilter": 50,
          "mCurrentTempFilter": 50,
          "mCurrentVignetteFilter": 100,
          "mListRedoAdjust": [],
          "mListUndoAdjust": []
        },
        "pathBitmap": "/storage/emulated/0/DCIM/Ảnh Test/Girl/635.jpg",
        "rectCrop": {
          "bottom": 1280,
          "left": 221,
          "right": 767,
          "top": 309
        },
        "rotate": 0,
        "rotateAnim": 0.0,
        "scaleAnim": 1.0,
        "startIndexFrame": 515,
        "timeTransformCombo": 3333,
        "timeTransformIn": 300,
        "timeTransformOut": 300,
        "totalFrame": 99,
        "typeBackground": "COLOR",
        "typeTransformCombo": "NONE",
        "typeTransformIn": "NONE",
        "typeTransformOut": "NONE",
        "valueMatrixBitmapDraw": [
          0.7515036,
          0.0,
          -2.6604767,
          0.0,
          0.7515036,
          -4.854988,
          0.0,
          0.0,
          1.0
        ],
        "widthBitmap": 546
      }
    ]
  },
  "frame": {
    "listItemStickerData": [],
    "listItemViewDataOnTimeLine": []
  },
  "keyProjectCurrent": "1657073563831",
  "listTemplateModel": {
    "list": []
  },
  "music": {
    "listItemMusicData": [
      {
        "durationEnd": 20448,
        "durationFadeIn": 0,
        "durationFadeOut": 0,
        "durationStart": 0,
        "endIndexFrame": 613,
        "indexRowCurrent": 0,
        "indexRowPrevious": 0,
        "keyInHasMap": 1657073911862,
        "linkDownloadMp3": "/storage/emulated/0/Music/G3Video/Direct_ConvertVideoToMp3_1657072923266.mp3",
        "nameMp3": "Direct_ConvertVideoToMp3_1657072923266.mp3",
        "pathDefault": "/storage/emulated/0/Music/G3Video/Direct_ConvertVideoToMp3_1657072923266.mp3",
        "pathSaveFile": "/storage/emulated/0/Music/G3Video/Direct_ConvertVideoToMp3_1657072923266.mp3",
        "positionEffectVoice": 0,
        "speedAudio": 1.0,
        "startIndexFrame": 0,
        "volume": 1.0
      }
    ]
  },
  "nameVideo": "Template 1657073563831",
  "setting": {
    "quality": 720,
    "ratio": {
      "height": 16.0,
      "width": 9.0
    }
  },
  "sticker": {
    "listItemStickerData": [],
    "listItemViewDataOnTimeLine": []
  },
  "text": {
    "listItemStickerData": [
      {
        "DOT": ".",
        "TYPE_PHOTO": "png",
        "WIDTH_MAX": 360,
        "alpha": 255,
        "animTextModel": {
          "easeCombo": "LINEAR",
          "easeIn": "LINEAR",
          "easeOut": "LINEAR",
          "endIndexFrameCombo": 135,
          "endIndexFrameIn": 89,
          "endIndexFrameOut": 135,
          "percentIn": 23.880596,
          "percentOut": 208.95523,
          "percentSpeedCombo": 30.0,
          "speedFrameCombo": 0,
          "startIndexFrameCombo": 89,
          "startIndexFrameIn": 73,
          "startIndexFrameOut": 0,
          "typeAnimTextCombo": "NONE",
          "typeAnimTextIn": "WIPE_RIGHT_IN",
          "typeAnimTextOut": "NONE_OUT"
        },
        "countDeltaTime": 0.0,
        "dataFrames": {
          "isNeedLoadBitmap1": false,
          "isNeedLoadBitmap2": false,
          "isNeedLoadBitmap2Loop": false,
          "isNeedLoadBitmap3": false,
          "isNeedLoadBitmap4": false,
          "isNeedLoadBitmap4Loop": false,
          "isNeedLoadBitmap5": false,
          "isNeedLoadBitmap6": false,
          "isNeedLoadBitmap6Loop": false,
          "isNeedLoadBitmap7": false,
          "isNeedLoadBitmap8": false,
          "isNeedLoadBitmap8Loop": false,
          "isNeedLoadBitmap9": false
        },
        "deviationXShadow": 0.0,
        "deviationYShadow": 0.0,
        "duration": 2066,
        "endColor": -1,
        "endIndexFrame": 135,
        "flip": 1.0,
        "heightBitmap": 0,
        "id": "479e3b4cf25fb765fb3fbb6663995b2",
        "indexColor": 0,
        "indexColorShadow": 43,
        "indexEndFrameTransformCombo": 0,
        "indexEndFrameTransformIn": 0,
        "indexFont": 23,
        "indexFrame": 0,
        "indexStartFrameTransformOut": 118,
        "indexTransition": -1,
        "isBgText": false,
        "isBoldText": false,
        "isDashText": false,
        "isDashUnderText": false,
        "isDrawAnim": false,
        "isFirstFillDataTransformCombo": true,
        "isInit": true,
        "isItalicText": false,
        "isLayerFront": true,
        "isLoadFrameCache": true,
        "isTexture": false,
        "isVisible": false,
        "linkBubble": "",
        "linkItemFrame": "",
        "linkMask": "",
        "listText": [
          "XIN TRÂN TRỌNG"
        ],
        "modeDraw": "SRC_OVER",
        "pathFolder": "",
        "pathFont": "/data/user/0/videoeditor.moviemaker/files/INTERNAL_FONT_FOLDER_UNZIP/FontNormal1/FontNormal1/BoosterNextFY-Thin.otf",
        "pathSaveBitmapFrame": "",
        "pathTexture": "",
        "pointRotate": {
          "x": 205.35446,
          "y": 320.01706
        },
        "pointTranslate": {
          "x": 25.354462,
          "y": 140.01706
        },
        "rotate": -0.07481384,
        "scale": 1.0901644,
        "speed": 1,
        "speedOfTransformCombo": 15,
        "startColor": -1,
        "startIndexFrame": 73,
        "stickerTypeTransformCombo": "NONE",
        "stickerTypeTransformIn": "NONE",
        "stickerTypeTransformOut": "ALPHA_ZERO_TO_SHOW",
        "textAlignment": "CENTER",
        "textBlurShadow": 0.0,
        "textColorShadow": -16728876,
        "textHeightAllLine": 49.0,
        "textHeightOneLine": 31.0,
        "textLetterSpacing": 0.4,
        "textLineSpacing": 4.0,
        "textPadding": 18.0,
        "textSize": 25.0,
        "textSizeDefault": 30.0,
        "textString": "XIN TRÂN TRỌNG",
        "textStroke": {
          "color": "#FFFFFF",
          "indexPositionInAdapter": -1,
          "width": 0.2
        },
        "timeTransformCombo": 300,
        "timeTransformIn": 300,
        "timeTransformOut": 592,
        "titleShow": "",
        "totalFileNeedDownForOneFrame": 0,
        "typeSticker": "TEXT",
        "urlCover": "",
        "widthBitmap": 0
      },
      {
        "DOT": ".",
        "TYPE_PHOTO": "png",
        "WIDTH_MAX": 360,
        "alpha": 255,
        "animTextModel": {
          "easeCombo": "LINEAR",
          "easeIn": "LINEAR",
          "easeOut": "LINEAR",
          "endIndexFrameCombo": 136,
          "endIndexFrameIn": 99,
          "endIndexFrameOut": 136,
          "percentIn": 23.529411,
          "percentOut": 270.58823,
          "percentSpeedCombo": NaN,
          "speedFrameCombo": 0,
          "startIndexFrameCombo": 99,
          "startIndexFrameIn": 87,
          "startIndexFrameOut": 0,
          "typeAnimTextCombo": "NONE",
          "typeAnimTextIn": "FADE_WIPE_RIGHT_IN",
          "typeAnimTextOut": "NONE_OUT"
        },
        "countDeltaTime": 0.0,
        "dataFrames": {
          "isNeedLoadBitmap1": false,
          "isNeedLoadBitmap2": false,
          "isNeedLoadBitmap2Loop": false,
          "isNeedLoadBitmap3": false,
          "isNeedLoadBitmap4": false,
          "isNeedLoadBitmap4Loop": false,
          "isNeedLoadBitmap5": false,
          "isNeedLoadBitmap6": false,
          "isNeedLoadBitmap6Loop": false,
          "isNeedLoadBitmap7": false,
          "isNeedLoadBitmap8": false,
          "isNeedLoadBitmap8Loop": false,
          "isNeedLoadBitmap9": false
        },
        "deviationXShadow": 0.0,
        "deviationYShadow": 0.0,
        "duration": 1633,
        "endColor": -1,
        "endIndexFrame": 136,
        "flip": 1.0,
        "heightBitmap": 0,
        "id": "d48070d1b19e8ff2e3b0d85ca642bb63",
        "indexColor": 0,
        "indexColorShadow": 43,
        "indexEndFrameTransformCombo": 138,
        "indexEndFrameTransformIn": 34,
        "indexFont": 1,
        "indexFrame": 0,
        "indexStartFrameTransformOut": 121,
        "indexTransition": -1,
        "isBgText": false,
        "isBoldText": true,
        "isDashText": false,
        "isDashUnderText": false,
        "isDrawAnim": false,
        "isFirstFillDataTransformCombo": false,
        "isInit": true,
        "isItalicText": false,
        "isLayerFront": true,
        "isLoadFrameCache": true,
        "isTexture": false,
        "isVisible": false,
        "linkBubble": "https://photoforapp.s3.ap-southeast-1.amazonaws.com/Video/TextV2/frame/121/layer_1.png",
        "linkItemFrame": "",
        "linkMask": "https://photoforapp.s3.ap-southeast-1.amazonaws.com/Video/TextV2/frame/121/layer_2_mask.png",
        "listText": [
          "GIỚI THIỆU"
        ],
        "modeDraw": "SRC_OVER",
        "pathFolder": "",
        "pathFont": "",
        "pathSaveBitmapFrame": "",
        "pathTexture": "",
        "pointRotate": {
          "x": 217.724,
          "y": 382.84735
        },
        "pointTranslate": {
          "x": 37.724,
          "y": 202.84735
        },
        "rotate": -0.25398254,
        "scale": 0.7899174,
        "speed": 1,
        "speedOfTransformCombo": 15,
        "startColor": -1,
        "startIndexFrame": 87,
        "stickerTypeTransformCombo": "NONE",
        "stickerTypeTransformIn": "NONE",
        "stickerTypeTransformOut": "ALPHA_ZERO_TO_SHOW",
        "textAlignment": "CENTER",
        "textBlurShadow": 2.4,
        "textColorShadow": -16728876,
        "textHeightAllLine": 94.0,
        "textHeightOneLine": 70.0,
        "textLetterSpacing": 0.0,
        "textLineSpacing": 0.0,
        "textPadding": 18.0,
        "textSize": 63.0,
        "textSizeDefault": 30.0,
        "textString": "GIỚI THIỆU",
        "textStroke": {
          "color": "#00BCD4",
          "indexPositionInAdapter": -1,
          "width": 2.0
        },
        "timeTransformCombo": 4633,
        "timeTransformIn": 1134,
        "timeTransformOut": 521,
        "titleShow": "",
        "totalFileNeedDownForOneFrame": 0,
        "typeSticker": "TEXT",
        "urlCover": "",
        "widthBitmap": 0
      },
      {
        "DOT": ".",
        "TYPE_PHOTO": "png",
        "WIDTH_MAX": 360,
        "alpha": 255,
        "animTextModel": {
          "easeCombo": "LINEAR",
          "easeIn": "LINEAR",
          "easeOut": "LINEAR",
          "endIndexFrameCombo": 222,
          "endIndexFrameIn": 170,
          "endIndexFrameOut": 222,
          "percentIn": 36.585365,
          "percentOut": 208.95523,
          "percentSpeedCombo": 30.0,
          "speedFrameCombo": 0,
          "startIndexFrameCombo": 170,
          "startIndexFrameIn": 140,
          "startIndexFrameOut": 0,
          "typeAnimTextCombo": "NONE",
          "typeAnimTextIn": "TYPE_1_IN",
          "typeAnimTextOut": "NONE_OUT"
        },
        "countDeltaTime": 0.0,
        "dataFrames": {
          "isNeedLoadBitmap1": false,
          "isNeedLoadBitmap2": false,
          "isNeedLoadBitmap2Loop": false,
          "isNeedLoadBitmap3": false,
          "isNeedLoadBitmap4": false,
          "isNeedLoadBitmap4Loop": false,
          "isNeedLoadBitmap5": false,
          "isNeedLoadBitmap6": false,
          "isNeedLoadBitmap6Loop": false,
          "isNeedLoadBitmap7": false,
          "isNeedLoadBitmap8": false,
          "isNeedLoadBitmap8Loop": false,
          "isNeedLoadBitmap9": false
        },
        "deviationXShadow": 0.0,
        "deviationYShadow": 0.0,
        "duration": 2733,
        "endColor": -1,
        "endIndexFrame": 222,
        "flip": 1.0,
        "heightBitmap": 0,
        "id": "ce246966d89ea79561cb591d72670f0",
        "indexColor": 0,
        "indexColorShadow": 5,
        "indexEndFrameTransformCombo": 0,
        "indexEndFrameTransformIn": 165,
        "indexFont": 23,
        "indexFrame": 0,
        "indexStartFrameTransformOut": 205,
        "indexTransition": -1,
        "isBgText": false,
        "isBoldText": false,
        "isDashText": false,
        "isDashUnderText": false,
        "isDrawAnim": false,
        "isFirstFillDataTransformCombo": true,
        "isInit": true,
        "isItalicText": false,
        "isLayerFront": true,
        "isLoadFrameCache": true,
        "isTexture": false,
        "isVisible": false,
        "linkBubble": "",
        "linkItemFrame": "",
        "linkMask": "",
        "listText": [
          "SẢN PHẨM MANG TÍNH"
        ],
        "modeDraw": "SRC_OVER",
        "pathFolder": "",
        "pathFont": "/data/user/0/videoeditor.moviemaker/files/INTERNAL_FONT_FOLDER_UNZIP/FontNormal1/FontNormal1/BoosterNextFY-Thin.otf",
        "pathSaveBitmapFrame": "",
        "pathTexture": "",
        "pointRotate": {
          "x": 205.35446,
          "y": 320.01706
        },
        "pointTranslate": {
          "x": 25.354462,
          "y": 140.01706
        },
        "rotate": -0.07481384,
        "scale": 1.0901644,
        "speed": 1,
        "speedOfTransformCombo": 15,
        "startColor": -1,
        "startIndexFrame": 140,
        "stickerTypeTransformCombo": "NONE",
        "stickerTypeTransformIn": "NONE",
        "stickerTypeTransformOut": "ALPHA_ZERO_TO_SHOW",
        "textAlignment": "CENTER",
        "textBlurShadow": 2.0,
        "textColorShadow": -14606047,
        "textHeightAllLine": 42.0,
        "textHeightOneLine": 24.0,
        "textLetterSpacing": 0.4,
        "textLineSpacing": 4.0,
        "textPadding": 18.0,
        "textSize": 19.0,
        "textSizeDefault": 30.0,
        "textString": "SẢN PHẨM MANG TÍNH",
        "textStroke": {
          "color": "#FFFFFF",
          "indexPositionInAdapter": -1,
          "width": 0.2
        },
        "timeTransformCombo": 300,
        "timeTransformIn": 858,
        "timeTransformOut": 581,
        "titleShow": "",
        "totalFileNeedDownForOneFrame": 0,
        "typeSticker": "TEXT",
        "urlCover": "",
        "widthBitmap": 0
      },
      {
        "DOT": ".",
        "TYPE_PHOTO": "png",
        "WIDTH_MAX": 360,
        "alpha": 255,
        "animTextModel": {
          "easeCombo": "LINEAR",
          "easeIn": "LINEAR",
          "easeOut": "LINEAR",
          "endIndexFrameCombo": 221,
          "endIndexFrameIn": 181,
          "endIndexFrameOut": 221,
          "percentIn": 26.31579,
          "percentOut": 270.58823,
          "percentSpeedCombo": NaN,
          "speedFrameCombo": 0,
          "startIndexFrameCombo": 181,
          "startIndexFrameIn": 166,
          "startIndexFrameOut": 0,
          "typeAnimTextCombo": "NONE",
          "typeAnimTextIn": "ZOOM_IN_IN",
          "typeAnimTextOut": "NONE_OUT"
        },
        "countDeltaTime": 0.0,
        "dataFrames": {
          "isNeedLoadBitmap1": false,
          "isNeedLoadBitmap2": false,
          "isNeedLoadBitmap2Loop": false,
          "isNeedLoadBitmap3": false,
          "isNeedLoadBitmap4": false,
          "isNeedLoadBitmap4Loop": false,
          "isNeedLoadBitmap5": false,
          "isNeedLoadBitmap6": false,
          "isNeedLoadBitmap6Loop": false,
          "isNeedLoadBitmap7": false,
          "isNeedLoadBitmap8": false,
          "isNeedLoadBitmap8Loop": false,
          "isNeedLoadBitmap9": false
        },
        "deviationXShadow": 0.0,
        "deviationYShadow": 0.0,
        "duration": 1833,
        "endColor": -1,
        "endIndexFrame": 221,
        "flip": 1.0,
        "heightBitmap": 0,
        "id": "3421842af8c45b71f6a84f5364eaf5",
        "indexColor": 0,
        "indexColorShadow": 43,
        "indexEndFrameTransformCombo": 138,
        "indexEndFrameTransformIn": 183,
        "indexFont": 1,
        "indexFrame": 0,
        "indexStartFrameTransformOut": 206,
        "indexTransition": -1,
        "isBgText": false,
        "isBoldText": true,
        "isDashText": false,
        "isDashUnderText": false,
        "isDrawAnim": false,
        "isFirstFillDataTransformCombo": false,
        "isInit": true,
        "isItalicText": false,
        "isLayerFront": true,
        "isLoadFrameCache": true,
        "isTexture": false,
        "isVisible": false,
        "linkBubble": "https://photoforapp.s3.ap-southeast-1.amazonaws.com/Video/TextV2/frame/121/layer_1.png",
        "linkItemFrame": "",
        "linkMask": "https://photoforapp.s3.ap-southeast-1.amazonaws.com/Video/TextV2/frame/121/layer_2_mask.png",
        "listText": [
          "ĐỘT PHÁ"
        ],
        "modeDraw": "SRC_OVER",
        "pathFolder": "",
        "pathFont": "",
        "pathSaveBitmapFrame": "",
        "pathTexture": "",
        "pointRotate": {
          "x": 217.724,
          "y": 382.84735
        },
        "pointTranslate": {
          "x": 37.724,
          "y": 202.84735
        },
        "rotate": -0.25398254,
        "scale": 0.7899174,
        "speed": 1,
        "speedOfTransformCombo": 15,
        "startColor": -1,
        "startIndexFrame": 166,
        "stickerTypeTransformCombo": "NONE",
        "stickerTypeTransformIn": "NONE",
        "stickerTypeTransformOut": "ALPHA_ZERO_TO_SHOW",
        "textAlignment": "CENTER",
        "textBlurShadow": 2.4,
        "textColorShadow": -16728876,
        "textHeightAllLine": 108.0,
        "textHeightOneLine": 82.0,
        "textLetterSpacing": 0.0,
        "textLineSpacing": 0.0,
        "textPadding": 18.0,
        "textSize": 75.0,
        "textSizeDefault": 30.0,
        "textString": "ĐỘT PHÁ",
        "textStroke": {
          "color": "#BA68C8",
          "indexPositionInAdapter": -1,
          "width": 2.8
        },
        "timeTransformCombo": 4633,
        "timeTransformIn": 585,
        "timeTransformOut": 532,
        "titleShow": "",
        "totalFileNeedDownForOneFrame": 0,
        "typeSticker": "TEXT",
        "urlCover": "",
        "widthBitmap": 0
      },
      {
        "DOT": ".",
        "TYPE_PHOTO": "png",
        "WIDTH_MAX": 360,
        "alpha": 255,
        "animTextModel": {
          "easeCombo": "LINEAR",
          "easeIn": "LINEAR",
          "easeOut": "LINEAR",
          "endIndexFrameCombo": 286,
          "endIndexFrameIn": 248,
          "endIndexFrameOut": 286,
          "percentIn": 23.880596,
          "percentOut": 208.95523,
          "percentSpeedCombo": 30.0,
          "speedFrameCombo": 0,
          "startIndexFrameCombo": 248,
          "startIndexFrameIn": 229,
          "startIndexFrameOut": 0,
          "typeAnimTextCombo": "NONE",
          "typeAnimTextIn": "WIPE_RIGHT_IN",
          "typeAnimTextOut": "NONE_OUT"
        },
        "countDeltaTime": 0.0,
        "dataFrames": {
          "isNeedLoadBitmap1": false,
          "isNeedLoadBitmap2": false,
          "isNeedLoadBitmap2Loop": false,
          "isNeedLoadBitmap3": false,
          "isNeedLoadBitmap4": false,
          "isNeedLoadBitmap4Loop": false,
          "isNeedLoadBitmap5": false,
          "isNeedLoadBitmap6": false,
          "isNeedLoadBitmap6Loop": false,
          "isNeedLoadBitmap7": false,
          "isNeedLoadBitmap8": false,
          "isNeedLoadBitmap8Loop": false,
          "isNeedLoadBitmap9": false
        },
        "deviationXShadow": 0.0,
        "deviationYShadow": 0.0,
        "duration": 1899,
        "endColor": -1,
        "endIndexFrame": 286,
        "flip": 1.0,
        "heightBitmap": 0,
        "id": "d68de96b2f92426cde1fe3355dd189",
        "indexColor": 0,
        "indexColorShadow": 5,
        "indexEndFrameTransformCombo": 0,
        "indexEndFrameTransformIn": 165,
        "indexFont": 23,
        "indexFrame": 0,
        "indexStartFrameTransformOut": 269,
        "indexTransition": -1,
        "isBgText": false,
        "isBoldText": false,
        "isDashText": false,
        "isDashUnderText": false,
        "isDrawAnim": false,
        "isFirstFillDataTransformCombo": true,
        "isInit": true,
        "isItalicText": false,
        "isLayerFront": true,
        "isLoadFrameCache": true,
        "isTexture": false,
        "isVisible": false,
        "linkBubble": "",
        "linkItemFrame": "",
        "linkMask": "",
        "listText": [
          "ĐƯỜNG NÉT"
        ],
        "modeDraw": "SRC_OVER",
        "pathFolder": "",
        "pathFont": "/data/user/0/videoeditor.moviemaker/files/INTERNAL_FONT_FOLDER_UNZIP/FontNormal1/FontNormal1/BoosterNextFY-Thin.otf",
        "pathSaveBitmapFrame": "",
        "pathTexture": "",
        "pointRotate": {
          "x": 219.62701,
          "y": 311.44934
        },
        "pointTranslate": {
          "x": 39.627014,
          "y": 131.44934
        },
        "rotate": -0.21116638,
        "scale": 0.71598935,
        "speed": 1,
        "speedOfTransformCombo": 15,
        "startColor": -1,
        "startIndexFrame": 229,
        "stickerTypeTransformCombo": "NONE",
        "stickerTypeTransformIn": "NONE",
        "stickerTypeTransformOut": "ALPHA_ZERO_TO_SHOW",
        "textAlignment": "CENTER",
        "textBlurShadow": 3.0,
        "textColorShadow": -14606047,
        "textHeightAllLine": 57.0,
        "textHeightOneLine": 39.0,
        "textLetterSpacing": 0.4,
        "textLineSpacing": 4.0,
        "textPadding": 18.0,
        "textSize": 37.0,
        "textSizeDefault": 30.0,
        "textString": "ĐƯỜNG NÉT",
        "textStroke": {
          "color": "#FFFFFF",
          "indexPositionInAdapter": -1,
          "width": 0.2
        },
        "timeTransformCombo": 300,
        "timeTransformIn": 858,
        "timeTransformOut": 581,
        "titleShow": "",
        "totalFileNeedDownForOneFrame": 0,
        "typeSticker": "TEXT",
        "urlCover": "",
        "widthBitmap": 0
      },
      {
        "DOT": ".",
        "TYPE_PHOTO": "png",
        "WIDTH_MAX": 360,
        "alpha": 255,
        "animTextModel": {
          "easeCombo": "LINEAR",
          "easeIn": "LINEAR",
          "easeOut": "LINEAR",
          "endIndexFrameCombo": 61,
          "endIndexFrameIn": 0,
          "endIndexFrameOut": 72,
          "percentIn": 0.0,
          "percentOut": 23.61111,
          "percentSpeedCombo": 100.0,
          "speedFrameCombo": 11,
          "startIndexFrameCombo": 0,
          "startIndexFrameIn": 0,
          "startIndexFrameOut": 55,
          "typeAnimTextCombo": "NONE",
          "typeAnimTextIn": "NONE_IN",
          "typeAnimTextOut": "ZOOM_IN_OUT"
        },
        "countDeltaTime": 0.0,
        "dataFrames": {
          "isNeedLoadBitmap1": false,
          "isNeedLoadBitmap2": false,
          "isNeedLoadBitmap2Loop": false,
          "isNeedLoadBitmap3": false,
          "isNeedLoadBitmap4": false,
          "isNeedLoadBitmap4Loop": false,
          "isNeedLoadBitmap5": false,
          "isNeedLoadBitmap6": false,
          "isNeedLoadBitmap6Loop": false,
          "isNeedLoadBitmap7": false,
          "isNeedLoadBitmap8": false,
          "isNeedLoadBitmap8Loop": false,
          "isNeedLoadBitmap9": false
        },
        "deviationXShadow": 0.0,
        "deviationYShadow": 0.0,
        "duration": 2400,
        "endColor": -1,
        "endIndexFrame": 72,
        "flip": 1.0,
        "heightBitmap": 0,
        "id": "8bacd0f09413c47db4afb12a17d6616",
        "indexColor": 0,
        "indexColorShadow": 49,
        "indexEndFrameTransformCombo": 138,
        "indexEndFrameTransformIn": 34,
        "indexFont": 71,
        "indexFrame": 0,
        "indexStartFrameTransformOut": 78,
        "indexTransition": -1,
        "isBgText": false,
        "isBoldText": true,
        "isDashText": false,
        "isDashUnderText": false,
        "isDrawAnim": false,
        "isFirstFillDataTransformCombo": false,
        "isInit": true,
        "isItalicText": false,
        "isLayerFront": true,
        "isLoadFrameCache": true,
        "isTexture": false,
        "isVisible": false,
        "linkBubble": "https://photoforapp.s3.ap-southeast-1.amazonaws.com/Video/TextV2/frame/121/layer_1.png",
        "linkItemFrame": "",
        "linkMask": "https://photoforapp.s3.ap-southeast-1.amazonaws.com/Video/TextV2/frame/121/layer_2_mask.png",
        "listText": [
          "BA MẸ TAO"
        ],
        "modeDraw": "SRC_OVER",
        "pathFolder": "",
        "pathFont": "/data/user/0/videoeditor.moviemaker/files/INTERNAL_FONT_FOLDER_UNZIP/FontNormal2/FontNormal2/iCielNovecentosans-Medium.otf",
        "pathSaveBitmapFrame": "",
        "pathTexture": "",
        "pointRotate": {
          "x": 217.724,
          "y": 382.84735
        },
        "pointTranslate": {
          "x": 37.724,
          "y": 202.84735
        },
        "rotate": -0.25398254,
        "scale": 0.7899174,
        "speed": 1,
        "speedOfTransformCombo": 15,
        "startColor": -1,
        "startIndexFrame": 0,
        "stickerTypeTransformCombo": "NONE",
        "stickerTypeTransformIn": "NONE",
        "stickerTypeTransformOut": "NONE",
        "textAlignment": "CENTER",
        "textBlurShadow": 6.0,
        "textColorShadow": -15108398,
        "textHeightAllLine": 87.0,
        "textHeightOneLine": 63.0,
        "textLetterSpacing": 0.0,
        "textLineSpacing": 0.0,
        "textPadding": 18.0,
        "textSize": 67.0,
        "textSizeDefault": 30.0,
        "textString": "BA MẸ TAO",
        "textStroke": {
          "color": "#C2185B",
          "indexPositionInAdapter": -1,
          "width": 2.0
        },
        "timeTransformCombo": 4633,
        "timeTransformIn": 1134,
        "timeTransformOut": 2043,
        "titleShow": "",
        "totalFileNeedDownForOneFrame": 0,
        "typeSticker": "TEXT",
        "urlCover": "",
        "widthBitmap": 0
      },
      {
        "DOT": ".",
        "TYPE_PHOTO": "png",
        "WIDTH_MAX": 360,
        "alpha": 255,
        "animTextModel": {
          "easeCombo": "LINEAR",
          "easeIn": "LINEAR",
          "easeOut": "LINEAR",
          "endIndexFrameCombo": 65,
          "endIndexFrameIn": 0,
          "endIndexFrameOut": 72,
          "percentIn": 0.0,
          "percentOut": 20.833334,
          "percentSpeedCombo": 30.0,
          "speedFrameCombo": 0,
          "startIndexFrameCombo": 0,
          "startIndexFrameIn": 0,
          "startIndexFrameOut": 57,
          "typeAnimTextCombo": "NONE",
          "typeAnimTextIn": "NONE_IN",
          "typeAnimTextOut": "ZOOM_IN_OUT"
        },
        "countDeltaTime": 0.0,
        "dataFrames": {
          "isNeedLoadBitmap1": false,
          "isNeedLoadBitmap2": false,
          "isNeedLoadBitmap2Loop": false,
          "isNeedLoadBitmap3": false,
          "isNeedLoadBitmap4": false,
          "isNeedLoadBitmap4Loop": false,
          "isNeedLoadBitmap5": false,
          "isNeedLoadBitmap6": false,
          "isNeedLoadBitmap6Loop": false,
          "isNeedLoadBitmap7": false,
          "isNeedLoadBitmap8": false,
          "isNeedLoadBitmap8Loop": false,
          "isNeedLoadBitmap9": false
        },
        "deviationXShadow": 0.0,
        "deviationYShadow": 0.0,
        "duration": 2400,
        "endColor": -1,
        "endIndexFrame": 72,
        "flip": 1.0,
        "heightBitmap": 0,
        "id": "fc13b6da5f99f53fa772f7bb3f9fdf5",
        "indexColor": 0,
        "indexColorShadow": 0,
        "indexEndFrameTransformCombo": 0,
        "indexEndFrameTransformIn": 0,
        "indexFont": 23,
        "indexFrame": 0,
        "indexStartFrameTransformOut": 34,
        "indexTransition": -1,
        "isBgText": false,
        "isBoldText": false,
        "isDashText": false,
        "isDashUnderText": false,
        "isDrawAnim": false,
        "isFirstFillDataTransformCombo": true,
        "isInit": true,
        "isItalicText": false,
        "isLayerFront": true,
        "isLoadFrameCache": true,
        "isTexture": false,
        "isVisible": false,
        "linkBubble": "",
        "linkItemFrame": "",
        "linkMask": "",
        "listText": [
          "CTY TNHH"
        ],
        "modeDraw": "SRC_OVER",
        "pathFolder": "",
        "pathFont": "/data/user/0/videoeditor.moviemaker/files/INTERNAL_FONT_FOLDER_UNZIP/FontNormal1/FontNormal1/BoosterNextFY-Thin.otf",
        "pathSaveBitmapFrame": "",
        "pathTexture": "",
        "pointRotate": {
          "x": 212.01495,
          "y": 319.0651
        },
        "pointTranslate": {
          "x": 32.014954,
          "y": 139.0651
        },
        "rotate": 0.16282654,
        "scale": 0.8167496,
        "speed": 1,
        "speedOfTransformCombo": 15,
        "startColor": -1,
        "startIndexFrame": 0,
        "stickerTypeTransformCombo": "NONE",
        "stickerTypeTransformIn": "NONE",
        "stickerTypeTransformOut": "NONE",
        "textAlignment": "CENTER",
        "textBlurShadow": 2.2,
        "textColorShadow": -16777216,
        "textHeightAllLine": 54.0,
        "textHeightOneLine": 36.0,
        "textLetterSpacing": 0.4,
        "textLineSpacing": 4.0,
        "textPadding": 18.0,
        "textSize": 43.0,
        "textSizeDefault": 30.0,
        "textString": "CTY TNHH",
        "textStroke": {
          "color": "#000000",
          "indexPositionInAdapter": -1,
          "width": 0.0
        },
        "timeTransformCombo": 300,
        "timeTransformIn": 300,
        "timeTransformOut": 3518,
        "titleShow": "",
        "totalFileNeedDownForOneFrame": 0,
        "typeSticker": "TEXT",
        "urlCover": "",
        "widthBitmap": 0
      },
      {
        "DOT": ".",
        "TYPE_PHOTO": "png",
        "WIDTH_MAX": 360,
        "alpha": 255,
        "animTextModel": {
          "easeCombo": "LINEAR",
          "easeIn": "LINEAR",
          "easeOut": "LINEAR",
          "endIndexFrameCombo": 285,
          "endIndexFrameIn": 257,
          "endIndexFrameOut": 285,
          "percentIn": 22.222221,
          "percentOut": 270.58823,
          "percentSpeedCombo": NaN,
          "speedFrameCombo": 0,
          "startIndexFrameCombo": 266,
          "startIndexFrameIn": 249,
          "startIndexFrameOut": 0,
          "typeAnimTextCombo": "NONE",
          "typeAnimTextIn": "ZOOM_IN_IN",
          "typeAnimTextOut": "NONE_OUT"
        },
        "countDeltaTime": 0.0,
        "dataFrames": {
          "isNeedLoadBitmap1": false,
          "isNeedLoadBitmap2": false,
          "isNeedLoadBitmap2Loop": false,
          "isNeedLoadBitmap3": false,
          "isNeedLoadBitmap4": false,
          "isNeedLoadBitmap4Loop": false,
          "isNeedLoadBitmap5": false,
          "isNeedLoadBitmap6": false,
          "isNeedLoadBitmap6Loop": false,
          "isNeedLoadBitmap7": false,
          "isNeedLoadBitmap8": false,
          "isNeedLoadBitmap8Loop": false,
          "isNeedLoadBitmap9": false
        },
        "deviationXShadow": 0.0,
        "deviationYShadow": 0.0,
        "duration": 1200,
        "endColor": -1,
        "endIndexFrame": 285,
        "flip": 1.0,
        "heightBitmap": 0,
        "id": "73a17317fdc590e8efb569de55711299",
        "indexColor": 0,
        "indexColorShadow": 43,
        "indexEndFrameTransformCombo": 138,
        "indexEndFrameTransformIn": 183,
        "indexFont": 1,
        "indexFrame": 0,
        "indexStartFrameTransformOut": 270,
        "indexTransition": -1,
        "isBgText": false,
        "isBoldText": true,
        "isDashText": false,
        "isDashUnderText": false,
        "isDrawAnim": false,
        "isFirstFillDataTransformCombo": false,
        "isInit": true,
        "isItalicText": false,
        "isLayerFront": true,
        "isLoadFrameCache": true,
        "isTexture": false,
        "isVisible": false,
        "linkBubble": "https://photoforapp.s3.ap-southeast-1.amazonaws.com/Video/TextV2/frame/121/layer_1.png",
        "linkItemFrame": "",
        "linkMask": "https://photoforapp.s3.ap-southeast-1.amazonaws.com/Video/TextV2/frame/121/layer_2_mask.png",
        "listText": [
          "TINH XẢO"
        ],
        "modeDraw": "SRC_OVER",
        "pathFolder": "",
        "pathFont": "",
        "pathSaveBitmapFrame": "",
        "pathTexture": "",
        "pointRotate": {
          "x": 222.4815,
          "y": 376.18353
        },
        "pointTranslate": {
          "x": 42.481506,
          "y": 196.18353
        },
        "rotate": -0.43945312,
        "scale": 0.7296593,
        "speed": 1,
        "speedOfTransformCombo": 15,
        "startColor": -1,
        "startIndexFrame": 249,
        "stickerTypeTransformCombo": "NONE",
        "stickerTypeTransformIn": "NONE",
        "stickerTypeTransformOut": "ALPHA_ZERO_TO_SHOW",
        "textAlignment": "CENTER",
        "textBlurShadow": 2.4,
        "textColorShadow": -16728876,
        "textHeightAllLine": 95.0,
        "textHeightOneLine": 70.0,
        "textLetterSpacing": 0.0,
        "textLineSpacing": 0.0,
        "textPadding": 18.0,
        "textSize": 70.0,
        "textSizeDefault": 30.0,
        "textString": "TINH XẢO",
        "textStroke": {
          "color": "#F06292",
          "indexPositionInAdapter": -1,
          "width": 2.4
        },
        "timeTransformCombo": 4633,
        "timeTransformIn": 585,
        "timeTransformOut": 532,
        "titleShow": "",
        "totalFileNeedDownForOneFrame": 0,
        "typeSticker": "TEXT",
        "urlCover": "",
        "widthBitmap": 0
      },
      {
        "DOT": ".",
        "TYPE_PHOTO": "png",
        "WIDTH_MAX": 360,
        "alpha": 255,
        "animTextModel": {
          "easeCombo": "LINEAR",
          "easeIn": "LINEAR",
          "easeOut": "LINEAR",
          "endIndexFrameCombo": 365,
          "endIndexFrameIn": 307,
          "endIndexFrameOut": 365,
          "percentIn": 23.880596,
          "percentOut": 208.95523,
          "percentSpeedCombo": 30.0,
          "speedFrameCombo": 0,
          "startIndexFrameCombo": 307,
          "startIndexFrameIn": 294,
          "startIndexFrameOut": 0,
          "typeAnimTextCombo": "NONE",
          "typeAnimTextIn": "WIPE_RIGHT_IN",
          "typeAnimTextOut": "NONE_OUT"
        },
        "countDeltaTime": 0.0,
        "dataFrames": {
          "isNeedLoadBitmap1": false,
          "isNeedLoadBitmap2": false,
          "isNeedLoadBitmap2Loop": false,
          "isNeedLoadBitmap3": false,
          "isNeedLoadBitmap4": false,
          "isNeedLoadBitmap4Loop": false,
          "isNeedLoadBitmap5": false,
          "isNeedLoadBitmap6": false,
          "isNeedLoadBitmap6Loop": false,
          "isNeedLoadBitmap7": false,
          "isNeedLoadBitmap8": false,
          "isNeedLoadBitmap8Loop": false,
          "isNeedLoadBitmap9": false
        },
        "deviationXShadow": 0.0,
        "deviationYShadow": 0.0,
        "duration": 2366,
        "endColor": -1,
        "endIndexFrame": 365,
        "flip": 1.0,
        "heightBitmap": 0,
        "id": "ac113aa7489a713e5468d6ebf91687c",
        "indexColor": 0,
        "indexColorShadow": 5,
        "indexEndFrameTransformCombo": 0,
        "indexEndFrameTransformIn": 165,
        "indexFont": 23,
        "indexFrame": 0,
        "indexStartFrameTransformOut": 348,
        "indexTransition": -1,
        "isBgText": false,
        "isBoldText": false,
        "isDashText": false,
        "isDashUnderText": false,
        "isDrawAnim": false,
        "isFirstFillDataTransformCombo": true,
        "isInit": true,
        "isItalicText": false,
        "isLayerFront": true,
        "isLoadFrameCache": true,
        "isTexture": false,
        "isVisible": false,
        "linkBubble": "",
        "linkItemFrame": "",
        "linkMask": "",
        "listText": [
          "CÔNG NĂNG"
        ],
        "modeDraw": "SRC_OVER",
        "pathFolder": "",
        "pathFont": "/data/user/0/videoeditor.moviemaker/files/INTERNAL_FONT_FOLDER_UNZIP/FontNormal1/FontNormal1/BoosterNextFY-Thin.otf",
        "pathSaveBitmapFrame": "",
        "pathTexture": "",
        "pointRotate": {
          "x": 219.62701,
          "y": 311.44934
        },
        "pointTranslate": {
          "x": 39.627014,
          "y": 131.44934
        },
        "rotate": -0.21116638,
        "scale": 0.71598935,
        "speed": 1,
        "speedOfTransformCombo": 15,
        "startColor": -1,
        "startIndexFrame": 294,
        "stickerTypeTransformCombo": "NONE",
        "stickerTypeTransformIn": "NONE",
        "stickerTypeTransformOut": "ALPHA_ZERO_TO_SHOW",
        "textAlignment": "CENTER",
        "textBlurShadow": 3.0,
        "textColorShadow": -14606047,
        "textHeightAllLine": 56.0,
        "textHeightOneLine": 38.0,
        "textLetterSpacing": 0.4,
        "textLineSpacing": 4.0,
        "textPadding": 18.0,
        "textSize": 36.0,
        "textSizeDefault": 30.0,
        "textString": "CÔNG NĂNG",
        "textStroke": {
          "color": "#FFFFFF",
          "indexPositionInAdapter": -1,
          "width": 0.2
        },
        "timeTransformCombo": 300,
        "timeTransformIn": 858,
        "timeTransformOut": 581,
        "titleShow": "",
        "totalFileNeedDownForOneFrame": 0,
        "typeSticker": "TEXT",
        "urlCover": "",
        "widthBitmap": 0
      },
      {
        "DOT": ".",
        "TYPE_PHOTO": "png",
        "WIDTH_MAX": 360,
        "alpha": 255,
        "animTextModel": {
          "easeCombo": "LINEAR",
          "easeIn": "LINEAR",
          "easeOut": "LINEAR",
          "endIndexFrameCombo": 364,
          "endIndexFrameIn": 324,
          "endIndexFrameOut": 364,
          "percentIn": 23.076923,
          "percentOut": 270.58823,
          "percentSpeedCombo": NaN,
          "speedFrameCombo": 0,
          "startIndexFrameCombo": 327,
          "startIndexFrameIn": 312,
          "startIndexFrameOut": 0,
          "typeAnimTextCombo": "NONE",
          "typeAnimTextIn": "ZOOM_IN_IN",
          "typeAnimTextOut": "NONE_OUT"
        },
        "countDeltaTime": 0.0,
        "dataFrames": {
          "isNeedLoadBitmap1": false,
          "isNeedLoadBitmap2": false,
          "isNeedLoadBitmap2Loop": false,
          "isNeedLoadBitmap3": false,
          "isNeedLoadBitmap4": false,
          "isNeedLoadBitmap4Loop": false,
          "isNeedLoadBitmap5": false,
          "isNeedLoadBitmap6": false,
          "isNeedLoadBitmap6Loop": false,
          "isNeedLoadBitmap7": false,
          "isNeedLoadBitmap8": false,
          "isNeedLoadBitmap8Loop": false,
          "isNeedLoadBitmap9": false
        },
        "deviationXShadow": 0.0,
        "deviationYShadow": 0.0,
        "duration": 1733,
        "endColor": -1,
        "endIndexFrame": 364,
        "flip": 1.0,
        "heightBitmap": 0,
        "id": "741a19f09bb7f9eb2cffe623a4ce12b",
        "indexColor": 0,
        "indexColorShadow": 43,
        "indexEndFrameTransformCombo": 138,
        "indexEndFrameTransformIn": 183,
        "indexFont": 1,
        "indexFrame": 0,
        "indexStartFrameTransformOut": 349,
        "indexTransition": -1,
        "isBgText": false,
        "isBoldText": true,
        "isDashText": false,
        "isDashUnderText": false,
        "isDrawAnim": false,
        "isFirstFillDataTransformCombo": false,
        "isInit": true,
        "isItalicText": false,
        "isLayerFront": true,
        "isLoadFrameCache": true,
        "isTexture": false,
        "isVisible": false,
        "linkBubble": "https://photoforapp.s3.ap-southeast-1.amazonaws.com/Video/TextV2/frame/121/layer_1.png",
        "linkItemFrame": "",
        "linkMask": "https://photoforapp.s3.ap-southeast-1.amazonaws.com/Video/TextV2/frame/121/layer_2_mask.png",
        "listText": [
          "VƯỢT TRỘI"
        ],
        "modeDraw": "SRC_OVER",
        "pathFolder": "",
        "pathFont": "",
        "pathSaveBitmapFrame": "",
        "pathTexture": "",
        "pointRotate": {
          "x": 222.4815,
          "y": 376.18353
        },
        "pointTranslate": {
          "x": 42.481506,
          "y": 196.18353
        },
        "rotate": -0.43945312,
        "scale": 0.7296593,
        "speed": 1,
        "speedOfTransformCombo": 15,
        "startColor": -1,
        "startIndexFrame": 312,
        "stickerTypeTransformCombo": "NONE",
        "stickerTypeTransformIn": "NONE",
        "stickerTypeTransformOut": "ALPHA_ZERO_TO_SHOW",
        "textAlignment": "CENTER",
        "textBlurShadow": 2.4,
        "textColorShadow": -16728876,
        "textHeightAllLine": 93.0,
        "textHeightOneLine": 68.0,
        "textLetterSpacing": 0.0,
        "textLineSpacing": 0.0,
        "textPadding": 18.0,
        "textSize": 62.0,
        "textSizeDefault": 30.0,
        "textString": "VƯỢT TRỘI",
        "textStroke": {
          "color": "#673AB7",
          "indexPositionInAdapter": -1,
          "width": 2.4
        },
        "timeTransformCombo": 4633,
        "timeTransformIn": 585,
        "timeTransformOut": 532,
        "titleShow": "",
        "totalFileNeedDownForOneFrame": 0,
        "typeSticker": "TEXT",
        "urlCover": "",
        "widthBitmap": 0
      },
      {
        "DOT": ".",
        "TYPE_PHOTO": "png",
        "WIDTH_MAX": 360,
        "alpha": 255,
        "animTextModel": {
          "easeCombo": "LINEAR",
          "easeIn": "LINEAR",
          "easeOut": "LINEAR",
          "endIndexFrameCombo": 467,
          "endIndexFrameIn": 388,
          "endIndexFrameOut": 467,
          "percentIn": 23.880596,
          "percentOut": 208.95523,
          "percentSpeedCombo": 30.0,
          "speedFrameCombo": 0,
          "startIndexFrameCombo": 388,
          "startIndexFrameIn": 372,
          "startIndexFrameOut": 0,
          "typeAnimTextCombo": "NONE",
          "typeAnimTextIn": "WIPE_RIGHT_IN",
          "typeAnimTextOut": "NONE_OUT"
        },
        "countDeltaTime": 0.0,
        "dataFrames": {
          "isNeedLoadBitmap1": false,
          "isNeedLoadBitmap2": false,
          "isNeedLoadBitmap2Loop": false,
          "isNeedLoadBitmap3": false,
          "isNeedLoadBitmap4": false,
          "isNeedLoadBitmap4Loop": false,
          "isNeedLoadBitmap5": false,
          "isNeedLoadBitmap6": false,
          "isNeedLoadBitmap6Loop": false,
          "isNeedLoadBitmap7": false,
          "isNeedLoadBitmap8": false,
          "isNeedLoadBitmap8Loop": false,
          "isNeedLoadBitmap9": false
        },
        "deviationXShadow": 0.0,
        "deviationYShadow": 0.0,
        "duration": 3166,
        "endColor": -1,
        "endIndexFrame": 467,
        "flip": 1.0,
        "heightBitmap": 0,
        "id": "75c8362410bba14c5d81c5e8d3658539",
        "indexColor": 0,
        "indexColorShadow": 5,
        "indexEndFrameTransformCombo": 0,
        "indexEndFrameTransformIn": 165,
        "indexFont": 23,
        "indexFrame": 0,
        "indexStartFrameTransformOut": 450,
        "indexTransition": -1,
        "isBgText": false,
        "isBoldText": false,
        "isDashText": false,
        "isDashUnderText": false,
        "isDrawAnim": false,
        "isFirstFillDataTransformCombo": true,
        "isInit": true,
        "isItalicText": false,
        "isLayerFront": true,
        "isLoadFrameCache": true,
        "isTexture": false,
        "isVisible": false,
        "linkBubble": "",
        "linkItemFrame": "",
        "linkMask": "",
        "listText": [
          "CHẤT LIỆU"
        ],
        "modeDraw": "SRC_OVER",
        "pathFolder": "",
        "pathFont": "/data/user/0/videoeditor.moviemaker/files/INTERNAL_FONT_FOLDER_UNZIP/FontNormal1/FontNormal1/BoosterNextFY-Thin.otf",
        "pathSaveBitmapFrame": "",
        "pathTexture": "",
        "pointRotate": {
          "x": 206.30597,
          "y": 310.49738
        },
        "pointTranslate": {
          "x": 26.30597,
          "y": 130.49738
        },
        "rotate": -0.21116638,
        "scale": 0.71598935,
        "speed": 1,
        "speedOfTransformCombo": 15,
        "startColor": -1,
        "startIndexFrame": 372,
        "stickerTypeTransformCombo": "NONE",
        "stickerTypeTransformIn": "NONE",
        "stickerTypeTransformOut": "ALPHA_ZERO_TO_SHOW",
        "textAlignment": "CENTER",
        "textBlurShadow": 3.0,
        "textColorShadow": -14606047,
        "textHeightAllLine": 69.0,
        "textHeightOneLine": 51.0,
        "textLetterSpacing": 0.4,
        "textLineSpacing": 4.0,
        "textPadding": 18.0,
        "textSize": 41.0,
        "textSizeDefault": 30.0,
        "textString": "CHẤT LIỆU",
        "textStroke": {
          "color": "#FFFFFF",
          "indexPositionInAdapter": -1,
          "width": 0.2
        },
        "timeTransformCombo": 300,
        "timeTransformIn": 858,
        "timeTransformOut": 581,
        "titleShow": "",
        "totalFileNeedDownForOneFrame": 0,
        "typeSticker": "TEXT",
        "urlCover": "",
        "widthBitmap": 0
      },
      {
        "DOT": ".",
        "TYPE_PHOTO": "png",
        "WIDTH_MAX": 360,
        "alpha": 255,
        "animTextModel": {
          "easeCombo": "LINEAR",
          "easeIn": "LINEAR",
          "easeOut": "LINEAR",
          "endIndexFrameCombo": 467,
          "endIndexFrameIn": 399,
          "endIndexFrameOut": 467,
          "percentIn": 29.824562,
          "percentOut": 270.58823,
          "percentSpeedCombo": NaN,
          "speedFrameCombo": 0,
          "startIndexFrameCombo": 399,
          "startIndexFrameIn": 387,
          "startIndexFrameOut": 0,
          "typeAnimTextCombo": "NONE",
          "typeAnimTextIn": "ZOOM_OUT_IN",
          "typeAnimTextOut": "NONE_OUT"
        },
        "countDeltaTime": 0.0,
        "dataFrames": {
          "isNeedLoadBitmap1": false,
          "isNeedLoadBitmap2": false,
          "isNeedLoadBitmap2Loop": false,
          "isNeedLoadBitmap3": false,
          "isNeedLoadBitmap4": false,
          "isNeedLoadBitmap4Loop": false,
          "isNeedLoadBitmap5": false,
          "isNeedLoadBitmap6": false,
          "isNeedLoadBitmap6Loop": false,
          "isNeedLoadBitmap7": false,
          "isNeedLoadBitmap8": false,
          "isNeedLoadBitmap8Loop": false,
          "isNeedLoadBitmap9": false
        },
        "deviationXShadow": 0.0,
        "deviationYShadow": 0.0,
        "duration": 2666,
        "endColor": -1,
        "endIndexFrame": 467,
        "flip": 1.0,
        "heightBitmap": 0,
        "id": "70caed635df1ae25842b7710e8a69b",
        "indexColor": 0,
        "indexColorShadow": 43,
        "indexEndFrameTransformCombo": 138,
        "indexEndFrameTransformIn": 183,
        "indexFont": 1,
        "indexFrame": 0,
        "indexStartFrameTransformOut": 452,
        "indexTransition": -1,
        "isBgText": false,
        "isBoldText": true,
        "isDashText": false,
        "isDashUnderText": false,
        "isDrawAnim": false,
        "isFirstFillDataTransformCombo": false,
        "isInit": true,
        "isItalicText": false,
        "isLayerFront": true,
        "isLoadFrameCache": true,
        "isTexture": false,
        "isVisible": false,
        "linkBubble": "https://photoforapp.s3.ap-southeast-1.amazonaws.com/Video/TextV2/frame/121/layer_1.png",
        "linkItemFrame": "",
        "linkMask": "https://photoforapp.s3.ap-southeast-1.amazonaws.com/Video/TextV2/frame/121/layer_2_mask.png",
        "listText": [
          "THÂN THIỆN MÔI TRƯỜNG"
        ],
        "modeDraw": "SRC_OVER",
        "pathFolder": "",
        "pathFont": "",
        "pathSaveBitmapFrame": "",
        "pathTexture": "",
        "pointRotate": {
          "x": 203.45145,
          "y": 370.47165
        },
        "pointTranslate": {
          "x": 23.451447,
          "y": 190.47165
        },
        "rotate": 0.18107605,
        "scale": 1.0855656,
        "speed": 1,
        "speedOfTransformCombo": 15,
        "startColor": -1,
        "startIndexFrame": 387,
        "stickerTypeTransformCombo": "NONE",
        "stickerTypeTransformIn": "NONE",
        "stickerTypeTransformOut": "ALPHA_ZERO_TO_SHOW",
        "textAlignment": "CENTER",
        "textBlurShadow": 2.4,
        "textColorShadow": -16728876,
        "textHeightAllLine": 50.0,
        "textHeightOneLine": 30.0,
        "textLetterSpacing": 0.0,
        "textLineSpacing": 0.0,
        "textPadding": 18.0,
        "textSize": 27.0,
        "textSizeDefault": 30.0,
        "textString": "THÂN THIỆN MÔI TRƯỜNG",
        "textStroke": {
          "color": "#33691E",
          "indexPositionInAdapter": -1,
          "width": 0.8
        },
        "timeTransformCombo": 4633,
        "timeTransformIn": 585,
        "timeTransformOut": 532,
        "titleShow": "",
        "totalFileNeedDownForOneFrame": 0,
        "typeSticker": "TEXT",
        "urlCover": "",
        "widthBitmap": 0
      },
      {
        "DOT": ".",
        "TYPE_PHOTO": "png",
        "WIDTH_MAX": 360,
        "alpha": 255,
        "animTextModel": {
          "easeCombo": "LINEAR",
          "easeIn": "LINEAR",
          "easeOut": "LINEAR",
          "endIndexFrameCombo": 514,
          "endIndexFrameIn": 0,
          "endIndexFrameOut": 514,
          "percentIn": 0.0,
          "percentOut": 270.58823,
          "percentSpeedCombo": NaN,
          "speedFrameCombo": 0,
          "startIndexFrameCombo": 480,
          "startIndexFrameIn": 480,
          "startIndexFrameOut": 0,
          "typeAnimTextCombo": "NONE",
          "typeAnimTextIn": "NONE_IN",
          "typeAnimTextOut": "NONE_OUT"
        },
        "countDeltaTime": 0.0,
        "dataFrames": {
          "isNeedLoadBitmap1": false,
          "isNeedLoadBitmap2": false,
          "isNeedLoadBitmap2Loop": false,
          "isNeedLoadBitmap3": false,
          "isNeedLoadBitmap4": false,
          "isNeedLoadBitmap4Loop": false,
          "isNeedLoadBitmap5": false,
          "isNeedLoadBitmap6": false,
          "isNeedLoadBitmap6Loop": false,
          "isNeedLoadBitmap7": false,
          "isNeedLoadBitmap8": false,
          "isNeedLoadBitmap8Loop": false,
          "isNeedLoadBitmap9": false
        },
        "deviationXShadow": 0.0,
        "deviationYShadow": 0.0,
        "duration": 1133,
        "endColor": -1,
        "endIndexFrame": 514,
        "flip": 1.0,
        "heightBitmap": 0,
        "id": "c394549fd9fd90c9955a531ad93229d",
        "indexColor": 0,
        "indexColorShadow": 43,
        "indexEndFrameTransformCombo": 138,
        "indexEndFrameTransformIn": 497,
        "indexFont": 1,
        "indexFrame": 0,
        "indexStartFrameTransformOut": 501,
        "indexTransition": -1,
        "isBgText": false,
        "isBoldText": true,
        "isDashText": false,
        "isDashUnderText": false,
        "isDrawAnim": false,
        "isFirstFillDataTransformCombo": false,
        "isInit": true,
        "isItalicText": false,
        "isLayerFront": true,
        "isLoadFrameCache": true,
        "isTexture": false,
        "isVisible": true,
        "linkBubble": "https://photoforapp.s3.ap-southeast-1.amazonaws.com/Video/TextV2/frame/121/layer_1.png",
        "linkItemFrame": "",
        "linkMask": "https://photoforapp.s3.ap-southeast-1.amazonaws.com/Video/TextV2/frame/121/layer_2_mask.png",
        "listText": [
          "NHÀ TAO"
        ],
        "modeDraw": "SRC_OVER",
        "pathFolder": "",
        "pathFont": "",
        "pathSaveBitmapFrame": "",
        "pathTexture": "",
        "pointRotate": {
          "x": 206.30591,
          "y": 397.12692
        },
        "pointTranslate": {
          "x": 26.305908,
          "y": 217.12692
        },
        "rotate": -0.7869415,
        "scale": 0.84082043,
        "speed": 1,
        "speedOfTransformCombo": 15,
        "startColor": -1,
        "startIndexFrame": 480,
        "stickerTypeTransformCombo": "NONE",
        "stickerTypeTransformIn": "ZOOM_OUT",
        "stickerTypeTransformOut": "NONE",
        "textAlignment": "CENTER",
        "textBlurShadow": 2.4,
        "textColorShadow": -16728876,
        "textHeightAllLine": 92.0,
        "textHeightOneLine": 72.0,
        "textLetterSpacing": 0.0,
        "textLineSpacing": 0.0,
        "textPadding": 18.0,
        "textSize": 78.0,
        "textSizeDefault": 30.0,
        "textString": "NHÀ TAO",
        "textStroke": {
          "color": "#33691E",
          "indexPositionInAdapter": -1,
          "width": 0.8
        },
        "timeTransformCombo": 4633,
        "timeTransformIn": 585,
        "timeTransformOut": 532,
        "titleShow": "",
        "totalFileNeedDownForOneFrame": 0,
        "typeSticker": "TEXT",
        "urlCover": "",
        "widthBitmap": 0
      },
      {
        "DOT": ".",
        "TYPE_PHOTO": "png",
        "WIDTH_MAX": 360,
        "alpha": 255,
        "animTextModel": {
          "easeCombo": "LINEAR",
          "easeIn": "LINEAR",
          "easeOut": "LINEAR",
          "endIndexFrameCombo": 514,
          "endIndexFrameIn": 0,
          "endIndexFrameOut": 514,
          "percentIn": 0.0,
          "percentOut": 208.95523,
          "percentSpeedCombo": 30.0,
          "speedFrameCombo": 0,
          "startIndexFrameCombo": 471,
          "startIndexFrameIn": 471,
          "startIndexFrameOut": 0,
          "typeAnimTextCombo": "NONE",
          "typeAnimTextIn": "NONE_IN",
          "typeAnimTextOut": "NONE_OUT"
        },
        "countDeltaTime": 0.0,
        "dataFrames": {
          "isNeedLoadBitmap1": false,
          "isNeedLoadBitmap2": false,
          "isNeedLoadBitmap2Loop": false,
          "isNeedLoadBitmap3": false,
          "isNeedLoadBitmap4": false,
          "isNeedLoadBitmap4Loop": false,
          "isNeedLoadBitmap5": false,
          "isNeedLoadBitmap6": false,
          "isNeedLoadBitmap6Loop": false,
          "isNeedLoadBitmap7": false,
          "isNeedLoadBitmap8": false,
          "isNeedLoadBitmap8Loop": false,
          "isNeedLoadBitmap9": false
        },
        "deviationXShadow": 0.0,
        "deviationYShadow": 0.0,
        "duration": 1433,
        "endColor": -1,
        "endIndexFrame": 514,
        "flip": 1.0,
        "heightBitmap": 0,
        "id": "843cba9fdfd3421416fa57edd095c92",
        "indexColor": 0,
        "indexColorShadow": 5,
        "indexEndFrameTransformCombo": 0,
        "indexEndFrameTransformIn": 496,
        "indexFont": 23,
        "indexFrame": 0,
        "indexStartFrameTransformOut": 498,
        "indexTransition": -1,
        "isBgText": false,
        "isBoldText": false,
        "isDashText": false,
        "isDashUnderText": false,
        "isDrawAnim": false,
        "isFirstFillDataTransformCombo": true,
        "isInit": true,
        "isItalicText": false,
        "isLayerFront": true,
        "isLoadFrameCache": true,
        "isTexture": false,
        "isVisible": true,
        "linkBubble": "",
        "linkItemFrame": "",
        "linkMask": "",
        "listText": [
          "SẢN PHẨM"
        ],
        "modeDraw": "SRC_OVER",
        "pathFolder": "",
        "pathFont": "/data/user/0/videoeditor.moviemaker/files/INTERNAL_FONT_FOLDER_UNZIP/FontNormal1/FontNormal1/BoosterNextFY-Thin.otf",
        "pathSaveBitmapFrame": "",
        "pathTexture": "",
        "pointRotate": {
          "x": 198.69394,
          "y": 335.2487
        },
        "pointTranslate": {
          "x": 18.69394,
          "y": 155.24869
        },
        "rotate": -0.21116638,
        "scale": 0.71598935,
        "speed": 1,
        "speedOfTransformCombo": 15,
        "startColor": -1,
        "startIndexFrame": 471,
        "stickerTypeTransformCombo": "NONE",
        "stickerTypeTransformIn": "ZOOM_OUT",
        "stickerTypeTransformOut": "NONE",
        "textAlignment": "CENTER",
        "textBlurShadow": 3.0,
        "textColorShadow": -14606047,
        "textHeightAllLine": 64.0,
        "textHeightOneLine": 46.0,
        "textLetterSpacing": 0.4,
        "textLineSpacing": 4.0,
        "textPadding": 18.0,
        "textSize": 41.0,
        "textSizeDefault": 30.0,
        "textString": "SẢN PHẨM",
        "textStroke": {
          "color": "#FFFFFF",
          "indexPositionInAdapter": -1,
          "width": 0.2
        },
        "timeTransformCombo": 300,
        "timeTransformIn": 858,
        "timeTransformOut": 581,
        "titleShow": "",
        "totalFileNeedDownForOneFrame": 0,
        "typeSticker": "TEXT",
        "urlCover": "",
        "widthBitmap": 0
      }
    ],
    "listItemViewDataOnTimeLine": [
      {
        "durationEnd": 2400,
        "durationFadeIn": 0,
        "durationFadeOut": 0,
        "durationStart": 0,
        "endIndexFrame": 72,
        "indexRowCurrent": 0,
        "indexRowPrevious": 0,
        "keyInHasMap": 1657092063889,
        "linkDownloadMp3": "",
        "nameMp3": "",
        "pathDefault": "",
        "pathSaveFile": "",
        "positionEffectVoice": 0,
        "speedAudio": 1.0,
        "startIndexFrame": 0,
        "volume": 1.0
      },
      {
        "durationEnd": 2400,
        "durationFadeIn": 0,
        "durationFadeOut": 0,
        "durationStart": 0,
        "endIndexFrame": 72,
        "indexRowCurrent": 0,
        "indexRowPrevious": 0,
        "keyInHasMap": 1657092063903,
        "linkDownloadMp3": "",
        "nameMp3": "",
        "pathDefault": "",
        "pathSaveFile": "",
        "positionEffectVoice": 0,
        "speedAudio": 1.0,
        "startIndexFrame": 0,
        "volume": 1.0
      },
      {
        "durationEnd": 2700,
        "durationFadeIn": 0,
        "durationFadeOut": 0,
        "durationStart": 0,
        "endIndexFrame": 135,
        "indexRowCurrent": 0,
        "indexRowPrevious": 0,
        "keyInHasMap": 1657092063918,
        "linkDownloadMp3": "",
        "nameMp3": "",
        "pathDefault": "",
        "pathSaveFile": "",
        "positionEffectVoice": 0,
        "speedAudio": 1.0,
        "startIndexFrame": 73,
        "volume": 1.0
      },
      {
        "durationEnd": 2766,
        "durationFadeIn": 0,
        "durationFadeOut": 0,
        "durationStart": 0,
        "endIndexFrame": 136,
        "indexRowCurrent": 0,
        "indexRowPrevious": 0,
        "keyInHasMap": 1657092063931,
        "linkDownloadMp3": "",
        "nameMp3": "",
        "pathDefault": "",
        "pathSaveFile": "",
        "positionEffectVoice": 0,
        "speedAudio": 1.0,
        "startIndexFrame": 87,
        "volume": 1.0
      },
      {
        "durationEnd": 2966,
        "durationFadeIn": 0,
        "durationFadeOut": 0,
        "durationStart": 0,
        "endIndexFrame": 222,
        "indexRowCurrent": 0,
        "indexRowPrevious": 0,
        "keyInHasMap": 1657092920456,
        "linkDownloadMp3": "",
        "nameMp3": "",
        "pathDefault": "",
        "pathSaveFile": "",
        "positionEffectVoice": 0,
        "speedAudio": 1.0,
        "startIndexFrame": 140,
        "volume": 1.0
      },
      {
        "durationEnd": 2166,
        "durationFadeIn": 0,
        "durationFadeOut": 0,
        "durationStart": 0,
        "endIndexFrame": 221,
        "indexRowCurrent": 0,
        "indexRowPrevious": 0,
        "keyInHasMap": 1657092934960,
        "linkDownloadMp3": "",
        "nameMp3": "",
        "pathDefault": "",
        "pathSaveFile": "",
        "positionEffectVoice": 0,
        "speedAudio": 1.0,
        "startIndexFrame": 166,
        "volume": 1.0
      },
      {
        "durationEnd": 1999,
        "durationFadeIn": 0,
        "durationFadeOut": 0,
        "durationStart": 0,
        "endIndexFrame": 286,
        "indexRowCurrent": 0,
        "indexRowPrevious": 0,
        "keyInHasMap": 1657093692583,
        "linkDownloadMp3": "",
        "nameMp3": "",
        "pathDefault": "",
        "pathSaveFile": "",
        "positionEffectVoice": 0,
        "speedAudio": 1.0,
        "startIndexFrame": 229,
        "volume": 1.0
      },
      {
        "durationEnd": 1300,
        "durationFadeIn": 0,
        "durationFadeOut": 0,
        "durationStart": 0,
        "endIndexFrame": 285,
        "indexRowCurrent": 0,
        "indexRowPrevious": 0,
        "keyInHasMap": 1657093867624,
        "linkDownloadMp3": "",
        "nameMp3": "",
        "pathDefault": "",
        "pathSaveFile": "",
        "positionEffectVoice": 0,
        "speedAudio": 1.0,
        "startIndexFrame": 249,
        "volume": 1.0
      },
      {
        "durationEnd": 2366,
        "durationFadeIn": 0,
        "durationFadeOut": 0,
        "durationStart": 0,
        "endIndexFrame": 365,
        "indexRowCurrent": 0,
        "indexRowPrevious": 0,
        "keyInHasMap": 1657094157857,
        "linkDownloadMp3": "",
        "nameMp3": "",
        "pathDefault": "",
        "pathSaveFile": "",
        "positionEffectVoice": 0,
        "speedAudio": 1.0,
        "startIndexFrame": 294,
        "volume": 1.0
      },
      {
        "durationEnd": 1733,
        "durationFadeIn": 0,
        "durationFadeOut": 0,
        "durationStart": 0,
        "endIndexFrame": 364,
        "indexRowCurrent": 0,
        "indexRowPrevious": 0,
        "keyInHasMap": 1657094159670,
        "linkDownloadMp3": "",
        "nameMp3": "",
        "pathDefault": "",
        "pathSaveFile": "",
        "positionEffectVoice": 0,
        "speedAudio": 1.0,
        "startIndexFrame": 312,
        "volume": 1.0
      },
      {
        "durationEnd": 3166,
        "durationFadeIn": 0,
        "durationFadeOut": 0,
        "durationStart": 0,
        "endIndexFrame": 467,
        "indexRowCurrent": 0,
        "indexRowPrevious": 0,
        "keyInHasMap": 1657094339894,
        "linkDownloadMp3": "",
        "nameMp3": "",
        "pathDefault": "",
        "pathSaveFile": "",
        "positionEffectVoice": 0,
        "speedAudio": 1.0,
        "startIndexFrame": 372,
        "volume": 1.0
      },
      {
        "durationEnd": 2800,
        "durationFadeIn": 0,
        "durationFadeOut": 0,
        "durationStart": 0,
        "endIndexFrame": 467,
        "indexRowCurrent": 0,
        "indexRowPrevious": 0,
        "keyInHasMap": 1657094343576,
        "linkDownloadMp3": "",
        "nameMp3": "",
        "pathDefault": "",
        "pathSaveFile": "",
        "positionEffectVoice": 0,
        "speedAudio": 1.0,
        "startIndexFrame": 387,
        "volume": 1.0
      },
      {
        "durationEnd": 1433,
        "durationFadeIn": 0,
        "durationFadeOut": 0,
        "durationStart": 0,
        "endIndexFrame": 514,
        "indexRowCurrent": 0,
        "indexRowPrevious": 0,
        "keyInHasMap": 1657094711838,
        "linkDownloadMp3": "",
        "nameMp3": "",
        "pathDefault": "",
        "pathSaveFile": "",
        "positionEffectVoice": 0,
        "speedAudio": 1.0,
        "startIndexFrame": 471,
        "volume": 1.0
      },
      {
        "durationEnd": 1466,
        "durationFadeIn": 0,
        "durationFadeOut": 0,
        "durationStart": 0,
        "endIndexFrame": 514,
        "indexRowCurrent": 0,
        "indexRowPrevious": 0,
        "keyInHasMap": 1657094715909,
        "linkDownloadMp3": "",
        "nameMp3": "",
        "pathDefault": "",
        "pathSaveFile": "",
        "positionEffectVoice": 0,
        "speedAudio": 1.0,
        "startIndexFrame": 480,
        "volume": 1.0
      }
    ]
  },
  "timeLastUpdate": 1657095440827,
  "videoEffect": {
    "listItemEffectData": [
      {
        "drawMode": "SCREEN",
        "endIndexFrame": 615,
        "indexFrameDrawCurrent": 0,
        "isCenterCrop": true,
        "isCenterInside": false,
        "isDraw": true,
        "isNeedCutBody": false,
        "isReloadFromCache": true,
        "jsonObjectDataOfItem": "{\n  \"defaultFilter\": 150.0,\n  \"defaultGlow\": 0.0,\n  \"defaultIntensity\": 0.0,\n  \"defaultMinGlow\": 1.0,\n  \"defaultMinIntensity\": 1.01,\n  \"defaultRange\": 0.125,\n  \"defaultShow\": 10,\n  \"filterCurrent\": 150.0,\n  \"glowCurrent\": 0.0,\n  \"intensityCurrent\": 0.0,\n  \"maxFilter\": 200.0,\n  \"maxGlow\": 0.1,\n  \"maxIntensity\": 0.05,\n  \"maxRange\": 0.25,\n  \"minFilter\": 0.0,\n  \"minGlow\": 0.0,\n  \"minIntensity\": 0.0,\n  \"minRange\": 0.0,\n  \"rangeCurrent\": 0.125\n}",
        "keyEffect": "Party",
        "keyInHasMap": 1657095440829,
        "pathFolderEffect": "",
        "positionInAdapter": 4,
        "speed": 1,
        "startIndexFrame": 515,
        "title": "Throb",
        "totalFrame": 100,
        "uri": ""
      },
      {
        "drawMode": "SCREEN",
        "endIndexFrame": 536,
        "indexFrameDrawCurrent": 0,
        "isCenterCrop": true,
        "isCenterInside": false,
        "isDraw": true,
        "isNeedCutBody": false,
        "isReloadFromCache": true,
        "jsonObjectDataOfItem": "{\n  \"mIntensity\": 50.0,\n  \"mSpeed\": 50.0\n}",
        "keyEffect": "Basic",
        "keyInHasMap": 1657095440830,
        "pathFolderEffect": "",
        "positionInAdapter": 16,
        "speed": 1,
        "startIndexFrame": 516,
        "title": "Shake",
        "totalFrame": 20,
        "uri": ""
      }
    ],
    "listItemViewDataOnTimeLine": [
      {
        "durationEnd": 3333,
        "durationFadeIn": 0,
        "durationFadeOut": 0,
        "durationStart": 0,
        "endIndexFrame": 615,
        "indexRowCurrent": 0,
        "indexRowPrevious": 0,
        "keyInHasMap": 1657095068424,
        "linkDownloadMp3": "",
        "nameMp3": "",
        "pathDefault": "",
        "pathSaveFile": "",
        "positionEffectVoice": 0,
        "speedAudio": 1.0,
        "startIndexFrame": 515,
        "volume": 1.0
      },
      {
        "durationEnd": 666,
        "durationFadeIn": 0,
        "durationFadeOut": 0,
        "durationStart": 0,
        "endIndexFrame": 536,
        "indexRowCurrent": 0,
        "indexRowPrevious": 0,
        "keyInHasMap": 1657095198147,
        "linkDownloadMp3": "",
        "nameMp3": "",
        "pathDefault": "",
        "pathSaveFile": "",
        "positionEffectVoice": 0,
        "speedAudio": 1.0,
        "startIndexFrame": 516,
        "volume": 1.0
      }
    ]
  }
}