{
  "durationVideo": 9200,
  "editor": {
    "listItemPhotoData": [
      {
        "backgroundColor": -16777216,
        "blurBackground": 0,
        "duration": 1433,
        "endIndexFrame": 42,
        "flipHorizontal": 1.0,
        "flipVertical": 1.0,
        "gpuPosition": 0,
        "gpuProgress": 0,
        "heightBitmap": 1706,
        "idItemPhoto": "1658216958385",
        "indexEndFrameTransformCombo": 42,
        "indexEndFrameTransformIn": 0,
        "indexStartFrameTransformOut": 0,
        "isCalledCutBody": false,
        "isCenterCrop": false,
        "isCenterInside": true,
        "isCropBitmap": false,
        "isLoadFromCache": true,
        "isLocked": false,
        "itemDataTransition": {
          "indexCate": 0,
          "isMask": false,
          "keyItem": "",
          "linkCover": "",
          "linkDownload": "",
          "modeDraw": "",
          "nameEn": "",
          "nameVn": "",
          "paintModeDraw": "SRC_OVER",
          "pathFolderOfTransition": "",
          "pathFolderZipOfTransition": "",
          "positionTransitionInAdapter": 0,
          "timeTransitionCurrent": 1000,
          "typeTransition": {
            "type": "NONE",
            "typeTransition": "NONE"
          }
        },
        "itemTemplateModel": {
          "duration": 0,
          "heightBitmap": 0,
          "indexSticker": -1,
          "isCrop": false,
          "isLocked": false,
          "md5PathFileOld": "",
          "pathFile": "",
          "rect": {
            "bottom": 0,
            "left": 0,
            "right": 0,
            "top": 0
          },
          "typeTemplateModel": "NONE",
          "widthBitmap": 0
        },
        "linkBackgroundImage": "",
        "objDataAdjust": {
          "mCurrentBrightnessFilter": 50,
          "mCurrentContrastFilter": 50,
          "mCurrentExposureFilter": 50,
          "mCurrentFadeFilters": 0,
          "mCurrentHighlightFilter": 100,
          "mCurrentHueFilter": 0,
          "mCurrentSaturationFilter": 50,
          "mCurrentShadowFilter": 0,
          "mCurrentSharpenFilter": 50,
          "mCurrentTempFilter": 50,
          "mCurrentVignetteFilter": 100,
          "mListRedoAdjust": [],
          "mListUndoAdjust": []
        },
        "pathBitmap": "/storage/emulated/0/DCIM/Ảnh Test/Girl/683.jpg",
        "rotate": 0,
        "rotateAnim": 0.0,
        "scaleAnim": 1.0,
        "startIndexFrame": 0,
        "timeTransformCombo": 1433,
        "timeTransformIn": 300,
        "timeTransformOut": 300,
        "totalFrame": 42,
        "typeBackground": "COLOR",
        "typeTransformCombo": "ZOOM_1",
        "typeTransformIn": "NONE",
        "typeTransformOut": "NONE",
        "valueMatrixBitmapDraw": [
          0.431875,
          0.0,
          -6.399994,
          0.0,
          0.431875,
          -8.3893585,
          0.0,
          0.0,
          1.0
        ],
        "widthBitmap": 1280
      },
      {
        "backgroundColor": -16777216,
        "blurBackground": 0,
        "duration": 1933,
        "endIndexFrame": 100,
        "flipHorizontal": 1.0,
        "flipVertical": 1.0,
        "gpuPosition": 0,
        "gpuProgress": 0,
        "heightBitmap": 1706,
        "idItemPhoto": "1658216958752",
        "indexEndFrameTransformCombo": 100,
        "indexEndFrameTransformIn": 0,
        "indexStartFrameTransformOut": 0,
        "isCalledCutBody": false,
        "isCenterCrop": false,
        "isCenterInside": true,
        "isCropBitmap": false,
        "isLoadFromCache": true,
        "isLocked": false,
        "itemDataTransition": {
          "indexCate": 0,
          "isMask": false,
          "keyItem": "",
          "linkCover": "",
          "linkDownload": "",
          "modeDraw": "",
          "nameEn": "",
          "nameVn": "",
          "paintModeDraw": "SRC_OVER",
          "pathFolderOfTransition": "",
          "pathFolderZipOfTransition": "",
          "positionTransitionInAdapter": 0,
          "timeTransitionCurrent": 1000,
          "typeTransition": {
            "type": "NONE",
            "typeTransition": "NONE"
          }
        },
        "itemTemplateModel": {
          "duration": 0,
          "heightBitmap": 0,
          "indexSticker": -1,
          "isCrop": false,
          "isLocked": false,
          "md5PathFileOld": "",
          "pathFile": "",
          "rect": {
            "bottom": 0,
            "left": 0,
            "right": 0,
            "top": 0
          },
          "typeTemplateModel": "NONE",
          "widthBitmap": 0
        },
        "linkBackgroundImage": "",
        "objDataAdjust": {
          "mCurrentBrightnessFilter": 50,
          "mCurrentContrastFilter": 50,
          "mCurrentExposureFilter": 50,
          "mCurrentFadeFilters": 0,
          "mCurrentHighlightFilter": 100,
          "mCurrentHueFilter": 0,
          "mCurrentSaturationFilter": 50,
          "mCurrentShadowFilter": 0,
          "mCurrentSharpenFilter": 50,
          "mCurrentTempFilter": 50,
          "mCurrentVignetteFilter": 100,
          "mListRedoAdjust": [],
          "mListUndoAdjust": []
        },
        "pathBitmap": "/storage/emulated/0/DCIM/Ảnh Test/Girl/682.jpg",
        "rotate": 0,
        "rotateAnim": 0.0,
        "scaleAnim": 1.0,
        "startIndexFrame": 43,
        "timeTransformCombo": 1933,
        "timeTransformIn": 300,
        "timeTransformOut": 300,
        "totalFrame": 57,
        "typeBackground": "COLOR",
        "typeTransformCombo": "ZOOM_1",
        "typeTransformIn": "NONE",
        "typeTransformOut": "NONE",
        "valueMatrixBitmapDraw": [
          0.431875,
          0.0,
          -6.399994,
          0.0,
          0.431875,
          -8.3893585,
          0.0,
          0.0,
          1.0
        ],
        "widthBitmap": 1280
      },
      {
        "backgroundColor": -16777216,
        "blurBackground": 0,
        "duration": 1900,
        "endIndexFrame": 157,
        "flipHorizontal": 1.0,
        "flipVertical": 1.0,
        "gpuPosition": 0,
        "gpuProgress": 0,
        "heightBitmap": 921,
        "idItemPhoto": "1658216958905",
        "indexEndFrameTransformCombo": 157,
        "indexEndFrameTransformIn": 0,
        "indexStartFrameTransformOut": 0,
        "isCalledCutBody": false,
        "isCenterCrop": false,
        "isCenterInside": true,
        "isCropBitmap": true,
        "isLoadFromCache": true,
        "isLocked": false,
        "itemDataTransition": {
          "indexCate": 0,
          "isMask": false,
          "keyItem": "",
          "linkCover": "",
          "linkDownload": "",
          "modeDraw": "",
          "nameEn": "",
          "nameVn": "",
          "paintModeDraw": "SRC_OVER",
          "pathFolderOfTransition": "",
          "pathFolderZipOfTransition": "",
          "positionTransitionInAdapter": 0,
          "timeTransitionCurrent": 1000,
          "typeTransition": {
            "type": "NONE",
            "typeTransition": "NONE"
          }
        },
        "itemTemplateModel": {
          "duration": 0,
          "heightBitmap": 0,
          "indexSticker": -1,
          "isCrop": false,
          "isLocked": false,
          "md5PathFileOld": "",
          "pathFile": "",
          "rect": {
            "bottom": 0,
            "left": 0,
            "right": 0,
            "top": 0
          },
          "typeTemplateModel": "NONE",
          "widthBitmap": 0
        },
        "linkBackgroundImage": "",
        "objDataAdjust": {
          "mCurrentBrightnessFilter": 50,
          "mCurrentContrastFilter": 50,
          "mCurrentExposureFilter": 50,
          "mCurrentFadeFilters": 0,
          "mCurrentHighlightFilter": 100,
          "mCurrentHueFilter": 0,
          "mCurrentSaturationFilter": 50,
          "mCurrentShadowFilter": 0,
          "mCurrentSharpenFilter": 50,
          "mCurrentTempFilter": 50,
          "mCurrentVignetteFilter": 100,
          "mListRedoAdjust": [],
          "mListUndoAdjust": []
        },
        "pathBitmap": "/storage/emulated/0/DCIM/Ảnh Test/Girl/560.jpg",
        "rectCrop": {
          "bottom": 1088,
          "left": 14,
          "right": 705,
          "top": 167
        },
        "rotate": 0,
        "rotateAnim": 0.0,
        "scaleAnim": 1.0,
        "startIndexFrame": 101,
        "timeTransformCombo": 1900,
        "timeTransformIn": 300,
        "timeTransformOut": 300,
        "totalFrame": 56,
        "typeBackground": "COLOR",
        "typeTransformCombo": "ZOOM_1",
        "typeTransformIn": "NONE",
        "typeTransformOut": "NONE",
        "valueMatrixBitmapDraw": [
          0.79147613,
          0.0,
          -3.4550095,
          0.0,
          0.79147613,
          -4.4747467,
          0.0,
          0.0,
          1.0
        ],
        "widthBitmap": 691
      },
      {
        "backgroundColor": -16777216,
        "blurBackground": 0,
        "duration": 2067,
        "endIndexFrame": 219,
        "flipHorizontal": 1.0,
        "flipVertical": 1.0,
        "gpuPosition": 0,
        "gpuProgress": 0,
        "heightBitmap": 1280,
        "idItemPhoto": "1658216959083",
        "indexEndFrameTransformCombo": 219,
        "indexEndFrameTransformIn": 0,
        "indexStartFrameTransformOut": 0,
        "isCalledCutBody": false,
        "isCenterCrop": false,
        "isCenterInside": true,
        "isCropBitmap": true,
        "isLoadFromCache": true,
        "isLocked": false,
        "itemDataTransition": {
          "indexCate": 0,
          "isMask": false,
          "keyItem": "",
          "linkCover": "",
          "linkDownload": "",
          "modeDraw": "",
          "nameEn": "",
          "nameVn": "",
          "paintModeDraw": "SRC_OVER",
          "pathFolderOfTransition": "",
          "pathFolderZipOfTransition": "",
          "positionTransitionInAdapter": 0,
          "timeTransitionCurrent": 1000,
          "typeTransition": {
            "type": "NONE",
            "typeTransition": "NONE"
          }
        },
        "itemTemplateModel": {
          "duration": 0,
          "heightBitmap": 0,
          "indexSticker": -1,
          "isCrop": false,
          "isLocked": false,
          "md5PathFileOld": "",
          "pathFile": "",
          "rect": {
            "bottom": 0,
            "left": 0,
            "right": 0,
            "top": 0
          },
          "typeTemplateModel": "NONE",
          "widthBitmap": 0
        },
        "linkBackgroundImage": "",
        "objDataAdjust": {
          "mCurrentBrightnessFilter": 50,
          "mCurrentContrastFilter": 50,
          "mCurrentExposureFilter": 50,
          "mCurrentFadeFilters": 0,
          "mCurrentHighlightFilter": 100,
          "mCurrentHueFilter": 0,
          "mCurrentSaturationFilter": 50,
          "mCurrentShadowFilter": 0,
          "mCurrentSharpenFilter": 50,
          "mCurrentTempFilter": 50,
          "mCurrentVignetteFilter": 100,
          "mListRedoAdjust": [],
          "mListUndoAdjust": []
        },
        "pathBitmap": "/storage/emulated/0/DCIM/Ảnh Test/Girl/461.jpg",
        "rectCrop": {
          "bottom": 1280,
          "left": 32,
          "right": 992,
          "top": 0
        },
        "rotate": 0,
        "rotateAnim": 0.0,
        "scaleAnim": 1.0,
        "startIndexFrame": 158,
        "timeTransformCombo": 2067,
        "timeTransformIn": 300,
        "timeTransformOut": 300,
        "totalFrame": 61,
        "typeBackground": "COLOR",
        "typeTransformCombo": "ZOOM_1",
        "typeTransformIn": "NONE",
        "typeTransformOut": "NONE",
        "valueMatrixBitmapDraw": [
          0.5725,
          0.0,
          -4.7999954,
          0.0,
          0.5725,
          -6.399994,
          0.0,
          0.0,
          1.0
        ],
        "widthBitmap": 960
      },
      {
        "backgroundColor": -16777216,
        "blurBackground": 0,
        "duration": 1867,
        "endIndexFrame": 275,
        "flipHorizontal": 1.0,
        "flipVertical": 1.0,
        "gpuPosition": 0,
        "gpuProgress": 0,
        "heightBitmap": 1687,
        "idItemPhoto": "1658216959312",
        "indexEndFrameTransformCombo": 275,
        "indexEndFrameTransformIn": 0,
        "indexStartFrameTransformOut": 0,
        "isCalledCutBody": false,
        "isCenterCrop": false,
        "isCenterInside": true,
        "isCropBitmap": false,
        "isLoadFromCache": true,
        "isLocked": false,
        "itemDataTransition": {
          "indexCate": 0,
          "isMask": false,
          "keyItem": "",
          "linkCover": "",
          "linkDownload": "",
          "modeDraw": "",
          "nameEn": "",
          "nameVn": "",
          "paintModeDraw": "SRC_OVER",
          "pathFolderOfTransition": "",
          "pathFolderZipOfTransition": "",
          "positionTransitionInAdapter": 0,
          "timeTransitionCurrent": 1000,
          "typeTransition": {
            "type": "NONE",
            "typeTransition": "NONE"
          }
        },
        "itemTemplateModel": {
          "duration": 0,
          "heightBitmap": 0,
          "indexSticker": -1,
          "isCrop": false,
          "isLocked": false,
          "md5PathFileOld": "",
          "pathFile": "",
          "rect": {
            "bottom": 0,
            "left": 0,
            "right": 0,
            "top": 0
          },
          "typeTemplateModel": "NONE",
          "widthBitmap": 0
        },
        "linkBackgroundImage": "",
        "objDataAdjust": {
          "mCurrentBrightnessFilter": 50,
          "mCurrentContrastFilter": 50,
          "mCurrentExposureFilter": 50,
          "mCurrentFadeFilters": 0,
          "mCurrentHighlightFilter": 100,
          "mCurrentHueFilter": 0,
          "mCurrentSaturationFilter": 50,
          "mCurrentShadowFilter": 0,
          "mCurrentSharpenFilter": 50,
          "mCurrentTempFilter": 50,
          "mCurrentVignetteFilter": 100,
          "mListRedoAdjust": [],
          "mListUndoAdjust": []
        },
        "pathBitmap": "/storage/emulated/0/DCIM/Ảnh Test/Girl/427.jpg",
        "rotate": 0,
        "rotateAnim": 0.0,
        "scaleAnim": 1.0,
        "startIndexFrame": 220,
        "timeTransformCombo": 1867,
        "timeTransformIn": 300,
        "timeTransformOut": 300,
        "totalFrame": 55,
        "typeBackground": "COLOR",
        "typeTransformCombo": "ZOOM_1",
        "typeTransformIn": "NONE",
        "typeTransformOut": "NONE",
        "valueMatrixBitmapDraw": [
          0.431875,
          0.0,
          -6.399994,
          0.0,
          0.431875,
          -4.286545,
          0.0,
          0.0,
          1.0
        ],
        "widthBitmap": 1280
      }
    ]
  },
  "frame": {
    "listItemStickerData": [],
    "listItemViewDataOnTimeLine": []
  },
  "keyProjectCurrent": "1658216976140",
  "listTemplateModel": {
    "list": []
  },
  "music": {
    "listItemMusicData": [
      {
        "durationEnd": 9072,
        "durationFadeIn": 0,
        "durationFadeOut": 0,
        "durationStart": 0,
        "endIndexFrame": 272,
        "indexRowCurrent": 0,
        "indexRowPrevious": 0,
        "keyInHasMap": 1658216993244,
        "linkDownloadMp3": "/storage/emulated/0/Music/G3Video/Direct_ConvertVideoToMp3_1658216402423.mp3",
        "nameMp3": "Direct_ConvertVideoToMp3_1658216402423.mp3",
        "pathDefault": "/storage/emulated/0/Music/G3Video/Direct_ConvertVideoToMp3_1658216402423.mp3",
        "pathSaveFile": "/storage/emulated/0/Music/G3Video/Direct_ConvertVideoToMp3_1658216402423.mp3",
        "positionEffectVoice": 0,
        "speedAudio": 1.0,
        "startIndexFrame": 0,
        "volume": 1.0
      }
    ]
  },
  "nameVideo": "Template 1658216976140",
  "setting": {
    "quality": 720,
    "ratio": {
      "height": 4.0,
      "width": 3.0
    }
  },
  "sticker": {
    "listItemStickerData": [],
    "listItemViewDataOnTimeLine": []
  },
  "text": {
    "listItemStickerData": [],
    "listItemViewDataOnTimeLine": []
  },
  "timeLastUpdate": 1658217330776,
  "videoEffect": {
    "listItemEffectData": [
      {
        "drawMode": "SCREEN",
        "endIndexFrame": 275,
        "indexFrameDrawCurrent": 0,
        "isCenterCrop": true,
        "isCenterInside": false,
        "isDraw": true,
        "isNeedCutBody": false,
        "isReloadFromCache": true,
        "jsonObjectDataOfItem": "",
        "keyEffect": "SERVER",
        "keyInHasMap": 1658217330777,
        "pathFolderEffect": "/data/user/0/videoeditor.moviemaker/files/FOLDER_EFFECT/Retro/17",
        "positionInAdapter": 17,
        "speed": 1,
        "startIndexFrame": 0,
        "title": "Retro 17",
        "totalFrame": 275,
        "uri": "/data/user/0/videoeditor.moviemaker/files/FOLDER_EFFECT/Retro/17/Retro.m4v"
      },
      {
        "drawMode": "SCREEN",
        "endIndexFrame": 18,
        "indexFrameDrawCurrent": 0,
        "isCenterCrop": true,
        "isCenterInside": false,
        "isDraw": true,
        "isNeedCutBody": false,
        "isReloadFromCache": true,
        "jsonObjectDataOfItem": "",
        "keyEffect": "SERVER",
        "keyInHasMap": 1658217330777,
        "pathFolderEffect": "/data/user/0/videoeditor.moviemaker/files/FOLDER_EFFECT/Lightleak/15",
        "positionInAdapter": 15,
        "speed": 1,
        "startIndexFrame": 0,
        "title": "Lightleak 15",
        "totalFrame": 18,
        "uri": "/data/user/0/videoeditor.moviemaker/files/FOLDER_EFFECT/Lightleak/15/Lightleak.m4v"
      },
      {
        "drawMode": "SCREEN",
        "endIndexFrame": 37,
        "indexFrameDrawCurrent": 18,
        "isCenterCrop": true,
        "isCenterInside": false,
        "isDraw": true,
        "isNeedCutBody": false,
        "isReloadFromCache": true,
        "jsonObjectDataOfItem": "",
        "keyEffect": "SERVER",
        "keyInHasMap": 1658217330778,
        "pathFolderEffect": "/data/user/0/videoeditor.moviemaker/files/FOLDER_EFFECT/Lightleak/15",
        "positionInAdapter": 15,
        "speed": 1,
        "startIndexFrame": 19,
        "title": "Lightleak 15",
        "totalFrame": 18,
        "uri": "/data/user/0/videoeditor.moviemaker/files/FOLDER_EFFECT/Lightleak/15/Lightleak.m4v"
      }
    ],
    "listItemViewDataOnTimeLine": [
      {
        "durationEnd": 9166,
        "durationFadeIn": 0,
        "durationFadeOut": 0,
        "durationStart": 0,
        "endIndexFrame": 275,
        "indexRowCurrent": 0,
        "indexRowPrevious": 0,
        "keyInHasMap": 1658217221382,
        "linkDownloadMp3": "",
        "nameMp3": "",
        "pathDefault": "",
        "pathSaveFile": "",
        "positionEffectVoice": 0,
        "speedAudio": 1.0,
        "startIndexFrame": 0,
        "volume": 1.0
      },
      {
        "durationEnd": 600,
        "durationFadeIn": 0,
        "durationFadeOut": 0,
        "durationStart": 0,
        "endIndexFrame": 18,
        "indexRowCurrent": 0,
        "indexRowPrevious": 0,
        "keyInHasMap": 1658217268118,
        "linkDownloadMp3": "",
        "nameMp3": "",
        "pathDefault": "",
        "pathSaveFile": "",
        "positionEffectVoice": 0,
        "speedAudio": 1.0,
        "startIndexFrame": 0,
        "volume": 1.0
      },
      {
        "durationEnd": 0,
        "durationFadeIn": 0,
        "durationFadeOut": 0,
        "durationStart": 0,
        "endIndexFrame": 37,
        "indexRowCurrent": 0,
        "indexRowPrevious": 0,
        "keyInHasMap": 1658217297779,
        "linkDownloadMp3": "",
        "nameMp3": "",
        "pathDefault": "",
        "pathSaveFile": "",
        "positionEffectVoice": 0,
        "speedAudio": 1.0,
        "startIndexFrame": 19,
        "volume": 1.0
      }
    ]
  }
}