{"durationVideo":10367,"editor":{"listItemPhotoData":[{"backgroundColor":-16777216,"blurBackground":0,"duration":4000,"endIndexFrame":119,"flipHorizontal":1.0,"flipVertical":1.0,"gpuPosition":0,"gpuProgress":0,"heightBitmap":853,"idItemPhoto":"1654656480653","indexEndFrameTransformCombo":119,"indexEndFrameTransformIn":105,"indexStartFrameTransformOut":0,"isCenterCrop":false,"isCenterInside":true,"isCropBitmap":true,"isLoadFromCache":true,"isLocked":false,"itemDataTransition":{"indexCate":2,"indexItem":7,"isMask":false,"keyItem":"CAMERA_RIGHT","linkCover":"https://photoforapp.s3.ap-southeast-1.amazonaws.com/Video/TransitionsServer/Camera/Icon/CAMERA_RIGHT.gif","linkDownload":"https://photoforapp.s3.ap-southeast-1.amazonaws.com/Video/TransitionsServer/Camera/CAMERA_RIGHT.zip","modeDraw":"","nameEn":"Right","nameVn":"Phải","paintModeDraw":"SRC_OVER","pathFolderOfTransition":"","pathFolderZipOfTransition":"","positionTransitionInAdapter":25,"timeTransitionCurrent":1000,"typeTransition":{"type":"CAMERA","typeTransition":"CAMERA_RIGHT"}},"itemTemplateModel":{"duration":0,"heightBitmap":0,"indexSticker":-1,"isCrop":false,"isLocked":false,"md5PathFileOld":"","pathFile":"","rect":{"bottom":0,"left":0,"right":0,"top":0},"typeTemplateModel":"NONE","widthBitmap":0},"linkBackgroundImage":"","objDataAdjust":{"mCurrentBrightnessFilter":50,"mCurrentContrastFilter":50,"mCurrentExposureFilter":50,"mCurrentFadeFilters":0,"mCurrentHighlightFilter":100,"mCurrentHueFilter":0,"mCurrentSaturationFilter":50,"mCurrentShadowFilter":0,"mCurrentSharpenFilter":50,"mCurrentTempFilter":50,"mCurrentVignetteFilter":100,"mListRedoAdjust":[],"mListUndoAdjust":[]},"pathBitmap":"/storage/emulated/0/Pictures/Telegram/IMG_20220608_094621_307.png","rectCrop":{"bottom":853,"left":320,"right":960,"top":0},"rotate":0,"rotateAnim":0.0,"scaleAnim":1.0,"startIndexFrame":0,"timeTransformCombo":4000,"timeTransformIn":3511,"timeTransformOut":300,"totalFrame":119,"typeBackground":"COLOR","typeTransformCombo":"NONE","typeTransformIn":"SPIN_UP_2","typeTransformOut":"NONE","valueMatrixBitmapDraw":[0.84375,0.0,0.0,0.0,0.84375,0.140625,0.0,0.0,1.0],"widthBitmap":640},{"backgroundColor":-16777216,"blurBackground":0,"duration":2367,"endIndexFrame":190,"flipHorizontal":1.0,"flipVertical":1.0,"gpuPosition":0,"gpuProgress":0,"heightBitmap":974,"idItemPhoto":"1654656480923","indexEndFrameTransformCombo":0,"indexEndFrameTransformIn":0,"indexStartFrameTransformOut":179,"isCenterCrop":false,"isCenterInside":true,"isCropBitmap":true,"isLoadFromCache":true,"isLocked":false,"itemDataTransition":{"indexCate":6,"indexItem":14,"isMask":false,"keyItem":"FLASHES","linkCover":"https://photoforapp.s3.ap-southeast-1.amazonaws.com/Video/TransitionsServer/Basic/Icon/FLASHES.gif","linkDownload":"https://photoforapp.s3.ap-southeast-1.amazonaws.com/Video/TransitionsServer/Basic/FLASHES.zip","modeDraw":"","nameEn":"Flashes","nameVn":"Lóe","paintModeDraw":"SRC_OVER","pathFolderOfTransition":"","pathFolderZipOfTransition":"","positionTransitionInAdapter":96,"timeTransitionCurrent":547,"typeTransition":{"type":"BASIC","typeTransition":"FLASHES"}},"itemTemplateModel":{"duration":0,"heightBitmap":0,"indexSticker":-1,"isCrop":false,"isLocked":false,"md5PathFileOld":"","pathFile":"","rect":{"bottom":0,"left":0,"right":0,"top":0},"typeTemplateModel":"NONE","widthBitmap":0},"linkBackgroundImage":"","objDataAdjust":{"mCurrentBrightnessFilter":50,"mCurrentContrastFilter":50,"mCurrentExposureFilter":50,"mCurrentFadeFilters":0,"mCurrentHighlightFilter":100,"mCurrentHueFilter":0,"mCurrentSaturationFilter":50,"mCurrentShadowFilter":0,"mCurrentSharpenFilter":50,"mCurrentTempFilter":50,"mCurrentVignetteFilter":100,"mListRedoAdjust":[],"mListUndoAdjust":[]},"pathBitmap":"/storage/emulated/0/Pictures/Telegram/IMG_20220608_094623_381.png","rectCrop":{"bottom":1014,"left":183,"right":913,"top":40},"rotate":0,"rotateAnim":0.0,"scaleAnim":1.0,"startIndexFrame":120,"timeTransformCombo":2367,"timeTransformIn":300,"timeTransformOut":370,"totalFrame":70,"typeBackground":"COLOR","typeTransformCombo":"NONE","typeTransformIn":"NONE","typeTransformOut":"ZOOM_OUT","valueMatrixBitmapDraw":[0.7392197,0.0,0.1847992,0.0,0.7392197,-1.5258789E-5,0.0,0.0,1.0],"widthBitmap":730},{"backgroundColor":-16777216,"blurBackground":0,"duration":4000,"endIndexFrame":310,"flipHorizontal":1.0,"flipVertical":1.0,"gpuPosition":0,"gpuProgress":0,"heightBitmap":974,"idItemPhoto":"1654656481266","indexEndFrameTransformCombo":0,"indexEndFrameTransformIn":208,"indexStartFrameTransformOut":0,"isCenterCrop":false,"isCenterInside":true,"isCropBitmap":true,"isLoadFromCache":true,"isLocked":false,"itemDataTransition":{"indexCate":0,"isMask":false,"keyItem":"","linkCover":"","linkDownload":"","modeDraw":"","nameEn":"","nameVn":"","paintModeDraw":"SRC_OVER","pathFolderOfTransition":"","pathFolderZipOfTransition":"","positionTransitionInAdapter":0,"timeTransitionCurrent":1000,"typeTransition":{"type":"NONE","typeTransition":"NONE"}},"itemTemplateModel":{"duration":0,"heightBitmap":0,"indexSticker":-1,"isCrop":false,"isLocked":false,"md5PathFileOld":"","pathFile":"","rect":{"bottom":0,"left":0,"right":0,"top":0},"typeTemplateModel":"NONE","widthBitmap":0},"linkBackgroundImage":"","objDataAdjust":{"mCurrentBrightnessFilter":50,"mCurrentContrastFilter":50,"mCurrentExposureFilter":50,"mCurrentFadeFilters":0,"mCurrentHighlightFilter":100,"mCurrentHueFilter":0,"mCurrentSaturationFilter":50,"mCurrentShadowFilter":0,"mCurrentSharpenFilter":50,"mCurrentTempFilter":50,"mCurrentVignetteFilter":100,"mListRedoAdjust":[],"mListUndoAdjust":[]},"pathBitmap":"/storage/emulated/0/Pictures/Telegram/IMG_20220608_094624_716.png","rectCrop":{"bottom":974,"left":183,"right":913,"top":0},"rotate":0,"rotateAnim":0.0,"scaleAnim":1.0,"startIndexFrame":191,"timeTransformCombo":4000,"timeTransformIn":569,"timeTransformOut":300,"totalFrame":119,"typeBackground":"COLOR","typeTransformCombo":"NONE","typeTransformIn":"ZOOM_OUT","typeTransformOut":"NONE","valueMatrixBitmapDraw":[0.7392197,0.0,0.1847992,0.0,0.7392197,-1.5258789E-5,0.0,0.0,1.0],"widthBitmap":730}]},"frame":{"listItemStickerData":[],"listItemViewDataOnTimeLine":[]},"keyProjectCurrent":"1654656485237","listTemplateModel":{"list":[]},"music":{"listItemMusicData":[{"durationEnd":10366,"durationStart":0,"endIndexFrame":311,"indexRowCurrent":0,"indexRowPrevious":0,"keyInHasMap":1654656490379,"linkDownloadMp3":"/storage/emulated/0/Music/G3Video/Direct_ConvertVideoToMp3_1654656426990.mp3","nameMp3":"Direct_ConvertVideoToMp3_1654656426990.mp3","pathSaveFile":"/storage/emulated/0/Music/G3Video/Direct_ConvertVideoToMp3_1654656426990.mp3","startIndexFrame":0,"volume":1.0}]},"nameVideo":"Template 1654656485237","setting":{"quality":720,"ratio":{"height":4.0,"width":3.0}},"sticker":{"listItemStickerData":[],"listItemViewDataOnTimeLine":[]},"text":{"listItemStickerData":[],"listItemViewDataOnTimeLine":[]},"timeLastUpdate":1654658635431,"videoEffect":{"listItemEffectData":[{"drawMode":"SCREEN","endIndexFrame":191,"indexFrameDrawCurrent":0,"isCenterCrop":true,"isCenterInside":false,"isDraw":true,"isReloadFromCache":true,"jsonObjectDataOfItem":"{\"defaultPercentWidth\":1.0,\"defaultSpeed\":3.0,\"isHorizontal\":true,\"max\":10.0,\"maxSpeed\":50.0,\"min\":1.0,\"minSpeed\":2.0,\"percentWidth\":2.52,\"speedCurrent\":23.52}","keyEffect":"Party","keyInHasMap":1654658635434,"pathFolderEffect":"","positionInAdapter":2,"sizeCanvasCurrent":{"x":0,"y":0},"speed":1,"startIndexFrame":138,"title":"Stuck frame","totalFrame":53,"uri":""},{"drawMode":"SCREEN","endIndexFrame":191,"indexFrameDrawCurrent":0,"isCenterCrop":true,"isCenterInside":false,"isDraw":true,"isReloadFromCache":true,"jsonObjectDataOfItem":"{\"color\":-1,\"defaultSpeed\":3.0,\"max\":30.0,\"min\":2.0,\"speedCurrent\":2.84}","keyEffect":"Party","keyInHasMap":1654658635438,"pathFolderEffect":"","positionInAdapter":3,"sizeCanvasCurrent":{"x":0,"y":0},"speed":1,"startIndexFrame":139,"title":"White flash","totalFrame":52,"uri":""},{"drawMode":"SCREEN","endIndexFrame":311,"indexFrameDrawCurrent":0,"isCenterCrop":true,"isCenterInside":false,"isDraw":true,"isReloadFromCache":true,"jsonObjectDataOfItem":"{\"defaultPercentWidth\":1.0,\"defaultSpeed\":3.0,\"isHorizontal\":false,\"max\":10.0,\"maxSpeed\":50.0,\"min\":1.0,\"minSpeed\":2.0,\"percentWidth\":2.25,\"speedCurrent\":24.0}","keyEffect":"Party","keyInHasMap":1654658635441,"pathFolderEffect":"","positionInAdapter":2,"sizeCanvasCurrent":{"x":0,"y":0},"speed":1,"startIndexFrame":193,"title":"Stuck frame","totalFrame":118,"uri":""},{"drawMode":"SCREEN","endIndexFrame":311,"indexFrameDrawCurrent":0,"isCenterCrop":true,"isCenterInside":false,"isDraw":true,"isReloadFromCache":true,"jsonObjectDataOfItem":"{\"color\":-1,\"defaultSpeed\":3.0,\"max\":30.0,\"min\":2.0,\"speedCurrent\":17.96}","keyEffect":"Party","keyInHasMap":1654658635444,"pathFolderEffect":"","positionInAdapter":3,"sizeCanvasCurrent":{"x":0,"y":0},"speed":1,"startIndexFrame":192,"title":"White flash","totalFrame":119,"uri":""},{"drawMode":"SCREEN","endIndexFrame":311,"indexFrameDrawCurrent":1,"isCenterCrop":true,"isCenterInside":false,"isDraw":true,"isReloadFromCache":true,"jsonObjectDataOfItem":"","keyEffect":"SERVER","keyInHasMap":1654658635446,"pathFolderEffect":"/data/user/0/videoeditor.moviemaker/files/FOLDER_EFFECT/Fire/10","positionInAdapter":10,"sizeCanvasCurrent":{"x":540,"y":720},"speed":1,"startIndexFrame":192,"title":"Fire 10","totalFrame":119,"uri":"/data/user/0/videoeditor.moviemaker/files/FOLDER_EFFECT/Fire/10/Fire.m4v"}],"listItemViewDataOnTimeLine":[{"durationEnd":0,"durationStart":0,"endIndexFrame":191,"indexRowCurrent":0,"indexRowPrevious":0,"keyInHasMap":1654658305307,"linkDownloadMp3":"","nameMp3":"","pathSaveFile":"","startIndexFrame":138,"volume":1.0},{"durationEnd":0,"durationStart":0,"endIndexFrame":191,"indexRowCurrent":0,"indexRowPrevious":0,"keyInHasMap":1654658305308,"linkDownloadMp3":"","nameMp3":"","pathSaveFile":"","startIndexFrame":139,"volume":1.0},{"durationEnd":0,"durationStart":0,"endIndexFrame":311,"indexRowCurrent":0,"indexRowPrevious":0,"keyInHasMap":1654658305309,"linkDownloadMp3":"","nameMp3":"","pathSaveFile":"","startIndexFrame":193,"volume":1.0},{"durationEnd":0,"durationStart":0,"endIndexFrame":311,"indexRowCurrent":0,"indexRowPrevious":0,"keyInHasMap":1654658305310,"linkDownloadMp3":"","nameMp3":"","pathSaveFile":"","startIndexFrame":192,"volume":1.0},{"durationEnd":0,"durationStart":0,"endIndexFrame":311,"indexRowCurrent":0,"indexRowPrevious":0,"keyInHasMap":1654658305311,"linkDownloadMp3":"","nameMp3":"","pathSaveFile":"","startIndexFrame":192,"volume":1.0}]}}