{"durationVideo":10000,"editor":{"listItemPhotoData":[{"backgroundColor":-16777216,"blurBackground":0,"duration":7000,"endIndexFrame":209,"flipHorizontal":1.0,"flipVertical":1.0,"gpuPosition":0,"gpuProgress":0,"heightBitmap":672,"idItemPhoto":"1654658947530","indexEndFrameTransformCombo":0,"indexEndFrameTransformIn":0,"indexStartFrameTransformOut":200,"isCenterCrop":false,"isCenterInside":true,"isCropBitmap":false,"isLoadFromCache":true,"isLocked":false,"itemDataTransition":{"indexCate":2,"indexItem":0,"isMask":false,"keyItem":"CAMERA_PULL_IN","linkCover":"https://photoforapp.s3.ap-southeast-1.amazonaws.com/Video/TransitionsServer/Camera/Icon/CAMERA_PULL_IN.gif","linkDownload":"https://photoforapp.s3.ap-southeast-1.amazonaws.com/Video/TransitionsServer/Camera/CAMERA_PULL_IN.zip","modeDraw":"","nameEn":"Pull in","nameVn":"Kéo vào","paintModeDraw":"SRC_OVER","pathFolderOfTransition":"","pathFolderZipOfTransition":"","positionTransitionInAdapter":0,"timeTransitionCurrent":1000,"typeTransition":{"type":"NONE","typeTransition":"NONE"}},"itemTemplateModel":{"duration":0,"heightBitmap":0,"indexSticker":-1,"isCrop":false,"isLocked":false,"md5PathFileOld":"","pathFile":"","rect":{"bottom":0,"left":0,"right":0,"top":0},"typeTemplateModel":"NONE","widthBitmap":0},"linkBackgroundImage":"","objDataAdjust":{"mCurrentBrightnessFilter":50,"mCurrentContrastFilter":50,"mCurrentExposureFilter":50,"mCurrentFadeFilters":0,"mCurrentHighlightFilter":100,"mCurrentHueFilter":0,"mCurrentSaturationFilter":50,"mCurrentShadowFilter":0,"mCurrentSharpenFilter":50,"mCurrentTempFilter":50,"mCurrentVignetteFilter":100,"mListRedoAdjust":[],"mListUndoAdjust":[]},"pathBitmap":"/storage/emulated/0/Pictures/Telegram/IMG_20220608_102805_497.png","rotate":0,"rotateAnim":0.0,"scaleAnim":1.0,"startIndexFrame":0,"timeTransformCombo":7000,"timeTransformIn":300,"timeTransformOut":300,"totalFrame":209,"typeBackground":"COLOR","typeTransformCombo":"NONE","typeTransformIn":"NONE","typeTransformOut":"ZOOM_OUT","valueMatrixBitmapDraw":[1.0714285,0.0,7.6293945E-6,0.0,1.0714285,2.0980835E-5,0.0,0.0,1.0],"widthBitmap":504},{"backgroundColor":-16777216,"blurBackground":0,"duration":3000,"endIndexFrame":299,"flipHorizontal":1.0,"flipVertical":1.0,"gpuPosition":0,"gpuProgress":0,"heightBitmap":712,"idItemPhoto":"1654658947673","indexEndFrameTransformCombo":0,"indexEndFrameTransformIn":225,"indexStartFrameTransformOut":0,"isCenterCrop":false,"isCenterInside":true,"isCropBitmap":false,"isLoadFromCache":true,"isLocked":false,"itemDataTransition":{"indexCate":0,"isMask":false,"keyItem":"","linkCover":"","linkDownload":"","modeDraw":"","nameEn":"","nameVn":"","paintModeDraw":"SRC_OVER","pathFolderOfTransition":"","pathFolderZipOfTransition":"","positionTransitionInAdapter":0,"timeTransitionCurrent":1000,"typeTransition":{"type":"NONE","typeTransition":"NONE"}},"itemTemplateModel":{"duration":0,"heightBitmap":0,"indexSticker":-1,"isCrop":false,"isLocked":false,"md5PathFileOld":"","pathFile":"","rect":{"bottom":0,"left":0,"right":0,"top":0},"typeTemplateModel":"NONE","widthBitmap":0},"linkBackgroundImage":"","objDataAdjust":{"mCurrentBrightnessFilter":50,"mCurrentContrastFilter":50,"mCurrentExposureFilter":50,"mCurrentFadeFilters":0,"mCurrentHighlightFilter":100,"mCurrentHueFilter":0,"mCurrentSaturationFilter":50,"mCurrentShadowFilter":0,"mCurrentSharpenFilter":50,"mCurrentTempFilter":50,"mCurrentVignetteFilter":100,"mListRedoAdjust":[],"mListUndoAdjust":[]},"pathBitmap":"/storage/emulated/0/Pictures/Telegram/IMG_20220608_102806_753.png","rotate":0,"rotateAnim":0.0,"scaleAnim":1.0,"startIndexFrame":210,"timeTransformCombo":3000,"timeTransformIn":501,"timeTransformOut":300,"totalFrame":89,"typeBackground":"COLOR","typeTransformCombo":"NONE","typeTransformIn":"ZOOM_OUT","typeTransformOut":"NONE","valueMatrixBitmapDraw":[1.0093458,0.0,1.859665E-5,0.0,1.0093458,0.67291164,0.0,0.0,1.0],"widthBitmap":535}]},"frame":{"listItemStickerData":[],"listItemViewDataOnTimeLine":[]},"keyProjectCurrent":"1654658951172","listTemplateModel":{"list":[]},"music":{"listItemMusicData":[{"durationEnd":10000,"durationStart":0,"endIndexFrame":300,"indexRowCurrent":0,"indexRowPrevious":0,"keyInHasMap":1654658955993,"linkDownloadMp3":"/storage/emulated/0/Music/G3Video/Direct_ConvertVideoToMp3_1654658734803.mp3","nameMp3":"Direct_ConvertVideoToMp3_1654658734803.mp3","pathSaveFile":"/storage/emulated/0/Music/G3Video/Direct_ConvertVideoToMp3_1654658734803.mp3","startIndexFrame":0,"volume":1.0}]},"nameVideo":"Template 1654658951172","setting":{"quality":720,"ratio":{"height":1.3333334,"width":1.0}},"sticker":{"listItemStickerData":[],"listItemViewDataOnTimeLine":[]},"text":{"listItemStickerData":[],"listItemViewDataOnTimeLine":[]},"timeLastUpdate":1654659533041,"videoEffect":{"listItemEffectData":[{"drawMode":"SCREEN","endIndexFrame":208,"indexFrameDrawCurrent":0,"isCenterCrop":true,"isCenterInside":false,"isDraw":true,"isReloadFromCache":true,"jsonObjectDataOfItem":"{\"defaultPercentWidth\":1.0,\"defaultSpeed\":3.0,\"isHorizontal\":false,\"max\":10.0,\"maxSpeed\":50.0,\"min\":1.0,\"minSpeed\":2.0,\"percentWidth\":4.68,\"speedCurrent\":42.72}","keyEffect":"Party","keyInHasMap":1654659533047,"pathFolderEffect":"","positionInAdapter":2,"sizeCanvasCurrent":{"x":0,"y":0},"speed":1,"startIndexFrame":0,"title":"Stuck frame","totalFrame":208,"uri":""},{"drawMode":"SCREEN","endIndexFrame":208,"indexFrameDrawCurrent":27,"isCenterCrop":true,"isCenterInside":false,"isDraw":true,"isReloadFromCache":true,"jsonObjectDataOfItem":"","keyEffect":"SERVER","keyInHasMap":1654659533050,"pathFolderEffect":"/data/user/0/videoeditor.moviemaker/files/FOLDER_EFFECT/Love/12","positionInAdapter":12,"sizeCanvasCurrent":{"x":540,"y":720},"speed":1,"startIndexFrame":0,"title":"Love 12","totalFrame":208,"uri":"/data/user/0/videoeditor.moviemaker/files/FOLDER_EFFECT/Love/12/Love.m4v"},{"drawMode":"SCREEN","endIndexFrame":300,"indexFrameDrawCurrent":0,"isCenterCrop":true,"isCenterInside":false,"isDraw":true,"isReloadFromCache":true,"jsonObjectDataOfItem":"{\"defaultPercentWidth\":1.0,\"defaultSpeed\":3.0,\"isHorizontal\":false,\"max\":10.0,\"maxSpeed\":50.0,\"min\":1.0,\"minSpeed\":2.0,\"percentWidth\":1.62,\"speedCurrent\":19.2}","keyEffect":"Party","keyInHasMap":1654659533054,"pathFolderEffect":"","positionInAdapter":2,"sizeCanvasCurrent":{"x":0,"y":0},"speed":1,"startIndexFrame":211,"title":"Stuck frame","totalFrame":89,"uri":""},{"drawMode":"SCREEN","endIndexFrame":300,"indexFrameDrawCurrent":0,"isCenterCrop":true,"isCenterInside":false,"isDraw":true,"isReloadFromCache":true,"jsonObjectDataOfItem":"{\"defaultPercentWidth\":1.0,\"defaultSpeed\":3.0,\"isHorizontal\":true,\"max\":10.0,\"maxSpeed\":50.0,\"min\":1.0,\"minSpeed\":2.0,\"percentWidth\":1.62,\"speedCurrent\":24.0}","keyEffect":"Party","keyInHasMap":1654659533059,"pathFolderEffect":"","positionInAdapter":2,"sizeCanvasCurrent":{"x":0,"y":0},"speed":1,"startIndexFrame":211,"title":"Stuck frame","totalFrame":89,"uri":""},{"drawMode":"SCREEN","endIndexFrame":300,"indexFrameDrawCurrent":2,"isCenterCrop":true,"isCenterInside":false,"isDraw":true,"isReloadFromCache":true,"jsonObjectDataOfItem":"","keyEffect":"SERVER","keyInHasMap":1654659533062,"pathFolderEffect":"/data/user/0/videoeditor.moviemaker/files/FOLDER_EFFECT/Bokeh/7","positionInAdapter":7,"sizeCanvasCurrent":{"x":540,"y":720},"speed":1,"startIndexFrame":211,"title":"Bokeh 7","totalFrame":89,"uri":"/data/user/0/videoeditor.moviemaker/files/FOLDER_EFFECT/Bokeh/7/Bokeh.m4v"},{"drawMode":"SCREEN","endIndexFrame":242,"indexFrameDrawCurrent":0,"isCenterCrop":true,"isCenterInside":false,"isDraw":true,"isReloadFromCache":true,"jsonObjectDataOfItem":"","keyEffect":"Basic","keyInHasMap":1654659533065,"pathFolderEffect":"","positionInAdapter":6,"sizeCanvasCurrent":{"x":0,"y":0},"speed":1,"startIndexFrame":211,"title":"Zoom in","totalFrame":31,"uri":""},{"drawMode":"SCREEN","endIndexFrame":283,"indexFrameDrawCurrent":0,"isCenterCrop":true,"isCenterInside":false,"isDraw":true,"isReloadFromCache":true,"jsonObjectDataOfItem":"","keyEffect":"Basic","keyInHasMap":1654659533070,"pathFolderEffect":"","positionInAdapter":6,"sizeCanvasCurrent":{"x":0,"y":0},"speed":1,"startIndexFrame":252,"title":"Zoom in","totalFrame":31,"uri":""}],"listItemViewDataOnTimeLine":[{"durationEnd":6933,"durationStart":0,"endIndexFrame":208,"indexRowCurrent":0,"indexRowPrevious":0,"keyInHasMap":1654659088755,"linkDownloadMp3":"","nameMp3":"","pathSaveFile":"","startIndexFrame":0,"volume":1.0},{"durationEnd":6933,"durationStart":0,"endIndexFrame":208,"indexRowCurrent":0,"indexRowPrevious":0,"keyInHasMap":1654659184252,"linkDownloadMp3":"","nameMp3":"","pathSaveFile":"","startIndexFrame":0,"volume":1.0},{"durationEnd":0,"durationStart":0,"endIndexFrame":300,"indexRowCurrent":0,"indexRowPrevious":0,"keyInHasMap":1654659228934,"linkDownloadMp3":"","nameMp3":"","pathSaveFile":"","startIndexFrame":211,"volume":1.0},{"durationEnd":0,"durationStart":0,"endIndexFrame":300,"indexRowCurrent":0,"indexRowPrevious":0,"keyInHasMap":1654659253928,"linkDownloadMp3":"","nameMp3":"","pathSaveFile":"","startIndexFrame":211,"volume":1.0},{"durationEnd":0,"durationStart":0,"endIndexFrame":300,"indexRowCurrent":0,"indexRowPrevious":0,"keyInHasMap":1654659416353,"linkDownloadMp3":"","nameMp3":"","pathSaveFile":"","startIndexFrame":211,"volume":1.0},{"durationEnd":1033,"durationStart":0,"endIndexFrame":242,"indexRowCurrent":0,"indexRowPrevious":0,"keyInHasMap":1654659430897,"linkDownloadMp3":"","nameMp3":"","pathSaveFile":"","startIndexFrame":211,"volume":1.0},{"durationEnd":1033,"durationStart":0,"endIndexFrame":283,"indexRowCurrent":0,"indexRowPrevious":0,"keyInHasMap":1654659445007,"linkDownloadMp3":"","nameMp3":"","pathSaveFile":"","startIndexFrame":252,"volume":1.0}]}}