{"durationVideo":10000,"editor":{"listItemPhotoData":[{"backgroundColor":-16777216,"blurBackground":0,"duration":10000,"endIndexFrame":299,"flipHorizontal":1.0,"flipVertical":1.0,"gpuPosition":0,"gpuProgress":0,"heightBitmap":983,"idItemPhoto":"1654071479552","indexEndFrameTransformCombo":0,"indexEndFrameTransformIn":0,"indexStartFrameTransformOut":0,"isCenterCrop":false,"isCenterInside":false,"isCropBitmap":true,"isLoadFromCache":true,"isLocked":false,"itemDataTransition":{"indexCate":0,"isMask":false,"keyItem":"","linkCover":"","linkDownload":"","modeDraw":"","nameEn":"","nameVn":"","paintModeDraw":"SRC_OVER","pathFolderOfTransition":"","pathFolderZipOfTransition":"","positionTransitionInAdapter":0,"timeTransitionCurrent":1000,"typeTransition":{"type":"NONE","typeTransition":"NONE"}},"itemTemplateModel":{"duration":0,"heightBitmap":0,"indexSticker":-1,"isCrop":false,"isLocked":false,"md5PathFileOld":"","pathFile":"","rect":{"bottom":0,"left":0,"right":0,"top":0},"typeTemplateModel":"NONE","widthBitmap":0},"linkBackgroundImage":"","objDataAdjust":{"mCurrentBrightnessFilter":50,"mCurrentContrastFilter":50,"mCurrentExposureFilter":50,"mCurrentFadeFilters":0,"mCurrentHighlightFilter":100,"mCurrentHueFilter":0,"mCurrentSaturationFilter":50,"mCurrentShadowFilter":0,"mCurrentSharpenFilter":50,"mCurrentTempFilter":50,"mCurrentVignetteFilter":100,"mListRedoAdjust":[],"mListUndoAdjust":[]},"pathBitmap":"/storage/emulated/0/DCIM/100PINT/Ghim/bf986bd73604f72ec445bf9c7d9c1211.jpg","rectCrop":{"bottom":983,"left":0,"right":605,"top":0},"rotate":0,"rotateAnim":0.0,"scaleAnim":1.0,"startIndexFrame":0,"timeTransformCombo":10000,"timeTransformIn":300,"timeTransformOut":300,"totalFrame":299,"typeBackground":"COLOR","typeTransformCombo":"NONE","typeTransformIn":"NONE","typeTransformOut":"NONE","valueMatrixBitmapDraw":[0.56927747,0.0,32.933594,0.0,0.56927747,27.969688,0.0,0.0,1.0],"widthBitmap":605}]},"frame":{"listItemStickerData":[],"listItemViewDataOnTimeLine":[]},"keyProjectCurrent":"1654071485893","listTemplateModel":{"list":[]},"music":{"listItemMusicData":[{"durationEnd":10001,"durationStart":0,"endIndexFrame":300,"indexRowCurrent":0,"indexRowPrevious":0,"keyInHasMap":1654071547788,"linkDownloadMp3":"https://photoforapp84133-dev.s3.ap-southeast-1.amazonaws.com/public/YoutubeAudioLibrary/Korean/Bright/cry cry - t-ara.mp3","nameMp3":"cry cry - t-ara.mp3","pathSaveFile":"/data/user/0/videoeditor.moviemaker/files/Private/HIDE/MUSIC/cry cry - t-ara.mp3","startIndexFrame":0,"volume":1.0}]},"nameVideo":"Template 1654071485893","setting":{"quality":720,"ratio":{"height":16.0,"width":9.0}},"sticker":{"listItemStickerData":[],"listItemViewDataOnTimeLine":[]},"text":{"listItemStickerData":[{"DOT":".","TYPE_PHOTO":"png","WIDTH_MAX":360,"alpha":255,"countDeltaTime":0.0,"dataFrames":{"isNeedLoadBitmap1":false,"isNeedLoadBitmap2":false,"isNeedLoadBitmap2Loop":false,"isNeedLoadBitmap3":false,"isNeedLoadBitmap4":false,"isNeedLoadBitmap4Loop":false,"isNeedLoadBitmap5":false,"isNeedLoadBitmap6":false,"isNeedLoadBitmap6Loop":false,"isNeedLoadBitmap7":false,"isNeedLoadBitmap8":false,"isNeedLoadBitmap8Loop":false,"isNeedLoadBitmap9":false},"deviationXShadow":0.0,"deviationYShadow":0.0,"duration":3666,"endColor":-1,"endIndexFrame":138,"flip":1.0,"heightBitmap":0,"id":"d18dd187a7878b9254551764e4838f","indexColor":0,"indexColorShadow":0,"indexEndFrameTransformCombo":0,"indexEndFrameTransformIn":53,"indexFont":53,"indexFrame":0,"indexStartFrameTransformOut":0,"indexTransition":-1,"isBgText":false,"isBoldText":false,"isDashText":false,"isDashUnderText":false,"isDrawAnim":false,"isFirstFillDataTransformCombo":true,"isInit":true,"isItalicText":false,"isLayerFront":true,"isLoadFrameCache":true,"isTexture":false,"isVisible":false,"linkBubble":"","linkItemFrame":"","linkMask":"","listText":["Cry Cry","Can\u0027t you see the music"],"modeDraw":"SRC_OVER","pathFolder":"","pathFont":"/data/user/0/videoeditor.moviemaker/files/INTERNAL_FONT_FOLDER_UNZIP/rain/rain/Rainbow Veins.ttf","pathSaveBitmapFrame":"","pathTexture":"","pointRotate":{"x":197.63644,"y":626.9516},"pointTranslate":{"x":17.636444,"y":446.9516},"rotate":0.027191162,"scale":0.9492158,"speed":1,"speedOfTransformCombo":15,"startColor":-1,"startIndexFrame":28,"stickerTypeTransformCombo":"NONE","stickerTypeTransformIn":"ZOOM_IN","stickerTypeTransformOut":"NONE","textAlignment":"LEFT","textBlurShadow":0.0,"textColorShadow":-16777216,"textHeightAllLine":111.75,"textHeightOneLine":48.0,"textLetterSpacing":0.0,"textLineSpacing":17.0,"textPadding":15.75,"textSize":32.0,"textSizeDefault":30.0,"textString":"Cry Cry\nCan\u0027t you see the music","textStroke":{"color":"#000000","indexPositionInAdapter":-1,"width":0.0},"timeTransformCombo":300,"timeTransformIn":864,"timeTransformOut":300,"titleShow":"","totalFileNeedDownForOneFrame":0,"typeSticker":"TEXT","urlCover":"","widthBitmap":0},{"DOT":".","TYPE_PHOTO":"png","WIDTH_MAX":360,"alpha":255,"countDeltaTime":0.0,"dataFrames":{"isNeedLoadBitmap1":false,"isNeedLoadBitmap2":false,"isNeedLoadBitmap2Loop":false,"isNeedLoadBitmap3":false,"isNeedLoadBitmap4":false,"isNeedLoadBitmap4Loop":false,"isNeedLoadBitmap5":false,"isNeedLoadBitmap6":false,"isNeedLoadBitmap6Loop":false,"isNeedLoadBitmap7":false,"isNeedLoadBitmap8":false,"isNeedLoadBitmap8Loop":false,"isNeedLoadBitmap9":false},"deviationXShadow":0.0,"deviationYShadow":0.0,"duration":2133,"endColor":-1,"endIndexFrame":203,"flip":1.0,"heightBitmap":0,"id":"83d179f1c9ef7988e232272019eea924","indexColor":0,"indexColorShadow":0,"indexEndFrameTransformCombo":0,"indexEndFrameTransformIn":164,"indexFont":53,"indexFrame":0,"indexStartFrameTransformOut":0,"indexTransition":-1,"isBgText":false,"isBoldText":false,"isDashText":false,"isDashUnderText":false,"isDrawAnim":false,"isFirstFillDataTransformCombo":true,"isInit":true,"isItalicText":false,"isLayerFront":true,"isLoadFrameCache":true,"isTexture":false,"isVisible":false,"linkBubble":"","linkItemFrame":"","linkMask":"","listText":["불꽃처럼"],"modeDraw":"SRC_OVER","pathFolder":"","pathFont":"/data/user/0/videoeditor.moviemaker/files/INTERNAL_FONT_FOLDER_UNZIP/rain/rain/Rainbow Veins.ttf","pathSaveBitmapFrame":"","pathTexture":"","pointRotate":{"x":119.149826,"y":611.37354},"pointTranslate":{"x":-60.850174,"y":431.37354},"rotate":-0.1706543,"scale":0.5233062,"speed":1,"speedOfTransformCombo":15,"startColor":-1,"startIndexFrame":139,"stickerTypeTransformCombo":"NONE","stickerTypeTransformIn":"ZOOM_IN","stickerTypeTransformOut":"NONE","textAlignment":"LEFT","textBlurShadow":0.0,"textColorShadow":-16777216,"textHeightAllLine":79.75,"textHeightOneLine":64.0,"textLetterSpacing":0.68,"textLineSpacing":17.0,"textPadding":15.75,"textSize":54.0,"textSizeDefault":30.0,"textString":"불꽃처럼","textStroke":{"color":"#000000","indexPositionInAdapter":-1,"width":0.0},"timeTransformCombo":300,"timeTransformIn":864,"timeTransformOut":300,"titleShow":"","totalFileNeedDownForOneFrame":0,"typeSticker":"TEXT","urlCover":"","widthBitmap":0},{"DOT":".","TYPE_PHOTO":"png","WIDTH_MAX":360,"alpha":255,"countDeltaTime":0.0,"dataFrames":{"isNeedLoadBitmap1":false,"isNeedLoadBitmap2":false,"isNeedLoadBitmap2Loop":false,"isNeedLoadBitmap3":false,"isNeedLoadBitmap4":false,"isNeedLoadBitmap4Loop":false,"isNeedLoadBitmap5":false,"isNeedLoadBitmap6":false,"isNeedLoadBitmap6Loop":false,"isNeedLoadBitmap7":false,"isNeedLoadBitmap8":false,"isNeedLoadBitmap8Loop":false,"isNeedLoadBitmap9":false},"deviationXShadow":0.0,"deviationYShadow":0.0,"duration":3233,"endColor":-1,"endIndexFrame":300,"flip":1.0,"heightBitmap":0,"id":"f4eddf2c5c8bd4c37c52e82db574ad1","indexColor":0,"indexColorShadow":0,"indexEndFrameTransformCombo":0,"indexEndFrameTransformIn":228,"indexFont":53,"indexFrame":0,"indexStartFrameTransformOut":0,"indexTransition":-1,"isBgText":false,"isBoldText":false,"isDashText":false,"isDashUnderText":false,"isDrawAnim":false,"isFirstFillDataTransformCombo":true,"isInit":true,"isItalicText":false,"isLayerFront":true,"isLoadFrameCache":true,"isTexture":false,"isVisible":true,"linkBubble":"","linkItemFrame":"","linkMask":"","listText":["뜨겁게 you\u0027re ma boy"],"modeDraw":"SRC_OVER","pathFolder":"","pathFont":"/data/user/0/videoeditor.moviemaker/files/INTERNAL_FONT_FOLDER_UNZIP/rain/rain/Rainbow Veins.ttf","pathSaveBitmapFrame":"","pathTexture":"","pointRotate":{"x":181.36897,"y":606.417},"pointTranslate":{"x":1.3689728,"y":426.417},"rotate":-0.046051025,"scale":0.8465746,"speed":1,"speedOfTransformCombo":15,"startColor":-1,"startIndexFrame":203,"stickerTypeTransformCombo":"NONE","stickerTypeTransformIn":"ZOOM_IN","stickerTypeTransformOut":"NONE","textAlignment":"LEFT","textBlurShadow":0.0,"textColorShadow":-16777216,"textHeightAllLine":69.75,"textHeightOneLine":54.0,"textLetterSpacing":0.0,"textLineSpacing":17.0,"textPadding":15.75,"textSize":37.0,"textSizeDefault":30.0,"textString":"뜨겁게 you\u0027re ma boy","textStroke":{"color":"#000000","indexPositionInAdapter":-1,"width":0.0},"timeTransformCombo":300,"timeTransformIn":864,"timeTransformOut":300,"titleShow":"","totalFileNeedDownForOneFrame":0,"typeSticker":"TEXT","urlCover":"","widthBitmap":0}],"listItemViewDataOnTimeLine":[{"durationEnd":3666,"durationStart":0,"endIndexFrame":138,"indexRowCurrent":0,"indexRowPrevious":0,"keyInHasMap":1654071864420,"linkDownloadMp3":"","nameMp3":"","pathSaveFile":"","startIndexFrame":28,"volume":1.0},{"durationEnd":3566,"durationStart":0,"endIndexFrame":203,"indexRowCurrent":0,"indexRowPrevious":0,"keyInHasMap":1654072017920,"linkDownloadMp3":"","nameMp3":"","pathSaveFile":"","startIndexFrame":139,"volume":1.0},{"durationEnd":3266,"durationStart":0,"endIndexFrame":300,"indexRowCurrent":0,"indexRowPrevious":0,"keyInHasMap":1654072167818,"linkDownloadMp3":"","nameMp3":"","pathSaveFile":"","startIndexFrame":203,"volume":1.0}]},"timeLastUpdate":1654072386950,"videoEffect":{"listItemEffectData":[{"drawMode":"SCREEN","endIndexFrame":300,"indexFrameDrawCurrent":0,"isCenterCrop":true,"isCenterInside":false,"isDraw":true,"isReloadFromCache":true,"jsonObjectDataOfItem":"{\"defaultPercentWidth\":1.0,\"defaultSpeed\":3.0,\"isHorizontal\":true,\"max\":10.0,\"maxSpeed\":50.0,\"min\":1.0,\"minSpeed\":2.0,\"percentWidth\":0.72,\"speedCurrent\":37.44}","keyEffect":"Party","keyInHasMap":1654072386957,"pathFolderEffect":"","positionInAdapter":2,"sizeCanvasCurrent":{"x":0,"y":0},"speed":1,"startIndexFrame":0,"title":"Lắc, giật ảnh","totalFrame":300,"uri":""},{"drawMode":"SCREEN","endIndexFrame":300,"indexFrameDrawCurrent":59,"isCenterCrop":true,"isCenterInside":false,"isDraw":true,"isReloadFromCache":true,"jsonObjectDataOfItem":"","keyEffect":"SERVER","keyInHasMap":1654072386962,"pathFolderEffect":"/data/user/0/videoeditor.moviemaker/files/FOLDER_EFFECT/Retro/14","positionInAdapter":14,"sizeCanvasCurrent":{"x":405,"y":720},"speed":1,"startIndexFrame":0,"title":"Retro 14","totalFrame":300,"uri":"/data/user/0/videoeditor.moviemaker/files/FOLDER_EFFECT/Retro/14/Retro.m4v"}],"listItemViewDataOnTimeLine":[{"durationEnd":10000,"durationStart":0,"endIndexFrame":300,"indexRowCurrent":0,"indexRowPrevious":0,"keyInHasMap":1654072308967,"linkDownloadMp3":"","nameMp3":"","pathSaveFile":"","startIndexFrame":0,"volume":1.0},{"durationEnd":10000,"durationStart":0,"endIndexFrame":300,"indexRowCurrent":0,"indexRowPrevious":0,"keyInHasMap":1654072366374,"linkDownloadMp3":"","nameMp3":"","pathSaveFile":"","startIndexFrame":0,"volume":1.0}]}}