{"durationVideo":8367,"editor":{"listItemPhotoData":[{"backgroundColor":-16777216,"blurBackground":0,"duration":5367,"endIndexFrame":160,"flipHorizontal":1.0,"flipVertical":1.0,"gpuPosition":0,"gpuProgress":0,"heightBitmap":730,"idItemPhoto":"1654654432764","indexEndFrameTransformCombo":160,"indexEndFrameTransformIn":0,"indexStartFrameTransformOut":0,"isCenterCrop":false,"isCenterInside":true,"isCropBitmap":false,"isLoadFromCache":true,"isLocked":false,"itemDataTransition":{"indexCate":2,"indexItem":0,"isMask":false,"keyItem":"CAMERA_PULL_IN","linkCover":"https://photoforapp.s3.ap-southeast-1.amazonaws.com/Video/TransitionsServer/Camera/Icon/CAMERA_PULL_IN.gif","linkDownload":"https://photoforapp.s3.ap-southeast-1.amazonaws.com/Video/TransitionsServer/Camera/CAMERA_PULL_IN.zip","modeDraw":"","nameEn":"Pull in","nameVn":"Kéo vào","paintModeDraw":"SRC_OVER","pathFolderOfTransition":"","pathFolderZipOfTransition":"","positionTransitionInAdapter":0,"timeTransitionCurrent":725,"typeTransition":{"type":"NONE","typeTransition":"NONE"}},"itemTemplateModel":{"duration":0,"heightBitmap":0,"indexSticker":-1,"isCrop":false,"isLocked":false,"md5PathFileOld":"","pathFile":"","rect":{"bottom":0,"left":0,"right":0,"top":0},"typeTemplateModel":"NONE","widthBitmap":0},"linkBackgroundImage":"","objDataAdjust":{"mCurrentBrightnessFilter":50,"mCurrentContrastFilter":50,"mCurrentExposureFilter":50,"mCurrentFadeFilters":0,"mCurrentHighlightFilter":100,"mCurrentHueFilter":0,"mCurrentSaturationFilter":50,"mCurrentShadowFilter":0,"mCurrentSharpenFilter":50,"mCurrentTempFilter":50,"mCurrentVignetteFilter":100,"mListRedoAdjust":[],"mListUndoAdjust":[]},"pathBitmap":"/storage/emulated/0/Pictures/Telegram/IMG_20220608_091142_030.png","rotate":0,"rotateAnim":0.0,"scaleAnim":1.0,"startIndexFrame":0,"timeTransformCombo":5367,"timeTransformIn":300,"timeTransformOut":300,"totalFrame":160,"typeBackground":"COLOR","typeTransformCombo":"SPINNING_TOP_2","typeTransformIn":"NONE","typeTransformOut":"NONE","valueMatrixBitmapDraw":[0.98540145,0.0,1.4066696E-5,0.0,0.98540145,0.32845545,0.0,0.0,1.0],"widthBitmap":548},{"backgroundColor":-16777216,"blurBackground":2,"duration":3000,"endIndexFrame":250,"flipHorizontal":1.0,"flipVertical":1.0,"gpuPosition":0,"gpuProgress":0,"heightBitmap":751,"idItemPhoto":"1654654432952","indexEndFrameTransformCombo":0,"indexEndFrameTransformIn":170,"indexStartFrameTransformOut":0,"isCenterCrop":false,"isCenterInside":true,"isCropBitmap":false,"isLoadFromCache":true,"isLocked":false,"itemBackgroundDataEditorBackground":{"folder":"Blink","indexCate":0,"link":"https://photoforapp.s3.ap-southeast-1.amazonaws.com/Video/Background/Blink/4.jpg","positionInAdapter":3},"itemDataTransition":{"indexCate":0,"isMask":false,"keyItem":"","linkCover":"","linkDownload":"","modeDraw":"","nameEn":"","nameVn":"","paintModeDraw":"SRC_OVER","pathFolderOfTransition":"","pathFolderZipOfTransition":"","positionTransitionInAdapter":0,"timeTransitionCurrent":1000,"typeTransition":{"type":"NONE","typeTransition":"NONE"}},"itemTemplateModel":{"duration":0,"heightBitmap":0,"indexSticker":-1,"isCrop":false,"isLocked":false,"md5PathFileOld":"","pathFile":"","rect":{"bottom":0,"left":0,"right":0,"top":0},"typeTemplateModel":"NONE","widthBitmap":0},"linkBackgroundImage":"","objDataAdjust":{"mCurrentBrightnessFilter":50,"mCurrentContrastFilter":50,"mCurrentExposureFilter":50,"mCurrentFadeFilters":0,"mCurrentHighlightFilter":100,"mCurrentHueFilter":0,"mCurrentSaturationFilter":50,"mCurrentShadowFilter":0,"mCurrentSharpenFilter":50,"mCurrentTempFilter":50,"mCurrentVignetteFilter":100,"mListRedoAdjust":[],"mListUndoAdjust":[]},"pathBitmap":"/storage/emulated/0/Pictures/Telegram/IMG_20220608_091145_216.png","rotate":0,"rotateAnim":0.0,"scaleAnim":1.0,"startIndexFrame":161,"timeTransformCombo":3000,"timeTransformIn":300,"timeTransformOut":300,"totalFrame":89,"typeBackground":"IMAGE","typeTransformCombo":"NONE","typeTransformIn":"ZOOM_IN","typeTransformOut":"NONE","valueMatrixBitmapDraw":[0.9574468,0.0,-1.2397766E-5,0.0,0.9574468,0.47872734,0.0,0.0,1.0],"widthBitmap":564}]},"frame":{"listItemStickerData":[],"listItemViewDataOnTimeLine":[]},"keyProjectCurrent":"1654654434615","listTemplateModel":{"list":[]},"music":{"listItemMusicData":[{"durationEnd":8366,"durationStart":0,"endIndexFrame":251,"indexRowCurrent":0,"indexRowPrevious":0,"keyInHasMap":1654654440179,"linkDownloadMp3":"/storage/emulated/0/Music/G3Video/Direct_ConvertVideoToMp3_1654653796835.mp3","nameMp3":"Direct_ConvertVideoToMp3_1654653796835.mp3","pathSaveFile":"/storage/emulated/0/Music/G3Video/Direct_ConvertVideoToMp3_1654653796835.mp3","startIndexFrame":0,"volume":1.0}]},"nameVideo":"Template 1654654434615","setting":{"quality":720,"ratio":{"height":1.3321168,"width":1.0}},"sticker":{"listItemStickerData":[],"listItemViewDataOnTimeLine":[]},"text":{"listItemStickerData":[],"listItemViewDataOnTimeLine":[]},"timeLastUpdate":1654655318491,"videoEffect":{"listItemEffectData":[{"drawMode":"SCREEN","endIndexFrame":96,"indexFrameDrawCurrent":0,"isCenterCrop":true,"isCenterInside":false,"isDraw":true,"isReloadFromCache":true,"jsonObjectDataOfItem":"{\"color\":-1,\"defaultSpeed\":3.0,\"max\":30.0,\"min\":2.0,\"speedCurrent\":6.76}","keyEffect":"Party","keyInHasMap":1654655318497,"pathFolderEffect":"","positionInAdapter":3,"sizeCanvasCurrent":{"x":0,"y":0},"speed":1,"startIndexFrame":0,"title":"White flash","totalFrame":96,"uri":""},{"drawMode":"SCREEN","endIndexFrame":96,"indexFrameDrawCurrent":0,"isCenterCrop":true,"isCenterInside":false,"isDraw":true,"isReloadFromCache":true,"jsonObjectDataOfItem":"{\"defaultPercentWidth\":1.0,\"defaultSpeed\":3.0,\"isHorizontal\":true,\"max\":10.0,\"maxSpeed\":50.0,\"min\":1.0,\"minSpeed\":2.0,\"percentWidth\":1.98,\"speedCurrent\":14.88}","keyEffect":"Party","keyInHasMap":1654655318501,"pathFolderEffect":"","positionInAdapter":2,"sizeCanvasCurrent":{"x":0,"y":0},"speed":1,"startIndexFrame":0,"title":"Stuck frame","totalFrame":96,"uri":""},{"drawMode":"SCREEN","endIndexFrame":158,"indexFrameDrawCurrent":0,"isCenterCrop":true,"isCenterInside":false,"isDraw":true,"isReloadFromCache":true,"jsonObjectDataOfItem":"{\"defaultPercentWidth\":1.0,\"defaultSpeed\":3.0,\"isHorizontal\":true,\"max\":10.0,\"maxSpeed\":50.0,\"min\":1.0,\"minSpeed\":2.0,\"percentWidth\":1.98,\"speedCurrent\":4.8}","keyEffect":"Party","keyInHasMap":1654655318505,"pathFolderEffect":"","positionInAdapter":2,"sizeCanvasCurrent":{"x":0,"y":0},"speed":1,"startIndexFrame":96,"title":"Stuck frame","totalFrame":62,"uri":""},{"drawMode":"SCREEN","endIndexFrame":158,"indexFrameDrawCurrent":0,"isCenterCrop":true,"isCenterInside":false,"isDraw":true,"isReloadFromCache":true,"jsonObjectDataOfItem":"{\"defaultPercentWidth\":1.0,\"defaultSpeed\":3.0,\"isHorizontal\":false,\"max\":10.0,\"maxSpeed\":50.0,\"min\":1.0,\"minSpeed\":2.0,\"percentWidth\":1.98,\"speedCurrent\":9.6}","keyEffect":"Party","keyInHasMap":1654655318509,"pathFolderEffect":"","positionInAdapter":2,"sizeCanvasCurrent":{"x":0,"y":0},"speed":1,"startIndexFrame":96,"title":"Stuck frame","totalFrame":62,"uri":""},{"drawMode":"SCREEN","endIndexFrame":158,"indexFrameDrawCurrent":0,"isCenterCrop":true,"isCenterInside":false,"isDraw":true,"isReloadFromCache":true,"jsonObjectDataOfItem":"{\"color\":-1,\"defaultSpeed\":3.0,\"max\":30.0,\"min\":2.0,\"speedCurrent\":2.0}","keyEffect":"Party","keyInHasMap":1654655318513,"pathFolderEffect":"","positionInAdapter":3,"sizeCanvasCurrent":{"x":0,"y":0},"speed":1,"startIndexFrame":97,"title":"White flash","totalFrame":61,"uri":""},{"drawMode":"SCREEN","endIndexFrame":251,"indexFrameDrawCurrent":0,"isCenterCrop":true,"isCenterInside":false,"isDraw":true,"isReloadFromCache":true,"jsonObjectDataOfItem":"{\"defaultPercentWidth\":1.0,\"defaultSpeed\":3.0,\"isHorizontal\":false,\"max\":10.0,\"maxSpeed\":50.0,\"min\":1.0,\"minSpeed\":2.0,\"percentWidth\":3.51,\"speedCurrent\":26.4}","keyEffect":"Party","keyInHasMap":1654655318518,"pathFolderEffect":"","positionInAdapter":2,"sizeCanvasCurrent":{"x":0,"y":0},"speed":1,"startIndexFrame":160,"title":"Stuck frame","totalFrame":91,"uri":""},{"drawMode":"SCREEN","endIndexFrame":251,"indexFrameDrawCurrent":0,"isCenterCrop":true,"isCenterInside":false,"isDraw":true,"isReloadFromCache":true,"jsonObjectDataOfItem":"","keyEffect":"SERVER","keyInHasMap":1654655318520,"pathFolderEffect":"/data/user/0/videoeditor.moviemaker/files/FOLDER_EFFECT/Lightleak/0","positionInAdapter":0,"sizeCanvasCurrent":{"x":540,"y":720},"speed":1,"startIndexFrame":160,"title":"Lightleak 0","totalFrame":91,"uri":"/data/user/0/videoeditor.moviemaker/files/FOLDER_EFFECT/Lightleak/0/Lightleak.m4v"}],"listItemViewDataOnTimeLine":[{"durationEnd":3200,"durationStart":0,"endIndexFrame":96,"indexRowCurrent":0,"indexRowPrevious":0,"keyInHasMap":1654655133011,"linkDownloadMp3":"","nameMp3":"","pathSaveFile":"","startIndexFrame":0,"volume":1.0},{"durationEnd":3200,"durationStart":0,"endIndexFrame":96,"indexRowCurrent":0,"indexRowPrevious":0,"keyInHasMap":1654655133014,"linkDownloadMp3":"","nameMp3":"","pathSaveFile":"","startIndexFrame":0,"volume":1.0},{"durationEnd":2066,"durationStart":0,"endIndexFrame":158,"indexRowCurrent":0,"indexRowPrevious":0,"keyInHasMap":1654655133016,"linkDownloadMp3":"","nameMp3":"","pathSaveFile":"","startIndexFrame":96,"volume":1.0},{"durationEnd":2266,"durationStart":0,"endIndexFrame":158,"indexRowCurrent":0,"indexRowPrevious":0,"keyInHasMap":1654655170351,"linkDownloadMp3":"","nameMp3":"","pathSaveFile":"","startIndexFrame":96,"volume":1.0},{"durationEnd":5266,"durationStart":0,"endIndexFrame":158,"indexRowCurrent":0,"indexRowPrevious":0,"keyInHasMap":1654655179056,"linkDownloadMp3":"","nameMp3":"","pathSaveFile":"","startIndexFrame":97,"volume":1.0},{"durationEnd":3066,"durationStart":0,"endIndexFrame":251,"indexRowCurrent":0,"indexRowPrevious":0,"keyInHasMap":1654655229992,"linkDownloadMp3":"","nameMp3":"","pathSaveFile":"","startIndexFrame":160,"volume":1.0},{"durationEnd":3033,"durationStart":0,"endIndexFrame":251,"indexRowCurrent":0,"indexRowPrevious":0,"keyInHasMap":1654655257568,"linkDownloadMp3":"","nameMp3":"","pathSaveFile":"","startIndexFrame":160,"volume":1.0}]}}