{
  "durationVideo": 14367,
  "editor": {
    "listItemPhotoData": [
      {
        "backgroundColor": -16777216,
        "blurBackground": 0,
        "duration": 7533,
        "endIndexFrame": 225,
        "flipHorizontal": 1.0,
        "flipVertical": 1.0,
        "gpuPosition": 0,
        "gpuProgress": 0,
        "heightBitmap": 1022,
        "idItemPhoto": "1656995013299",
        "indexEndFrameTransformCombo": 0,
        "indexEndFrameTransformIn": 0,
        "indexStartFrameTransformOut": 0,
        "isCalledCutBody": false,
        "isCenterCrop": false,
        "isCenterInside": true,
        "isCropBitmap": true,
        "isLoadFromCache": true,
        "isLocked": false,
        "itemDataTransition": {
          "indexCate": 0,
          "isMask": false,
          "keyItem": "",
          "linkCover": "",
          "linkDownload": "",
          "modeDraw": "",
          "nameEn": "",
          "nameVn": "",
          "paintModeDraw": "SRC_OVER",
          "pathFolderOfTransition": "",
          "pathFolderZipOfTransition": "",
          "positionTransitionInAdapter": 0,
          "timeTransitionCurrent": 1000,
          "typeTransition": {
            "type": "NONE",
            "typeTransition": "NONE"
          }
        },
        "itemTemplateModel": {
          "duration": 0,
          "heightBitmap": 0,
          "indexSticker": -1,
          "isCrop": false,
          "isLocked": false,
          "md5PathFileOld": "",
          "pathFile": "",
          "rect": {
            "bottom": 0,
            "left": 0,
            "right": 0,
            "top": 0
          },
          "typeTemplateModel": "NONE",
          "widthBitmap": 0
        },
        "linkBackgroundImage": "",
        "objDataAdjust": {
          "mCurrentBrightnessFilter": 50,
          "mCurrentContrastFilter": 50,
          "mCurrentExposureFilter": 50,
          "mCurrentFadeFilters": 0,
          "mCurrentHighlightFilter": 100,
          "mCurrentHueFilter": 0,
          "mCurrentSaturationFilter": 50,
          "mCurrentShadowFilter": 0,
          "mCurrentSharpenFilter": 50,
          "mCurrentTempFilter": 50,
          "mCurrentVignetteFilter": 100,
          "mListRedoAdjust": [],
          "mListUndoAdjust": []
        },
        "pathBitmap": "/storage/emulated/0/DCIM/Ảnh Test/Girl/12.jpg",
        "rectCrop": {
          "bottom": 1280,
          "left": 168,
          "right": 743,
          "top": 258
        },
        "rotate": 0,
        "rotateAnim": 0.0,
        "scaleAnim": 1.0,
        "startIndexFrame": 0,
        "timeTransformCombo": 7533,
        "timeTransformIn": 300,
        "timeTransformOut": 300,
        "totalFrame": 225,
        "typeBackground": "COLOR",
        "typeTransformCombo": "NONE",
        "typeTransformIn": "NONE",
        "typeTransformOut": "NONE",
        "valueMatrixBitmapDraw": [
          0.71434784,
          0.0,
          -2.8750076,
          0.0,
          0.71434784,
          -5.031746,
          0.0,
          0.0,
          1.0
        ],
        "widthBitmap": 575
      },
      {
        "backgroundColor": -16777216,
        "blurBackground": 0,
        "duration": 3167,
        "endIndexFrame": 320,
        "flipHorizontal": 1.0,
        "flipVertical": 1.0,
        "gpuPosition": 0,
        "gpuProgress": 0,
        "heightBitmap": 1024,
        "idItemPhoto": "1656995013838",
        "indexEndFrameTransformCombo": 0,
        "indexEndFrameTransformIn": 0,
        "indexStartFrameTransformOut": 0,
        "isCalledCutBody": false,
        "isCenterCrop": false,
        "isCenterInside": true,
        "isCropBitmap": true,
        "isLoadFromCache": true,
        "isLocked": false,
        "itemDataTransition": {
          "indexCate": 0,
          "isMask": false,
          "keyItem": "",
          "linkCover": "",
          "linkDownload": "",
          "modeDraw": "",
          "nameEn": "",
          "nameVn": "",
          "paintModeDraw": "SRC_OVER",
          "pathFolderOfTransition": "",
          "pathFolderZipOfTransition": "",
          "positionTransitionInAdapter": 0,
          "timeTransitionCurrent": 1000,
          "typeTransition": {
            "type": "NONE",
            "typeTransition": "NONE"
          }
        },
        "itemTemplateModel": {
          "duration": 0,
          "heightBitmap": 0,
          "indexSticker": -1,
          "isCrop": false,
          "isLocked": false,
          "md5PathFileOld": "",
          "pathFile": "",
          "rect": {
            "bottom": 0,
            "left": 0,
            "right": 0,
            "top": 0
          },
          "typeTemplateModel": "NONE",
          "widthBitmap": 0
        },
        "linkBackgroundImage": "",
        "objDataAdjust": {
          "mCurrentBrightnessFilter": 50,
          "mCurrentContrastFilter": 50,
          "mCurrentExposureFilter": 50,
          "mCurrentFadeFilters": 0,
          "mCurrentHighlightFilter": 100,
          "mCurrentHueFilter": 0,
          "mCurrentSaturationFilter": 50,
          "mCurrentShadowFilter": 0,
          "mCurrentSharpenFilter": 50,
          "mCurrentTempFilter": 50,
          "mCurrentVignetteFilter": 100,
          "mListRedoAdjust": [],
          "mListUndoAdjust": []
        },
        "pathBitmap": "/storage/emulated/0/DCIM/Ảnh Test/Girl/11.jpg",
        "rectCrop": {
          "bottom": 1280,
          "left": 198,
          "right": 774,
          "top": 256
        },
        "rotate": 0,
        "rotateAnim": 0.0,
        "scaleAnim": 1.0,
        "startIndexFrame": 226,
        "timeTransformCombo": 3167,
        "timeTransformIn": 300,
        "timeTransformOut": 300,
        "totalFrame": 94,
        "typeBackground": "COLOR",
        "typeTransformCombo": "NONE",
        "typeTransformIn": "NONE",
        "typeTransformOut": "NONE",
        "valueMatrixBitmapDraw": [
          0.713125,
          0.0,
          -2.8799934,
          0.0,
          0.713125,
          -5.1200027,
          0.0,
          0.0,
          1.0
        ],
        "widthBitmap": 576
      },
      {
        "backgroundColor": -16777216,
        "blurBackground": 0,
        "duration": 3667,
        "endIndexFrame": 430,
        "flipHorizontal": 1.0,
        "flipVertical": 1.0,
        "gpuPosition": 0,
        "gpuProgress": 0,
        "heightBitmap": 1024,
        "idItemPhoto": "1656995014043",
        "indexEndFrameTransformCombo": 0,
        "indexEndFrameTransformIn": 0,
        "indexStartFrameTransformOut": 0,
        "isCalledCutBody": false,
        "isCenterCrop": false,
        "isCenterInside": true,
        "isCropBitmap": true,
        "isLoadFromCache": true,
        "isLocked": false,
        "itemDataTransition": {
          "indexCate": 0,
          "isMask": false,
          "keyItem": "",
          "linkCover": "",
          "linkDownload": "",
          "modeDraw": "",
          "nameEn": "",
          "nameVn": "",
          "paintModeDraw": "SRC_OVER",
          "pathFolderOfTransition": "",
          "pathFolderZipOfTransition": "",
          "positionTransitionInAdapter": 0,
          "timeTransitionCurrent": 1000,
          "typeTransition": {
            "type": "NONE",
            "typeTransition": "NONE"
          }
        },
        "itemTemplateModel": {
          "duration": 0,
          "heightBitmap": 0,
          "indexSticker": -1,
          "isCrop": false,
          "isLocked": false,
          "md5PathFileOld": "",
          "pathFile": "",
          "rect": {
            "bottom": 0,
            "left": 0,
            "right": 0,
            "top": 0
          },
          "typeTemplateModel": "NONE",
          "widthBitmap": 0
        },
        "linkBackgroundImage": "",
        "objDataAdjust": {
          "mCurrentBrightnessFilter": 50,
          "mCurrentContrastFilter": 50,
          "mCurrentExposureFilter": 50,
          "mCurrentFadeFilters": 0,
          "mCurrentHighlightFilter": 100,
          "mCurrentHueFilter": 0,
          "mCurrentSaturationFilter": 50,
          "mCurrentShadowFilter": 0,
          "mCurrentSharpenFilter": 50,
          "mCurrentTempFilter": 50,
          "mCurrentVignetteFilter": 100,
          "mListRedoAdjust": [],
          "mListUndoAdjust": []
        },
        "pathBitmap": "/storage/emulated/0/DCIM/Ảnh Test/Girl/10.jpg",
        "rectCrop": {
          "bottom": 1280,
          "left": 162,
          "right": 738,
          "top": 256
        },
        "rotate": 0,
        "rotateAnim": 0.0,
        "scaleAnim": 1.0,
        "startIndexFrame": 321,
        "timeTransformCombo": 3667,
        "timeTransformIn": 300,
        "timeTransformOut": 300,
        "totalFrame": 109,
        "typeBackground": "COLOR",
        "typeTransformCombo": "NONE",
        "typeTransformIn": "NONE",
        "typeTransformOut": "NONE",
        "valueMatrixBitmapDraw": [
          0.713125,
          0.0,
          -2.8799934,
          0.0,
          0.713125,
          -5.1200027,
          0.0,
          0.0,
          1.0
        ],
        "widthBitmap": 576
      }
    ]
  },
  "frame": {
    "listItemStickerData": [],
    "listItemViewDataOnTimeLine": []
  },
  "keyProjectCurrent": "1656995015456",
  "listTemplateModel": {
    "list": []
  },
  "music": {
    "listItemMusicData": [
      {
        "durationEnd": 14346,
        "durationFadeIn": 0,
        "durationFadeOut": 0,
        "durationStart": 0,
        "endIndexFrame": 430,
        "indexRowCurrent": 0,
        "indexRowPrevious": 0,
        "keyInHasMap": 1656995031825,
        "linkDownloadMp3": "/storage/emulated/0/Music/G3Video/Direct_ConvertVideoToMp3_1656994929539.mp3",
        "nameMp3": "Direct_ConvertVideoToMp3_1656994929539.mp3",
        "pathDefault": "/storage/emulated/0/Music/G3Video/Direct_ConvertVideoToMp3_1656994929539.mp3",
        "pathSaveFile": "/storage/emulated/0/Music/G3Video/Direct_ConvertVideoToMp3_1656994929539.mp3",
        "positionEffectVoice": 0,
        "speedAudio": 1.0,
        "startIndexFrame": 0,
        "volume": 1.0
      }
    ]
  },
  "nameVideo": "Template 1656995015456",
  "setting": {
    "quality": 720,
    "ratio": {
      "height": 16.0,
      "width": 9.0
    }
  },
  "sticker": {
    "listItemStickerData": [],
    "listItemViewDataOnTimeLine": []
  },
  "text": {
    "listItemStickerData": [],
    "listItemViewDataOnTimeLine": []
  },
  "timeLastUpdate": 1657008438209,
  "videoEffect": {
    "listItemEffectData": [
      {
        "drawMode": "SCREEN",
        "endIndexFrame": 225,
        "indexFrameDrawCurrent": 0,
        "isCenterCrop": true,
        "isCenterInside": false,
        "isDraw": true,
        "isNeedCutBody": false,
        "isReloadFromCache": true,
        "jsonObjectDataOfItem": "{\n  \"color\": -1,\n  \"defaultFilter\": 0.25,\n  \"defaultIntensity\": 10.0,\n  \"defaultMinFilter\": 1.0,\n  \"defaultMinSpeed\": 5.0,\n  \"defaultSpeed\": 3.0,\n  \"defaultTotalAlpha\": 20,\n  \"filterCurrent\": 0.6,\n  \"intensityCurrent\": 10.0,\n  \"maxFilter\": 1.0,\n  \"maxIntensity\": 100.0,\n  \"maxSpeed\": 5.0,\n  \"minFilter\": 0.0,\n  \"minIntensity\": 0.0,\n  \"minSpeed\": 0.0,\n  \"speedCurrent\": 3.65\n}",
        "keyEffect": "Dark",
        "keyInHasMap": 1657008438212,
        "pathFolderEffect": "",
        "positionInAdapter": 0,
        "speed": 1,
        "startIndexFrame": 0,
        "title": "Cold Lab",
        "totalFrame": 225,
        "uri": ""
      },
      {
        "drawMode": "SCREEN",
        "endIndexFrame": 32,
        "indexFrameDrawCurrent": 0,
        "isCenterCrop": true,
        "isCenterInside": false,
        "isDraw": true,
        "isNeedCutBody": false,
        "isReloadFromCache": true,
        "jsonObjectDataOfItem": "{\n  \"defaultMinSpeed\": 10.0,\n  \"defaultMinZoom\": 1.1,\n  \"defaultShow\": 10,\n  \"defaultSpeed\": 0.0,\n  \"defaultZoom\": 0.0,\n  \"maxSpeed\": 10.0,\n  \"maxZoom\": 0.7,\n  \"minSpeed\": 0.0,\n  \"minZoom\": 0.0,\n  \"speedCurrent\": 0.0,\n  \"variabilityZoom\": 1.0,\n  \"zoomCurrent\": 0.0\n}",
        "keyEffect": "Party",
        "keyInHasMap": 1657008438213,
        "pathFolderEffect": "",
        "positionInAdapter": 8,
        "speed": 1,
        "startIndexFrame": 21,
        "title": "Astral",
        "totalFrame": 11,
        "uri": ""
      },
      {
        "drawMode": "SCREEN",
        "endIndexFrame": 87,
        "indexFrameDrawCurrent": 0,
        "isCenterCrop": true,
        "isCenterInside": false,
        "isDraw": true,
        "isNeedCutBody": false,
        "isReloadFromCache": true,
        "jsonObjectDataOfItem": "{\n  \"defaultMinSpeed\": 10.0,\n  \"defaultMinZoom\": 1.1,\n  \"defaultShow\": 10,\n  \"defaultSpeed\": 0.0,\n  \"defaultZoom\": 0.0,\n  \"maxSpeed\": 10.0,\n  \"maxZoom\": 0.7,\n  \"minSpeed\": 0.0,\n  \"minZoom\": 0.0,\n  \"speedCurrent\": 0.0,\n  \"variabilityZoom\": 1.0,\n  \"zoomCurrent\": 0.0\n}",
        "keyEffect": "Party",
        "keyInHasMap": 1657008438214,
        "pathFolderEffect": "",
        "positionInAdapter": 8,
        "speed": 1,
        "startIndexFrame": 76,
        "title": "Astral",
        "totalFrame": 11,
        "uri": ""
      },
      {
        "drawMode": "SCREEN",
        "endIndexFrame": 151,
        "indexFrameDrawCurrent": 0,
        "isCenterCrop": true,
        "isCenterInside": false,
        "isDraw": true,
        "isNeedCutBody": false,
        "isReloadFromCache": true,
        "jsonObjectDataOfItem": "{\n  \"defaultMinSpeed\": 10.0,\n  \"defaultMinZoom\": 1.1,\n  \"defaultShow\": 10,\n  \"defaultSpeed\": 0.0,\n  \"defaultZoom\": 0.0,\n  \"maxSpeed\": 10.0,\n  \"maxZoom\": 0.7,\n  \"minSpeed\": 0.0,\n  \"minZoom\": 0.0,\n  \"speedCurrent\": 0.0,\n  \"variabilityZoom\": 1.0,\n  \"zoomCurrent\": 0.0\n}",
        "keyEffect": "Party",
        "keyInHasMap": 1657008438215,
        "pathFolderEffect": "",
        "positionInAdapter": 8,
        "speed": 1,
        "startIndexFrame": 140,
        "title": "Astral",
        "totalFrame": 11,
        "uri": ""
      },
      {
        "drawMode": "SCREEN",
        "endIndexFrame": 205,
        "indexFrameDrawCurrent": 0,
        "isCenterCrop": true,
        "isCenterInside": false,
        "isDraw": true,
        "isNeedCutBody": false,
        "isReloadFromCache": true,
        "jsonObjectDataOfItem": "{\n  \"defaultMinSpeed\": 10.0,\n  \"defaultMinZoom\": 1.1,\n  \"defaultShow\": 10,\n  \"defaultSpeed\": 0.0,\n  \"defaultZoom\": 0.0,\n  \"maxSpeed\": 10.0,\n  \"maxZoom\": 0.7,\n  \"minSpeed\": 0.0,\n  \"minZoom\": 0.0,\n  \"speedCurrent\": 0.0,\n  \"variabilityZoom\": 1.0,\n  \"zoomCurrent\": 0.0\n}",
        "keyEffect": "Party",
        "keyInHasMap": 1657008438217,
        "pathFolderEffect": "",
        "positionInAdapter": 8,
        "speed": 1,
        "startIndexFrame": 194,
        "title": "Astral",
        "totalFrame": 11,
        "uri": ""
      },
      {
        "drawMode": "SCREEN",
        "endIndexFrame": 236,
        "indexFrameDrawCurrent": 0,
        "isCenterCrop": true,
        "isCenterInside": false,
        "isDraw": true,
        "isNeedCutBody": false,
        "isReloadFromCache": true,
        "jsonObjectDataOfItem": "{\n  \"mIntensity\": 70.0,\n  \"mSpeed\": 50.0\n}",
        "keyEffect": "Basic",
        "keyInHasMap": 1657008438218,
        "pathFolderEffect": "",
        "positionInAdapter": 16,
        "speed": 1,
        "startIndexFrame": 225,
        "title": "Shake",
        "totalFrame": 11,
        "uri": ""
      },
      {
        "drawMode": "SCREEN",
        "endIndexFrame": 266,
        "indexFrameDrawCurrent": 0,
        "isCenterCrop": true,
        "isCenterInside": false,
        "isDraw": true,
        "isNeedCutBody": false,
        "isReloadFromCache": true,
        "jsonObjectDataOfItem": "",
        "keyEffect": "Basic",
        "keyInHasMap": 1657008438219,
        "pathFolderEffect": "",
        "positionInAdapter": 15,
        "speed": 1,
        "startIndexFrame": 253,
        "title": "Mirror",
        "totalFrame": 13,
        "uri": ""
      },
      {
        "drawMode": "SCREEN",
        "endIndexFrame": 295,
        "indexFrameDrawCurrent": 0,
        "isCenterCrop": true,
        "isCenterInside": false,
        "isDraw": true,
        "isNeedCutBody": false,
        "isReloadFromCache": true,
        "jsonObjectDataOfItem": "",
        "keyEffect": "Basic",
        "keyInHasMap": 1657008438220,
        "pathFolderEffect": "",
        "positionInAdapter": 15,
        "speed": 1,
        "startIndexFrame": 282,
        "title": "Mirror",
        "totalFrame": 13,
        "uri": ""
      },
      {
        "drawMode": "SCREEN",
        "endIndexFrame": 320,
        "indexFrameDrawCurrent": 0,
        "isCenterCrop": true,
        "isCenterInside": false,
        "isDraw": true,
        "isNeedCutBody": false,
        "isReloadFromCache": true,
        "jsonObjectDataOfItem": "",
        "keyEffect": "Basic",
        "keyInHasMap": 1657008438221,
        "pathFolderEffect": "",
        "positionInAdapter": 15,
        "speed": 1,
        "startIndexFrame": 309,
        "title": "Mirror",
        "totalFrame": 11,
        "uri": ""
      },
      {
        "drawMode": "SCREEN",
        "endIndexFrame": 348,
        "indexFrameDrawCurrent": 0,
        "isCenterCrop": true,
        "isCenterInside": false,
        "isDraw": true,
        "isNeedCutBody": false,
        "isReloadFromCache": true,
        "jsonObjectDataOfItem": "",
        "keyEffect": "Basic",
        "keyInHasMap": 1657008438221,
        "pathFolderEffect": "",
        "positionInAdapter": 15,
        "speed": 1,
        "startIndexFrame": 333,
        "title": "Mirror",
        "totalFrame": 15,
        "uri": ""
      },
      {
        "drawMode": "SCREEN",
        "endIndexFrame": 378,
        "indexFrameDrawCurrent": 0,
        "isCenterCrop": true,
        "isCenterInside": false,
        "isDraw": true,
        "isNeedCutBody": false,
        "isReloadFromCache": true,
        "jsonObjectDataOfItem": "",
        "keyEffect": "Basic",
        "keyInHasMap": 1657008438222,
        "pathFolderEffect": "",
        "positionInAdapter": 15,
        "speed": 1,
        "startIndexFrame": 363,
        "title": "Mirror",
        "totalFrame": 15,
        "uri": ""
      },
      {
        "drawMode": "SCREEN",
        "endIndexFrame": 407,
        "indexFrameDrawCurrent": 0,
        "isCenterCrop": true,
        "isCenterInside": false,
        "isDraw": true,
        "isNeedCutBody": false,
        "isReloadFromCache": true,
        "jsonObjectDataOfItem": "",
        "keyEffect": "Basic",
        "keyInHasMap": 1657008438222,
        "pathFolderEffect": "",
        "positionInAdapter": 15,
        "speed": 1,
        "startIndexFrame": 393,
        "title": "Mirror",
        "totalFrame": 14,
        "uri": ""
      },
      {
        "drawMode": "SCREEN",
        "endIndexFrame": 431,
        "indexFrameDrawCurrent": 0,
        "isCenterCrop": true,
        "isCenterInside": false,
        "isDraw": true,
        "isNeedCutBody": false,
        "isReloadFromCache": true,
        "jsonObjectDataOfItem": "",
        "keyEffect": "Basic",
        "keyInHasMap": 1657008438223,
        "pathFolderEffect": "",
        "positionInAdapter": 15,
        "speed": 1,
        "startIndexFrame": 423,
        "title": "Mirror",
        "totalFrame": 8,
        "uri": ""
      },
      {
        "drawMode": "SCREEN",
        "endIndexFrame": 329,
        "indexFrameDrawCurrent": 0,
        "isCenterCrop": true,
        "isCenterInside": false,
        "isDraw": true,
        "isNeedCutBody": false,
        "isReloadFromCache": true,
        "jsonObjectDataOfItem": "{\n  \"mIntensity\": 70.0,\n  \"mSpeed\": 50.0\n}",
        "keyEffect": "Basic",
        "keyInHasMap": 1657008438224,
        "pathFolderEffect": "",
        "positionInAdapter": 16,
        "speed": 1,
        "startIndexFrame": 321,
        "title": "Shake",
        "totalFrame": 8,
        "uri": ""
      },
      {
        "drawMode": "SCREEN",
        "endIndexFrame": 250,
        "indexFrameDrawCurrent": 0,
        "isCenterCrop": true,
        "isCenterInside": false,
        "isDraw": true,
        "isNeedCutBody": false,
        "isReloadFromCache": true,
        "jsonObjectDataOfItem": "{\n  \"defaultFilter\": 150.0,\n  \"defaultGlow\": 0.0,\n  \"defaultIntensity\": 0.0,\n  \"defaultMinGlow\": 1.0,\n  \"defaultMinIntensity\": 1.01,\n  \"defaultRange\": 0.125,\n  \"defaultShow\": 10,\n  \"filterCurrent\": 150.0,\n  \"glowCurrent\": 0.0,\n  \"intensityCurrent\": 0.0,\n  \"maxFilter\": 200.0,\n  \"maxGlow\": 0.1,\n  \"maxIntensity\": 0.05,\n  \"maxRange\": 0.25,\n  \"minFilter\": 0.0,\n  \"minGlow\": 0.0,\n  \"minIntensity\": 0.0,\n  \"minRange\": 0.0,\n  \"rangeCurrent\": 0.125\n}",
        "keyEffect": "Party",
        "keyInHasMap": 1657008438225,
        "pathFolderEffect": "",
        "positionInAdapter": 4,
        "speed": 1,
        "startIndexFrame": 241,
        "title": "Throb",
        "totalFrame": 9,
        "uri": ""
      },
      {
        "drawMode": "SCREEN",
        "endIndexFrame": 264,
        "indexFrameDrawCurrent": 0,
        "isCenterCrop": true,
        "isCenterInside": false,
        "isDraw": true,
        "isNeedCutBody": false,
        "isReloadFromCache": true,
        "jsonObjectDataOfItem": "{\n  \"defaultFilter\": 150.0,\n  \"defaultGlow\": 0.0,\n  \"defaultIntensity\": 0.0,\n  \"defaultMinGlow\": 1.0,\n  \"defaultMinIntensity\": 1.01,\n  \"defaultRange\": 0.125,\n  \"defaultShow\": 10,\n  \"filterCurrent\": 150.0,\n  \"glowCurrent\": 0.0,\n  \"intensityCurrent\": 0.0,\n  \"maxFilter\": 200.0,\n  \"maxGlow\": 0.1,\n  \"maxIntensity\": 0.05,\n  \"maxRange\": 0.25,\n  \"minFilter\": 0.0,\n  \"minGlow\": 0.0,\n  \"minIntensity\": 0.0,\n  \"minRange\": 0.0,\n  \"rangeCurrent\": 0.125\n}",
        "keyEffect": "Party",
        "keyInHasMap": 1657008438226,
        "pathFolderEffect": "",
        "positionInAdapter": 4,
        "speed": 1,
        "startIndexFrame": 255,
        "title": "Throb",
        "totalFrame": 9,
        "uri": ""
      },
      {
        "drawMode": "SCREEN",
        "endIndexFrame": 278,
        "indexFrameDrawCurrent": 0,
        "isCenterCrop": true,
        "isCenterInside": false,
        "isDraw": true,
        "isNeedCutBody": false,
        "isReloadFromCache": true,
        "jsonObjectDataOfItem": "{\n  \"defaultFilter\": 150.0,\n  \"defaultGlow\": 0.0,\n  \"defaultIntensity\": 0.0,\n  \"defaultMinGlow\": 1.0,\n  \"defaultMinIntensity\": 1.01,\n  \"defaultRange\": 0.125,\n  \"defaultShow\": 10,\n  \"filterCurrent\": 150.0,\n  \"glowCurrent\": 0.0,\n  \"intensityCurrent\": 0.0,\n  \"maxFilter\": 200.0,\n  \"maxGlow\": 0.1,\n  \"maxIntensity\": 0.05,\n  \"maxRange\": 0.25,\n  \"minFilter\": 0.0,\n  \"minGlow\": 0.0,\n  \"minIntensity\": 0.0,\n  \"minRange\": 0.0,\n  \"rangeCurrent\": 0.125\n}",
        "keyEffect": "Party",
        "keyInHasMap": 1657008438227,
        "pathFolderEffect": "",
        "positionInAdapter": 4,
        "speed": 1,
        "startIndexFrame": 269,
        "title": "Throb",
        "totalFrame": 9,
        "uri": ""
      },
      {
        "drawMode": "SCREEN",
        "endIndexFrame": 294,
        "indexFrameDrawCurrent": 0,
        "isCenterCrop": true,
        "isCenterInside": false,
        "isDraw": true,
        "isNeedCutBody": false,
        "isReloadFromCache": true,
        "jsonObjectDataOfItem": "{\n  \"defaultFilter\": 150.0,\n  \"defaultGlow\": 0.0,\n  \"defaultIntensity\": 0.0,\n  \"defaultMinGlow\": 1.0,\n  \"defaultMinIntensity\": 1.01,\n  \"defaultRange\": 0.125,\n  \"defaultShow\": 10,\n  \"filterCurrent\": 150.0,\n  \"glowCurrent\": 0.0,\n  \"intensityCurrent\": 0.0,\n  \"maxFilter\": 200.0,\n  \"maxGlow\": 0.1,\n  \"maxIntensity\": 0.05,\n  \"maxRange\": 0.25,\n  \"minFilter\": 0.0,\n  \"minGlow\": 0.0,\n  \"minIntensity\": 0.0,\n  \"minRange\": 0.0,\n  \"rangeCurrent\": 0.125\n}",
        "keyEffect": "Party",
        "keyInHasMap": 1657008438228,
        "pathFolderEffect": "",
        "positionInAdapter": 4,
        "speed": 1,
        "startIndexFrame": 285,
        "title": "Throb",
        "totalFrame": 9,
        "uri": ""
      },
      {
        "drawMode": "SCREEN",
        "endIndexFrame": 306,
        "indexFrameDrawCurrent": 0,
        "isCenterCrop": true,
        "isCenterInside": false,
        "isDraw": true,
        "isNeedCutBody": false,
        "isReloadFromCache": true,
        "jsonObjectDataOfItem": "{\n  \"defaultFilter\": 150.0,\n  \"defaultGlow\": 0.0,\n  \"defaultIntensity\": 0.0,\n  \"defaultMinGlow\": 1.0,\n  \"defaultMinIntensity\": 1.01,\n  \"defaultRange\": 0.125,\n  \"defaultShow\": 10,\n  \"filterCurrent\": 150.0,\n  \"glowCurrent\": 0.0,\n  \"intensityCurrent\": 0.0,\n  \"maxFilter\": 200.0,\n  \"maxGlow\": 0.1,\n  \"maxIntensity\": 0.05,\n  \"maxRange\": 0.25,\n  \"minFilter\": 0.0,\n  \"minGlow\": 0.0,\n  \"minIntensity\": 0.0,\n  \"minRange\": 0.0,\n  \"rangeCurrent\": 0.125\n}",
        "keyEffect": "Party",
        "keyInHasMap": 1657008438229,
        "pathFolderEffect": "",
        "positionInAdapter": 4,
        "speed": 1,
        "startIndexFrame": 297,
        "title": "Throb",
        "totalFrame": 9,
        "uri": ""
      },
      {
        "drawMode": "SCREEN",
        "endIndexFrame": 319,
        "indexFrameDrawCurrent": 0,
        "isCenterCrop": true,
        "isCenterInside": false,
        "isDraw": true,
        "isNeedCutBody": false,
        "isReloadFromCache": true,
        "jsonObjectDataOfItem": "{\n  \"defaultFilter\": 150.0,\n  \"defaultGlow\": 0.0,\n  \"defaultIntensity\": 0.0,\n  \"defaultMinGlow\": 1.0,\n  \"defaultMinIntensity\": 1.01,\n  \"defaultRange\": 0.125,\n  \"defaultShow\": 10,\n  \"filterCurrent\": 150.0,\n  \"glowCurrent\": 0.0,\n  \"intensityCurrent\": 0.0,\n  \"maxFilter\": 200.0,\n  \"maxGlow\": 0.1,\n  \"maxIntensity\": 0.05,\n  \"maxRange\": 0.25,\n  \"minFilter\": 0.0,\n  \"minGlow\": 0.0,\n  \"minIntensity\": 0.0,\n  \"minRange\": 0.0,\n  \"rangeCurrent\": 0.125\n}",
        "keyEffect": "Party",
        "keyInHasMap": 1657008438231,
        "pathFolderEffect": "",
        "positionInAdapter": 4,
        "speed": 1,
        "startIndexFrame": 310,
        "title": "Throb",
        "totalFrame": 9,
        "uri": ""
      },
      {
        "drawMode": "SCREEN",
        "endIndexFrame": 332,
        "indexFrameDrawCurrent": 0,
        "isCenterCrop": true,
        "isCenterInside": false,
        "isDraw": true,
        "isNeedCutBody": false,
        "isReloadFromCache": true,
        "jsonObjectDataOfItem": "{\n  \"defaultFilter\": 150.0,\n  \"defaultGlow\": 0.0,\n  \"defaultIntensity\": 0.0,\n  \"defaultMinGlow\": 1.0,\n  \"defaultMinIntensity\": 1.01,\n  \"defaultRange\": 0.125,\n  \"defaultShow\": 10,\n  \"filterCurrent\": 150.0,\n  \"glowCurrent\": 0.0,\n  \"intensityCurrent\": 0.0,\n  \"maxFilter\": 200.0,\n  \"maxGlow\": 0.1,\n  \"maxIntensity\": 0.05,\n  \"maxRange\": 0.25,\n  \"minFilter\": 0.0,\n  \"minGlow\": 0.0,\n  \"minIntensity\": 0.0,\n  \"minRange\": 0.0,\n  \"rangeCurrent\": 0.125\n}",
        "keyEffect": "Party",
        "keyInHasMap": 1657008438231,
        "pathFolderEffect": "",
        "positionInAdapter": 4,
        "speed": 1,
        "startIndexFrame": 324,
        "title": "Throb",
        "totalFrame": 8,
        "uri": ""
      },
      {
        "drawMode": "SCREEN",
        "endIndexFrame": 347,
        "indexFrameDrawCurrent": 0,
        "isCenterCrop": true,
        "isCenterInside": false,
        "isDraw": true,
        "isNeedCutBody": false,
        "isReloadFromCache": true,
        "jsonObjectDataOfItem": "{\n  \"defaultFilter\": 150.0,\n  \"defaultGlow\": 0.0,\n  \"defaultIntensity\": 0.0,\n  \"defaultMinGlow\": 1.0,\n  \"defaultMinIntensity\": 1.01,\n  \"defaultRange\": 0.125,\n  \"defaultShow\": 10,\n  \"filterCurrent\": 150.0,\n  \"glowCurrent\": 0.0,\n  \"intensityCurrent\": 0.0,\n  \"maxFilter\": 200.0,\n  \"maxGlow\": 0.1,\n  \"maxIntensity\": 0.05,\n  \"maxRange\": 0.25,\n  \"minFilter\": 0.0,\n  \"minGlow\": 0.0,\n  \"minIntensity\": 0.0,\n  \"minRange\": 0.0,\n  \"rangeCurrent\": 0.125\n}",
        "keyEffect": "Party",
        "keyInHasMap": 1657008438233,
        "pathFolderEffect": "",
        "positionInAdapter": 4,
        "speed": 1,
        "startIndexFrame": 338,
        "title": "Throb",
        "totalFrame": 9,
        "uri": ""
      },
      {
        "drawMode": "SCREEN",
        "endIndexFrame": 360,
        "indexFrameDrawCurrent": 0,
        "isCenterCrop": true,
        "isCenterInside": false,
        "isDraw": true,
        "isNeedCutBody": false,
        "isReloadFromCache": true,
        "jsonObjectDataOfItem": "{\n  \"defaultFilter\": 150.0,\n  \"defaultGlow\": 0.0,\n  \"defaultIntensity\": 0.0,\n  \"defaultMinGlow\": 1.0,\n  \"defaultMinIntensity\": 1.01,\n  \"defaultRange\": 0.125,\n  \"defaultShow\": 10,\n  \"filterCurrent\": 150.0,\n  \"glowCurrent\": 0.0,\n  \"intensityCurrent\": 0.0,\n  \"maxFilter\": 200.0,\n  \"maxGlow\": 0.1,\n  \"maxIntensity\": 0.05,\n  \"maxRange\": 0.25,\n  \"minFilter\": 0.0,\n  \"minGlow\": 0.0,\n  \"minIntensity\": 0.0,\n  \"minRange\": 0.0,\n  \"rangeCurrent\": 0.125\n}",
        "keyEffect": "Party",
        "keyInHasMap": 1657008438234,
        "pathFolderEffect": "",
        "positionInAdapter": 4,
        "speed": 1,
        "startIndexFrame": 351,
        "title": "Throb",
        "totalFrame": 9,
        "uri": ""
      },
      {
        "drawMode": "SCREEN",
        "endIndexFrame": 390,
        "indexFrameDrawCurrent": 0,
        "isCenterCrop": true,
        "isCenterInside": false,
        "isDraw": true,
        "isNeedCutBody": false,
        "isReloadFromCache": true,
        "jsonObjectDataOfItem": "{\n  \"defaultFilter\": 150.0,\n  \"defaultGlow\": 0.0,\n  \"defaultIntensity\": 0.0,\n  \"defaultMinGlow\": 1.0,\n  \"defaultMinIntensity\": 1.01,\n  \"defaultRange\": 0.125,\n  \"defaultShow\": 10,\n  \"filterCurrent\": 150.0,\n  \"glowCurrent\": 0.0,\n  \"intensityCurrent\": 0.0,\n  \"maxFilter\": 200.0,\n  \"maxGlow\": 0.1,\n  \"maxIntensity\": 0.05,\n  \"maxRange\": 0.25,\n  \"minFilter\": 0.0,\n  \"minGlow\": 0.0,\n  \"minIntensity\": 0.0,\n  \"minRange\": 0.0,\n  \"rangeCurrent\": 0.125\n}",
        "keyEffect": "Party",
        "keyInHasMap": 1657008438235,
        "pathFolderEffect": "",
        "positionInAdapter": 4,
        "speed": 1,
        "startIndexFrame": 381,
        "title": "Throb",
        "totalFrame": 9,
        "uri": ""
      },
      {
        "drawMode": "SCREEN",
        "endIndexFrame": 419,
        "indexFrameDrawCurrent": 0,
        "isCenterCrop": true,
        "isCenterInside": false,
        "isDraw": true,
        "isNeedCutBody": false,
        "isReloadFromCache": true,
        "jsonObjectDataOfItem": "{\n  \"defaultFilter\": 150.0,\n  \"defaultGlow\": 0.0,\n  \"defaultIntensity\": 0.0,\n  \"defaultMinGlow\": 1.0,\n  \"defaultMinIntensity\": 1.01,\n  \"defaultRange\": 0.125,\n  \"defaultShow\": 10,\n  \"filterCurrent\": 150.0,\n  \"glowCurrent\": 0.0,\n  \"intensityCurrent\": 0.0,\n  \"maxFilter\": 200.0,\n  \"maxGlow\": 0.1,\n  \"maxIntensity\": 0.05,\n  \"maxRange\": 0.25,\n  \"minFilter\": 0.0,\n  \"minGlow\": 0.0,\n  \"minIntensity\": 0.0,\n  \"minRange\": 0.0,\n  \"rangeCurrent\": 0.125\n}",
        "keyEffect": "Party",
        "keyInHasMap": 1657008438237,
        "pathFolderEffect": "",
        "positionInAdapter": 4,
        "speed": 1,
        "startIndexFrame": 410,
        "title": "Throb",
        "totalFrame": 9,
        "uri": ""
      },
      {
        "drawMode": "SCREEN",
        "endIndexFrame": 375,
        "indexFrameDrawCurrent": 0,
        "isCenterCrop": true,
        "isCenterInside": false,
        "isDraw": true,
        "isNeedCutBody": false,
        "isReloadFromCache": true,
        "jsonObjectDataOfItem": "{\n  \"defaultFilter\": 150.0,\n  \"defaultGlow\": 0.0,\n  \"defaultIntensity\": 0.0,\n  \"defaultMinGlow\": 1.0,\n  \"defaultMinIntensity\": 1.01,\n  \"defaultRange\": 0.125,\n  \"defaultShow\": 10,\n  \"filterCurrent\": 150.0,\n  \"glowCurrent\": 0.0,\n  \"intensityCurrent\": 0.0,\n  \"maxFilter\": 200.0,\n  \"maxGlow\": 0.1,\n  \"maxIntensity\": 0.05,\n  \"maxRange\": 0.25,\n  \"minFilter\": 0.0,\n  \"minGlow\": 0.0,\n  \"minIntensity\": 0.0,\n  \"minRange\": 0.0,\n  \"rangeCurrent\": 0.125\n}",
        "keyEffect": "Party",
        "keyInHasMap": 1657008438238,
        "pathFolderEffect": "",
        "positionInAdapter": 4,
        "speed": 1,
        "startIndexFrame": 366,
        "title": "Throb",
        "totalFrame": 9,
        "uri": ""
      },
      {
        "drawMode": "SCREEN",
        "endIndexFrame": 405,
        "indexFrameDrawCurrent": 0,
        "isCenterCrop": true,
        "isCenterInside": false,
        "isDraw": true,
        "isNeedCutBody": false,
        "isReloadFromCache": true,
        "jsonObjectDataOfItem": "{\n  \"defaultFilter\": 150.0,\n  \"defaultGlow\": 0.0,\n  \"defaultIntensity\": 0.0,\n  \"defaultMinGlow\": 1.0,\n  \"defaultMinIntensity\": 1.01,\n  \"defaultRange\": 0.125,\n  \"defaultShow\": 10,\n  \"filterCurrent\": 150.0,\n  \"glowCurrent\": 0.0,\n  \"intensityCurrent\": 0.0,\n  \"maxFilter\": 200.0,\n  \"maxGlow\": 0.1,\n  \"maxIntensity\": 0.05,\n  \"maxRange\": 0.25,\n  \"minFilter\": 0.0,\n  \"minGlow\": 0.0,\n  \"minIntensity\": 0.0,\n  \"minRange\": 0.0,\n  \"rangeCurrent\": 0.125\n}",
        "keyEffect": "Party",
        "keyInHasMap": 1657008438239,
        "pathFolderEffect": "",
        "positionInAdapter": 4,
        "speed": 1,
        "startIndexFrame": 396,
        "title": "Throb",
        "totalFrame": 9,
        "uri": ""
      },
      {
        "drawMode": "SCREEN",
        "endIndexFrame": 431,
        "indexFrameDrawCurrent": 0,
        "isCenterCrop": true,
        "isCenterInside": false,
        "isDraw": true,
        "isNeedCutBody": false,
        "isReloadFromCache": true,
        "jsonObjectDataOfItem": "{\n  \"defaultFilter\": 150.0,\n  \"defaultGlow\": 0.0,\n  \"defaultIntensity\": 0.0,\n  \"defaultMinGlow\": 1.0,\n  \"defaultMinIntensity\": 1.01,\n  \"defaultRange\": 0.125,\n  \"defaultShow\": 10,\n  \"filterCurrent\": 150.0,\n  \"glowCurrent\": 0.0,\n  \"intensityCurrent\": 0.0,\n  \"maxFilter\": 200.0,\n  \"maxGlow\": 0.1,\n  \"maxIntensity\": 0.05,\n  \"maxRange\": 0.25,\n  \"minFilter\": 0.0,\n  \"minGlow\": 0.0,\n  \"minIntensity\": 0.0,\n  \"minRange\": 0.0,\n  \"rangeCurrent\": 0.125\n}",
        "keyEffect": "Party",
        "keyInHasMap": 1657008438240,
        "pathFolderEffect": "",
        "positionInAdapter": 4,
        "speed": 1,
        "startIndexFrame": 425,
        "title": "Throb",
        "totalFrame": 6,
        "uri": ""
      }
    ],
    "listItemViewDataOnTimeLine": [
      {
        "durationEnd": 0,
        "durationFadeIn": 0,
        "durationFadeOut": 0,
        "durationStart": 0,
        "endIndexFrame": 225,
        "indexRowCurrent": 0,
        "indexRowPrevious": 0,
        "keyInHasMap": 1657005818631,
        "linkDownloadMp3": "",
        "nameMp3": "",
        "pathDefault": "",
        "pathSaveFile": "",
        "positionEffectVoice": 0,
        "speedAudio": 1.0,
        "startIndexFrame": 0,
        "volume": 1.0
      },
      {
        "durationEnd": 0,
        "durationFadeIn": 0,
        "durationFadeOut": 0,
        "durationStart": 0,
        "endIndexFrame": 32,
        "indexRowCurrent": 0,
        "indexRowPrevious": 0,
        "keyInHasMap": 1657005818633,
        "linkDownloadMp3": "",
        "nameMp3": "",
        "pathDefault": "",
        "pathSaveFile": "",
        "positionEffectVoice": 0,
        "speedAudio": 1.0,
        "startIndexFrame": 21,
        "volume": 1.0
      },
      {
        "durationEnd": 0,
        "durationFadeIn": 0,
        "durationFadeOut": 0,
        "durationStart": 0,
        "endIndexFrame": 87,
        "indexRowCurrent": 0,
        "indexRowPrevious": 0,
        "keyInHasMap": 1657005818642,
        "linkDownloadMp3": "",
        "nameMp3": "",
        "pathDefault": "",
        "pathSaveFile": "",
        "positionEffectVoice": 0,
        "speedAudio": 1.0,
        "startIndexFrame": 76,
        "volume": 1.0
      },
      {
        "durationEnd": 0,
        "durationFadeIn": 0,
        "durationFadeOut": 0,
        "durationStart": 0,
        "endIndexFrame": 151,
        "indexRowCurrent": 0,
        "indexRowPrevious": 0,
        "keyInHasMap": 1657005818645,
        "linkDownloadMp3": "",
        "nameMp3": "",
        "pathDefault": "",
        "pathSaveFile": "",
        "positionEffectVoice": 0,
        "speedAudio": 1.0,
        "startIndexFrame": 140,
        "volume": 1.0
      },
      {
        "durationEnd": 0,
        "durationFadeIn": 0,
        "durationFadeOut": 0,
        "durationStart": 0,
        "endIndexFrame": 205,
        "indexRowCurrent": 0,
        "indexRowPrevious": 0,
        "keyInHasMap": 1657005818654,
        "linkDownloadMp3": "",
        "nameMp3": "",
        "pathDefault": "",
        "pathSaveFile": "",
        "positionEffectVoice": 0,
        "speedAudio": 1.0,
        "startIndexFrame": 194,
        "volume": 1.0
      },
      {
        "durationEnd": 366,
        "durationFadeIn": 0,
        "durationFadeOut": 0,
        "durationStart": 0,
        "endIndexFrame": 236,
        "indexRowCurrent": 0,
        "indexRowPrevious": 0,
        "keyInHasMap": 1657005818698,
        "linkDownloadMp3": "",
        "nameMp3": "",
        "pathDefault": "",
        "pathSaveFile": "",
        "positionEffectVoice": 0,
        "speedAudio": 1.0,
        "startIndexFrame": 225,
        "volume": 1.0
      },
      {
        "durationEnd": 0,
        "durationFadeIn": 0,
        "durationFadeOut": 0,
        "durationStart": 0,
        "endIndexFrame": 266,
        "indexRowCurrent": 0,
        "indexRowPrevious": 0,
        "keyInHasMap": 1657005818699,
        "linkDownloadMp3": "",
        "nameMp3": "",
        "pathDefault": "",
        "pathSaveFile": "",
        "positionEffectVoice": 0,
        "speedAudio": 1.0,
        "startIndexFrame": 253,
        "volume": 1.0
      },
      {
        "durationEnd": 0,
        "durationFadeIn": 0,
        "durationFadeOut": 0,
        "durationStart": 0,
        "endIndexFrame": 295,
        "indexRowCurrent": 0,
        "indexRowPrevious": 0,
        "keyInHasMap": 1657005818700,
        "linkDownloadMp3": "",
        "nameMp3": "",
        "pathDefault": "",
        "pathSaveFile": "",
        "positionEffectVoice": 0,
        "speedAudio": 1.0,
        "startIndexFrame": 282,
        "volume": 1.0
      },
      {
        "durationEnd": 0,
        "durationFadeIn": 0,
        "durationFadeOut": 0,
        "durationStart": 0,
        "endIndexFrame": 320,
        "indexRowCurrent": 0,
        "indexRowPrevious": 0,
        "keyInHasMap": 1657005818702,
        "linkDownloadMp3": "",
        "nameMp3": "",
        "pathDefault": "",
        "pathSaveFile": "",
        "positionEffectVoice": 0,
        "speedAudio": 1.0,
        "startIndexFrame": 309,
        "volume": 1.0
      },
      {
        "durationEnd": 0,
        "durationFadeIn": 0,
        "durationFadeOut": 0,
        "durationStart": 0,
        "endIndexFrame": 348,
        "indexRowCurrent": 0,
        "indexRowPrevious": 0,
        "keyInHasMap": 1657005818708,
        "linkDownloadMp3": "",
        "nameMp3": "",
        "pathDefault": "",
        "pathSaveFile": "",
        "positionEffectVoice": 0,
        "speedAudio": 1.0,
        "startIndexFrame": 333,
        "volume": 1.0
      },
      {
        "durationEnd": 0,
        "durationFadeIn": 0,
        "durationFadeOut": 0,
        "durationStart": 0,
        "endIndexFrame": 378,
        "indexRowCurrent": 0,
        "indexRowPrevious": 0,
        "keyInHasMap": 1657005818710,
        "linkDownloadMp3": "",
        "nameMp3": "",
        "pathDefault": "",
        "pathSaveFile": "",
        "positionEffectVoice": 0,
        "speedAudio": 1.0,
        "startIndexFrame": 363,
        "volume": 1.0
      },
      {
        "durationEnd": 0,
        "durationFadeIn": 0,
        "durationFadeOut": 0,
        "durationStart": 0,
        "endIndexFrame": 407,
        "indexRowCurrent": 0,
        "indexRowPrevious": 0,
        "keyInHasMap": 1657005818713,
        "linkDownloadMp3": "",
        "nameMp3": "",
        "pathDefault": "",
        "pathSaveFile": "",
        "positionEffectVoice": 0,
        "speedAudio": 1.0,
        "startIndexFrame": 393,
        "volume": 1.0
      },
      {
        "durationEnd": 0,
        "durationFadeIn": 0,
        "durationFadeOut": 0,
        "durationStart": 0,
        "endIndexFrame": 431,
        "indexRowCurrent": 0,
        "indexRowPrevious": 0,
        "keyInHasMap": 1657005818715,
        "linkDownloadMp3": "",
        "nameMp3": "",
        "pathDefault": "",
        "pathSaveFile": "",
        "positionEffectVoice": 0,
        "speedAudio": 1.0,
        "startIndexFrame": 423,
        "volume": 1.0
      },
      {
        "durationEnd": 0,
        "durationFadeIn": 0,
        "durationFadeOut": 0,
        "durationStart": 0,
        "endIndexFrame": 329,
        "indexRowCurrent": 0,
        "indexRowPrevious": 0,
        "keyInHasMap": 1657005818717,
        "linkDownloadMp3": "",
        "nameMp3": "",
        "pathDefault": "",
        "pathSaveFile": "",
        "positionEffectVoice": 0,
        "speedAudio": 1.0,
        "startIndexFrame": 321,
        "volume": 1.0
      },
      {
        "durationEnd": 300,
        "durationFadeIn": 0,
        "durationFadeOut": 0,
        "durationStart": 0,
        "endIndexFrame": 250,
        "indexRowCurrent": 0,
        "indexRowPrevious": 0,
        "keyInHasMap": 1657005818729,
        "linkDownloadMp3": "",
        "nameMp3": "",
        "pathDefault": "",
        "pathSaveFile": "",
        "positionEffectVoice": 0,
        "speedAudio": 1.0,
        "startIndexFrame": 241,
        "volume": 1.0
      },
      {
        "durationEnd": 0,
        "durationFadeIn": 0,
        "durationFadeOut": 0,
        "durationStart": 0,
        "endIndexFrame": 264,
        "indexRowCurrent": 0,
        "indexRowPrevious": 0,
        "keyInHasMap": 1657007433629,
        "linkDownloadMp3": "",
        "nameMp3": "",
        "pathDefault": "",
        "pathSaveFile": "",
        "positionEffectVoice": 0,
        "speedAudio": 1.0,
        "startIndexFrame": 255,
        "volume": 1.0
      },
      {
        "durationEnd": 0,
        "durationFadeIn": 0,
        "durationFadeOut": 0,
        "durationStart": 0,
        "endIndexFrame": 278,
        "indexRowCurrent": 0,
        "indexRowPrevious": 0,
        "keyInHasMap": 1657007443205,
        "linkDownloadMp3": "",
        "nameMp3": "",
        "pathDefault": "",
        "pathSaveFile": "",
        "positionEffectVoice": 0,
        "speedAudio": 1.0,
        "startIndexFrame": 269,
        "volume": 1.0
      },
      {
        "durationEnd": 300,
        "durationFadeIn": 0,
        "durationFadeOut": 0,
        "durationStart": 0,
        "endIndexFrame": 294,
        "indexRowCurrent": 0,
        "indexRowPrevious": 0,
        "keyInHasMap": 1657007468695,
        "linkDownloadMp3": "",
        "nameMp3": "",
        "pathDefault": "",
        "pathSaveFile": "",
        "positionEffectVoice": 0,
        "speedAudio": 1.0,
        "startIndexFrame": 285,
        "volume": 1.0
      },
      {
        "durationEnd": 300,
        "durationFadeIn": 0,
        "durationFadeOut": 0,
        "durationStart": 0,
        "endIndexFrame": 306,
        "indexRowCurrent": 0,
        "indexRowPrevious": 0,
        "keyInHasMap": 1657007483032,
        "linkDownloadMp3": "",
        "nameMp3": "",
        "pathDefault": "",
        "pathSaveFile": "",
        "positionEffectVoice": 0,
        "speedAudio": 1.0,
        "startIndexFrame": 297,
        "volume": 1.0
      },
      {
        "durationEnd": 300,
        "durationFadeIn": 0,
        "durationFadeOut": 0,
        "durationStart": 0,
        "endIndexFrame": 319,
        "indexRowCurrent": 0,
        "indexRowPrevious": 0,
        "keyInHasMap": 1657007508548,
        "linkDownloadMp3": "",
        "nameMp3": "",
        "pathDefault": "",
        "pathSaveFile": "",
        "positionEffectVoice": 0,
        "speedAudio": 1.0,
        "startIndexFrame": 310,
        "volume": 1.0
      },
      {
        "durationEnd": 266,
        "durationFadeIn": 0,
        "durationFadeOut": 0,
        "durationStart": 0,
        "endIndexFrame": 332,
        "indexRowCurrent": 0,
        "indexRowPrevious": 0,
        "keyInHasMap": 1657007556683,
        "linkDownloadMp3": "",
        "nameMp3": "",
        "pathDefault": "",
        "pathSaveFile": "",
        "positionEffectVoice": 0,
        "speedAudio": 1.0,
        "startIndexFrame": 324,
        "volume": 1.0
      },
      {
        "durationEnd": 300,
        "durationFadeIn": 0,
        "durationFadeOut": 0,
        "durationStart": 0,
        "endIndexFrame": 347,
        "indexRowCurrent": 0,
        "indexRowPrevious": 0,
        "keyInHasMap": 1657007586938,
        "linkDownloadMp3": "",
        "nameMp3": "",
        "pathDefault": "",
        "pathSaveFile": "",
        "positionEffectVoice": 0,
        "speedAudio": 1.0,
        "startIndexFrame": 338,
        "volume": 1.0
      },
      {
        "durationEnd": 0,
        "durationFadeIn": 0,
        "durationFadeOut": 0,
        "durationStart": 0,
        "endIndexFrame": 360,
        "indexRowCurrent": 0,
        "indexRowPrevious": 0,
        "keyInHasMap": 1657008217405,
        "linkDownloadMp3": "",
        "nameMp3": "",
        "pathDefault": "",
        "pathSaveFile": "",
        "positionEffectVoice": 0,
        "speedAudio": 1.0,
        "startIndexFrame": 351,
        "volume": 1.0
      },
      {
        "durationEnd": 0,
        "durationFadeIn": 0,
        "durationFadeOut": 0,
        "durationStart": 0,
        "endIndexFrame": 390,
        "indexRowCurrent": 0,
        "indexRowPrevious": 0,
        "keyInHasMap": 1657008232004,
        "linkDownloadMp3": "",
        "nameMp3": "",
        "pathDefault": "",
        "pathSaveFile": "",
        "positionEffectVoice": 0,
        "speedAudio": 1.0,
        "startIndexFrame": 381,
        "volume": 1.0
      },
      {
        "durationEnd": 0,
        "durationFadeIn": 0,
        "durationFadeOut": 0,
        "durationStart": 0,
        "endIndexFrame": 419,
        "indexRowCurrent": 0,
        "indexRowPrevious": 0,
        "keyInHasMap": 1657008245185,
        "linkDownloadMp3": "",
        "nameMp3": "",
        "pathDefault": "",
        "pathSaveFile": "",
        "positionEffectVoice": 0,
        "speedAudio": 1.0,
        "startIndexFrame": 410,
        "volume": 1.0
      },
      {
        "durationEnd": 0,
        "durationFadeIn": 0,
        "durationFadeOut": 0,
        "durationStart": 0,
        "endIndexFrame": 375,
        "indexRowCurrent": 0,
        "indexRowPrevious": 0,
        "keyInHasMap": 1657008254723,
        "linkDownloadMp3": "",
        "nameMp3": "",
        "pathDefault": "",
        "pathSaveFile": "",
        "positionEffectVoice": 0,
        "speedAudio": 1.0,
        "startIndexFrame": 366,
        "volume": 1.0
      },
      {
        "durationEnd": 0,
        "durationFadeIn": 0,
        "durationFadeOut": 0,
        "durationStart": 0,
        "endIndexFrame": 405,
        "indexRowCurrent": 0,
        "indexRowPrevious": 0,
        "keyInHasMap": 1657008260185,
        "linkDownloadMp3": "",
        "nameMp3": "",
        "pathDefault": "",
        "pathSaveFile": "",
        "positionEffectVoice": 0,
        "speedAudio": 1.0,
        "startIndexFrame": 396,
        "volume": 1.0
      },
      {
        "durationEnd": 0,
        "durationFadeIn": 0,
        "durationFadeOut": 0,
        "durationStart": 0,
        "endIndexFrame": 431,
        "indexRowCurrent": 0,
        "indexRowPrevious": 0,
        "keyInHasMap": 1657008264541,
        "linkDownloadMp3": "",
        "nameMp3": "",
        "pathDefault": "",
        "pathSaveFile": "",
        "positionEffectVoice": 0,
        "speedAudio": 1.0,
        "startIndexFrame": 425,
        "volume": 1.0
      }
    ]
  }
}