{"durationVideo":8467,"editor":{"listItemPhotoData":[{"backgroundColor":-16777216,"blurBackground":0,"duration":8467,"endIndexFrame":253,"flipHorizontal":1.0,"flipVertical":1.0,"gpuPosition":0,"gpuProgress":0,"heightBitmap":1280,"idItemPhoto":"1655188207152","indexEndFrameTransformCombo":0,"indexEndFrameTransformIn":0,"indexStartFrameTransformOut":0,"isCenterCrop":false,"isCenterInside":true,"isCropBitmap":false,"isLoadFromCache":true,"isLocked":false,"itemDataTransition":{"indexCate":0,"isMask":false,"keyItem":"","linkCover":"","linkDownload":"","modeDraw":"","nameEn":"","nameVn":"","paintModeDraw":"SRC_OVER","pathFolderOfTransition":"","pathFolderZipOfTransition":"","positionTransitionInAdapter":0,"timeTransitionCurrent":1000,"typeTransition":{"type":"NONE","typeTransition":"NONE"}},"itemTemplateModel":{"duration":0,"heightBitmap":0,"indexSticker":-1,"isCrop":false,"isLocked":false,"md5PathFileOld":"","pathFile":"","rect":{"bottom":0,"left":0,"right":0,"top":0},"typeTemplateModel":"NONE","widthBitmap":0},"linkBackgroundImage":"","objDataAdjust":{"mCurrentBrightnessFilter":50,"mCurrentContrastFilter":50,"mCurrentExposureFilter":50,"mCurrentFadeFilters":0,"mCurrentHighlightFilter":100,"mCurrentHueFilter":0,"mCurrentSaturationFilter":50,"mCurrentShadowFilter":0,"mCurrentSharpenFilter":50,"mCurrentTempFilter":50,"mCurrentVignetteFilter":100,"mListRedoAdjust":[],"mListUndoAdjust":[]},"pathBitmap":"/storage/emulated/0/Pictures/Telegram/IMG_20220614_132844_855.jpg","rotate":0,"rotateAnim":0.0,"scaleAnim":1.0,"startIndexFrame":0,"timeTransformCombo":8467,"timeTransformIn":300,"timeTransformOut":300,"totalFrame":253,"typeBackground":"COLOR","typeTransformCombo":"NONE","typeTransformIn":"NONE","typeTransformOut":"NONE","valueMatrixBitmapDraw":[0.5625,0.0,0.0,0.0,0.5625,0.0,0.0,0.0,1.0],"widthBitmap":720}]},"frame":{"listItemStickerData":[],"listItemViewDataOnTimeLine":[]},"keyProjectCurrent":"1655188212966","listTemplateModel":{"list":[]},"music":{"listItemMusicData":[{"durationEnd":8466,"durationStart":0,"endIndexFrame":254,"indexRowCurrent":0,"indexRowPrevious":0,"keyInHasMap":1655188218094,"linkDownloadMp3":"/storage/emulated/0/Music/G3Video/Direct_ConvertVideoToMp3_1655188156448.mp3","nameMp3":"Direct_ConvertVideoToMp3_1655188156448.mp3","pathSaveFile":"/storage/emulated/0/Music/G3Video/Direct_ConvertVideoToMp3_1655188156448.mp3","startIndexFrame":0,"volume":1.0}]},"nameVideo":"Template 1655188212966","setting":{"quality":720,"ratio":{"height":1.7777778,"width":1.0}},"sticker":{"listItemStickerData":[{"DOT":".","TYPE_PHOTO":"png","WIDTH_MAX":360,"alpha":255,"countDeltaTime":0.0,"dataFrames":{"isNeedLoadBitmap1":false,"isNeedLoadBitmap2":false,"isNeedLoadBitmap2Loop":false,"isNeedLoadBitmap3":false,"isNeedLoadBitmap4":false,"isNeedLoadBitmap4Loop":false,"isNeedLoadBitmap5":false,"isNeedLoadBitmap6":false,"isNeedLoadBitmap6Loop":false,"isNeedLoadBitmap7":false,"isNeedLoadBitmap8":false,"isNeedLoadBitmap8Loop":false,"isNeedLoadBitmap9":false},"deviationXShadow":0.0,"deviationYShadow":0.0,"duration":2666,"endColor":-1,"endIndexFrame":127,"flip":1.0,"heightBitmap":360,"id":"dbe568a04f8f38a5218259132e681b55","indexColor":0,"indexColorShadow":0,"indexEndFrameTransformCombo":0,"indexEndFrameTransformIn":79,"indexFont":0,"indexFrame":0,"indexStartFrameTransformOut":0,"indexTransition":-1,"isBgText":false,"isBoldText":false,"isDashText":false,"isDashUnderText":false,"isDrawAnim":false,"isFirstFillDataTransformCombo":true,"isInit":true,"isItalicText":false,"isLayerFront":true,"isLoadFrameCache":true,"isTexture":false,"isVisible":false,"linkBubble":"","linkItemFrame":"","linkMask":"","listText":[],"modeDraw":"SRC_OVER","pathFolder":"/storage/emulated/0/Pictures/Telegram/IMG_20220614_132845_623.jpg","pathFont":"","pathSaveBitmapFrame":"","pathTexture":"","pointRotate":{"x":202.5,"y":360.0},"pointTranslate":{"x":94.5,"y":180.0},"rotate":-0.013427734,"scale":1.511194,"speed":1,"speedOfTransformCombo":15,"startColor":-1,"startIndexFrame":47,"stickerTypeTransformCombo":"NONE","stickerTypeTransformIn":"ALPHA_ZERO_TO_SHOW","stickerTypeTransformOut":"NONE","textAlignment":"CENTER","textBlurShadow":0.0,"textColorShadow":-16777216,"textHeightAllLine":0.0,"textHeightOneLine":0.0,"textLetterSpacing":0.0,"textLineSpacing":4.0,"textPadding":6.0,"textSize":1.0,"textSizeDefault":30.0,"textString":"","textStroke":{"color":"#000000","indexPositionInAdapter":-1,"width":0.0},"timeTransformCombo":300,"timeTransformIn":1080,"timeTransformOut":300,"titleShow":"/storage/emulated/0/Pictures/Telegram/IMG_20220614_132845_623.jpg","totalFileNeedDownForOneFrame":0,"typeSticker":"ONE_PHOTO","urlCover":"/storage/emulated/0/Pictures/Telegram/IMG_20220614_132845_623.jpg","widthBitmap":216},{"DOT":".","TYPE_PHOTO":"png","WIDTH_MAX":360,"alpha":255,"countDeltaTime":0.0,"dataFrames":{"isNeedLoadBitmap1":false,"isNeedLoadBitmap2":false,"isNeedLoadBitmap2Loop":false,"isNeedLoadBitmap3":false,"isNeedLoadBitmap4":false,"isNeedLoadBitmap4Loop":false,"isNeedLoadBitmap5":false,"isNeedLoadBitmap6":false,"isNeedLoadBitmap6Loop":false,"isNeedLoadBitmap7":false,"isNeedLoadBitmap8":false,"isNeedLoadBitmap8Loop":false,"isNeedLoadBitmap9":false},"deviationXShadow":0.0,"deviationYShadow":0.0,"duration":1566,"endColor":-1,"endIndexFrame":196,"flip":1.0,"heightBitmap":216,"id":"787aa3feac85964d9dfc394497762fe1","indexColor":0,"indexColorShadow":0,"indexEndFrameTransformCombo":0,"indexEndFrameTransformIn":0,"indexFont":0,"indexFrame":0,"indexStartFrameTransformOut":0,"indexTransition":-1,"isBgText":false,"isBoldText":false,"isDashText":false,"isDashUnderText":false,"isDrawAnim":false,"isFirstFillDataTransformCombo":true,"isInit":true,"isItalicText":false,"isLayerFront":true,"isLoadFrameCache":true,"isTexture":false,"isVisible":true,"linkBubble":"","linkItemFrame":"","linkMask":"","listText":[],"modeDraw":"SRC_OVER","pathFolder":"/storage/emulated/0/Pictures/Telegram/IMG_20220614_132852_270.jpg","pathFont":"","pathSaveBitmapFrame":"","pathTexture":"","pointRotate":{"x":204.68018,"y":588.36035},"pointTranslate":{"x":24.680176,"y":480.36035},"rotate":0.0,"scale":1.0,"speed":1,"speedOfTransformCombo":15,"startColor":-1,"startIndexFrame":149,"stickerTypeTransformCombo":"NONE","stickerTypeTransformIn":"NONE","stickerTypeTransformOut":"NONE","textAlignment":"CENTER","textBlurShadow":0.0,"textColorShadow":-16777216,"textHeightAllLine":0.0,"textHeightOneLine":0.0,"textLetterSpacing":0.0,"textLineSpacing":4.0,"textPadding":6.0,"textSize":1.0,"textSizeDefault":30.0,"textString":"","textStroke":{"color":"#000000","indexPositionInAdapter":-1,"width":0.0},"timeTransformCombo":300,"timeTransformIn":300,"timeTransformOut":300,"titleShow":"/storage/emulated/0/Pictures/Telegram/IMG_20220614_132852_270.jpg","totalFileNeedDownForOneFrame":0,"typeSticker":"ONE_PHOTO","urlCover":"/storage/emulated/0/Pictures/Telegram/IMG_20220614_132852_270.jpg","widthBitmap":360},{"DOT":".","TYPE_PHOTO":"png","WIDTH_MAX":360,"alpha":255,"countDeltaTime":0.0,"dataFrames":{"isNeedLoadBitmap1":false,"isNeedLoadBitmap2":false,"isNeedLoadBitmap2Loop":false,"isNeedLoadBitmap3":false,"isNeedLoadBitmap4":false,"isNeedLoadBitmap4Loop":false,"isNeedLoadBitmap5":false,"isNeedLoadBitmap6":false,"isNeedLoadBitmap6Loop":false,"isNeedLoadBitmap7":false,"isNeedLoadBitmap8":false,"isNeedLoadBitmap8Loop":false,"isNeedLoadBitmap9":false},"deviationXShadow":0.0,"deviationYShadow":0.0,"duration":2266,"endColor":-1,"endIndexFrame":196,"flip":1.0,"heightBitmap":216,"id":"3ed9e3d312683ff4d78c345718e87e","indexColor":0,"indexColorShadow":0,"indexEndFrameTransformCombo":0,"indexEndFrameTransformIn":0,"indexFont":0,"indexFrame":0,"indexStartFrameTransformOut":0,"indexTransition":-1,"isBgText":false,"isBoldText":false,"isDashText":false,"isDashUnderText":false,"isDrawAnim":false,"isFirstFillDataTransformCombo":true,"isInit":true,"isItalicText":false,"isLayerFront":true,"isLoadFrameCache":true,"isTexture":false,"isVisible":true,"linkBubble":"","linkItemFrame":"","linkMask":"","listText":[],"modeDraw":"SRC_OVER","pathFolder":"/storage/emulated/0/Pictures/Telegram/IMG_20220614_132849_185.jpg","pathFont":"","pathSaveBitmapFrame":"","pathTexture":"","pointRotate":{"x":202.49994,"y":138.7206},"pointTranslate":{"x":22.499939,"y":30.720596},"rotate":0.0,"scale":1.0,"speed":1,"speedOfTransformCombo":15,"startColor":-1,"startIndexFrame":128,"stickerTypeTransformCombo":"NONE","stickerTypeTransformIn":"NONE","stickerTypeTransformOut":"NONE","textAlignment":"CENTER","textBlurShadow":0.0,"textColorShadow":-16777216,"textHeightAllLine":0.0,"textHeightOneLine":0.0,"textLetterSpacing":0.0,"textLineSpacing":4.0,"textPadding":6.0,"textSize":1.0,"textSizeDefault":30.0,"textString":"","textStroke":{"color":"#000000","indexPositionInAdapter":-1,"width":0.0},"timeTransformCombo":300,"timeTransformIn":300,"timeTransformOut":300,"titleShow":"/storage/emulated/0/Pictures/Telegram/IMG_20220614_132849_185.jpg","totalFileNeedDownForOneFrame":0,"typeSticker":"ONE_PHOTO","urlCover":"/storage/emulated/0/Pictures/Telegram/IMG_20220614_132849_185.jpg","widthBitmap":360},{"DOT":".","TYPE_PHOTO":"png","WIDTH_MAX":360,"alpha":255,"countDeltaTime":0.0,"dataFrames":{"isNeedLoadBitmap1":false,"isNeedLoadBitmap2":false,"isNeedLoadBitmap2Loop":false,"isNeedLoadBitmap3":false,"isNeedLoadBitmap4":false,"isNeedLoadBitmap4Loop":false,"isNeedLoadBitmap5":false,"isNeedLoadBitmap6":false,"isNeedLoadBitmap6Loop":false,"isNeedLoadBitmap7":false,"isNeedLoadBitmap8":false,"isNeedLoadBitmap8Loop":false,"isNeedLoadBitmap9":false},"deviationXShadow":0.0,"deviationYShadow":0.0,"duration":1966,"endColor":-1,"endIndexFrame":196,"flip":1.0,"heightBitmap":216,"id":"e18baee823574835da62802613e3302","indexColor":0,"indexColorShadow":0,"indexEndFrameTransformCombo":0,"indexEndFrameTransformIn":0,"indexFont":0,"indexFrame":0,"indexStartFrameTransformOut":0,"indexTransition":-1,"isBgText":false,"isBoldText":false,"isDashText":false,"isDashUnderText":false,"isDrawAnim":false,"isFirstFillDataTransformCombo":true,"isInit":true,"isItalicText":false,"isLayerFront":true,"isLoadFrameCache":true,"isTexture":false,"isVisible":true,"linkBubble":"","linkItemFrame":"","linkMask":"","listText":[],"modeDraw":"SRC_OVER","pathFolder":"/storage/emulated/0/Pictures/Telegram/IMG_20220614_132851_046.jpg","pathFont":"","pathSaveBitmapFrame":"","pathTexture":"","pointRotate":{"x":205.35101,"y":364.2486},"pointTranslate":{"x":25.351013,"y":256.2486},"rotate":0.0,"scale":1.0,"speed":1,"speedOfTransformCombo":15,"startColor":-1,"startIndexFrame":137,"stickerTypeTransformCombo":"NONE","stickerTypeTransformIn":"NONE","stickerTypeTransformOut":"NONE","textAlignment":"CENTER","textBlurShadow":0.0,"textColorShadow":-16777216,"textHeightAllLine":0.0,"textHeightOneLine":0.0,"textLetterSpacing":0.0,"textLineSpacing":4.0,"textPadding":6.0,"textSize":1.0,"textSizeDefault":30.0,"textString":"","textStroke":{"color":"#000000","indexPositionInAdapter":-1,"width":0.0},"timeTransformCombo":300,"timeTransformIn":300,"timeTransformOut":300,"titleShow":"/storage/emulated/0/Pictures/Telegram/IMG_20220614_132851_046.jpg","totalFileNeedDownForOneFrame":0,"typeSticker":"ONE_PHOTO","urlCover":"/storage/emulated/0/Pictures/Telegram/IMG_20220614_132851_046.jpg","widthBitmap":360},{"DOT":".","TYPE_PHOTO":"png","WIDTH_MAX":360,"alpha":255,"countDeltaTime":0.0,"dataFrames":{"isNeedLoadBitmap1":false,"isNeedLoadBitmap2":false,"isNeedLoadBitmap2Loop":false,"isNeedLoadBitmap3":false,"isNeedLoadBitmap4":false,"isNeedLoadBitmap4Loop":false,"isNeedLoadBitmap5":false,"isNeedLoadBitmap6":false,"isNeedLoadBitmap6Loop":false,"isNeedLoadBitmap7":false,"isNeedLoadBitmap8":false,"isNeedLoadBitmap8Loop":false,"isNeedLoadBitmap9":false},"deviationXShadow":0.0,"deviationYShadow":0.0,"duration":1899,"endColor":-1,"endIndexFrame":254,"flip":1.0,"heightBitmap":216,"id":"da45cce6f12e11938741e8c463eaf8","indexColor":0,"indexColorShadow":0,"indexEndFrameTransformCombo":0,"indexEndFrameTransformIn":0,"indexFont":0,"indexFrame":0,"indexStartFrameTransformOut":0,"indexTransition":-1,"isBgText":false,"isBoldText":false,"isDashText":false,"isDashUnderText":false,"isDrawAnim":false,"isFirstFillDataTransformCombo":true,"isInit":true,"isItalicText":false,"isLayerFront":true,"isLoadFrameCache":true,"isTexture":false,"isVisible":false,"linkBubble":"","linkItemFrame":"","linkMask":"","listText":[],"modeDraw":"SRC_OVER","pathFolder":"/storage/emulated/0/Pictures/Telegram/IMG_20220614_132854_201.jpg","pathFont":"","pathSaveBitmapFrame":"","pathTexture":"","pointRotate":{"x":205.0156,"y":139.07466},"pointTranslate":{"x":25.015594,"y":31.074661},"rotate":0.0,"scale":1.0,"speed":1,"speedOfTransformCombo":15,"startColor":-1,"startIndexFrame":197,"stickerTypeTransformCombo":"NONE","stickerTypeTransformIn":"NONE","stickerTypeTransformOut":"NONE","textAlignment":"CENTER","textBlurShadow":0.0,"textColorShadow":-16777216,"textHeightAllLine":0.0,"textHeightOneLine":0.0,"textLetterSpacing":0.0,"textLineSpacing":4.0,"textPadding":6.0,"textSize":1.0,"textSizeDefault":30.0,"textString":"","textStroke":{"color":"#000000","indexPositionInAdapter":-1,"width":0.0},"timeTransformCombo":300,"timeTransformIn":300,"timeTransformOut":300,"titleShow":"/storage/emulated/0/Pictures/Telegram/IMG_20220614_132854_201.jpg","totalFileNeedDownForOneFrame":0,"typeSticker":"ONE_PHOTO","urlCover":"/storage/emulated/0/Pictures/Telegram/IMG_20220614_132854_201.jpg","widthBitmap":360},{"DOT":".","TYPE_PHOTO":"png","WIDTH_MAX":360,"alpha":255,"countDeltaTime":0.0,"dataFrames":{"isNeedLoadBitmap1":false,"isNeedLoadBitmap2":false,"isNeedLoadBitmap2Loop":false,"isNeedLoadBitmap3":false,"isNeedLoadBitmap4":false,"isNeedLoadBitmap4Loop":false,"isNeedLoadBitmap5":false,"isNeedLoadBitmap6":false,"isNeedLoadBitmap6Loop":false,"isNeedLoadBitmap7":false,"isNeedLoadBitmap8":false,"isNeedLoadBitmap8Loop":false,"isNeedLoadBitmap9":false},"deviationXShadow":0.0,"deviationYShadow":0.0,"duration":1200,"endColor":-1,"endIndexFrame":254,"flip":1.0,"heightBitmap":216,"id":"eb1f9b7d680e374817e259bc326dbf0","indexColor":0,"indexColorShadow":0,"indexEndFrameTransformCombo":0,"indexEndFrameTransformIn":0,"indexFont":0,"indexFrame":0,"indexStartFrameTransformOut":0,"indexTransition":-1,"isBgText":false,"isBoldText":false,"isDashText":false,"isDashUnderText":false,"isDrawAnim":false,"isFirstFillDataTransformCombo":true,"isInit":true,"isItalicText":false,"isLayerFront":true,"isLoadFrameCache":true,"isTexture":false,"isVisible":false,"linkBubble":"","linkItemFrame":"","linkMask":"","listText":[],"modeDraw":"SRC_OVER","pathFolder":"/storage/emulated/0/Pictures/Telegram/IMG_20220614_132856_189.jpg","pathFont":"","pathSaveBitmapFrame":"","pathTexture":"","pointRotate":{"x":204.34479,"y":589.0684},"pointTranslate":{"x":24.344788,"y":481.06842},"rotate":0.0,"scale":1.0,"speed":1,"speedOfTransformCombo":15,"startColor":-1,"startIndexFrame":218,"stickerTypeTransformCombo":"NONE","stickerTypeTransformIn":"NONE","stickerTypeTransformOut":"NONE","textAlignment":"CENTER","textBlurShadow":0.0,"textColorShadow":-16777216,"textHeightAllLine":0.0,"textHeightOneLine":0.0,"textLetterSpacing":0.0,"textLineSpacing":4.0,"textPadding":6.0,"textSize":1.0,"textSizeDefault":30.0,"textString":"","textStroke":{"color":"#000000","indexPositionInAdapter":-1,"width":0.0},"timeTransformCombo":300,"timeTransformIn":300,"timeTransformOut":300,"titleShow":"/storage/emulated/0/Pictures/Telegram/IMG_20220614_132856_189.jpg","totalFileNeedDownForOneFrame":0,"typeSticker":"ONE_PHOTO","urlCover":"/storage/emulated/0/Pictures/Telegram/IMG_20220614_132856_189.jpg","widthBitmap":360},{"DOT":".","TYPE_PHOTO":"png","WIDTH_MAX":360,"alpha":255,"countDeltaTime":0.0,"dataFrames":{"isNeedLoadBitmap1":false,"isNeedLoadBitmap2":false,"isNeedLoadBitmap2Loop":false,"isNeedLoadBitmap3":false,"isNeedLoadBitmap4":false,"isNeedLoadBitmap4Loop":false,"isNeedLoadBitmap5":false,"isNeedLoadBitmap6":false,"isNeedLoadBitmap6Loop":false,"isNeedLoadBitmap7":false,"isNeedLoadBitmap8":false,"isNeedLoadBitmap8Loop":false,"isNeedLoadBitmap9":false},"deviationXShadow":0.0,"deviationYShadow":0.0,"duration":1500,"endColor":-1,"endIndexFrame":254,"flip":1.0,"heightBitmap":216,"id":"b8ad9e3077c6cbf5b23265868e841f82","indexColor":0,"indexColorShadow":0,"indexEndFrameTransformCombo":0,"indexEndFrameTransformIn":0,"indexFont":0,"indexFrame":0,"indexStartFrameTransformOut":0,"indexTransition":-1,"isBgText":false,"isBoldText":false,"isDashText":false,"isDashUnderText":false,"isDrawAnim":false,"isFirstFillDataTransformCombo":true,"isInit":true,"isItalicText":false,"isLayerFront":true,"isLoadFrameCache":true,"isTexture":false,"isVisible":false,"linkBubble":"","linkItemFrame":"","linkMask":"","listText":[],"modeDraw":"SRC_OVER","pathFolder":"/storage/emulated/0/Pictures/Telegram/IMG_20220614_132852_997.jpg","pathFont":"","pathSaveBitmapFrame":"","pathTexture":"","pointRotate":{"x":204.68018,"y":364.6026},"pointTranslate":{"x":24.680176,"y":256.6026},"rotate":0.0,"scale":1.0,"speed":1,"speedOfTransformCombo":15,"startColor":-1,"startIndexFrame":209,"stickerTypeTransformCombo":"NONE","stickerTypeTransformIn":"NONE","stickerTypeTransformOut":"NONE","textAlignment":"CENTER","textBlurShadow":0.0,"textColorShadow":-16777216,"textHeightAllLine":0.0,"textHeightOneLine":0.0,"textLetterSpacing":0.0,"textLineSpacing":4.0,"textPadding":6.0,"textSize":1.0,"textSizeDefault":30.0,"textString":"","textStroke":{"color":"#000000","indexPositionInAdapter":-1,"width":0.0},"timeTransformCombo":300,"timeTransformIn":300,"timeTransformOut":300,"titleShow":"/storage/emulated/0/Pictures/Telegram/IMG_20220614_132852_997.jpg","totalFileNeedDownForOneFrame":0,"typeSticker":"ONE_PHOTO","urlCover":"/storage/emulated/0/Pictures/Telegram/IMG_20220614_132852_997.jpg","widthBitmap":360}],"listItemViewDataOnTimeLine":[{"durationEnd":0,"durationStart":0,"endIndexFrame":127,"indexRowCurrent":0,"indexRowPrevious":0,"keyInHasMap":1655189862315,"linkDownloadMp3":"","nameMp3":"","pathSaveFile":"","startIndexFrame":47,"volume":1.0},{"durationEnd":1566,"durationStart":0,"endIndexFrame":196,"indexRowCurrent":0,"indexRowPrevious":0,"keyInHasMap":1655189862346,"linkDownloadMp3":"","nameMp3":"","pathSaveFile":"","startIndexFrame":149,"volume":1.0},{"durationEnd":2266,"durationStart":0,"endIndexFrame":196,"indexRowCurrent":0,"indexRowPrevious":0,"keyInHasMap":1655189862364,"linkDownloadMp3":"","nameMp3":"","pathSaveFile":"","startIndexFrame":128,"volume":1.0},{"durationEnd":0,"durationStart":0,"endIndexFrame":196,"indexRowCurrent":0,"indexRowPrevious":0,"keyInHasMap":1655189862386,"linkDownloadMp3":"","nameMp3":"","pathSaveFile":"","startIndexFrame":137,"volume":1.0},{"durationEnd":0,"durationStart":0,"endIndexFrame":254,"indexRowCurrent":0,"indexRowPrevious":0,"keyInHasMap":1655189862404,"linkDownloadMp3":"","nameMp3":"","pathSaveFile":"","startIndexFrame":197,"volume":1.0},{"durationEnd":0,"durationStart":0,"endIndexFrame":254,"indexRowCurrent":0,"indexRowPrevious":0,"keyInHasMap":1655189862421,"linkDownloadMp3":"","nameMp3":"","pathSaveFile":"","startIndexFrame":218,"volume":1.0},{"durationEnd":0,"durationStart":0,"endIndexFrame":254,"indexRowCurrent":0,"indexRowPrevious":0,"keyInHasMap":1655189862449,"linkDownloadMp3":"","nameMp3":"","pathSaveFile":"","startIndexFrame":209,"volume":1.0}]},"text":{"listItemStickerData":[{"DOT":".","TYPE_PHOTO":"png","WIDTH_MAX":360,"alpha":255,"countDeltaTime":0.0,"dataFrames":{"isNeedLoadBitmap1":false,"isNeedLoadBitmap2":false,"isNeedLoadBitmap2Loop":false,"isNeedLoadBitmap3":false,"isNeedLoadBitmap4":false,"isNeedLoadBitmap4Loop":false,"isNeedLoadBitmap5":false,"isNeedLoadBitmap6":false,"isNeedLoadBitmap6Loop":false,"isNeedLoadBitmap7":false,"isNeedLoadBitmap8":false,"isNeedLoadBitmap8Loop":false,"isNeedLoadBitmap9":false},"deviationXShadow":0.0,"deviationYShadow":0.0,"duration":2600,"endColor":-1,"endIndexFrame":127,"flip":1.0,"heightBitmap":0,"id":"f9526cc7462e43d166e7c0be6d1acf28","indexColor":0,"indexColorShadow":0,"indexEndFrameTransformCombo":0,"indexEndFrameTransformIn":79,"indexFont":142,"indexFrame":0,"indexStartFrameTransformOut":0,"indexTransition":-1,"isBgText":false,"isBoldText":false,"isDashText":false,"isDashUnderText":false,"isDrawAnim":false,"isFirstFillDataTransformCombo":true,"isInit":true,"isItalicText":false,"isLayerFront":true,"isLoadFrameCache":true,"isTexture":false,"isVisible":false,"linkBubble":"","linkItemFrame":"","linkMask":"","listText":["My","Sweetheart"],"modeDraw":"SRC_OVER","pathFolder":"","pathFont":"/data/user/0/videoeditor.moviemaker/files/INTERNAL_FONT_FOLDER_UNZIP/onroad/onroad/Travel Light Personal Use.ttf","pathSaveBitmapFrame":"","pathTexture":"","pointRotate":{"x":205.3511,"y":163.14983},"pointTranslate":{"x":25.351105,"y":-16.850174},"rotate":0.073036194,"scale":0.55429757,"speed":1,"speedOfTransformCombo":15,"startColor":-1,"startIndexFrame":49,"stickerTypeTransformCombo":"NONE","stickerTypeTransformIn":"ALPHA_ZERO_TO_SHOW","stickerTypeTransformOut":"NONE","textAlignment":"CENTER","textBlurShadow":0.0,"textColorShadow":-16777216,"textHeightAllLine":239.75,"textHeightOneLine":112.0,"textLetterSpacing":0.04,"textLineSpacing":29.0,"textPadding":15.75,"textSize":65.0,"textSizeDefault":30.0,"textString":"My\nSweetheart","textStroke":{"color":"#000000","indexPositionInAdapter":-1,"width":0.0},"timeTransformCombo":300,"timeTransformIn":1020,"timeTransformOut":300,"titleShow":"","totalFileNeedDownForOneFrame":0,"typeSticker":"TEXT","urlCover":"","widthBitmap":0},{"DOT":".","TYPE_PHOTO":"png","WIDTH_MAX":360,"alpha":255,"countDeltaTime":0.0,"dataFrames":{"isNeedLoadBitmap1":false,"isNeedLoadBitmap2":false,"isNeedLoadBitmap2Loop":false,"isNeedLoadBitmap3":false,"isNeedLoadBitmap4":false,"isNeedLoadBitmap4Loop":false,"isNeedLoadBitmap5":false,"isNeedLoadBitmap6":false,"isNeedLoadBitmap6Loop":false,"isNeedLoadBitmap7":false,"isNeedLoadBitmap8":false,"isNeedLoadBitmap8Loop":false,"isNeedLoadBitmap9":false},"deviationXShadow":0.0,"deviationYShadow":0.0,"duration":2266,"endColor":-1,"endIndexFrame":196,"flip":1.0,"heightBitmap":0,"id":"68482a5c7adb22dc9ad6a261eb062ac","indexColor":0,"indexColorShadow":0,"indexEndFrameTransformCombo":0,"indexEndFrameTransformIn":158,"indexFont":142,"indexFrame":0,"indexStartFrameTransformOut":0,"indexTransition":-1,"isBgText":false,"isBoldText":false,"isDashText":false,"isDashUnderText":false,"isDrawAnim":false,"isFirstFillDataTransformCombo":true,"isInit":true,"isItalicText":false,"isLayerFront":true,"isLoadFrameCache":true,"isTexture":false,"isVisible":true,"linkBubble":"","linkItemFrame":"","linkMask":"","listText":["Where"],"modeDraw":"SRC_OVER","pathFolder":"","pathFont":"/data/user/0/videoeditor.moviemaker/files/INTERNAL_FONT_FOLDER_UNZIP/onroad/onroad/Travel Light Personal Use.ttf","pathSaveBitmapFrame":"","pathTexture":"","pointRotate":{"x":204.00943,"y":125.62082},"pointTranslate":{"x":24.00943,"y":-54.37918},"rotate":0.12371063,"scale":0.3256243,"speed":1,"speedOfTransformCombo":15,"startColor":-1,"startIndexFrame":128,"stickerTypeTransformCombo":"NONE","stickerTypeTransformIn":"NONE","stickerTypeTransformOut":"NONE","textAlignment":"CENTER","textBlurShadow":0.0,"textColorShadow":-16777216,"textHeightAllLine":198.75,"textHeightOneLine":183.0,"textLetterSpacing":0.04,"textLineSpacing":29.0,"textPadding":15.75,"textSize":117.0,"textSizeDefault":30.0,"textString":"Where","textStroke":{"color":"#000000","indexPositionInAdapter":-1,"width":0.0},"timeTransformCombo":300,"timeTransformIn":1020,"timeTransformOut":300,"titleShow":"","totalFileNeedDownForOneFrame":0,"typeSticker":"TEXT","urlCover":"","widthBitmap":0},{"DOT":".","TYPE_PHOTO":"png","WIDTH_MAX":360,"alpha":255,"countDeltaTime":0.0,"dataFrames":{"isNeedLoadBitmap1":false,"isNeedLoadBitmap2":false,"isNeedLoadBitmap2Loop":false,"isNeedLoadBitmap3":false,"isNeedLoadBitmap4":false,"isNeedLoadBitmap4Loop":false,"isNeedLoadBitmap5":false,"isNeedLoadBitmap6":false,"isNeedLoadBitmap6Loop":false,"isNeedLoadBitmap7":false,"isNeedLoadBitmap8":false,"isNeedLoadBitmap8Loop":false,"isNeedLoadBitmap9":false},"deviationXShadow":0.0,"deviationYShadow":0.0,"duration":1533,"endColor":-1,"endIndexFrame":195,"flip":1.0,"heightBitmap":0,"id":"3e62d85427da2920cf39b1701f3f647","indexColor":0,"indexColorShadow":0,"indexEndFrameTransformCombo":0,"indexEndFrameTransformIn":158,"indexFont":142,"indexFrame":0,"indexStartFrameTransformOut":0,"indexTransition":-1,"isBgText":false,"isBoldText":false,"isDashText":false,"isDashUnderText":false,"isDrawAnim":false,"isFirstFillDataTransformCombo":true,"isInit":true,"isItalicText":false,"isLayerFront":true,"isLoadFrameCache":true,"isTexture":false,"isVisible":true,"linkBubble":"","linkItemFrame":"","linkMask":"","listText":["you"],"modeDraw":"SRC_OVER","pathFolder":"","pathFont":"/data/user/0/videoeditor.moviemaker/files/INTERNAL_FONT_FOLDER_UNZIP/onroad/onroad/Travel Light Personal Use.ttf","pathSaveBitmapFrame":"","pathTexture":"","pointRotate":{"x":221.11551,"y":567.4715},"pointTranslate":{"x":41.11551,"y":387.4715},"rotate":0.01071167,"scale":0.20037717,"speed":1,"speedOfTransformCombo":15,"startColor":-1,"startIndexFrame":149,"stickerTypeTransformCombo":"NONE","stickerTypeTransformIn":"NONE","stickerTypeTransformOut":"NONE","textAlignment":"CENTER","textBlurShadow":0.0,"textColorShadow":-16777216,"textHeightAllLine":225.75,"textHeightOneLine":210.0,"textLetterSpacing":0.04,"textLineSpacing":29.0,"textPadding":15.75,"textSize":223.0,"textSizeDefault":30.0,"textString":"you","textStroke":{"color":"#000000","indexPositionInAdapter":-1,"width":0.0},"timeTransformCombo":300,"timeTransformIn":1020,"timeTransformOut":300,"titleShow":"","totalFileNeedDownForOneFrame":0,"typeSticker":"TEXT","urlCover":"","widthBitmap":0},{"DOT":".","TYPE_PHOTO":"png","WIDTH_MAX":360,"alpha":255,"countDeltaTime":0.0,"dataFrames":{"isNeedLoadBitmap1":false,"isNeedLoadBitmap2":false,"isNeedLoadBitmap2Loop":false,"isNeedLoadBitmap3":false,"isNeedLoadBitmap4":false,"isNeedLoadBitmap4Loop":false,"isNeedLoadBitmap5":false,"isNeedLoadBitmap6":false,"isNeedLoadBitmap6Loop":false,"isNeedLoadBitmap7":false,"isNeedLoadBitmap8":false,"isNeedLoadBitmap8Loop":false,"isNeedLoadBitmap9":false},"deviationXShadow":0.0,"deviationYShadow":0.0,"duration":1966,"endColor":-1,"endIndexFrame":196,"flip":1.0,"heightBitmap":0,"id":"ba123c85f247d1b7c06faebbfb98ec1","indexColor":0,"indexColorShadow":0,"indexEndFrameTransformCombo":0,"indexEndFrameTransformIn":158,"indexFont":142,"indexFrame":0,"indexStartFrameTransformOut":0,"indexTransition":-1,"isBgText":false,"isBoldText":false,"isDashText":false,"isDashUnderText":false,"isDrawAnim":false,"isFirstFillDataTransformCombo":true,"isInit":true,"isItalicText":false,"isLayerFront":true,"isLoadFrameCache":true,"isTexture":false,"isVisible":true,"linkBubble":"","linkItemFrame":"","linkMask":"","listText":["are"],"modeDraw":"SRC_OVER","pathFolder":"","pathFont":"/data/user/0/videoeditor.moviemaker/files/INTERNAL_FONT_FOLDER_UNZIP/onroad/onroad/Travel Light Personal Use.ttf","pathSaveBitmapFrame":"","pathTexture":"","pointRotate":{"x":210.3823,"y":359.99994},"pointTranslate":{"x":30.382294,"y":179.99992},"rotate":-1.1521606,"scale":0.18938178,"speed":1,"speedOfTransformCombo":15,"startColor":-1,"startIndexFrame":137,"stickerTypeTransformCombo":"NONE","stickerTypeTransformIn":"NONE","stickerTypeTransformOut":"NONE","textAlignment":"CENTER","textBlurShadow":0.0,"textColorShadow":-16777216,"textHeightAllLine":163.75,"textHeightOneLine":148.0,"textLetterSpacing":0.04,"textLineSpacing":29.0,"textPadding":15.75,"textSize":234.0,"textSizeDefault":30.0,"textString":"are","textStroke":{"color":"#000000","indexPositionInAdapter":-1,"width":0.0},"timeTransformCombo":300,"timeTransformIn":1020,"timeTransformOut":300,"titleShow":"","totalFileNeedDownForOneFrame":0,"typeSticker":"TEXT","urlCover":"","widthBitmap":0},{"DOT":".","TYPE_PHOTO":"png","WIDTH_MAX":360,"alpha":255,"countDeltaTime":0.0,"dataFrames":{"isNeedLoadBitmap1":false,"isNeedLoadBitmap2":false,"isNeedLoadBitmap2Loop":false,"isNeedLoadBitmap3":false,"isNeedLoadBitmap4":false,"isNeedLoadBitmap4Loop":false,"isNeedLoadBitmap5":false,"isNeedLoadBitmap6":false,"isNeedLoadBitmap6Loop":false,"isNeedLoadBitmap7":false,"isNeedLoadBitmap8":false,"isNeedLoadBitmap8Loop":false,"isNeedLoadBitmap9":false},"deviationXShadow":0.0,"deviationYShadow":0.0,"duration":1899,"endColor":-1,"endIndexFrame":254,"flip":1.0,"heightBitmap":0,"id":"cee46775a3dc35ad1fb61346e3a075","indexColor":0,"indexColorShadow":0,"indexEndFrameTransformCombo":0,"indexEndFrameTransformIn":158,"indexFont":142,"indexFrame":0,"indexStartFrameTransformOut":0,"indexTransition":-1,"isBgText":false,"isBoldText":false,"isDashText":false,"isDashUnderText":false,"isDrawAnim":false,"isFirstFillDataTransformCombo":true,"isInit":true,"isItalicText":false,"isLayerFront":true,"isLoadFrameCache":true,"isTexture":false,"isVisible":false,"linkBubble":"","linkItemFrame":"","linkMask":"","listText":["I"],"modeDraw":"SRC_OVER","pathFolder":"","pathFont":"/data/user/0/videoeditor.moviemaker/files/INTERNAL_FONT_FOLDER_UNZIP/onroad/onroad/Travel Light Personal Use.ttf","pathSaveBitmapFrame":"","pathTexture":"","pointRotate":{"x":205.85422,"y":137.30432},"pointTranslate":{"x":25.854218,"y":-42.69568},"rotate":-1.1521606,"scale":0.18938178,"speed":1,"speedOfTransformCombo":15,"startColor":-1,"startIndexFrame":197,"stickerTypeTransformCombo":"NONE","stickerTypeTransformIn":"NONE","stickerTypeTransformOut":"NONE","textAlignment":"CENTER","textBlurShadow":0.0,"textColorShadow":-16777216,"textHeightAllLine":358.75,"textHeightOneLine":343.0,"textLetterSpacing":0.04,"textLineSpacing":29.0,"textPadding":15.75,"textSize":242.0,"textSizeDefault":30.0,"textString":"I","textStroke":{"color":"#000000","indexPositionInAdapter":-1,"width":0.0},"timeTransformCombo":300,"timeTransformIn":1020,"timeTransformOut":300,"titleShow":"","totalFileNeedDownForOneFrame":0,"typeSticker":"TEXT","urlCover":"","widthBitmap":0},{"DOT":".","TYPE_PHOTO":"png","WIDTH_MAX":360,"alpha":255,"countDeltaTime":0.0,"dataFrames":{"isNeedLoadBitmap1":false,"isNeedLoadBitmap2":false,"isNeedLoadBitmap2Loop":false,"isNeedLoadBitmap3":false,"isNeedLoadBitmap4":false,"isNeedLoadBitmap4Loop":false,"isNeedLoadBitmap5":false,"isNeedLoadBitmap6":false,"isNeedLoadBitmap6Loop":false,"isNeedLoadBitmap7":false,"isNeedLoadBitmap8":false,"isNeedLoadBitmap8Loop":false,"isNeedLoadBitmap9":false},"deviationXShadow":0.0,"deviationYShadow":0.0,"duration":1466,"endColor":-1,"endIndexFrame":254,"flip":1.0,"heightBitmap":0,"id":"83a432132f2b683dc2b55e55c8b2e70","indexColor":0,"indexColorShadow":0,"indexEndFrameTransformCombo":0,"indexEndFrameTransformIn":158,"indexFont":142,"indexFrame":0,"indexStartFrameTransformOut":0,"indexTransition":-1,"isBgText":false,"isBoldText":false,"isDashText":false,"isDashUnderText":false,"isDrawAnim":false,"isFirstFillDataTransformCombo":true,"isInit":true,"isItalicText":false,"isLayerFront":true,"isLoadFrameCache":true,"isTexture":false,"isVisible":false,"linkBubble":"","linkItemFrame":"","linkMask":"","listText":["need"],"modeDraw":"SRC_OVER","pathFolder":"","pathFont":"/data/user/0/videoeditor.moviemaker/files/INTERNAL_FONT_FOLDER_UNZIP/onroad/onroad/Travel Light Personal Use.ttf","pathSaveBitmapFrame":"","pathTexture":"","pointRotate":{"x":213.90411,"y":353.627},"pointTranslate":{"x":33.904114,"y":173.62703},"rotate":-0.061073303,"scale":0.29752344,"speed":1,"speedOfTransformCombo":15,"startColor":-1,"startIndexFrame":210,"stickerTypeTransformCombo":"NONE","stickerTypeTransformIn":"NONE","stickerTypeTransformOut":"NONE","textAlignment":"CENTER","textBlurShadow":0.0,"textColorShadow":-16777216,"textHeightAllLine":168.75,"textHeightOneLine":153.0,"textLetterSpacing":0.04,"textLineSpacing":29.0,"textPadding":15.75,"textSize":156.0,"textSizeDefault":30.0,"textString":"need","textStroke":{"color":"#000000","indexPositionInAdapter":-1,"width":0.0},"timeTransformCombo":300,"timeTransformIn":1020,"timeTransformOut":300,"titleShow":"","totalFileNeedDownForOneFrame":0,"typeSticker":"TEXT","urlCover":"","widthBitmap":0},{"DOT":".","TYPE_PHOTO":"png","WIDTH_MAX":360,"alpha":255,"countDeltaTime":0.0,"dataFrames":{"isNeedLoadBitmap1":false,"isNeedLoadBitmap2":false,"isNeedLoadBitmap2Loop":false,"isNeedLoadBitmap3":false,"isNeedLoadBitmap4":false,"isNeedLoadBitmap4Loop":false,"isNeedLoadBitmap5":false,"isNeedLoadBitmap6":false,"isNeedLoadBitmap6Loop":false,"isNeedLoadBitmap7":false,"isNeedLoadBitmap8":false,"isNeedLoadBitmap8Loop":false,"isNeedLoadBitmap9":false},"deviationXShadow":0.0,"deviationYShadow":0.0,"duration":1200,"endColor":-1,"endIndexFrame":254,"flip":1.0,"heightBitmap":0,"id":"21d9d5befa3d50339c47ce89fb3bf76","indexColor":0,"indexColorShadow":0,"indexEndFrameTransformCombo":0,"indexEndFrameTransformIn":158,"indexFont":142,"indexFrame":0,"indexStartFrameTransformOut":0,"indexTransition":-1,"isBgText":false,"isBoldText":false,"isDashText":false,"isDashUnderText":false,"isDrawAnim":false,"isFirstFillDataTransformCombo":true,"isInit":true,"isItalicText":false,"isLayerFront":true,"isLoadFrameCache":true,"isTexture":false,"isVisible":false,"linkBubble":"","linkItemFrame":"","linkMask":"","listText":["someone"],"modeDraw":"SRC_OVER","pathFolder":"","pathFont":"/data/user/0/videoeditor.moviemaker/files/INTERNAL_FONT_FOLDER_UNZIP/onroad/onroad/Travel Light Personal Use.ttf","pathSaveBitmapFrame":"","pathTexture":"","pointRotate":{"x":209.37604,"y":571.3659},"pointTranslate":{"x":29.376038,"y":391.3659},"rotate":-0.18091583,"scale":0.47437686,"speed":1,"speedOfTransformCombo":15,"startColor":-1,"startIndexFrame":218,"stickerTypeTransformCombo":"NONE","stickerTypeTransformIn":"NONE","stickerTypeTransformOut":"NONE","textAlignment":"CENTER","textBlurShadow":0.0,"textColorShadow":-16777216,"textHeightAllLine":112.75,"textHeightOneLine":97.0,"textLetterSpacing":0.04,"textLineSpacing":29.0,"textPadding":15.75,"textSize":93.0,"textSizeDefault":30.0,"textString":"someone","textStroke":{"color":"#000000","indexPositionInAdapter":-1,"width":0.0},"timeTransformCombo":300,"timeTransformIn":1020,"timeTransformOut":300,"titleShow":"","totalFileNeedDownForOneFrame":0,"typeSticker":"TEXT","urlCover":"","widthBitmap":0}],"listItemViewDataOnTimeLine":[{"durationEnd":2600,"durationStart":0,"endIndexFrame":127,"indexRowCurrent":0,"indexRowPrevious":0,"keyInHasMap":1655189862279,"linkDownloadMp3":"","nameMp3":"","pathSaveFile":"","startIndexFrame":49,"volume":1.0},{"durationEnd":4600,"durationStart":0,"endIndexFrame":196,"indexRowCurrent":0,"indexRowPrevious":0,"keyInHasMap":1655190647033,"linkDownloadMp3":"","nameMp3":"","pathSaveFile":"","startIndexFrame":128,"volume":1.0},{"durationEnd":1966,"durationStart":0,"endIndexFrame":196,"indexRowCurrent":0,"indexRowPrevious":0,"keyInHasMap":1655190715144,"linkDownloadMp3":"","nameMp3":"","pathSaveFile":"","startIndexFrame":137,"volume":1.0},{"durationEnd":1633,"durationStart":0,"endIndexFrame":195,"indexRowCurrent":0,"indexRowPrevious":0,"keyInHasMap":1655190735400,"linkDownloadMp3":"","nameMp3":"","pathSaveFile":"","startIndexFrame":149,"volume":1.0},{"durationEnd":3899,"durationStart":0,"endIndexFrame":254,"indexRowCurrent":0,"indexRowPrevious":0,"keyInHasMap":1655190805803,"linkDownloadMp3":"","nameMp3":"","pathSaveFile":"","startIndexFrame":197,"volume":1.0},{"durationEnd":1533,"durationStart":0,"endIndexFrame":254,"indexRowCurrent":0,"indexRowPrevious":0,"keyInHasMap":1655190820842,"linkDownloadMp3":"","nameMp3":"","pathSaveFile":"","startIndexFrame":210,"volume":1.0},{"durationEnd":1200,"durationStart":0,"endIndexFrame":254,"indexRowCurrent":0,"indexRowPrevious":0,"keyInHasMap":1655190844963,"linkDownloadMp3":"","nameMp3":"","pathSaveFile":"","startIndexFrame":218,"volume":1.0}]},"timeLastUpdate":1655190976608,"videoEffect":{"listItemEffectData":[],"listItemViewDataOnTimeLine":[]}}