{"durationVideo":7167,"editor":{"listItemPhotoData":[{"backgroundColor":-16777216,"blurBackground":0,"duration":1300,"endIndexFrame":38,"flipHorizontal":1.0,"flipVertical":1.0,"gpuPosition":5,"gpuProgress":-1,"heightBitmap":700,"idItemPhoto":"1654678835949","indexEndFrameTransformCombo":0,"indexEndFrameTransformIn":0,"indexStartFrameTransformOut":0,"isCenterCrop":false,"isCenterInside":false,"isCropBitmap":false,"isLoadFromCache":true,"isLocked":false,"itemDataTransition":{"indexCate":0,"isMask":false,"keyItem":"","linkCover":"","linkDownload":"","modeDraw":"","nameEn":"","nameVn":"","paintModeDraw":"SRC_OVER","pathFolderOfTransition":"","pathFolderZipOfTransition":"","positionTransitionInAdapter":0,"timeTransitionCurrent":1000,"typeTransition":{"type":"NONE","typeTransition":"NONE"}},"itemTemplateModel":{"duration":0,"heightBitmap":0,"indexSticker":-1,"isCrop":false,"isLocked":false,"md5PathFileOld":"","pathFile":"","rect":{"bottom":0,"left":0,"right":0,"top":0},"typeTemplateModel":"NONE","widthBitmap":0},"linkBackgroundImage":"","objDataAdjust":{"mCurrentBrightnessFilter":50,"mCurrentContrastFilter":50,"mCurrentExposureFilter":50,"mCurrentFadeFilters":0,"mCurrentHighlightFilter":100,"mCurrentHueFilter":0,"mCurrentSaturationFilter":50,"mCurrentShadowFilter":0,"mCurrentSharpenFilter":50,"mCurrentTempFilter":50,"mCurrentVignetteFilter":100,"mListRedoAdjust":[],"mListUndoAdjust":[]},"pathBitmap":"/storage/emulated/0/Pictures/Telegram/IMG_20220608_155806_613.png","rotate":0,"rotateAnim":0.0,"scaleAnim":1.0,"startIndexFrame":0,"timeTransformCombo":1300,"timeTransformIn":300,"timeTransformOut":300,"totalFrame":38,"typeBackground":"COLOR","typeTransformCombo":"NONE","typeTransformIn":"NONE","typeTransformOut":"NONE","valueMatrixBitmapDraw":[0.7023372,0.0,22.13726,0.0,0.7023372,110.88879,0.0,0.0,1.0],"widthBitmap":525},{"backgroundColor":-16777216,"blurBackground":0,"duration":600,"endIndexFrame":56,"flipHorizontal":1.0,"flipVertical":1.0,"gpuPosition":0,"gpuProgress":0,"heightBitmap":700,"idItemPhoto":"1654679012780","indexEndFrameTransformCombo":0,"indexEndFrameTransformIn":0,"indexStartFrameTransformOut":0,"isCenterCrop":false,"isCenterInside":false,"isCropBitmap":false,"isLoadFromCache":true,"isLocked":false,"itemDataTransition":{"indexCate":0,"isMask":false,"keyItem":"","linkCover":"","linkDownload":"","modeDraw":"","nameEn":"","nameVn":"","paintModeDraw":"SRC_OVER","pathFolderOfTransition":"","pathFolderZipOfTransition":"","positionTransitionInAdapter":0,"timeTransitionCurrent":600,"typeTransition":{"type":"NONE","typeTransition":"NONE"}},"itemTemplateModel":{"duration":0,"heightBitmap":0,"indexSticker":-1,"isCrop":false,"isLocked":false,"md5PathFileOld":"","pathFile":"","rect":{"bottom":0,"left":0,"right":0,"top":0},"typeTemplateModel":"NONE","widthBitmap":0},"linkBackgroundImage":"","objDataAdjust":{"mCurrentBrightnessFilter":50,"mCurrentContrastFilter":50,"mCurrentExposureFilter":50,"mCurrentFadeFilters":0,"mCurrentHighlightFilter":100,"mCurrentHueFilter":0,"mCurrentSaturationFilter":50,"mCurrentShadowFilter":0,"mCurrentSharpenFilter":50,"mCurrentTempFilter":50,"mCurrentVignetteFilter":100,"mListRedoAdjust":[],"mListUndoAdjust":[]},"pathBitmap":"/storage/emulated/0/Pictures/Telegram/IMG_20220608_155806_613.png","rotate":0,"rotateAnim":0.0,"scaleAnim":1.0,"startIndexFrame":39,"timeTransformCombo":600,"timeTransformIn":300,"timeTransformOut":300,"totalFrame":17,"typeBackground":"COLOR","typeTransformCombo":"NONE","typeTransformIn":"NONE","typeTransformOut":"NONE","valueMatrixBitmapDraw":[0.7023372,0.0,22.13726,0.0,0.7023372,110.88879,0.0,0.0,1.0],"widthBitmap":525},{"backgroundColor":-16777216,"blurBackground":0,"duration":667,"endIndexFrame":76,"flipHorizontal":1.0,"flipVertical":1.0,"gpuPosition":5,"gpuProgress":-1,"heightBitmap":708,"idItemPhoto":"1654678836262","indexEndFrameTransformCombo":0,"indexEndFrameTransformIn":0,"indexStartFrameTransformOut":0,"isCenterCrop":false,"isCenterInside":false,"isCropBitmap":false,"isLoadFromCache":true,"isLocked":false,"itemDataTransition":{"indexCate":0,"isMask":false,"keyItem":"","linkCover":"","linkDownload":"","modeDraw":"","nameEn":"","nameVn":"","paintModeDraw":"SRC_OVER","pathFolderOfTransition":"","pathFolderZipOfTransition":"","positionTransitionInAdapter":0,"timeTransitionCurrent":667,"typeTransition":{"type":"NONE","typeTransition":"NONE"}},"itemTemplateModel":{"duration":0,"heightBitmap":0,"indexSticker":-1,"isCrop":false,"isLocked":false,"md5PathFileOld":"","pathFile":"","rect":{"bottom":0,"left":0,"right":0,"top":0},"typeTemplateModel":"NONE","widthBitmap":0},"linkBackgroundImage":"","objDataAdjust":{"mCurrentBrightnessFilter":50,"mCurrentContrastFilter":50,"mCurrentExposureFilter":50,"mCurrentFadeFilters":0,"mCurrentHighlightFilter":100,"mCurrentHueFilter":0,"mCurrentSaturationFilter":50,"mCurrentShadowFilter":0,"mCurrentSharpenFilter":50,"mCurrentTempFilter":50,"mCurrentVignetteFilter":100,"mListRedoAdjust":[],"mListUndoAdjust":[]},"pathBitmap":"/storage/emulated/0/Pictures/Telegram/IMG_20220608_155807_533.png","rotate":0,"rotateAnim":0.0,"scaleAnim":1.0,"startIndexFrame":57,"timeTransformCombo":667,"timeTransformIn":300,"timeTransformOut":300,"totalFrame":19,"typeBackground":"COLOR","typeTransformCombo":"NONE","typeTransformIn":"NONE","typeTransformOut":"NONE","valueMatrixBitmapDraw":[0.69505596,0.0,21.466442,0.0,0.69505596,118.168365,0.0,0.0,1.0],"widthBitmap":530},{"backgroundColor":-16777216,"blurBackground":0,"duration":667,"endIndexFrame":96,"flipHorizontal":1.0,"flipVertical":1.0,"gpuPosition":0,"gpuProgress":0,"heightBitmap":708,"idItemPhoto":"1654679050775","indexEndFrameTransformCombo":0,"indexEndFrameTransformIn":0,"indexStartFrameTransformOut":0,"isCenterCrop":false,"isCenterInside":false,"isCropBitmap":false,"isLoadFromCache":true,"isLocked":false,"itemDataTransition":{"indexCate":0,"isMask":false,"keyItem":"","linkCover":"","linkDownload":"","modeDraw":"","nameEn":"","nameVn":"","paintModeDraw":"SRC_OVER","pathFolderOfTransition":"","pathFolderZipOfTransition":"","positionTransitionInAdapter":0,"timeTransitionCurrent":667,"typeTransition":{"type":"NONE","typeTransition":"NONE"}},"itemTemplateModel":{"duration":0,"heightBitmap":0,"indexSticker":-1,"isCrop":false,"isLocked":false,"md5PathFileOld":"","pathFile":"","rect":{"bottom":0,"left":0,"right":0,"top":0},"typeTemplateModel":"NONE","widthBitmap":0},"linkBackgroundImage":"","objDataAdjust":{"mCurrentBrightnessFilter":50,"mCurrentContrastFilter":50,"mCurrentExposureFilter":50,"mCurrentFadeFilters":0,"mCurrentHighlightFilter":100,"mCurrentHueFilter":0,"mCurrentSaturationFilter":50,"mCurrentShadowFilter":0,"mCurrentSharpenFilter":50,"mCurrentTempFilter":50,"mCurrentVignetteFilter":100,"mListRedoAdjust":[],"mListUndoAdjust":[]},"pathBitmap":"/storage/emulated/0/Pictures/Telegram/IMG_20220608_155807_533.png","rotate":0,"rotateAnim":0.0,"scaleAnim":1.0,"startIndexFrame":77,"timeTransformCombo":667,"timeTransformIn":300,"timeTransformOut":300,"totalFrame":19,"typeBackground":"COLOR","typeTransformCombo":"NONE","typeTransformIn":"NONE","typeTransformOut":"NONE","valueMatrixBitmapDraw":[0.69505596,0.0,21.466442,0.0,0.69505596,118.168365,0.0,0.0,1.0],"widthBitmap":530},{"backgroundColor":-16777216,"blurBackground":0,"duration":667,"endIndexFrame":116,"flipHorizontal":1.0,"flipVertical":1.0,"gpuPosition":5,"gpuProgress":-1,"heightBitmap":700,"idItemPhoto":"1654678836399","indexEndFrameTransformCombo":0,"indexEndFrameTransformIn":0,"indexStartFrameTransformOut":0,"isCenterCrop":false,"isCenterInside":false,"isCropBitmap":false,"isLoadFromCache":true,"isLocked":false,"itemDataTransition":{"indexCate":0,"isMask":false,"keyItem":"","linkCover":"","linkDownload":"","modeDraw":"","nameEn":"","nameVn":"","paintModeDraw":"SRC_OVER","pathFolderOfTransition":"","pathFolderZipOfTransition":"","positionTransitionInAdapter":0,"timeTransitionCurrent":667,"typeTransition":{"type":"NONE","typeTransition":"NONE"}},"itemTemplateModel":{"duration":0,"heightBitmap":0,"indexSticker":-1,"isCrop":false,"isLocked":false,"md5PathFileOld":"","pathFile":"","rect":{"bottom":0,"left":0,"right":0,"top":0},"typeTemplateModel":"NONE","widthBitmap":0},"linkBackgroundImage":"","objDataAdjust":{"mCurrentBrightnessFilter":50,"mCurrentContrastFilter":50,"mCurrentExposureFilter":50,"mCurrentFadeFilters":0,"mCurrentHighlightFilter":100,"mCurrentHueFilter":0,"mCurrentSaturationFilter":50,"mCurrentShadowFilter":0,"mCurrentSharpenFilter":50,"mCurrentTempFilter":50,"mCurrentVignetteFilter":100,"mListRedoAdjust":[],"mListUndoAdjust":[]},"pathBitmap":"/storage/emulated/0/Pictures/Telegram/IMG_20220608_155804_712.png","rotate":0,"rotateAnim":0.0,"scaleAnim":1.0,"startIndexFrame":97,"timeTransformCombo":667,"timeTransformIn":300,"timeTransformOut":300,"totalFrame":19,"typeBackground":"COLOR","typeTransformCombo":"NONE","typeTransformIn":"NONE","typeTransformOut":"NONE","valueMatrixBitmapDraw":[0.70541894,0.0,18.783195,0.0,0.70541894,113.013084,0.0,0.0,1.0],"widthBitmap":525},{"backgroundColor":-16777216,"blurBackground":0,"duration":667,"endIndexFrame":136,"flipHorizontal":1.0,"flipVertical":1.0,"gpuPosition":0,"gpuProgress":0,"heightBitmap":700,"idItemPhoto":"1654679078730","indexEndFrameTransformCombo":0,"indexEndFrameTransformIn":0,"indexStartFrameTransformOut":0,"isCenterCrop":false,"isCenterInside":false,"isCropBitmap":false,"isLoadFromCache":true,"isLocked":false,"itemDataTransition":{"indexCate":0,"isMask":false,"keyItem":"","linkCover":"","linkDownload":"","modeDraw":"","nameEn":"","nameVn":"","paintModeDraw":"SRC_OVER","pathFolderOfTransition":"","pathFolderZipOfTransition":"","positionTransitionInAdapter":0,"timeTransitionCurrent":667,"typeTransition":{"type":"NONE","typeTransition":"NONE"}},"itemTemplateModel":{"duration":0,"heightBitmap":0,"indexSticker":-1,"isCrop":false,"isLocked":false,"md5PathFileOld":"","pathFile":"","rect":{"bottom":0,"left":0,"right":0,"top":0},"typeTemplateModel":"NONE","widthBitmap":0},"linkBackgroundImage":"","objDataAdjust":{"mCurrentBrightnessFilter":50,"mCurrentContrastFilter":50,"mCurrentExposureFilter":50,"mCurrentFadeFilters":0,"mCurrentHighlightFilter":100,"mCurrentHueFilter":0,"mCurrentSaturationFilter":50,"mCurrentShadowFilter":0,"mCurrentSharpenFilter":50,"mCurrentTempFilter":50,"mCurrentVignetteFilter":100,"mListRedoAdjust":[],"mListUndoAdjust":[]},"pathBitmap":"/storage/emulated/0/Pictures/Telegram/IMG_20220608_155804_712.png","rotate":0,"rotateAnim":0.0,"scaleAnim":1.0,"startIndexFrame":117,"timeTransformCombo":667,"timeTransformIn":300,"timeTransformOut":300,"totalFrame":19,"typeBackground":"COLOR","typeTransformCombo":"NONE","typeTransformIn":"NONE","typeTransformOut":"NONE","valueMatrixBitmapDraw":[0.70541894,0.0,18.783195,0.0,0.70541894,113.013084,0.0,0.0,1.0],"widthBitmap":525},{"backgroundColor":-16777216,"blurBackground":0,"duration":633,"endIndexFrame":155,"flipHorizontal":1.0,"flipVertical":1.0,"gpuPosition":5,"gpuProgress":-1,"heightBitmap":706,"idItemPhoto":"1654678836542","indexEndFrameTransformCombo":0,"indexEndFrameTransformIn":0,"indexStartFrameTransformOut":0,"isCenterCrop":false,"isCenterInside":false,"isCropBitmap":false,"isLoadFromCache":true,"isLocked":false,"itemDataTransition":{"indexCate":0,"isMask":false,"keyItem":"","linkCover":"","linkDownload":"","modeDraw":"","nameEn":"","nameVn":"","paintModeDraw":"SRC_OVER","pathFolderOfTransition":"","pathFolderZipOfTransition":"","positionTransitionInAdapter":0,"timeTransitionCurrent":633,"typeTransition":{"type":"NONE","typeTransition":"NONE"}},"itemTemplateModel":{"duration":0,"heightBitmap":0,"indexSticker":-1,"isCrop":false,"isLocked":false,"md5PathFileOld":"","pathFile":"","rect":{"bottom":0,"left":0,"right":0,"top":0},"typeTemplateModel":"NONE","widthBitmap":0},"linkBackgroundImage":"","objDataAdjust":{"mCurrentBrightnessFilter":50,"mCurrentContrastFilter":50,"mCurrentExposureFilter":50,"mCurrentFadeFilters":0,"mCurrentHighlightFilter":100,"mCurrentHueFilter":0,"mCurrentSaturationFilter":50,"mCurrentShadowFilter":0,"mCurrentSharpenFilter":50,"mCurrentTempFilter":50,"mCurrentVignetteFilter":100,"mListRedoAdjust":[],"mListUndoAdjust":[]},"pathBitmap":"/storage/emulated/0/Pictures/Telegram/IMG_20220608_155808_998.png","rotate":0,"rotateAnim":0.0,"scaleAnim":1.0,"startIndexFrame":137,"timeTransformCombo":633,"timeTransformIn":300,"timeTransformOut":300,"totalFrame":18,"typeBackground":"COLOR","typeTransformCombo":"NONE","typeTransformIn":"NONE","typeTransformOut":"NONE","valueMatrixBitmapDraw":[0.6947012,0.0,22.137218,0.0,0.6947012,119.99472,0.0,0.0,1.0],"widthBitmap":530},{"backgroundColor":-16777216,"blurBackground":0,"duration":633,"endIndexFrame":174,"flipHorizontal":1.0,"flipVertical":1.0,"gpuPosition":0,"gpuProgress":0,"heightBitmap":706,"idItemPhoto":"1654679086773","indexEndFrameTransformCombo":0,"indexEndFrameTransformIn":0,"indexStartFrameTransformOut":0,"isCenterCrop":false,"isCenterInside":false,"isCropBitmap":false,"isLoadFromCache":true,"isLocked":false,"itemDataTransition":{"indexCate":0,"isMask":false,"keyItem":"","linkCover":"","linkDownload":"","modeDraw":"","nameEn":"","nameVn":"","paintModeDraw":"SRC_OVER","pathFolderOfTransition":"","pathFolderZipOfTransition":"","positionTransitionInAdapter":0,"timeTransitionCurrent":633,"typeTransition":{"type":"NONE","typeTransition":"NONE"}},"itemTemplateModel":{"duration":0,"heightBitmap":0,"indexSticker":-1,"isCrop":false,"isLocked":false,"md5PathFileOld":"","pathFile":"","rect":{"bottom":0,"left":0,"right":0,"top":0},"typeTemplateModel":"NONE","widthBitmap":0},"linkBackgroundImage":"","objDataAdjust":{"mCurrentBrightnessFilter":50,"mCurrentContrastFilter":50,"mCurrentExposureFilter":50,"mCurrentFadeFilters":0,"mCurrentHighlightFilter":100,"mCurrentHueFilter":0,"mCurrentSaturationFilter":50,"mCurrentShadowFilter":0,"mCurrentSharpenFilter":50,"mCurrentTempFilter":50,"mCurrentVignetteFilter":100,"mListRedoAdjust":[],"mListUndoAdjust":[]},"pathBitmap":"/storage/emulated/0/Pictures/Telegram/IMG_20220608_155808_998.png","rotate":0,"rotateAnim":0.0,"scaleAnim":1.0,"startIndexFrame":156,"timeTransformCombo":633,"timeTransformIn":300,"timeTransformOut":300,"totalFrame":18,"typeBackground":"COLOR","typeTransformCombo":"NONE","typeTransformIn":"NONE","typeTransformOut":"NONE","valueMatrixBitmapDraw":[0.6947012,0.0,22.137218,0.0,0.6947012,119.99472,0.0,0.0,1.0],"widthBitmap":530},{"backgroundColor":-16777216,"blurBackground":0,"duration":667,"endIndexFrame":194,"flipHorizontal":1.0,"flipVertical":1.0,"gpuPosition":5,"gpuProgress":-1,"heightBitmap":706,"idItemPhoto":"1654678836683","indexEndFrameTransformCombo":0,"indexEndFrameTransformIn":0,"indexStartFrameTransformOut":0,"isCenterCrop":false,"isCenterInside":false,"isCropBitmap":false,"isLoadFromCache":true,"isLocked":false,"itemDataTransition":{"indexCate":0,"isMask":false,"keyItem":"","linkCover":"","linkDownload":"","modeDraw":"","nameEn":"","nameVn":"","paintModeDraw":"SRC_OVER","pathFolderOfTransition":"","pathFolderZipOfTransition":"","positionTransitionInAdapter":0,"timeTransitionCurrent":667,"typeTransition":{"type":"NONE","typeTransition":"NONE"}},"itemTemplateModel":{"duration":0,"heightBitmap":0,"indexSticker":-1,"isCrop":false,"isLocked":false,"md5PathFileOld":"","pathFile":"","rect":{"bottom":0,"left":0,"right":0,"top":0},"typeTemplateModel":"NONE","widthBitmap":0},"linkBackgroundImage":"","objDataAdjust":{"mCurrentBrightnessFilter":50,"mCurrentContrastFilter":50,"mCurrentExposureFilter":50,"mCurrentFadeFilters":0,"mCurrentHighlightFilter":100,"mCurrentHueFilter":0,"mCurrentSaturationFilter":50,"mCurrentShadowFilter":0,"mCurrentSharpenFilter":50,"mCurrentTempFilter":50,"mCurrentVignetteFilter":100,"mListRedoAdjust":[],"mListUndoAdjust":[]},"pathBitmap":"/storage/emulated/0/Pictures/Telegram/IMG_20220608_155809_586.png","rotate":0,"rotateAnim":0.0,"scaleAnim":1.0,"startIndexFrame":175,"timeTransformCombo":667,"timeTransformIn":300,"timeTransformOut":300,"totalFrame":19,"typeBackground":"COLOR","typeTransformCombo":"NONE","typeTransformIn":"NONE","typeTransformOut":"NONE","valueMatrixBitmapDraw":[0.69840604,0.0,23.143509,0.0,0.69840604,113.30822,0.0,0.0,1.0],"widthBitmap":528},{"backgroundColor":-16777216,"blurBackground":0,"duration":667,"endIndexFrame":214,"flipHorizontal":1.0,"flipVertical":1.0,"gpuPosition":0,"gpuProgress":0,"heightBitmap":706,"idItemPhoto":"1654679091954","indexEndFrameTransformCombo":0,"indexEndFrameTransformIn":0,"indexStartFrameTransformOut":0,"isCenterCrop":false,"isCenterInside":false,"isCropBitmap":false,"isLoadFromCache":true,"isLocked":false,"itemDataTransition":{"indexCate":0,"isMask":false,"keyItem":"","linkCover":"","linkDownload":"","modeDraw":"","nameEn":"","nameVn":"","paintModeDraw":"SRC_OVER","pathFolderOfTransition":"","pathFolderZipOfTransition":"","positionTransitionInAdapter":0,"timeTransitionCurrent":667,"typeTransition":{"type":"NONE","typeTransition":"NONE"}},"itemTemplateModel":{"duration":0,"heightBitmap":0,"indexSticker":-1,"isCrop":false,"isLocked":false,"md5PathFileOld":"","pathFile":"","rect":{"bottom":0,"left":0,"right":0,"top":0},"typeTemplateModel":"NONE","widthBitmap":0},"linkBackgroundImage":"","objDataAdjust":{"mCurrentBrightnessFilter":50,"mCurrentContrastFilter":50,"mCurrentExposureFilter":50,"mCurrentFadeFilters":0,"mCurrentHighlightFilter":100,"mCurrentHueFilter":0,"mCurrentSaturationFilter":50,"mCurrentShadowFilter":0,"mCurrentSharpenFilter":50,"mCurrentTempFilter":50,"mCurrentVignetteFilter":100,"mListRedoAdjust":[],"mListUndoAdjust":[]},"pathBitmap":"/storage/emulated/0/Pictures/Telegram/IMG_20220608_155809_586.png","rotate":0,"rotateAnim":0.0,"scaleAnim":1.0,"startIndexFrame":195,"timeTransformCombo":667,"timeTransformIn":300,"timeTransformOut":300,"totalFrame":19,"typeBackground":"COLOR","typeTransformCombo":"NONE","typeTransformIn":"NONE","typeTransformOut":"NONE","valueMatrixBitmapDraw":[0.69840604,0.0,23.143509,0.0,0.69840604,113.30822,0.0,0.0,1.0],"widthBitmap":528}]},"frame":{"listItemStickerData":[],"listItemViewDataOnTimeLine":[]},"keyProjectCurrent":"1654678841020","listTemplateModel":{"list":[]},"music":{"listItemMusicData":[{"durationEnd":7166,"durationStart":0,"endIndexFrame":215,"indexRowCurrent":0,"indexRowPrevious":0,"keyInHasMap":1654678846175,"linkDownloadMp3":"/storage/emulated/0/Music/G3Video/Direct_ConvertVideoToMp3_1654678650817.mp3","nameMp3":"Direct_ConvertVideoToMp3_1654678650817.mp3","pathSaveFile":"/storage/emulated/0/Music/G3Video/Direct_ConvertVideoToMp3_1654678650817.mp3","startIndexFrame":0,"volume":1.0}]},"nameVideo":"Template 1654678841020","setting":{"quality":720,"ratio":{"height":16.0,"width":9.0}},"sticker":{"listItemStickerData":[{"DOT":".","TYPE_PHOTO":"png","WIDTH_MAX":360,"alpha":255,"countDeltaTime":0.0,"dataFrames":{"isNeedLoadBitmap1":false,"isNeedLoadBitmap2":false,"isNeedLoadBitmap2Loop":false,"isNeedLoadBitmap3":false,"isNeedLoadBitmap4":false,"isNeedLoadBitmap4Loop":false,"isNeedLoadBitmap5":false,"isNeedLoadBitmap6":false,"isNeedLoadBitmap6Loop":false,"isNeedLoadBitmap7":false,"isNeedLoadBitmap8":false,"isNeedLoadBitmap8Loop":false,"isNeedLoadBitmap9":false},"deviationXShadow":0.0,"deviationYShadow":0.0,"duration":7166,"endColor":-1,"endIndexFrame":215,"flip":1.0,"heightBitmap":360,"id":"fc28b4a57d736f972b4b03c78dc8c5e","indexColor":0,"indexColorShadow":0,"indexEndFrameTransformCombo":0,"indexEndFrameTransformIn":0,"indexFont":0,"indexFrame":0,"indexStartFrameTransformOut":0,"indexTransition":-1,"isBgText":false,"isBoldText":false,"isDashText":false,"isDashUnderText":false,"isDrawAnim":false,"isFirstFillDataTransformCombo":true,"isInit":true,"isItalicText":false,"isLayerFront":true,"isLoadFrameCache":true,"isTexture":false,"isVisible":true,"linkBubble":"","linkItemFrame":"","linkMask":"","listText":[],"modeDraw":"SRC_OVER","pathFolder":"https://photoforapp.s3.ap-southeast-1.amazonaws.com/Video/Sticker/GIF_GIF/Film/22.png","pathFont":"","pathSaveBitmapFrame":"","pathTexture":"","pointRotate":{"x":203.17084,"y":360.0},"pointTranslate":{"x":23.170837,"y":180.0},"rotate":0.097076416,"scale":1.401597,"speed":1,"speedOfTransformCombo":15,"startColor":-1,"startIndexFrame":0,"stickerTypeTransformCombo":"NONE","stickerTypeTransformIn":"NONE","stickerTypeTransformOut":"NONE","textAlignment":"CENTER","textBlurShadow":0.0,"textColorShadow":-16777216,"textHeightAllLine":0.0,"textHeightOneLine":0.0,"textLetterSpacing":0.0,"textLineSpacing":4.0,"textPadding":6.0,"textSize":1.0,"textSizeDefault":30.0,"textString":"","textStroke":{"color":"#000000","indexPositionInAdapter":-1,"width":0.0},"timeTransformCombo":300,"timeTransformIn":300,"timeTransformOut":300,"titleShow":"Fi22","totalFileNeedDownForOneFrame":0,"typeSticker":"ONE_PHOTO","urlCover":"https://photoforapp.s3.ap-southeast-1.amazonaws.com/Video/Sticker/GIF_GIF/Film/22.png","widthBitmap":360},{"DOT":".","TYPE_PHOTO":"png","WIDTH_MAX":360,"alpha":255,"countDeltaTime":0.0,"dataFrames":{"isNeedLoadBitmap1":false,"isNeedLoadBitmap2":false,"isNeedLoadBitmap2Loop":false,"isNeedLoadBitmap3":false,"isNeedLoadBitmap4":false,"isNeedLoadBitmap4Loop":false,"isNeedLoadBitmap5":false,"isNeedLoadBitmap6":false,"isNeedLoadBitmap6Loop":false,"isNeedLoadBitmap7":false,"isNeedLoadBitmap8":false,"isNeedLoadBitmap8Loop":false,"isNeedLoadBitmap9":false},"deviationXShadow":0.0,"deviationYShadow":0.0,"duration":7166,"endColor":-1,"endIndexFrame":215,"flip":1.0,"heightBitmap":360,"id":"b1bae4bce87450c3129bd018f9678fca","indexColor":0,"indexColorShadow":0,"indexEndFrameTransformCombo":0,"indexEndFrameTransformIn":0,"indexFont":0,"indexFrame":0,"indexStartFrameTransformOut":0,"indexTransition":-1,"isBgText":false,"isBoldText":false,"isDashText":false,"isDashUnderText":false,"isDrawAnim":false,"isFirstFillDataTransformCombo":true,"isInit":true,"isItalicText":false,"isLayerFront":true,"isLoadFrameCache":true,"isTexture":false,"isVisible":true,"linkBubble":"","linkItemFrame":"","linkMask":"","listText":[],"modeDraw":"SRC_OVER","pathFolder":"https://photoforapp.s3.ap-southeast-1.amazonaws.com/Video/Sticker/GIF_GIF/Film/3.png","pathFont":"","pathSaveBitmapFrame":"","pathTexture":"","pointRotate":{"x":204.6802,"y":666.2507},"pointTranslate":{"x":24.680206,"y":486.25067},"rotate":0.0,"scale":1.0,"speed":1,"speedOfTransformCombo":15,"startColor":-1,"startIndexFrame":0,"stickerTypeTransformCombo":"NONE","stickerTypeTransformIn":"NONE","stickerTypeTransformOut":"NONE","textAlignment":"CENTER","textBlurShadow":0.0,"textColorShadow":-16777216,"textHeightAllLine":0.0,"textHeightOneLine":0.0,"textLetterSpacing":0.0,"textLineSpacing":4.0,"textPadding":6.0,"textSize":1.0,"textSizeDefault":30.0,"textString":"","textStroke":{"color":"#000000","indexPositionInAdapter":-1,"width":0.0},"timeTransformCombo":300,"timeTransformIn":300,"timeTransformOut":300,"titleShow":"Fi3","totalFileNeedDownForOneFrame":0,"typeSticker":"ONE_PHOTO","urlCover":"https://photoforapp.s3.ap-southeast-1.amazonaws.com/Video/Sticker/GIF_GIF/Film/3.png","widthBitmap":360}],"listItemViewDataOnTimeLine":[{"durationEnd":7166,"durationStart":0,"endIndexFrame":215,"indexRowCurrent":0,"indexRowPrevious":0,"keyInHasMap":1654678985749,"linkDownloadMp3":"","nameMp3":"","pathSaveFile":"","startIndexFrame":0,"volume":1.0},{"durationEnd":7166,"durationStart":0,"endIndexFrame":215,"indexRowCurrent":0,"indexRowPrevious":0,"keyInHasMap":1654679403425,"linkDownloadMp3":"","nameMp3":"","pathSaveFile":"","startIndexFrame":0,"volume":1.0}]},"text":{"listItemStickerData":[{"DOT":".","TYPE_PHOTO":"png","WIDTH_MAX":360,"alpha":255,"countDeltaTime":0.0,"dataFrames":{"isNeedLoadBitmap1":false,"isNeedLoadBitmap2":false,"isNeedLoadBitmap2Loop":false,"isNeedLoadBitmap3":false,"isNeedLoadBitmap4":false,"isNeedLoadBitmap4Loop":false,"isNeedLoadBitmap5":false,"isNeedLoadBitmap6":false,"isNeedLoadBitmap6Loop":false,"isNeedLoadBitmap7":false,"isNeedLoadBitmap8":false,"isNeedLoadBitmap8Loop":false,"isNeedLoadBitmap9":false},"deviationXShadow":0.0,"deviationYShadow":0.0,"duration":7166,"endColor":-1,"endIndexFrame":215,"flip":1.0,"heightBitmap":0,"id":"c5ae826013ca62d9ccf5ff15dd9395","indexColor":0,"indexColorShadow":0,"indexEndFrameTransformCombo":0,"indexEndFrameTransformIn":0,"indexFont":51,"indexFrame":0,"indexStartFrameTransformOut":0,"indexTransition":-1,"isBgText":false,"isBoldText":false,"isDashText":false,"isDashUnderText":false,"isDrawAnim":false,"isFirstFillDataTransformCombo":true,"isInit":true,"isItalicText":false,"isLayerFront":true,"isLoadFrameCache":true,"isTexture":false,"isVisible":true,"linkBubble":"","linkItemFrame":"","linkMask":"","listText":["Daily life"],"modeDraw":"SRC_OVER","pathFolder":"","pathFont":"/data/user/0/videoeditor.moviemaker/files/INTERNAL_FONT_FOLDER_UNZIP/rain/rain/Rain.ttf","pathSaveBitmapFrame":"","pathTexture":"","pointRotate":{"x":203.3385,"y":25.425552},"pointTranslate":{"x":23.338501,"y":-154.57445},"rotate":-0.18972778,"scale":0.4766717,"speed":1,"speedOfTransformCombo":15,"startColor":-1,"startIndexFrame":0,"stickerTypeTransformCombo":"NONE","stickerTypeTransformIn":"NONE","stickerTypeTransformOut":"NONE","textAlignment":"CENTER","textBlurShadow":0.0,"textColorShadow":-16777216,"textHeightAllLine":90.75,"textHeightOneLine":75.0,"textLetterSpacing":0.0,"textLineSpacing":4.0,"textPadding":15.75,"textSize":70.0,"textSizeDefault":30.0,"textString":"Daily life","textStroke":{"color":"#000000","indexPositionInAdapter":-1,"width":0.0},"timeTransformCombo":300,"timeTransformIn":300,"timeTransformOut":300,"titleShow":"","totalFileNeedDownForOneFrame":0,"typeSticker":"TEXT","urlCover":"","widthBitmap":0},{"DOT":".","TYPE_PHOTO":"png","WIDTH_MAX":360,"alpha":255,"countDeltaTime":0.0,"dataFrames":{"isNeedLoadBitmap1":false,"isNeedLoadBitmap2":false,"isNeedLoadBitmap2Loop":false,"isNeedLoadBitmap3":false,"isNeedLoadBitmap4":false,"isNeedLoadBitmap4Loop":false,"isNeedLoadBitmap5":false,"isNeedLoadBitmap6":false,"isNeedLoadBitmap6Loop":false,"isNeedLoadBitmap7":false,"isNeedLoadBitmap8":false,"isNeedLoadBitmap8Loop":false,"isNeedLoadBitmap9":false},"deviationXShadow":0.0,"deviationYShadow":0.0,"duration":7166,"endColor":-1,"endIndexFrame":215,"flip":1.0,"heightBitmap":0,"id":"e8da5dab9661b1f5fce6f5435769589","indexColor":0,"indexColorShadow":0,"indexEndFrameTransformCombo":0,"indexEndFrameTransformIn":0,"indexFont":220,"indexFrame":0,"indexStartFrameTransformOut":0,"indexTransition":-1,"isBgText":false,"isBoldText":false,"isDashText":false,"isDashUnderText":false,"isDrawAnim":false,"isFirstFillDataTransformCombo":true,"isInit":true,"isItalicText":false,"isLayerFront":true,"isLoadFrameCache":true,"isTexture":false,"isVisible":true,"linkBubble":"","linkItemFrame":"","linkMask":"","listText":["It will all make sense","one day"],"modeDraw":"SRC_OVER","pathFolder":"","pathFont":"/data/user/0/videoeditor.moviemaker/files/INTERNAL_FONT_FOLDER_UNZIP/autum/autum/Autumn Chant.otf","pathSaveBitmapFrame":"","pathTexture":"","pointRotate":{"x":202.50003,"y":81.36499},"pointTranslate":{"x":22.50003,"y":-98.63501},"rotate":-0.85917664,"scale":1.0717907,"speed":1,"speedOfTransformCombo":15,"startColor":-1,"startIndexFrame":0,"stickerTypeTransformCombo":"NONE","stickerTypeTransformIn":"NONE","stickerTypeTransformOut":"NONE","textAlignment":"CENTER","textBlurShadow":0.0,"textColorShadow":-16777216,"textHeightAllLine":61.75,"textHeightOneLine":23.0,"textLetterSpacing":0.0,"textLineSpacing":4.0,"textPadding":15.75,"textSize":18.0,"textSizeDefault":30.0,"textString":"It will all make sense\none day","textStroke":{"color":"#000000","indexPositionInAdapter":-1,"width":0.0},"timeTransformCombo":300,"timeTransformIn":300,"timeTransformOut":300,"titleShow":"","totalFileNeedDownForOneFrame":0,"typeSticker":"TEXT","urlCover":"","widthBitmap":0}],"listItemViewDataOnTimeLine":[{"durationEnd":7166,"durationStart":0,"endIndexFrame":215,"indexRowCurrent":0,"indexRowPrevious":0,"keyInHasMap":1654679134437,"linkDownloadMp3":"","nameMp3":"","pathSaveFile":"","startIndexFrame":0,"volume":1.0},{"durationEnd":7166,"durationStart":0,"endIndexFrame":215,"indexRowCurrent":0,"indexRowPrevious":0,"keyInHasMap":1654679264914,"linkDownloadMp3":"","nameMp3":"","pathSaveFile":"","startIndexFrame":0,"volume":1.0}]},"timeLastUpdate":1654679412810,"videoEffect":{"listItemEffectData":[],"listItemViewDataOnTimeLine":[]}}