{
  "durationVideo": 7033,
  "editor": {
    "listItemPhotoData": [
      {
        "backgroundColor": -16777216,
        "blurBackground": 0,
        "duration": 2533,
        "endIndexFrame": 75,
        "flipHorizontal": 1.0,
        "flipVertical": 1.0,
        "gpuPosition": 0,
        "gpuProgress": 0,
        "heightBitmap": 1000,
        "idItemPhoto": "1656405256817",
        "indexEndFrameTransformCombo": 75,
        "indexEndFrameTransformIn": 0,
        "indexStartFrameTransformOut": 0,
        "isCenterCrop": false,
        "isCenterInside": true,
        "isCropBitmap": false,
        "isLoadFromCache": true,
        "isLocked": false,
        "itemDataTransition": {
          "indexCate": 0,
          "isMask": false,
          "keyItem": "",
          "linkCover": "",
          "linkDownload": "",
          "modeDraw": "",
          "nameEn": "",
          "nameVn": "",
          "paintModeDraw": "SRC_OVER",
          "pathFolderOfTransition": "",
          "pathFolderZipOfTransition": "",
          "positionTransitionInAdapter": 0,
          "timeTransitionCurrent": 1000,
          "typeTransition": {
            "type": "NONE",
            "typeTransition": "NONE"
          }
        },
        "itemTemplateModel": {
          "duration": 0,
          "heightBitmap": 0,
          "indexSticker": -1,
          "isCrop": false,
          "isLocked": false,
          "md5PathFileOld": "",
          "pathFile": "",
          "rect": {
            "bottom": 0,
            "left": 0,
            "right": 0,
            "top": 0
          },
          "typeTemplateModel": "NONE",
          "widthBitmap": 0
        },
        "linkBackgroundImage": "",
        "objDataAdjust": {
          "mCurrentBrightnessFilter": 50,
          "mCurrentContrastFilter": 50,
          "mCurrentExposureFilter": 50,
          "mCurrentFadeFilters": 0,
          "mCurrentHighlightFilter": 100,
          "mCurrentHueFilter": 0,
          "mCurrentSaturationFilter": 50,
          "mCurrentShadowFilter": 0,
          "mCurrentSharpenFilter": 50,
          "mCurrentTempFilter": 50,
          "mCurrentVignetteFilter": 100,
          "mListRedoAdjust": [],
          "mListUndoAdjust": []
        },
        "pathBitmap": "/storage/emulated/0/Pictures/Telegram/IMG_20220628_153308_640.jpg",
        "rotate": 0,
        "rotateAnim": 0.0,
        "scaleAnim": 1.0,
        "startIndexFrame": 0,
        "timeTransformCombo": 2533,
        "timeTransformIn": 300,
        "timeTransformOut": 300,
        "totalFrame": 75,
        "typeBackground": "COLOR",
        "typeTransformCombo": "WOBBLE",
        "typeTransformIn": "NONE",
        "typeTransformOut": "NONE",
        "valueMatrixBitmapDraw": [
          0.72,
          0.0,
          -1.5258789E-5,
          0.0,
          0.72,
          -1.5258789E-5,
          0.0,
          0.0,
          1.0
        ],
        "widthBitmap": 750
      },
      {
        "backgroundColor": -16777216,
        "blurBackground": 0,
        "duration": 1233,
        "endIndexFrame": 112,
        "flipHorizontal": 1.0,
        "flipVertical": 1.0,
        "gpuPosition": 0,
        "gpuProgress": 0,
        "heightBitmap": 1000,
        "idItemPhoto": "1656405256981",
        "indexEndFrameTransformCombo": 0,
        "indexEndFrameTransformIn": 90,
        "indexStartFrameTransformOut": 0,
        "isCenterCrop": false,
        "isCenterInside": true,
        "isCropBitmap": false,
        "isLoadFromCache": true,
        "isLocked": false,
        "itemDataTransition": {
          "indexCate": 0,
          "isMask": false,
          "keyItem": "",
          "linkCover": "",
          "linkDownload": "",
          "modeDraw": "",
          "nameEn": "",
          "nameVn": "",
          "paintModeDraw": "SRC_OVER",
          "pathFolderOfTransition": "",
          "pathFolderZipOfTransition": "",
          "positionTransitionInAdapter": 0,
          "timeTransitionCurrent": 1000,
          "typeTransition": {
            "type": "NONE",
            "typeTransition": "NONE"
          }
        },
        "itemTemplateModel": {
          "duration": 0,
          "heightBitmap": 0,
          "indexSticker": -1,
          "isCrop": false,
          "isLocked": false,
          "md5PathFileOld": "",
          "pathFile": "",
          "rect": {
            "bottom": 0,
            "left": 0,
            "right": 0,
            "top": 0
          },
          "typeTemplateModel": "NONE",
          "widthBitmap": 0
        },
        "linkBackgroundImage": "",
        "objDataAdjust": {
          "mCurrentBrightnessFilter": 50,
          "mCurrentContrastFilter": 50,
          "mCurrentExposureFilter": 50,
          "mCurrentFadeFilters": 0,
          "mCurrentHighlightFilter": 100,
          "mCurrentHueFilter": 0,
          "mCurrentSaturationFilter": 50,
          "mCurrentShadowFilter": 0,
          "mCurrentSharpenFilter": 50,
          "mCurrentTempFilter": 50,
          "mCurrentVignetteFilter": 100,
          "mListRedoAdjust": [],
          "mListUndoAdjust": []
        },
        "pathBitmap": "/storage/emulated/0/Pictures/Telegram/IMG_20220628_153307_685.jpg",
        "rotate": 0,
        "rotateAnim": 0.0,
        "scaleAnim": 1.0,
        "startIndexFrame": 76,
        "timeTransformCombo": 1233,
        "timeTransformIn": 486,
        "timeTransformOut": 300,
        "totalFrame": 36,
        "typeBackground": "COLOR",
        "typeTransformCombo": "NONE",
        "typeTransformIn": "ZOOM_OUT",
        "typeTransformOut": "NONE",
        "valueMatrixBitmapDraw": [
          0.72,
          0.0,
          -1.5258789E-5,
          0.0,
          0.72,
          -1.5258789E-5,
          0.0,
          0.0,
          1.0
        ],
        "widthBitmap": 750
      },
      {
        "backgroundColor": -16777216,
        "blurBackground": 0,
        "duration": 833,
        "endIndexFrame": 137,
        "flipHorizontal": 1.0,
        "flipVertical": 1.0,
        "gpuPosition": 0,
        "gpuProgress": 0,
        "heightBitmap": 1000,
        "idItemPhoto": "1656405257135",
        "indexEndFrameTransformCombo": 0,
        "indexEndFrameTransformIn": 0,
        "indexStartFrameTransformOut": 0,
        "isCenterCrop": false,
        "isCenterInside": true,
        "isCropBitmap": false,
        "isLoadFromCache": true,
        "isLocked": false,
        "itemDataTransition": {
          "indexCate": 0,
          "isMask": false,
          "keyItem": "",
          "linkCover": "",
          "linkDownload": "",
          "modeDraw": "",
          "nameEn": "",
          "nameVn": "",
          "paintModeDraw": "SRC_OVER",
          "pathFolderOfTransition": "",
          "pathFolderZipOfTransition": "",
          "positionTransitionInAdapter": 0,
          "timeTransitionCurrent": 833,
          "typeTransition": {
            "type": "NONE",
            "typeTransition": "NONE"
          }
        },
        "itemTemplateModel": {
          "duration": 0,
          "heightBitmap": 0,
          "indexSticker": -1,
          "isCrop": false,
          "isLocked": false,
          "md5PathFileOld": "",
          "pathFile": "",
          "rect": {
            "bottom": 0,
            "left": 0,
            "right": 0,
            "top": 0
          },
          "typeTemplateModel": "NONE",
          "widthBitmap": 0
        },
        "linkBackgroundImage": "",
        "objDataAdjust": {
          "mCurrentBrightnessFilter": 50,
          "mCurrentContrastFilter": 50,
          "mCurrentExposureFilter": 50,
          "mCurrentFadeFilters": 0,
          "mCurrentHighlightFilter": 100,
          "mCurrentHueFilter": 0,
          "mCurrentSaturationFilter": 50,
          "mCurrentShadowFilter": 0,
          "mCurrentSharpenFilter": 50,
          "mCurrentTempFilter": 50,
          "mCurrentVignetteFilter": 100,
          "mListRedoAdjust": [],
          "mListUndoAdjust": []
        },
        "pathBitmap": "/storage/emulated/0/Pictures/Telegram/IMG_20220628_153309_949.jpg",
        "rotate": 0,
        "rotateAnim": 0.0,
        "scaleAnim": 1.0,
        "startIndexFrame": 113,
        "timeTransformCombo": 833,
        "timeTransformIn": 300,
        "timeTransformOut": 300,
        "totalFrame": 24,
        "typeBackground": "COLOR",
        "typeTransformCombo": "NONE",
        "typeTransformIn": "NONE",
        "typeTransformOut": "NONE",
        "valueMatrixBitmapDraw": [
          0.72,
          0.0,
          -1.5258789E-5,
          0.0,
          0.72,
          -1.5258789E-5,
          0.0,
          0.0,
          1.0
        ],
        "widthBitmap": 750
      },
      {
        "backgroundColor": -16777216,
        "blurBackground": 0,
        "duration": 900,
        "endIndexFrame": 164,
        "flipHorizontal": 1.0,
        "flipVertical": 1.0,
        "gpuPosition": 0,
        "gpuProgress": 0,
        "heightBitmap": 1000,
        "idItemPhoto": "1656405257298",
        "indexEndFrameTransformCombo": 0,
        "indexEndFrameTransformIn": 0,
        "indexStartFrameTransformOut": 0,
        "isCenterCrop": false,
        "isCenterInside": true,
        "isCropBitmap": false,
        "isLoadFromCache": true,
        "isLocked": false,
        "itemDataTransition": {
          "indexCate": 0,
          "isMask": false,
          "keyItem": "",
          "linkCover": "",
          "linkDownload": "",
          "modeDraw": "",
          "nameEn": "",
          "nameVn": "",
          "paintModeDraw": "SRC_OVER",
          "pathFolderOfTransition": "",
          "pathFolderZipOfTransition": "",
          "positionTransitionInAdapter": 0,
          "timeTransitionCurrent": 900,
          "typeTransition": {
            "type": "NONE",
            "typeTransition": "NONE"
          }
        },
        "itemTemplateModel": {
          "duration": 0,
          "heightBitmap": 0,
          "indexSticker": -1,
          "isCrop": false,
          "isLocked": false,
          "md5PathFileOld": "",
          "pathFile": "",
          "rect": {
            "bottom": 0,
            "left": 0,
            "right": 0,
            "top": 0
          },
          "typeTemplateModel": "NONE",
          "widthBitmap": 0
        },
        "linkBackgroundImage": "",
        "objDataAdjust": {
          "mCurrentBrightnessFilter": 50,
          "mCurrentContrastFilter": 50,
          "mCurrentExposureFilter": 50,
          "mCurrentFadeFilters": 0,
          "mCurrentHighlightFilter": 100,
          "mCurrentHueFilter": 0,
          "mCurrentSaturationFilter": 50,
          "mCurrentShadowFilter": 0,
          "mCurrentSharpenFilter": 50,
          "mCurrentTempFilter": 50,
          "mCurrentVignetteFilter": 100,
          "mListRedoAdjust": [],
          "mListUndoAdjust": []
        },
        "pathBitmap": "/storage/emulated/0/Pictures/Telegram/IMG_20220628_153314_162.jpg",
        "rotate": 0,
        "rotateAnim": 0.0,
        "scaleAnim": 1.0,
        "startIndexFrame": 138,
        "timeTransformCombo": 900,
        "timeTransformIn": 300,
        "timeTransformOut": 300,
        "totalFrame": 26,
        "typeBackground": "COLOR",
        "typeTransformCombo": "NONE",
        "typeTransformIn": "NONE",
        "typeTransformOut": "NONE",
        "valueMatrixBitmapDraw": [
          0.72,
          0.0,
          -1.5258789E-5,
          0.0,
          0.72,
          -1.5258789E-5,
          0.0,
          0.0,
          1.0
        ],
        "widthBitmap": 750
      },
      {
        "backgroundColor": -16777216,
        "blurBackground": 0,
        "duration": 833,
        "endIndexFrame": 189,
        "flipHorizontal": 1.0,
        "flipVertical": 1.0,
        "gpuPosition": 0,
        "gpuProgress": 0,
        "heightBitmap": 1000,
        "idItemPhoto": "1656405257396",
        "indexEndFrameTransformCombo": 0,
        "indexEndFrameTransformIn": 0,
        "indexStartFrameTransformOut": 0,
        "isCenterCrop": false,
        "isCenterInside": true,
        "isCropBitmap": false,
        "isLoadFromCache": true,
        "isLocked": false,
        "itemDataTransition": {
          "indexCate": 0,
          "isMask": false,
          "keyItem": "",
          "linkCover": "",
          "linkDownload": "",
          "modeDraw": "",
          "nameEn": "",
          "nameVn": "",
          "paintModeDraw": "SRC_OVER",
          "pathFolderOfTransition": "",
          "pathFolderZipOfTransition": "",
          "positionTransitionInAdapter": 0,
          "timeTransitionCurrent": 833,
          "typeTransition": {
            "type": "NONE",
            "typeTransition": "NONE"
          }
        },
        "itemTemplateModel": {
          "duration": 0,
          "heightBitmap": 0,
          "indexSticker": -1,
          "isCrop": false,
          "isLocked": false,
          "md5PathFileOld": "",
          "pathFile": "",
          "rect": {
            "bottom": 0,
            "left": 0,
            "right": 0,
            "top": 0
          },
          "typeTemplateModel": "NONE",
          "widthBitmap": 0
        },
        "linkBackgroundImage": "",
        "objDataAdjust": {
          "mCurrentBrightnessFilter": 50,
          "mCurrentContrastFilter": 50,
          "mCurrentExposureFilter": 50,
          "mCurrentFadeFilters": 0,
          "mCurrentHighlightFilter": 100,
          "mCurrentHueFilter": 0,
          "mCurrentSaturationFilter": 50,
          "mCurrentShadowFilter": 0,
          "mCurrentSharpenFilter": 50,
          "mCurrentTempFilter": 50,
          "mCurrentVignetteFilter": 100,
          "mListRedoAdjust": [],
          "mListUndoAdjust": []
        },
        "pathBitmap": "/storage/emulated/0/Pictures/Telegram/IMG_20220628_153312_956.jpg",
        "rotate": 0,
        "rotateAnim": 0.0,
        "scaleAnim": 1.0,
        "startIndexFrame": 165,
        "timeTransformCombo": 833,
        "timeTransformIn": 300,
        "timeTransformOut": 300,
        "totalFrame": 24,
        "typeBackground": "COLOR",
        "typeTransformCombo": "NONE",
        "typeTransformIn": "NONE",
        "typeTransformOut": "NONE",
        "valueMatrixBitmapDraw": [
          0.72,
          0.0,
          -1.5258789E-5,
          0.0,
          0.72,
          -1.5258789E-5,
          0.0,
          0.0,
          1.0
        ],
        "widthBitmap": 750
      },
      {
        "backgroundColor": -16777216,
        "blurBackground": 0,
        "duration": 700,
        "endIndexFrame": 210,
        "flipHorizontal": 1.0,
        "flipVertical": 1.0,
        "gpuPosition": 0,
        "gpuProgress": 0,
        "heightBitmap": 1000,
        "idItemPhoto": "1656405257621",
        "indexEndFrameTransformCombo": 0,
        "indexEndFrameTransformIn": 0,
        "indexStartFrameTransformOut": 0,
        "isCenterCrop": false,
        "isCenterInside": true,
        "isCropBitmap": false,
        "isLoadFromCache": true,
        "isLocked": false,
        "itemDataTransition": {
          "indexCate": 0,
          "isMask": false,
          "keyItem": "",
          "linkCover": "",
          "linkDownload": "",
          "modeDraw": "",
          "nameEn": "",
          "nameVn": "",
          "paintModeDraw": "SRC_OVER",
          "pathFolderOfTransition": "",
          "pathFolderZipOfTransition": "",
          "positionTransitionInAdapter": 0,
          "timeTransitionCurrent": 700,
          "typeTransition": {
            "type": "NONE",
            "typeTransition": "NONE"
          }
        },
        "itemTemplateModel": {
          "duration": 0,
          "heightBitmap": 0,
          "indexSticker": -1,
          "isCrop": false,
          "isLocked": false,
          "md5PathFileOld": "",
          "pathFile": "",
          "rect": {
            "bottom": 0,
            "left": 0,
            "right": 0,
            "top": 0
          },
          "typeTemplateModel": "NONE",
          "widthBitmap": 0
        },
        "linkBackgroundImage": "",
        "objDataAdjust": {
          "mCurrentBrightnessFilter": 50,
          "mCurrentContrastFilter": 50,
          "mCurrentExposureFilter": 50,
          "mCurrentFadeFilters": 0,
          "mCurrentHighlightFilter": 100,
          "mCurrentHueFilter": 0,
          "mCurrentSaturationFilter": 50,
          "mCurrentShadowFilter": 0,
          "mCurrentSharpenFilter": 50,
          "mCurrentTempFilter": 50,
          "mCurrentVignetteFilter": 100,
          "mListRedoAdjust": [],
          "mListUndoAdjust": []
        },
        "pathBitmap": "/storage/emulated/0/Pictures/Telegram/IMG_20220628_153311_328.jpg",
        "rotate": 0,
        "rotateAnim": 0.0,
        "scaleAnim": 1.0,
        "startIndexFrame": 190,
        "timeTransformCombo": 700,
        "timeTransformIn": 300,
        "timeTransformOut": 300,
        "totalFrame": 20,
        "typeBackground": "COLOR",
        "typeTransformCombo": "NONE",
        "typeTransformIn": "NONE",
        "typeTransformOut": "NONE",
        "valueMatrixBitmapDraw": [
          0.72,
          0.0,
          -1.5258789E-5,
          0.0,
          0.72,
          -1.5258789E-5,
          0.0,
          0.0,
          1.0
        ],
        "widthBitmap": 750
      }
    ]
  },
  "frame": {
    "listItemStickerData": [],
    "listItemViewDataOnTimeLine": []
  },
  "keyProjectCurrent": "1656405261722",
  "listTemplateModel": {
    "list": []
  },
  "music": {
    "listItemMusicData": [
      {
        "durationEnd": 7032,
        "durationFadeIn": 0,
        "durationFadeOut": 0,
        "durationStart": 0,
        "endIndexFrame": 210,
        "indexRowCurrent": 0,
        "indexRowPrevious": 0,
        "keyInHasMap": 1656405277698,
        "linkDownloadMp3": "/storage/emulated/0/Music/G3Video/Direct_ConvertVideoToMp3_1656405267356.mp3",
        "nameMp3": "Direct_ConvertVideoToMp3_1656405267356.mp3",
        "pathDefault": "/storage/emulated/0/Music/G3Video/Direct_ConvertVideoToMp3_1656405267356.mp3",
        "pathSaveFile": "/storage/emulated/0/Music/G3Video/Direct_ConvertVideoToMp3_1656405267356.mp3",
        "positionEffectVoice": 0,
        "speedAudio": 1.0,
        "startIndexFrame": 0,
        "volume": 1.0
      }
    ]
  },
  "nameVideo": "Template 1656405261722",
  "setting": {
    "quality": 720,
    "ratio": {
      "height": 1.3333334,
      "width": 1.0
    }
  },
  "sticker": {
    "listItemStickerData": [],
    "listItemViewDataOnTimeLine": []
  },
  "text": {
    "listItemStickerData": [],
    "listItemViewDataOnTimeLine": []
  },
  "timeLastUpdate": 1656406060818,
  "videoEffect": {
    "listItemEffectData": [
      {
        "drawMode": "SCREEN",
        "endIndexFrame": 103,
        "indexFrameDrawCurrent": 0,
        "isCenterCrop": true,
        "isCenterInside": false,
        "isDraw": true,
        "isReloadFromCache": true,
        "jsonObjectDataOfItem": "{\n  \"defaultMinSpeed\": 10.0,\n  \"defaultMinZoom\": 1.1,\n  \"defaultShow\": 10,\n  \"defaultSpeed\": 0.0,\n  \"defaultZoom\": 0.0,\n  \"maxSpeed\": 10.0,\n  \"maxZoom\": 0.7,\n  \"minSpeed\": 0.0,\n  \"minZoom\": 0.0,\n  \"speedCurrent\": 0.0,\n  \"variabilityZoom\": 1.0,\n  \"zoomCurrent\": 0.0\n}",
        "keyEffect": "Party",
        "keyInHasMap": 1656406060827,
        "pathFolderEffect": "",
        "positionInAdapter": 8,
        "sizeCanvasCurrent": {
          "x": 0,
          "y": 0
        },
        "speed": 1,
        "startIndexFrame": 94,
        "title": "Astral",
        "totalFrame": 9,
        "uri": ""
      },
      {
        "drawMode": "SCREEN",
        "endIndexFrame": 129,
        "indexFrameDrawCurrent": 0,
        "isCenterCrop": true,
        "isCenterInside": false,
        "isDraw": true,
        "isReloadFromCache": true,
        "jsonObjectDataOfItem": "{\n  \"defaultMinSpeed\": 10.0,\n  \"defaultMinZoom\": 1.1,\n  \"defaultShow\": 10,\n  \"defaultSpeed\": 0.0,\n  \"defaultZoom\": 0.0,\n  \"maxSpeed\": 10.0,\n  \"maxZoom\": 0.7,\n  \"minSpeed\": 0.0,\n  \"minZoom\": 0.0,\n  \"speedCurrent\": 0.0,\n  \"variabilityZoom\": 1.0,\n  \"zoomCurrent\": 0.0\n}",
        "keyEffect": "Party",
        "keyInHasMap": 1656406060831,
        "pathFolderEffect": "",
        "positionInAdapter": 8,
        "sizeCanvasCurrent": {
          "x": 0,
          "y": 0
        },
        "speed": 1,
        "startIndexFrame": 120,
        "title": "Astral",
        "totalFrame": 9,
        "uri": ""
      },
      {
        "drawMode": "SCREEN",
        "endIndexFrame": 155,
        "indexFrameDrawCurrent": 0,
        "isCenterCrop": true,
        "isCenterInside": false,
        "isDraw": true,
        "isReloadFromCache": true,
        "jsonObjectDataOfItem": "{\n  \"defaultMinSpeed\": 10.0,\n  \"defaultMinZoom\": 1.1,\n  \"defaultShow\": 10,\n  \"defaultSpeed\": 0.0,\n  \"defaultZoom\": 0.0,\n  \"maxSpeed\": 10.0,\n  \"maxZoom\": 0.7,\n  \"minSpeed\": 0.0,\n  \"minZoom\": 0.0,\n  \"speedCurrent\": 0.0,\n  \"variabilityZoom\": 1.0,\n  \"zoomCurrent\": 0.0\n}",
        "keyEffect": "Party",
        "keyInHasMap": 1656406060835,
        "pathFolderEffect": "",
        "positionInAdapter": 8,
        "sizeCanvasCurrent": {
          "x": 0,
          "y": 0
        },
        "speed": 1,
        "startIndexFrame": 146,
        "title": "Astral",
        "totalFrame": 9,
        "uri": ""
      },
      {
        "drawMode": "SCREEN",
        "endIndexFrame": 182,
        "indexFrameDrawCurrent": 0,
        "isCenterCrop": true,
        "isCenterInside": false,
        "isDraw": true,
        "isReloadFromCache": true,
        "jsonObjectDataOfItem": "{\n  \"defaultMinSpeed\": 10.0,\n  \"defaultMinZoom\": 1.1,\n  \"defaultShow\": 10,\n  \"defaultSpeed\": 0.0,\n  \"defaultZoom\": 0.0,\n  \"maxSpeed\": 10.0,\n  \"maxZoom\": 0.7,\n  \"minSpeed\": 0.0,\n  \"minZoom\": 0.0,\n  \"speedCurrent\": 0.0,\n  \"variabilityZoom\": 1.0,\n  \"zoomCurrent\": 0.0\n}",
        "keyEffect": "Party",
        "keyInHasMap": 1656406060839,
        "pathFolderEffect": "",
        "positionInAdapter": 8,
        "sizeCanvasCurrent": {
          "x": 0,
          "y": 0
        },
        "speed": 1,
        "startIndexFrame": 173,
        "title": "Astral",
        "totalFrame": 9,
        "uri": ""
      },
      {
        "drawMode": "SCREEN",
        "endIndexFrame": 206,
        "indexFrameDrawCurrent": 0,
        "isCenterCrop": true,
        "isCenterInside": false,
        "isDraw": true,
        "isReloadFromCache": true,
        "jsonObjectDataOfItem": "{\n  \"defaultMinSpeed\": 10.0,\n  \"defaultMinZoom\": 1.1,\n  \"defaultShow\": 10,\n  \"defaultSpeed\": 0.0,\n  \"defaultZoom\": 0.0,\n  \"maxSpeed\": 10.0,\n  \"maxZoom\": 0.7,\n  \"minSpeed\": 0.0,\n  \"minZoom\": 0.0,\n  \"speedCurrent\": 0.0,\n  \"variabilityZoom\": 1.0,\n  \"zoomCurrent\": 0.0\n}",
        "keyEffect": "Party",
        "keyInHasMap": 1656406060842,
        "pathFolderEffect": "",
        "positionInAdapter": 8,
        "sizeCanvasCurrent": {
          "x": 0,
          "y": 0
        },
        "speed": 1,
        "startIndexFrame": 197,
        "title": "Astral",
        "totalFrame": 9,
        "uri": ""
      },
      {
        "drawMode": "SCREEN",
        "endIndexFrame": 211,
        "indexFrameDrawCurrent": 0,
        "isCenterCrop": true,
        "isCenterInside": false,
        "isDraw": true,
        "isReloadFromCache": true,
        "jsonObjectDataOfItem": "{\n  \"color\": -1,\n  \"defaultMinSpeed\": 3.0,\n  \"defaultSpeed\": 0.0,\n  \"max\": 3.0,\n  \"min\": 0.0,\n  \"speedCurrent\": 0.0\n}",
        "keyEffect": "Party",
        "keyInHasMap": 1656406060844,
        "pathFolderEffect": "",
        "positionInAdapter": 12,
        "sizeCanvasCurrent": {
          "x": 0,
          "y": 0
        },
        "speed": 1,
        "startIndexFrame": 0,
        "title": "Strobe",
        "totalFrame": 211,
        "uri": ""
      }
    ],
    "listItemViewDataOnTimeLine": [
      {
        "durationEnd": 300,
        "durationFadeIn": 0,
        "durationFadeOut": 0,
        "durationStart": 0,
        "endIndexFrame": 103,
        "indexRowCurrent": 0,
        "indexRowPrevious": 0,
        "keyInHasMap": 1656405903266,
        "linkDownloadMp3": "",
        "nameMp3": "",
        "pathDefault": "",
        "pathSaveFile": "",
        "positionEffectVoice": 0,
        "speedAudio": 1.0,
        "startIndexFrame": 94,
        "volume": 1.0
      },
      {
        "durationEnd": 0,
        "durationFadeIn": 0,
        "durationFadeOut": 0,
        "durationStart": 0,
        "endIndexFrame": 129,
        "indexRowCurrent": 0,
        "indexRowPrevious": 0,
        "keyInHasMap": 1656405903271,
        "linkDownloadMp3": "",
        "nameMp3": "",
        "pathDefault": "",
        "pathSaveFile": "",
        "positionEffectVoice": 0,
        "speedAudio": 1.0,
        "startIndexFrame": 120,
        "volume": 1.0
      },
      {
        "durationEnd": 0,
        "durationFadeIn": 0,
        "durationFadeOut": 0,
        "durationStart": 0,
        "endIndexFrame": 155,
        "indexRowCurrent": 0,
        "indexRowPrevious": 0,
        "keyInHasMap": 1656405903277,
        "linkDownloadMp3": "",
        "nameMp3": "",
        "pathDefault": "",
        "pathSaveFile": "",
        "positionEffectVoice": 0,
        "speedAudio": 1.0,
        "startIndexFrame": 146,
        "volume": 1.0
      },
      {
        "durationEnd": 0,
        "durationFadeIn": 0,
        "durationFadeOut": 0,
        "durationStart": 0,
        "endIndexFrame": 182,
        "indexRowCurrent": 0,
        "indexRowPrevious": 0,
        "keyInHasMap": 1656405903283,
        "linkDownloadMp3": "",
        "nameMp3": "",
        "pathDefault": "",
        "pathSaveFile": "",
        "positionEffectVoice": 0,
        "speedAudio": 1.0,
        "startIndexFrame": 173,
        "volume": 1.0
      },
      {
        "durationEnd": 0,
        "durationFadeIn": 0,
        "durationFadeOut": 0,
        "durationStart": 0,
        "endIndexFrame": 206,
        "indexRowCurrent": 0,
        "indexRowPrevious": 0,
        "keyInHasMap": 1656405903287,
        "linkDownloadMp3": "",
        "nameMp3": "",
        "pathDefault": "",
        "pathSaveFile": "",
        "positionEffectVoice": 0,
        "speedAudio": 1.0,
        "startIndexFrame": 197,
        "volume": 1.0
      },
      {
        "durationEnd": 0,
        "durationFadeIn": 0,
        "durationFadeOut": 0,
        "durationStart": 0,
        "endIndexFrame": 211,
        "indexRowCurrent": 0,
        "indexRowPrevious": 0,
        "keyInHasMap": 1656405903291,
        "linkDownloadMp3": "",
        "nameMp3": "",
        "pathDefault": "",
        "pathSaveFile": "",
        "positionEffectVoice": 0,
        "speedAudio": 1.0,
        "startIndexFrame": 0,
        "volume": 1.0
      }
    ]
  }
}