{"durationVideo":6000,"editor":{"listItemPhotoData":[{"backgroundColor":-16777216,"blurBackground":0,"duration":2600,"endIndexFrame":77,"flipHorizontal":1.0,"flipVertical":1.0,"gpuPosition":0,"gpuProgress":0,"heightBitmap":900,"idItemPhoto":"1654225110276","indexEndFrameTransformCombo":77,"indexEndFrameTransformIn":9,"indexStartFrameTransformOut":0,"isCenterCrop":false,"isCenterInside":true,"isCropBitmap":false,"isLoadFromCache":true,"isLocked":false,"itemDataTransition":{"indexCate":8,"indexItem":4,"isMask":false,"keyItem":"SWITCH","linkCover":"https://photoforapp.s3.ap-southeast-1.amazonaws.com/Video/TransitionsServer/Slide/Icon/SWITCH.gif","linkDownload":"https://photoforapp.s3.ap-southeast-1.amazonaws.com/Video/TransitionsServer/Slide/SWITCH.zip","modeDraw":"","nameEn":"Switch","nameVn":"Chuyển","paintModeDraw":"SRC_OVER","pathFolderOfTransition":"","pathFolderZipOfTransition":"","positionTransitionInAdapter":0,"timeTransitionCurrent":1500,"typeTransition":{"type":"NONE","typeTransition":"NONE"}},"itemTemplateModel":{"duration":0,"heightBitmap":0,"indexSticker":-1,"isCrop":false,"isLocked":false,"md5PathFileOld":"","pathFile":"","rect":{"bottom":0,"left":0,"right":0,"top":0},"typeTemplateModel":"NONE","widthBitmap":0},"linkBackgroundImage":"","objDataAdjust":{"mCurrentBrightnessFilter":50,"mCurrentContrastFilter":50,"mCurrentExposureFilter":50,"mCurrentFadeFilters":0,"mCurrentHighlightFilter":100,"mCurrentHueFilter":0,"mCurrentSaturationFilter":50,"mCurrentShadowFilter":0,"mCurrentSharpenFilter":50,"mCurrentTempFilter":50,"mCurrentVignetteFilter":100,"mListRedoAdjust":[],"mListUndoAdjust":[]},"pathBitmap":"/storage/emulated/0/Pictures/Telegram/IMG_20220603_095753_475.jpg","rotate":0,"rotateAnim":0.0,"scaleAnim":1.0,"startIndexFrame":0,"timeTransformCombo":2600,"timeTransformIn":300,"timeTransformOut":300,"totalFrame":77,"typeBackground":"COLOR","typeTransformCombo":"SWAY_IN","typeTransformIn":"NONE","typeTransformOut":"NONE","valueMatrixBitmapDraw":[0.8,0.0,0.0,0.0,0.8,0.0,0.0,0.0,1.0],"widthBitmap":900},{"backgroundColor":-16777216,"blurBackground":0,"duration":733,"endIndexFrame":99,"flipHorizontal":1.0,"flipVertical":1.0,"gpuPosition":0,"gpuProgress":0,"heightBitmap":900,"idItemPhoto":"1654225110371","indexEndFrameTransformCombo":0,"indexEndFrameTransformIn":0,"indexStartFrameTransformOut":0,"isCenterCrop":false,"isCenterInside":true,"isCropBitmap":false,"isLoadFromCache":true,"isLocked":false,"itemDataTransition":{"indexCate":0,"isMask":false,"keyItem":"","linkCover":"","linkDownload":"","modeDraw":"","nameEn":"","nameVn":"","paintModeDraw":"SRC_OVER","pathFolderOfTransition":"","pathFolderZipOfTransition":"","positionTransitionInAdapter":0,"timeTransitionCurrent":733,"typeTransition":{"type":"NONE","typeTransition":"NONE"}},"itemTemplateModel":{"duration":0,"heightBitmap":0,"indexSticker":-1,"isCrop":false,"isLocked":false,"md5PathFileOld":"","pathFile":"","rect":{"bottom":0,"left":0,"right":0,"top":0},"typeTemplateModel":"NONE","widthBitmap":0},"linkBackgroundImage":"","objDataAdjust":{"mCurrentBrightnessFilter":50,"mCurrentContrastFilter":50,"mCurrentExposureFilter":50,"mCurrentFadeFilters":0,"mCurrentHighlightFilter":100,"mCurrentHueFilter":0,"mCurrentSaturationFilter":50,"mCurrentShadowFilter":0,"mCurrentSharpenFilter":50,"mCurrentTempFilter":50,"mCurrentVignetteFilter":100,"mListRedoAdjust":[],"mListUndoAdjust":[]},"pathBitmap":"/storage/emulated/0/Pictures/Telegram/IMG_20220603_095755_893.jpg","rotate":0,"rotateAnim":0.0,"scaleAnim":1.0,"startIndexFrame":78,"timeTransformCombo":733,"timeTransformIn":300,"timeTransformOut":300,"totalFrame":21,"typeBackground":"COLOR","typeTransformCombo":"NONE","typeTransformIn":"NONE","typeTransformOut":"NONE","valueMatrixBitmapDraw":[0.8,0.0,0.0,0.0,0.8,0.0,0.0,0.0,1.0],"widthBitmap":900},{"backgroundColor":-16777216,"blurBackground":0,"duration":600,"endIndexFrame":117,"flipHorizontal":1.0,"flipVertical":1.0,"gpuPosition":0,"gpuProgress":0,"heightBitmap":900,"idItemPhoto":"1654225110468","indexEndFrameTransformCombo":0,"indexEndFrameTransformIn":0,"indexStartFrameTransformOut":0,"isCenterCrop":false,"isCenterInside":true,"isCropBitmap":false,"isLoadFromCache":true,"isLocked":false,"itemDataTransition":{"indexCate":0,"isMask":false,"keyItem":"","linkCover":"","linkDownload":"","modeDraw":"","nameEn":"","nameVn":"","paintModeDraw":"SRC_OVER","pathFolderOfTransition":"","pathFolderZipOfTransition":"","positionTransitionInAdapter":0,"timeTransitionCurrent":600,"typeTransition":{"type":"NONE","typeTransition":"NONE"}},"itemTemplateModel":{"duration":0,"heightBitmap":0,"indexSticker":-1,"isCrop":false,"isLocked":false,"md5PathFileOld":"","pathFile":"","rect":{"bottom":0,"left":0,"right":0,"top":0},"typeTemplateModel":"NONE","widthBitmap":0},"linkBackgroundImage":"","objDataAdjust":{"mCurrentBrightnessFilter":50,"mCurrentContrastFilter":50,"mCurrentExposureFilter":50,"mCurrentFadeFilters":0,"mCurrentHighlightFilter":100,"mCurrentHueFilter":0,"mCurrentSaturationFilter":50,"mCurrentShadowFilter":0,"mCurrentSharpenFilter":50,"mCurrentTempFilter":50,"mCurrentVignetteFilter":100,"mListRedoAdjust":[],"mListUndoAdjust":[]},"pathBitmap":"/storage/emulated/0/Pictures/Telegram/IMG_20220603_095752_063.jpg","rotate":0,"rotateAnim":0.0,"scaleAnim":1.0,"startIndexFrame":100,"timeTransformCombo":600,"timeTransformIn":300,"timeTransformOut":300,"totalFrame":17,"typeBackground":"COLOR","typeTransformCombo":"NONE","typeTransformIn":"NONE","typeTransformOut":"NONE","valueMatrixBitmapDraw":[0.8,0.0,0.0,0.0,0.8,0.0,0.0,0.0,1.0],"widthBitmap":900},{"backgroundColor":-16777216,"blurBackground":0,"duration":800,"endIndexFrame":141,"flipHorizontal":1.0,"flipVertical":1.0,"gpuPosition":0,"gpuProgress":0,"heightBitmap":900,"idItemPhoto":"1654225110577","indexEndFrameTransformCombo":0,"indexEndFrameTransformIn":0,"indexStartFrameTransformOut":0,"isCenterCrop":false,"isCenterInside":true,"isCropBitmap":false,"isLoadFromCache":true,"isLocked":false,"itemDataTransition":{"indexCate":0,"isMask":false,"keyItem":"","linkCover":"","linkDownload":"","modeDraw":"","nameEn":"","nameVn":"","paintModeDraw":"SRC_OVER","pathFolderOfTransition":"","pathFolderZipOfTransition":"","positionTransitionInAdapter":0,"timeTransitionCurrent":800,"typeTransition":{"type":"NONE","typeTransition":"NONE"}},"itemTemplateModel":{"duration":0,"heightBitmap":0,"indexSticker":-1,"isCrop":false,"isLocked":false,"md5PathFileOld":"","pathFile":"","rect":{"bottom":0,"left":0,"right":0,"top":0},"typeTemplateModel":"NONE","widthBitmap":0},"linkBackgroundImage":"","objDataAdjust":{"mCurrentBrightnessFilter":50,"mCurrentContrastFilter":50,"mCurrentExposureFilter":50,"mCurrentFadeFilters":0,"mCurrentHighlightFilter":100,"mCurrentHueFilter":0,"mCurrentSaturationFilter":50,"mCurrentShadowFilter":0,"mCurrentSharpenFilter":50,"mCurrentTempFilter":50,"mCurrentVignetteFilter":100,"mListRedoAdjust":[],"mListUndoAdjust":[]},"pathBitmap":"/storage/emulated/0/Pictures/Telegram/IMG_20220603_095751_268.jpg","rotate":0,"rotateAnim":0.0,"scaleAnim":1.0,"startIndexFrame":118,"timeTransformCombo":800,"timeTransformIn":300,"timeTransformOut":300,"totalFrame":23,"typeBackground":"COLOR","typeTransformCombo":"NONE","typeTransformIn":"NONE","typeTransformOut":"NONE","valueMatrixBitmapDraw":[0.8,0.0,0.0,0.0,0.8,0.0,0.0,0.0,1.0],"widthBitmap":900},{"backgroundColor":-16777216,"blurBackground":0,"duration":467,"endIndexFrame":155,"flipHorizontal":1.0,"flipVertical":1.0,"gpuPosition":0,"gpuProgress":0,"heightBitmap":900,"idItemPhoto":"1654225110653","indexEndFrameTransformCombo":0,"indexEndFrameTransformIn":0,"indexStartFrameTransformOut":0,"isCenterCrop":false,"isCenterInside":true,"isCropBitmap":false,"isLoadFromCache":true,"isLocked":false,"itemDataTransition":{"indexCate":0,"isMask":false,"keyItem":"","linkCover":"","linkDownload":"","modeDraw":"","nameEn":"","nameVn":"","paintModeDraw":"SRC_OVER","pathFolderOfTransition":"","pathFolderZipOfTransition":"","positionTransitionInAdapter":0,"timeTransitionCurrent":467,"typeTransition":{"type":"NONE","typeTransition":"NONE"}},"itemTemplateModel":{"duration":0,"heightBitmap":0,"indexSticker":-1,"isCrop":false,"isLocked":false,"md5PathFileOld":"","pathFile":"","rect":{"bottom":0,"left":0,"right":0,"top":0},"typeTemplateModel":"NONE","widthBitmap":0},"linkBackgroundImage":"","objDataAdjust":{"mCurrentBrightnessFilter":50,"mCurrentContrastFilter":50,"mCurrentExposureFilter":50,"mCurrentFadeFilters":0,"mCurrentHighlightFilter":100,"mCurrentHueFilter":0,"mCurrentSaturationFilter":50,"mCurrentShadowFilter":0,"mCurrentSharpenFilter":50,"mCurrentTempFilter":50,"mCurrentVignetteFilter":100,"mListRedoAdjust":[],"mListUndoAdjust":[]},"pathBitmap":"/storage/emulated/0/Pictures/Telegram/IMG_20220603_095749_020.jpg","rotate":0,"rotateAnim":0.0,"scaleAnim":1.0,"startIndexFrame":142,"timeTransformCombo":467,"timeTransformIn":300,"timeTransformOut":300,"totalFrame":13,"typeBackground":"COLOR","typeTransformCombo":"NONE","typeTransformIn":"NONE","typeTransformOut":"NONE","valueMatrixBitmapDraw":[0.8,0.0,0.0,0.0,0.8,0.0,0.0,0.0,1.0],"widthBitmap":900},{"backgroundColor":-16777216,"blurBackground":0,"duration":367,"endIndexFrame":166,"flipHorizontal":1.0,"flipVertical":1.0,"gpuPosition":0,"gpuProgress":0,"heightBitmap":900,"idItemPhoto":"1654225110736","indexEndFrameTransformCombo":0,"indexEndFrameTransformIn":0,"indexStartFrameTransformOut":0,"isCenterCrop":false,"isCenterInside":true,"isCropBitmap":false,"isLoadFromCache":true,"isLocked":false,"itemDataTransition":{"indexCate":0,"isMask":false,"keyItem":"","linkCover":"","linkDownload":"","modeDraw":"","nameEn":"","nameVn":"","paintModeDraw":"SRC_OVER","pathFolderOfTransition":"","pathFolderZipOfTransition":"","positionTransitionInAdapter":0,"timeTransitionCurrent":367,"typeTransition":{"type":"NONE","typeTransition":"NONE"}},"itemTemplateModel":{"duration":0,"heightBitmap":0,"indexSticker":-1,"isCrop":false,"isLocked":false,"md5PathFileOld":"","pathFile":"","rect":{"bottom":0,"left":0,"right":0,"top":0},"typeTemplateModel":"NONE","widthBitmap":0},"linkBackgroundImage":"","objDataAdjust":{"mCurrentBrightnessFilter":50,"mCurrentContrastFilter":50,"mCurrentExposureFilter":50,"mCurrentFadeFilters":0,"mCurrentHighlightFilter":100,"mCurrentHueFilter":0,"mCurrentSaturationFilter":50,"mCurrentShadowFilter":0,"mCurrentSharpenFilter":50,"mCurrentTempFilter":50,"mCurrentVignetteFilter":100,"mListRedoAdjust":[],"mListUndoAdjust":[]},"pathBitmap":"/storage/emulated/0/Pictures/Telegram/IMG_20220603_095747_939.jpg","rotate":0,"rotateAnim":0.0,"scaleAnim":1.0,"startIndexFrame":156,"timeTransformCombo":367,"timeTransformIn":300,"timeTransformOut":300,"totalFrame":10,"typeBackground":"COLOR","typeTransformCombo":"NONE","typeTransformIn":"NONE","typeTransformOut":"NONE","valueMatrixBitmapDraw":[0.8,0.0,0.0,0.0,0.8,0.0,0.0,0.0,1.0],"widthBitmap":900},{"backgroundColor":-16777216,"blurBackground":0,"duration":433,"endIndexFrame":179,"flipHorizontal":1.0,"flipVertical":1.0,"gpuPosition":0,"gpuProgress":0,"heightBitmap":900,"idItemPhoto":"1654225844015","indexEndFrameTransformCombo":0,"indexEndFrameTransformIn":0,"indexStartFrameTransformOut":0,"isCenterCrop":false,"isCenterInside":true,"isCropBitmap":false,"isLoadFromCache":true,"isLocked":false,"itemDataTransition":{"indexCate":0,"isMask":false,"keyItem":"","linkCover":"","linkDownload":"","modeDraw":"","nameEn":"","nameVn":"","paintModeDraw":"SRC_OVER","pathFolderOfTransition":"","pathFolderZipOfTransition":"","positionTransitionInAdapter":0,"timeTransitionCurrent":433,"typeTransition":{"type":"NONE","typeTransition":"NONE"}},"itemTemplateModel":{"duration":0,"heightBitmap":0,"indexSticker":-1,"isCrop":false,"isLocked":false,"md5PathFileOld":"","pathFile":"","rect":{"bottom":0,"left":0,"right":0,"top":0},"typeTemplateModel":"NONE","widthBitmap":0},"linkBackgroundImage":"","objDataAdjust":{"mCurrentBrightnessFilter":50,"mCurrentContrastFilter":50,"mCurrentExposureFilter":50,"mCurrentFadeFilters":0,"mCurrentHighlightFilter":100,"mCurrentHueFilter":0,"mCurrentSaturationFilter":50,"mCurrentShadowFilter":0,"mCurrentSharpenFilter":50,"mCurrentTempFilter":50,"mCurrentVignetteFilter":100,"mListRedoAdjust":[],"mListUndoAdjust":[]},"pathBitmap":"/storage/emulated/0/Pictures/Telegram/IMG_20220603_095746_620.jpg","rotate":0,"rotateAnim":0.0,"scaleAnim":1.0,"startIndexFrame":167,"timeTransformCombo":433,"timeTransformIn":300,"timeTransformOut":300,"totalFrame":12,"typeBackground":"COLOR","typeTransformCombo":"NONE","typeTransformIn":"NONE","typeTransformOut":"NONE","valueMatrixBitmapDraw":[0.8,0.0,0.0,0.0,0.8,0.0,0.0,0.0,1.0],"widthBitmap":900}]},"frame":{"listItemStickerData":[],"listItemViewDataOnTimeLine":[]},"keyProjectCurrent":"1654225114248","listTemplateModel":{"list":[]},"music":{"listItemMusicData":[{"durationEnd":6024,"durationStart":0,"endIndexFrame":180,"indexRowCurrent":0,"indexRowPrevious":0,"keyInHasMap":1654225125666,"linkDownloadMp3":"/storage/emulated/0/Music/G3Video/Direct_ConvertVideoToMp3_1654225022221.mp3","nameMp3":"Direct_ConvertVideoToMp3_1654225022221.mp3","pathSaveFile":"/storage/emulated/0/Music/G3Video/Direct_ConvertVideoToMp3_1654225022221.mp3","startIndexFrame":0,"volume":1.0}]},"nameVideo":"Template 1654225114248","setting":{"quality":720,"ratio":{"height":1.0,"width":1.0}},"sticker":{"listItemStickerData":[],"listItemViewDataOnTimeLine":[]},"text":{"listItemStickerData":[{"DOT":".","TYPE_PHOTO":"png","WIDTH_MAX":360,"alpha":255,"countDeltaTime":0.0,"dataFrames":{"isNeedLoadBitmap1":false,"isNeedLoadBitmap2":false,"isNeedLoadBitmap2Loop":false,"isNeedLoadBitmap3":false,"isNeedLoadBitmap4":false,"isNeedLoadBitmap4Loop":false,"isNeedLoadBitmap5":false,"isNeedLoadBitmap6":false,"isNeedLoadBitmap6Loop":false,"isNeedLoadBitmap7":false,"isNeedLoadBitmap8":false,"isNeedLoadBitmap8Loop":false,"isNeedLoadBitmap9":false},"deviationXShadow":0.0,"deviationYShadow":0.0,"duration":2566,"endColor":-1,"endIndexFrame":77,"flip":1.0,"heightBitmap":0,"id":"4c5a2ef22819d39d3defdde61c511118","indexColor":0,"indexColorShadow":0,"indexEndFrameTransformCombo":0,"indexEndFrameTransformIn":0,"indexFont":99,"indexFrame":0,"indexStartFrameTransformOut":0,"indexTransition":-1,"isBgText":false,"isBoldText":false,"isDashText":false,"isDashUnderText":false,"isDrawAnim":false,"isFirstFillDataTransformCombo":true,"isInit":true,"isItalicText":false,"isLayerFront":true,"isLoadFrameCache":true,"isTexture":false,"isVisible":true,"linkBubble":"","linkItemFrame":"","linkMask":"","listText":["Khi bố mẹ bạn hỏi các bạn:","Tiền đâu hết rồi??"],"modeDraw":"SRC_OVER","pathFolder":"","pathFont":"/data/user/0/videoeditor.moviemaker/files/INTERNAL_FONT_FOLDER_UNZIP/onthebeach/onthebeach/ShortStack-Regular.ttf","pathSaveBitmapFrame":"","pathTexture":"https://photoforapp.s3.ap-southeast-1.amazonaws.com/Video/TextV2/Style/Basic/11/texture.jpg","pointRotate":{"x":369.66797,"y":145.54688},"pointTranslate":{"x":189.66797,"y":-34.453125},"rotate":-0.30114746,"scale":1.4096069,"speed":1,"speedOfTransformCombo":15,"startColor":-1,"startIndexFrame":0,"stickerTypeTransformCombo":"NONE","stickerTypeTransformIn":"NONE","stickerTypeTransformOut":"NONE","textAlignment":"CENTER","textBlurShadow":0.0,"textColorShadow":-1,"textHeightAllLine":76.75,"textHeightOneLine":28.0,"textLetterSpacing":0.0,"textLineSpacing":4.0,"textPadding":15.75,"textSize":23.0,"textSizeDefault":30.0,"textString":"Khi bố mẹ bạn hỏi các bạn:\nTiền đâu hết rồi??","textStroke":{"color":"#000000","indexPositionInAdapter":-1,"width":2.0},"timeTransformCombo":300,"timeTransformIn":300,"timeTransformOut":300,"titleShow":"","totalFileNeedDownForOneFrame":0,"typeSticker":"TEXT","urlCover":"","widthBitmap":0}],"listItemViewDataOnTimeLine":[{"durationEnd":2566,"durationStart":0,"endIndexFrame":77,"indexRowCurrent":0,"indexRowPrevious":0,"keyInHasMap":1654225562712,"linkDownloadMp3":"","nameMp3":"","pathSaveFile":"","startIndexFrame":0,"volume":1.0}]},"timeLastUpdate":1654225964724,"videoEffect":{"listItemEffectData":[{"drawMode":"SCREEN","endIndexFrame":78,"indexFrameDrawCurrent":0,"isCenterCrop":true,"isCenterInside":false,"isDraw":true,"isReloadFromCache":true,"jsonObjectDataOfItem":"{\"color\":-1,\"defaultSpeed\":3.0,\"max\":30.0,\"min\":2.0,\"speedCurrent\":4.8}","keyEffect":"Party","keyInHasMap":1654225964726,"pathFolderEffect":"","positionInAdapter":3,"sizeCanvasCurrent":{"x":0,"y":0},"speed":1,"startIndexFrame":0,"title":"Đèn nháy trắng","totalFrame":78,"uri":""},{"drawMode":"SCREEN","endIndexFrame":180,"indexFrameDrawCurrent":0,"isCenterCrop":true,"isCenterInside":false,"isDraw":true,"isReloadFromCache":true,"jsonObjectDataOfItem":"","keyEffect":"SERVER","keyInHasMap":1654225964727,"pathFolderEffect":"/data/user/0/videoeditor.moviemaker/files/FOLDER_EFFECT/Blink/6","positionInAdapter":6,"sizeCanvasCurrent":{"x":720,"y":720},"speed":1,"startIndexFrame":0,"title":"Blink 6","totalFrame":180,"uri":"/data/user/0/videoeditor.moviemaker/files/FOLDER_EFFECT/Blink/6/Blink.m4v"}],"listItemViewDataOnTimeLine":[{"durationEnd":2600,"durationStart":0,"endIndexFrame":78,"indexRowCurrent":0,"indexRowPrevious":0,"keyInHasMap":1654225883536,"linkDownloadMp3":"","nameMp3":"","pathSaveFile":"","startIndexFrame":0,"volume":1.0},{"durationEnd":6000,"durationStart":0,"endIndexFrame":180,"indexRowCurrent":0,"indexRowPrevious":0,"keyInHasMap":1654225944478,"linkDownloadMp3":"","nameMp3":"","pathSaveFile":"","startIndexFrame":0,"volume":1.0}]}}