{"durationVideo":10667,"editor":{"listItemPhotoData":[{"backgroundColor":-16777216,"blurBackground":0,"duration":5333,"endIndexFrame":159,"flipHorizontal":1.0,"flipVertical":1.0,"gpuPosition":0,"gpuProgress":0,"heightBitmap":679,"idItemPhoto":"1654672579448","indexEndFrameTransformCombo":159,"indexEndFrameTransformIn":0,"indexStartFrameTransformOut":0,"isCenterCrop":false,"isCenterInside":true,"isCropBitmap":false,"isLoadFromCache":true,"isLocked":false,"itemDataTransition":{"indexCate":0,"isMask":false,"keyItem":"","linkCover":"","linkDownload":"","modeDraw":"","nameEn":"","nameVn":"","paintModeDraw":"SRC_OVER","pathFolderOfTransition":"","pathFolderZipOfTransition":"","positionTransitionInAdapter":0,"timeTransitionCurrent":1000,"typeTransition":{"type":"NONE","typeTransition":"NONE"}},"itemTemplateModel":{"duration":0,"heightBitmap":0,"indexSticker":-1,"isCrop":false,"isLocked":false,"md5PathFileOld":"","pathFile":"","rect":{"bottom":0,"left":0,"right":0,"top":0},"typeTemplateModel":"NONE","widthBitmap":0},"linkBackgroundImage":"","objDataAdjust":{"mCurrentBrightnessFilter":50,"mCurrentContrastFilter":50,"mCurrentExposureFilter":50,"mCurrentFadeFilters":0,"mCurrentHighlightFilter":100,"mCurrentHueFilter":0,"mCurrentSaturationFilter":50,"mCurrentShadowFilter":0,"mCurrentSharpenFilter":50,"mCurrentTempFilter":50,"mCurrentVignetteFilter":100,"mListRedoAdjust":[],"mListUndoAdjust":[]},"pathBitmap":"/storage/emulated/0/Pictures/Telegram/IMG_20220608_141353_856.png","rotate":0,"rotateAnim":0.0,"scaleAnim":1.0,"startIndexFrame":0,"timeTransformCombo":5333,"timeTransformIn":300,"timeTransformOut":300,"totalFrame":159,"typeBackground":"COLOR","typeTransformCombo":"SPINNING_TOP_1","typeTransformIn":"NONE","typeTransformOut":"NONE","valueMatrixBitmapDraw":[1.0588236,0.0,-9.536743E-7,0.0,1.0588236,0.5293999,0.0,0.0,1.0],"widthBitmap":510},{"backgroundColor":-16777216,"blurBackground":0,"duration":5333,"endIndexFrame":319,"flipHorizontal":1.0,"flipVertical":1.0,"gpuPosition":0,"gpuProgress":0,"heightBitmap":714,"idItemPhoto":"1654672579845","indexEndFrameTransformCombo":0,"indexEndFrameTransformIn":171,"indexStartFrameTransformOut":0,"isCenterCrop":false,"isCenterInside":true,"isCropBitmap":false,"isLoadFromCache":true,"isLocked":false,"itemDataTransition":{"indexCate":0,"isMask":false,"keyItem":"","linkCover":"","linkDownload":"","modeDraw":"","nameEn":"","nameVn":"","paintModeDraw":"SRC_OVER","pathFolderOfTransition":"","pathFolderZipOfTransition":"","positionTransitionInAdapter":0,"timeTransitionCurrent":1000,"typeTransition":{"type":"NONE","typeTransition":"NONE"}},"itemTemplateModel":{"duration":0,"heightBitmap":0,"indexSticker":-1,"isCrop":false,"isLocked":false,"md5PathFileOld":"","pathFile":"","rect":{"bottom":0,"left":0,"right":0,"top":0},"typeTemplateModel":"NONE","widthBitmap":0},"linkBackgroundImage":"","objDataAdjust":{"mCurrentBrightnessFilter":50,"mCurrentContrastFilter":50,"mCurrentExposureFilter":50,"mCurrentFadeFilters":0,"mCurrentHighlightFilter":100,"mCurrentHueFilter":0,"mCurrentSaturationFilter":50,"mCurrentShadowFilter":0,"mCurrentSharpenFilter":50,"mCurrentTempFilter":50,"mCurrentVignetteFilter":100,"mListRedoAdjust":[],"mListUndoAdjust":[]},"pathBitmap":"/storage/emulated/0/Pictures/Telegram/IMG_20220608_142619_216.png","rotate":0,"rotateAnim":0.0,"scaleAnim":1.0,"startIndexFrame":160,"timeTransformCombo":5333,"timeTransformIn":368,"timeTransformOut":300,"totalFrame":159,"typeBackground":"COLOR","typeTransformCombo":"NONE","typeTransformIn":"SPIN_RIGHT","typeTransformOut":"NONE","valueMatrixBitmapDraw":[1.0084034,0.0,0.2520876,0.0,1.0084034,-2.7656555E-5,0.0,0.0,1.0],"widthBitmap":535}]},"frame":{"listItemStickerData":[],"listItemViewDataOnTimeLine":[]},"keyProjectCurrent":"1654672581493","listTemplateModel":{"list":[]},"music":{"listItemMusicData":[{"durationEnd":10666,"durationStart":0,"endIndexFrame":320,"indexRowCurrent":0,"indexRowPrevious":0,"keyInHasMap":1654672587895,"linkDownloadMp3":"/storage/emulated/0/Music/G3Video/Direct_ConvertVideoToMp3_1654672168456.mp3","nameMp3":"Direct_ConvertVideoToMp3_1654672168456.mp3","pathSaveFile":"/storage/emulated/0/Music/G3Video/Direct_ConvertVideoToMp3_1654672168456.mp3","startIndexFrame":0,"volume":1.0}]},"nameVideo":"Template 1654672581493","setting":{"quality":720,"ratio":{"height":1.3313725,"width":1.0}},"sticker":{"listItemStickerData":[],"listItemViewDataOnTimeLine":[]},"text":{"listItemStickerData":[{"DOT":".","TYPE_PHOTO":"png","WIDTH_MAX":360,"alpha":255,"countDeltaTime":0.0,"dataFrames":{"isNeedLoadBitmap1":false,"isNeedLoadBitmap2":false,"isNeedLoadBitmap2Loop":false,"isNeedLoadBitmap3":false,"isNeedLoadBitmap4":false,"isNeedLoadBitmap4Loop":false,"isNeedLoadBitmap5":false,"isNeedLoadBitmap6":false,"isNeedLoadBitmap6Loop":false,"isNeedLoadBitmap7":false,"isNeedLoadBitmap8":false,"isNeedLoadBitmap8Loop":false,"isNeedLoadBitmap9":false},"deviationXShadow":0.0,"deviationYShadow":0.0,"duration":5333,"endColor":-16121,"endIndexFrame":160,"flip":1.0,"heightBitmap":0,"id":"6a3738b27b731366f478c59af1abaa91","indexColor":13,"indexColorShadow":0,"indexEndFrameTransformCombo":0,"indexEndFrameTransformIn":0,"indexFont":24,"indexFrame":0,"indexStartFrameTransformOut":0,"indexTransition":-1,"isBgText":false,"isBoldText":true,"isDashText":false,"isDashUnderText":false,"isDrawAnim":false,"isFirstFillDataTransformCombo":true,"isInit":true,"isItalicText":false,"isLayerFront":true,"isLoadFrameCache":true,"isTexture":false,"isVisible":false,"linkBubble":"","linkItemFrame":"","linkMask":"","listText":["How time","has changed me?"],"modeDraw":"SRC_OVER","pathFolder":"","pathFont":"/data/user/0/videoeditor.moviemaker/files/INTERNAL_FONT_FOLDER_UNZIP/luxury/luxury/MuseoSansCyrl-500.otf","pathSaveBitmapFrame":"","pathTexture":"https://photoforapp.s3.ap-southeast-1.amazonaws.com/Video/TextV2/Style/Basic/11/texture.jpg","pointRotate":{"x":272.34793,"y":620.57855},"pointTranslate":{"x":92.34793,"y":440.57855},"rotate":0.21606445,"scale":1.2396843,"speed":1,"speedOfTransformCombo":15,"startColor":-16121,"startIndexFrame":0,"stickerTypeTransformCombo":"NONE","stickerTypeTransformIn":"NONE","stickerTypeTransformOut":"NONE","textAlignment":"CENTER","textBlurShadow":0.0,"textColorShadow":-2147483648,"textHeightAllLine":114.75,"textHeightOneLine":47.0,"textLetterSpacing":0.08,"textLineSpacing":12.0,"textPadding":15.75,"textSize":35.0,"textSizeDefault":30.0,"textString":"How time\nhas changed me?","textStroke":{"color":"#000000","indexPositionInAdapter":-1,"width":2.0},"timeTransformCombo":300,"timeTransformIn":300,"timeTransformOut":300,"titleShow":"","totalFileNeedDownForOneFrame":0,"typeSticker":"TEXT","urlCover":"","widthBitmap":0}],"listItemViewDataOnTimeLine":[{"durationEnd":5333,"durationStart":0,"endIndexFrame":160,"indexRowCurrent":0,"indexRowPrevious":0,"keyInHasMap":1654672671931,"linkDownloadMp3":"","nameMp3":"","pathSaveFile":"","startIndexFrame":0,"volume":1.0}]},"timeLastUpdate":1654673626021,"videoEffect":{"listItemEffectData":[{"drawMode":"SCREEN","endIndexFrame":320,"indexFrameDrawCurrent":0,"isCenterCrop":true,"isCenterInside":false,"isDraw":true,"isReloadFromCache":true,"jsonObjectDataOfItem":"{\"defaultPercentWidth\":1.0,\"defaultSpeed\":3.0,\"isHorizontal\":false,\"max\":10.0,\"maxSpeed\":50.0,\"min\":1.0,\"minSpeed\":2.0,\"percentWidth\":2.07,\"speedCurrent\":25.44}","keyEffect":"Party","keyInHasMap":1654673626024,"pathFolderEffect":"","positionInAdapter":2,"sizeCanvasCurrent":{"x":0,"y":0},"speed":1,"startIndexFrame":174,"title":"Stuck frame","totalFrame":146,"uri":""},{"drawMode":"SCREEN","endIndexFrame":320,"indexFrameDrawCurrent":9,"isCenterCrop":true,"isCenterInside":false,"isDraw":true,"isReloadFromCache":true,"jsonObjectDataOfItem":"","keyEffect":"SERVER","keyInHasMap":1654673626026,"pathFolderEffect":"/data/user/0/videoeditor.moviemaker/files/FOLDER_EFFECT/Fire/0","positionInAdapter":0,"sizeCanvasCurrent":{"x":540,"y":720},"speed":1,"startIndexFrame":162,"title":"Fire 0","totalFrame":158,"uri":"/data/user/0/videoeditor.moviemaker/files/FOLDER_EFFECT/Fire/0/Fire.m4v"}],"listItemViewDataOnTimeLine":[{"durationEnd":4866,"durationStart":0,"endIndexFrame":320,"indexRowCurrent":0,"indexRowPrevious":0,"keyInHasMap":1654672899974,"linkDownloadMp3":"","nameMp3":"","pathSaveFile":"","startIndexFrame":174,"volume":1.0},{"durationEnd":5266,"durationStart":0,"endIndexFrame":320,"indexRowCurrent":0,"indexRowPrevious":0,"keyInHasMap":1654673374089,"linkDownloadMp3":"","nameMp3":"","pathSaveFile":"","startIndexFrame":162,"volume":1.0}]}}