{"durationVideo":4000,"editor":{"listItemPhotoData":[{"backgroundColor":0,"blurBackground":0,"duration":4000,"endIndexFrame":119,"flipHorizontal":1.0,"flipVertical":1.0,"gpuPosition":0,"gpuProgress":0,"heightBitmap":692,"idItemPhoto":"1653376741545","indexEndFrameTransformCombo":119,"indexEndFrameTransformIn":46,"indexStartFrameTransformOut":0,"isCenterCrop":false,"isCenterInside":true,"isLoadFromCache":true,"itemDataTransition":{"indexCate":0,"isMask":false,"keyItem":"","linkCover":"","linkDownload":"","modeDraw":"","nameEn":"","nameVn":"","paintModeDraw":"SRC_OVER","pathFolderOfTransition":"","positionTransitionInAdapter":0,"timeTransitionCurrent":1000,"typeTransition":{"type":"NONE","typeTransition":"NONE"}},"itemOverlayDataEditorOverlay":{"alpha":246,"folder":"Analog","indexCate":12,"link":"https://photoforapp.s3.ap-southeast-1.amazonaws.com/PhotoFilter/PhotoFilter_V2/Filter/Analog/4.jpg","modeDraw":"LIGHTEN","positionInAdapter":244},"itemTemplateModel":{"duration":0,"heightBitmap":0,"isCrop":false,"pathFile":"","rect":{"bottom":0,"left":0,"right":0,"top":0},"widthBitmap":0},"linkBackgroundImage":"","matrixBitmapDraw":{},"objDataAdjust":{"mCurrentBrightnessFilter":50,"mCurrentContrastFilter":50,"mCurrentExposureFilter":50,"mCurrentFadeFilters":0,"mCurrentHighlightFilter":100,"mCurrentHueFilter":0,"mCurrentSaturationFilter":50,"mCurrentShadowFilter":0,"mCurrentSharpenFilter":50,"mCurrentTempFilter":50,"mCurrentVignetteFilter":100,"mListRedoAdjust":[],"mListUndoAdjust":[]},"pathBitmap":"/storage/emulated/0/Pictures/Telegram/IMG_20220422_131603_354.png","rotate":0,"rotateAnim":0.0,"scaleAnim":1.0,"startIndexFrame":0,"timeTransformCombo":4000,"timeTransformIn":1554,"timeTransformOut":300,"totalFrame":119,"typeBackground":"COLOR","typeTransformCombo":"NONE","typeTransformIn":"ZOOM_OUT","typeTransformOut":"NONE","valueMatrixBitmapDraw":[1.0384616,0.0,-5.722046E-6,0.0,1.0384616,0.6923008,0.0,0.0,1.0],"widthBitmap":390}]},"frame":{"listItemStickerData":[{"DOT":".","TYPE_PHOTO":"png","WIDTH_MAX":360,"alpha":255,"countDeltaTime":0.0,"dataFrames":{"isNeedLoadBitmap1":true,"isNeedLoadBitmap2":true,"isNeedLoadBitmap2Loop":false,"isNeedLoadBitmap3":true,"isNeedLoadBitmap4":false,"isNeedLoadBitmap4Loop":true,"isNeedLoadBitmap5":true,"isNeedLoadBitmap6":true,"isNeedLoadBitmap6Loop":false,"isNeedLoadBitmap7":true,"isNeedLoadBitmap8":false,"isNeedLoadBitmap8Loop":true,"isNeedLoadBitmap9":false},"deviationXShadow":0.0,"deviationYShadow":0.0,"duration":3999,"endColor":-1,"endIndexFrame":120,"flip":1.0,"heightBitmap":0,"id":"dd71eb56a738309af4a9cf34c74e406c","indexColor":0,"indexColorShadow":0,"indexEndFrameTransformCombo":0,"indexEndFrameTransformIn":0,"indexFont":0,"indexFrame":0,"indexStartFrameTransformOut":0,"indexTransition":-1,"isBgText":false,"isBoldText":false,"isDashText":false,"isDashUnderText":false,"isDrawAnim":false,"isFirstFillDataTransformCombo":true,"isInit":true,"isItalicText":false,"isLayerFront":true,"isLoadFrameCache":true,"isTexture":false,"isVisible":true,"linkBubble":"","linkItemFrame":"https://photoforapp84133-dev.s3.ap-southeast-1.amazonaws.com/public/Frame/Film/Frame/6/","linkMask":"","listText":[],"modeDraw":"SRC_OVER","pathFolder":"","pathFont":"","pathSaveBitmapFrame":"/data/user/0/videoeditor.moviemaker/files/SaveProject/1653378280980/43c9f48a9eb8673c4ff24f25136e56.png","pathTexture":"","pointRotate":{"x":0.0,"y":0.0},"pointTranslate":{"x":0.5,"y":0.0},"rotate":0.0,"scale":1.0,"speed":1,"speedOfTransformCombo":15,"startColor":-1,"startIndexFrame":0,"stickerTypeTransformCombo":"NONE","stickerTypeTransformIn":"NONE","stickerTypeTransformOut":"NONE","textAlignment":"CENTER","textBlurShadow":0.0,"textColorShadow":-16777216,"textHeightAllLine":0.0,"textHeightOneLine":0.0,"textLetterSpacing":0.0,"textLineSpacing":4.0,"textPadding":6.0,"textSize":1.0,"textSizeDefault":30.0,"textString":"","textStroke":{"color":"#000000","indexPositionInAdapter":-1,"width":0.0},"textTypeFont":{"mStyle":0,"native_instance":528262847056},"timeTransformCombo":300,"timeTransformIn":300,"timeTransformOut":300,"titleShow":"","totalFileNeedDownForOneFrame":8,"typeSticker":"FRAME","urlCover":"","widthBitmap":0}],"listItemViewDataOnTimeLine":[{"durationEnd":3999,"durationStart":0,"endIndexFrame":120,"indexRowCurrent":0,"indexRowPrevious":0,"keyInHasMap":1653376783750,"linkDownloadMp3":"","nameMp3":"","pathSaveFile":"","startIndexFrame":0,"volume":1.0}]},"keyProjectCurrent":"1653378280980","listTemplateModel":{"list":[]},"music":{"listItemMusicData":[{"durationEnd":3967,"durationStart":0,"endIndexFrame":120,"indexRowCurrent":0,"indexRowPrevious":0,"keyInHasMap":1653376771914,"linkDownloadMp3":"https://photoforapp84133-dev.s3.ap-southeast-1.amazonaws.com/public/YoutubeAudioLibrary/TikTok/Bright/at my worst remix tiktok – pink sweats.mp3","nameMp3":"at my worst remix tiktok – pink sweats.mp3","pathSaveFile":"/data/user/0/videoeditor.moviemaker/files/Private/HIDE/MUSIC/at my worst remix tiktok – pink sweats.mp3","startIndexFrame":1,"volume":1.0}]},"nameVideo":"Template 1653378280980","setting":{"quality":720,"ratio":{"height":1.774359,"width":1.0}},"sticker":{"listItemStickerData":[],"listItemViewDataOnTimeLine":[]},"text":{"listItemStickerData":[{"DOT":".","TYPE_PHOTO":"png","WIDTH_MAX":360,"alpha":255,"countDeltaTime":0.0,"dataFrames":{"isNeedLoadBitmap1":false,"isNeedLoadBitmap2":false,"isNeedLoadBitmap2Loop":false,"isNeedLoadBitmap3":false,"isNeedLoadBitmap4":false,"isNeedLoadBitmap4Loop":false,"isNeedLoadBitmap5":false,"isNeedLoadBitmap6":false,"isNeedLoadBitmap6Loop":false,"isNeedLoadBitmap7":false,"isNeedLoadBitmap8":false,"isNeedLoadBitmap8Loop":false,"isNeedLoadBitmap9":false},"deviationXShadow":0.0,"deviationYShadow":0.0,"duration":1500,"endColor":-1,"endIndexFrame":45,"flip":1.0,"heightBitmap":0,"id":"b0374f3c6b71b3162e5a283778292ae","indexColor":0,"indexColorShadow":0,"indexEndFrameTransformCombo":0,"indexEndFrameTransformIn":0,"indexFont":37,"indexFrame":0,"indexStartFrameTransformOut":0,"indexTransition":-1,"isBgText":false,"isBoldText":false,"isDashText":false,"isDashUnderText":false,"isDrawAnim":false,"isFirstFillDataTransformCombo":true,"isInit":true,"isItalicText":false,"isLayerFront":true,"isLoadFrameCache":true,"isTexture":false,"isVisible":true,"linkBubble":"","linkItemFrame":"","linkMask":"","listText":["I need somebody"],"modeDraw":"SRC_OVER","pathFolder":"","pathFont":"/data/user/0/videoeditor.moviemaker/files/INTERNAL_FONT_FOLDER_UNZIP/luxury/luxury/VL_TFPironv2.otf","pathSaveBitmapFrame":"","pathTexture":"","pointRotate":{"x":210.54993,"y":88.44594},"pointTranslate":{"x":30.549927,"y":-91.55406},"rotate":0.26313782,"scale":0.9057329,"speed":1,"speedOfTransformCombo":15,"startColor":-1,"startIndexFrame":0,"stickerTypeTransformCombo":"NONE","stickerTypeTransformIn":"NONE","stickerTypeTransformOut":"NONE","textAlignment":"CENTER","textBlurShadow":0.0,"textColorShadow":-16777216,"textHeightAllLine":52.75,"textHeightOneLine":37.0,"textLetterSpacing":0.08,"textLineSpacing":4.0,"textPadding":15.75,"textSize":34.0,"textSizeDefault":30.0,"textString":"I need somebody","textStroke":{"color":"#000000","indexPositionInAdapter":-1,"width":0.0},"textTypeFont":{"mStyle":0,"native_instance":528264193360},"timeTransformCombo":300,"timeTransformIn":300,"timeTransformOut":300,"titleShow":"","totalFileNeedDownForOneFrame":0,"typeSticker":"TEXT","urlCover":"","widthBitmap":0},{"DOT":".","TYPE_PHOTO":"png","WIDTH_MAX":360,"alpha":255,"countDeltaTime":0.0,"dataFrames":{"isNeedLoadBitmap1":false,"isNeedLoadBitmap2":false,"isNeedLoadBitmap2Loop":false,"isNeedLoadBitmap3":false,"isNeedLoadBitmap4":false,"isNeedLoadBitmap4Loop":false,"isNeedLoadBitmap5":false,"isNeedLoadBitmap6":false,"isNeedLoadBitmap6Loop":false,"isNeedLoadBitmap7":false,"isNeedLoadBitmap8":false,"isNeedLoadBitmap8Loop":false,"isNeedLoadBitmap9":false},"deviationXShadow":0.0,"deviationYShadow":0.0,"duration":2466,"endColor":-1,"endIndexFrame":120,"flip":1.0,"heightBitmap":0,"id":"3582246509797d5878cdb82ae67c94e","indexColor":0,"indexColorShadow":0,"indexEndFrameTransformCombo":0,"indexEndFrameTransformIn":0,"indexFont":37,"indexFrame":0,"indexStartFrameTransformOut":0,"indexTransition":-1,"isBgText":false,"isBoldText":false,"isDashText":false,"isDashUnderText":false,"isDrawAnim":false,"isFirstFillDataTransformCombo":true,"isInit":true,"isItalicText":false,"isLayerFront":true,"isLoadFrameCache":true,"isTexture":false,"isVisible":false,"linkBubble":"","linkItemFrame":"","linkMask":"","listText":["Who can love me","at my worst"],"modeDraw":"SRC_OVER","pathFolder":"","pathFont":"/data/user/0/videoeditor.moviemaker/files/INTERNAL_FONT_FOLDER_UNZIP/luxury/luxury/VL_TFPironv2.otf","pathSaveBitmapFrame":"","pathTexture":"","pointRotate":{"x":207.69891,"y":105.794266},"pointTranslate":{"x":27.698914,"y":-74.205734},"rotate":0.26313782,"scale":0.9057329,"speed":1,"speedOfTransformCombo":15,"startColor":-1,"startIndexFrame":46,"stickerTypeTransformCombo":"NONE","stickerTypeTransformIn":"NONE","stickerTypeTransformOut":"NONE","textAlignment":"CENTER","textBlurShadow":0.0,"textColorShadow":-16777216,"textHeightAllLine":99.75,"textHeightOneLine":42.0,"textLetterSpacing":0.08,"textLineSpacing":15.0,"textPadding":15.75,"textSize":34.0,"textSizeDefault":30.0,"textString":"Who can love me\nat my worst","textStroke":{"color":"#000000","indexPositionInAdapter":-1,"width":0.0},"textTypeFont":{"mStyle":0,"native_instance":528263407648},"timeTransformCombo":300,"timeTransformIn":300,"timeTransformOut":300,"titleShow":"","totalFileNeedDownForOneFrame":0,"typeSticker":"TEXT","urlCover":"","widthBitmap":0}],"listItemViewDataOnTimeLine":[{"durationEnd":1500,"durationStart":0,"endIndexFrame":45,"indexRowCurrent":0,"indexRowPrevious":0,"keyInHasMap":1653377946447,"linkDownloadMp3":"","nameMp3":"","pathSaveFile":"","startIndexFrame":0,"volume":1.0},{"durationEnd":3999,"durationStart":0,"endIndexFrame":120,"indexRowCurrent":0,"indexRowPrevious":0,"keyInHasMap":1653378013454,"linkDownloadMp3":"","nameMp3":"","pathSaveFile":"","startIndexFrame":46,"volume":1.0}]},"timeLastUpdate":1653378281004,"videoEffect":{"listItemEffectData":[{"drawMode":"SCREEN","endIndexFrame":120,"indexFrameDrawCurrent":0,"isCenterCrop":true,"isCenterInside":false,"isDraw":true,"isReloadFromCache":true,"jsonObjectDataOfItem":"","keyEffect":"SERVER","keyInHasMap":1653378281015,"pathFolderEffect":"/data/user/0/videoeditor.moviemaker/files/FOLDER_EFFECT/Mood/10","positionInAdapter":10,"sizeCanvasCurrent":{"x":405,"y":720},"speed":1,"startIndexFrame":0,"title":"Mood 10","totalFrame":120,"uri":"/data/user/0/videoeditor.moviemaker/files/FOLDER_EFFECT/Mood/10/Mood.m4v"},{"drawMode":"SCREEN","endIndexFrame":120,"indexFrameDrawCurrent":0,"isCenterCrop":true,"isCenterInside":false,"isDraw":true,"isReloadFromCache":true,"jsonObjectDataOfItem":"","keyEffect":"Basic","keyInHasMap":1653378281024,"pathFolderEffect":"","positionInAdapter":6,"sizeCanvasCurrent":{"x":0,"y":0},"speed":1,"startIndexFrame":46,"title":"Phóng to","totalFrame":74,"uri":""}],"listItemViewDataOnTimeLine":[{"durationEnd":3999,"durationStart":0,"endIndexFrame":120,"indexRowCurrent":0,"indexRowPrevious":0,"keyInHasMap":1653378111412,"linkDownloadMp3":"","nameMp3":"","pathSaveFile":"","startIndexFrame":0,"volume":1.0},{"durationEnd":2466,"durationStart":0,"endIndexFrame":120,"indexRowCurrent":0,"indexRowPrevious":0,"keyInHasMap":1653378183276,"linkDownloadMp3":"","nameMp3":"","pathSaveFile":"","startIndexFrame":46,"volume":1.0}]}}