{
  "durationVideo": 9100,
  "editor": {
    "listItemPhotoData": [
      {
        "backgroundColor": -16777216,
        "blurBackground": 0,
        "duration": 3433,
        "endIndexFrame": 102,
        "flipHorizontal": 1.0,
        "flipVertical": 1.0,
        "gpuPosition": 0,
        "gpuProgress": 0,
        "heightBitmap": 1280,
        "idItemPhoto": "1656320542599",
        "indexEndFrameTransformCombo": 102,
        "indexEndFrameTransformIn": 0,
        "indexStartFrameTransformOut": 0,
        "isCenterCrop": false,
        "isCenterInside": true,
        "isCropBitmap": false,
        "isLoadFromCache": true,
        "isLocked": false,
        "itemDataTransition": {
          "indexCate": 0,
          "isMask": false,
          "keyItem": "",
          "linkCover": "",
          "linkDownload": "",
          "modeDraw": "",
          "nameEn": "",
          "nameVn": "",
          "paintModeDraw": "SRC_OVER",
          "pathFolderOfTransition": "",
          "pathFolderZipOfTransition": "",
          "positionTransitionInAdapter": 0,
          "timeTransitionCurrent": 1000,
          "typeTransition": {
            "type": "NONE",
            "typeTransition": "NONE"
          }
        },
        "itemTemplateModel": {
          "duration": 0,
          "heightBitmap": 0,
          "indexSticker": -1,
          "isCrop": false,
          "isLocked": false,
          "md5PathFileOld": "",
          "pathFile": "",
          "rect": {
            "bottom": 0,
            "left": 0,
            "right": 0,
            "top": 0
          },
          "typeTemplateModel": "NONE",
          "widthBitmap": 0
        },
        "linkBackgroundImage": "",
        "objDataAdjust": {
          "mCurrentBrightnessFilter": 50,
          "mCurrentContrastFilter": 50,
          "mCurrentExposureFilter": 50,
          "mCurrentFadeFilters": 0,
          "mCurrentHighlightFilter": 100,
          "mCurrentHueFilter": 0,
          "mCurrentSaturationFilter": 50,
          "mCurrentShadowFilter": 0,
          "mCurrentSharpenFilter": 50,
          "mCurrentTempFilter": 50,
          "mCurrentVignetteFilter": 100,
          "mListRedoAdjust": [],
          "mListUndoAdjust": []
        },
        "pathBitmap": "/storage/emulated/0/Pictures/Telegram/IMG_20220627_160125_863.jpg",
        "rotate": 0,
        "rotateAnim": 0.0,
        "scaleAnim": 1.0,
        "startIndexFrame": 0,
        "timeTransformCombo": 3433,
        "timeTransformIn": 300,
        "timeTransformOut": 300,
        "totalFrame": 102,
        "typeBackground": "COLOR",
        "typeTransformCombo": "WOBBLE",
        "typeTransformIn": "NONE",
        "typeTransformOut": "NONE",
        "valueMatrixBitmapDraw": [
          0.5625,
          0.0,
          0.0,
          0.0,
          0.5625,
          0.0,
          0.0,
          0.0,
          1.0
        ],
        "widthBitmap": 720
      },
      {
        "backgroundColor": -16777216,
        "blurBackground": 0,
        "duration": 1433,
        "endIndexFrame": 145,
        "flipHorizontal": 1.0,
        "flipVertical": 1.0,
        "gpuPosition": 0,
        "gpuProgress": 0,
        "heightBitmap": 1280,
        "idItemPhoto": "1656320542883",
        "indexEndFrameTransformCombo": 0,
        "indexEndFrameTransformIn": 118,
        "indexStartFrameTransformOut": 0,
        "isCenterCrop": false,
        "isCenterInside": true,
        "isCropBitmap": false,
        "isLoadFromCache": true,
        "isLocked": false,
        "itemDataTransition": {
          "indexCate": 0,
          "isMask": false,
          "keyItem": "",
          "linkCover": "",
          "linkDownload": "",
          "modeDraw": "",
          "nameEn": "",
          "nameVn": "",
          "paintModeDraw": "SRC_OVER",
          "pathFolderOfTransition": "",
          "pathFolderZipOfTransition": "",
          "positionTransitionInAdapter": 0,
          "timeTransitionCurrent": 1000,
          "typeTransition": {
            "type": "NONE",
            "typeTransition": "NONE"
          }
        },
        "itemTemplateModel": {
          "duration": 0,
          "heightBitmap": 0,
          "indexSticker": -1,
          "isCrop": false,
          "isLocked": false,
          "md5PathFileOld": "",
          "pathFile": "",
          "rect": {
            "bottom": 0,
            "left": 0,
            "right": 0,
            "top": 0
          },
          "typeTemplateModel": "NONE",
          "widthBitmap": 0
        },
        "linkBackgroundImage": "",
        "objDataAdjust": {
          "mCurrentBrightnessFilter": 50,
          "mCurrentContrastFilter": 50,
          "mCurrentExposureFilter": 50,
          "mCurrentFadeFilters": 0,
          "mCurrentHighlightFilter": 100,
          "mCurrentHueFilter": 0,
          "mCurrentSaturationFilter": 50,
          "mCurrentShadowFilter": 0,
          "mCurrentSharpenFilter": 50,
          "mCurrentTempFilter": 50,
          "mCurrentVignetteFilter": 100,
          "mListRedoAdjust": [],
          "mListUndoAdjust": []
        },
        "pathBitmap": "/storage/emulated/0/Pictures/Telegram/IMG_20220627_160126_690.jpg",
        "rotate": 0,
        "rotateAnim": 0.0,
        "scaleAnim": 1.0,
        "startIndexFrame": 103,
        "timeTransformCombo": 1433,
        "timeTransformIn": 507,
        "timeTransformOut": 300,
        "totalFrame": 42,
        "typeBackground": "COLOR",
        "typeTransformCombo": "NONE",
        "typeTransformIn": "ZOOM_OUT",
        "typeTransformOut": "NONE",
        "valueMatrixBitmapDraw": [
          0.5625,
          0.0,
          0.0,
          0.0,
          0.5625,
          0.0,
          0.0,
          0.0,
          1.0
        ],
        "widthBitmap": 720
      },
      {
        "backgroundColor": -16777216,
        "blurBackground": 0,
        "duration": 1600,
        "endIndexFrame": 193,
        "flipHorizontal": 1.0,
        "flipVertical": 1.0,
        "gpuPosition": 0,
        "gpuProgress": 0,
        "heightBitmap": 1280,
        "idItemPhoto": "1656320543155",
        "indexEndFrameTransformCombo": 0,
        "indexEndFrameTransformIn": 0,
        "indexStartFrameTransformOut": 0,
        "isCenterCrop": false,
        "isCenterInside": true,
        "isCropBitmap": false,
        "isLoadFromCache": true,
        "isLocked": false,
        "itemDataTransition": {
          "indexCate": 0,
          "isMask": false,
          "keyItem": "",
          "linkCover": "",
          "linkDownload": "",
          "modeDraw": "",
          "nameEn": "",
          "nameVn": "",
          "paintModeDraw": "SRC_OVER",
          "pathFolderOfTransition": "",
          "pathFolderZipOfTransition": "",
          "positionTransitionInAdapter": 0,
          "timeTransitionCurrent": 1000,
          "typeTransition": {
            "type": "NONE",
            "typeTransition": "NONE"
          }
        },
        "itemTemplateModel": {
          "duration": 0,
          "heightBitmap": 0,
          "indexSticker": -1,
          "isCrop": false,
          "isLocked": false,
          "md5PathFileOld": "",
          "pathFile": "",
          "rect": {
            "bottom": 0,
            "left": 0,
            "right": 0,
            "top": 0
          },
          "typeTemplateModel": "NONE",
          "widthBitmap": 0
        },
        "linkBackgroundImage": "",
        "objDataAdjust": {
          "mCurrentBrightnessFilter": 50,
          "mCurrentContrastFilter": 50,
          "mCurrentExposureFilter": 50,
          "mCurrentFadeFilters": 0,
          "mCurrentHighlightFilter": 100,
          "mCurrentHueFilter": 0,
          "mCurrentSaturationFilter": 50,
          "mCurrentShadowFilter": 0,
          "mCurrentSharpenFilter": 50,
          "mCurrentTempFilter": 50,
          "mCurrentVignetteFilter": 100,
          "mListRedoAdjust": [],
          "mListUndoAdjust": []
        },
        "pathBitmap": "/storage/emulated/0/Pictures/Telegram/IMG_20220627_160127_913.jpg",
        "rotate": 0,
        "rotateAnim": 0.0,
        "scaleAnim": 1.0,
        "startIndexFrame": 146,
        "timeTransformCombo": 1600,
        "timeTransformIn": 300,
        "timeTransformOut": 300,
        "totalFrame": 47,
        "typeBackground": "COLOR",
        "typeTransformCombo": "NONE",
        "typeTransformIn": "NONE",
        "typeTransformOut": "NONE",
        "valueMatrixBitmapDraw": [
          0.5625,
          0.0,
          0.0,
          0.0,
          0.5625,
          0.0,
          0.0,
          0.0,
          1.0
        ],
        "widthBitmap": 720
      },
      {
        "backgroundColor": -16777216,
        "blurBackground": 0,
        "duration": 1600,
        "endIndexFrame": 241,
        "flipHorizontal": 1.0,
        "flipVertical": 1.0,
        "gpuPosition": 0,
        "gpuProgress": 0,
        "heightBitmap": 1280,
        "idItemPhoto": "1656320543335",
        "indexEndFrameTransformCombo": 0,
        "indexEndFrameTransformIn": 0,
        "indexStartFrameTransformOut": 0,
        "isCenterCrop": false,
        "isCenterInside": true,
        "isCropBitmap": false,
        "isLoadFromCache": true,
        "isLocked": false,
        "itemDataTransition": {
          "indexCate": 0,
          "isMask": false,
          "keyItem": "",
          "linkCover": "",
          "linkDownload": "",
          "modeDraw": "",
          "nameEn": "",
          "nameVn": "",
          "paintModeDraw": "SRC_OVER",
          "pathFolderOfTransition": "",
          "pathFolderZipOfTransition": "",
          "positionTransitionInAdapter": 0,
          "timeTransitionCurrent": 1000,
          "typeTransition": {
            "type": "NONE",
            "typeTransition": "NONE"
          }
        },
        "itemTemplateModel": {
          "duration": 0,
          "heightBitmap": 0,
          "indexSticker": -1,
          "isCrop": false,
          "isLocked": false,
          "md5PathFileOld": "",
          "pathFile": "",
          "rect": {
            "bottom": 0,
            "left": 0,
            "right": 0,
            "top": 0
          },
          "typeTemplateModel": "NONE",
          "widthBitmap": 0
        },
        "linkBackgroundImage": "",
        "objDataAdjust": {
          "mCurrentBrightnessFilter": 50,
          "mCurrentContrastFilter": 50,
          "mCurrentExposureFilter": 50,
          "mCurrentFadeFilters": 0,
          "mCurrentHighlightFilter": 100,
          "mCurrentHueFilter": 0,
          "mCurrentSaturationFilter": 50,
          "mCurrentShadowFilter": 0,
          "mCurrentSharpenFilter": 50,
          "mCurrentTempFilter": 50,
          "mCurrentVignetteFilter": 100,
          "mListRedoAdjust": [],
          "mListUndoAdjust": []
        },
        "pathBitmap": "/storage/emulated/0/Pictures/Telegram/IMG_20220627_160128_881.jpg",
        "rotate": 0,
        "rotateAnim": 0.0,
        "scaleAnim": 1.0,
        "startIndexFrame": 194,
        "timeTransformCombo": 1600,
        "timeTransformIn": 300,
        "timeTransformOut": 300,
        "totalFrame": 47,
        "typeBackground": "COLOR",
        "typeTransformCombo": "NONE",
        "typeTransformIn": "NONE",
        "typeTransformOut": "NONE",
        "valueMatrixBitmapDraw": [
          0.5625,
          0.0,
          0.0,
          0.0,
          0.5625,
          0.0,
          0.0,
          0.0,
          1.0
        ],
        "widthBitmap": 720
      },
      {
        "backgroundColor": -16777216,
        "blurBackground": 0,
        "duration": 1033,
        "endIndexFrame": 272,
        "flipHorizontal": 1.0,
        "flipVertical": 1.0,
        "gpuPosition": 0,
        "gpuProgress": 0,
        "heightBitmap": 1280,
        "idItemPhoto": "1656320543607",
        "indexEndFrameTransformCombo": 0,
        "indexEndFrameTransformIn": 0,
        "indexStartFrameTransformOut": 0,
        "isCenterCrop": false,
        "isCenterInside": true,
        "isCropBitmap": false,
        "isLoadFromCache": true,
        "isLocked": false,
        "itemDataTransition": {
          "indexCate": 0,
          "isMask": false,
          "keyItem": "",
          "linkCover": "",
          "linkDownload": "",
          "modeDraw": "",
          "nameEn": "",
          "nameVn": "",
          "paintModeDraw": "SRC_OVER",
          "pathFolderOfTransition": "",
          "pathFolderZipOfTransition": "",
          "positionTransitionInAdapter": 0,
          "timeTransitionCurrent": 1000,
          "typeTransition": {
            "type": "NONE",
            "typeTransition": "NONE"
          }
        },
        "itemTemplateModel": {
          "duration": 0,
          "heightBitmap": 0,
          "indexSticker": -1,
          "isCrop": false,
          "isLocked": false,
          "md5PathFileOld": "",
          "pathFile": "",
          "rect": {
            "bottom": 0,
            "left": 0,
            "right": 0,
            "top": 0
          },
          "typeTemplateModel": "NONE",
          "widthBitmap": 0
        },
        "linkBackgroundImage": "",
        "objDataAdjust": {
          "mCurrentBrightnessFilter": 50,
          "mCurrentContrastFilter": 50,
          "mCurrentExposureFilter": 50,
          "mCurrentFadeFilters": 0,
          "mCurrentHighlightFilter": 100,
          "mCurrentHueFilter": 0,
          "mCurrentSaturationFilter": 50,
          "mCurrentShadowFilter": 0,
          "mCurrentSharpenFilter": 50,
          "mCurrentTempFilter": 50,
          "mCurrentVignetteFilter": 100,
          "mListRedoAdjust": [],
          "mListUndoAdjust": []
        },
        "pathBitmap": "/storage/emulated/0/Pictures/Telegram/IMG_20220627_160131_685.jpg",
        "rotate": 0,
        "rotateAnim": 0.0,
        "scaleAnim": 1.0,
        "startIndexFrame": 242,
        "timeTransformCombo": 1033,
        "timeTransformIn": 300,
        "timeTransformOut": 300,
        "totalFrame": 30,
        "typeBackground": "COLOR",
        "typeTransformCombo": "NONE",
        "typeTransformIn": "NONE",
        "typeTransformOut": "NONE",
        "valueMatrixBitmapDraw": [
          0.5625,
          0.0,
          0.0,
          0.0,
          0.5625,
          0.0,
          0.0,
          0.0,
          1.0
        ],
        "widthBitmap": 720
      }
    ]
  },
  "frame": {
    "listItemStickerData": [],
    "listItemViewDataOnTimeLine": []
  },
  "keyProjectCurrent": "1656320567941",
  "listTemplateModel": {
    "list": []
  },
  "music": {
    "listItemMusicData": [
      {
        "durationEnd": 9024,
        "durationFadeIn": 0,
        "durationFadeOut": 0,
        "durationStart": 0,
        "endIndexFrame": 266,
        "indexRowCurrent": 0,
        "indexRowPrevious": 0,
        "keyInHasMap": 1656320577349,
        "linkDownloadMp3": "/storage/emulated/0/Music/G3Video/Direct_ConvertVideoToMp3_1656320572885.mp3",
        "nameMp3": "Direct_ConvertVideoToMp3_1656320572885.mp3",
        "pathDefault": "/storage/emulated/0/Music/G3Video/Direct_ConvertVideoToMp3_1656320572885.mp3",
        "pathSaveFile": "/storage/emulated/0/Music/G3Video/Direct_ConvertVideoToMp3_1656320572885.mp3",
        "positionEffectVoice": 0,
        "speedAudio": 1.0,
        "startIndexFrame": 0,
        "volume": 1.0
      }
    ]
  },
  "nameVideo": "Template 1656320567941",
  "setting": {
    "quality": 720,
    "ratio": {
      "height": 1.7777778,
      "width": 1.0
    }
  },
  "sticker": {
    "listItemStickerData": [],
    "listItemViewDataOnTimeLine": []
  },
  "text": {
    "listItemStickerData": [
      {
        "DOT": ".",
        "TYPE_PHOTO": "png",
        "WIDTH_MAX": 360,
        "alpha": 255,
        "animTextModel": {
          "easeCombo": "LINEAR",
          "easeIn": "LINEAR",
          "easeOut": "LINEAR",
          "endIndexFrameCombo": 145,
          "endIndexFrameIn": 120,
          "endIndexFrameOut": 145,
          "percentIn": 39.02439,
          "percentOut": 0.0,
          "percentSpeedCombo": 30.0,
          "speedFrameCombo": 0,
          "startIndexFrameCombo": 120,
          "startIndexFrameIn": 104,
          "startIndexFrameOut": 0,
          "typeAnimTextCombo": "NONE",
          "typeAnimTextIn": "SLIDE_BOTTOM_TO_TOP_IN",
          "typeAnimTextOut": "NONE_OUT"
        },
        "countDeltaTime": 0.0,
        "dataFrames": {
          "isNeedLoadBitmap1": false,
          "isNeedLoadBitmap2": false,
          "isNeedLoadBitmap2Loop": false,
          "isNeedLoadBitmap3": false,
          "isNeedLoadBitmap4": false,
          "isNeedLoadBitmap4Loop": false,
          "isNeedLoadBitmap5": false,
          "isNeedLoadBitmap6": false,
          "isNeedLoadBitmap6Loop": false,
          "isNeedLoadBitmap7": false,
          "isNeedLoadBitmap8": false,
          "isNeedLoadBitmap8Loop": false,
          "isNeedLoadBitmap9": false
        },
        "deviationXShadow": 0.0,
        "deviationYShadow": 0.0,
        "duration": 1366,
        "endColor": -1,
        "endIndexFrame": 145,
        "flip": 1.0,
        "heightBitmap": 0,
        "id": "c0eaad3d239577b5e4d66157164947c",
        "indexColor": 0,
        "indexColorShadow": 0,
        "indexEndFrameTransformCombo": 0,
        "indexEndFrameTransformIn": 0,
        "indexFont": 93,
        "indexFrame": 0,
        "indexStartFrameTransformOut": 0,
        "indexTransition": -1,
        "isBgText": false,
        "isBoldText": false,
        "isDashText": false,
        "isDashUnderText": false,
        "isDrawAnim": false,
        "isFirstFillDataTransformCombo": true,
        "isInit": true,
        "isItalicText": false,
        "isLayerFront": true,
        "isLoadFrameCache": true,
        "isTexture": false,
        "isVisible": false,
        "linkBubble": "",
        "linkItemFrame": "",
        "linkMask": "",
        "listText": [
          "love me",
          "love me"
        ],
        "modeDraw": "SRC_OVER",
        "pathFolder": "",
        "pathFont": "/data/user/0/videoeditor.moviemaker/files/INTERNAL_FONT_FOLDER_UNZIP/youth/youth/TYPO_COMICS_bold_demo.otf",
        "pathSaveBitmapFrame": "",
        "pathTexture": "https://photoforapp.s3.ap-southeast-1.amazonaws.com/Video/TextV2/Style/Basic/11/texture.jpg",
        "pointRotate": {
          "x": 307.81973,
          "y": 60.476196
        },
        "pointTranslate": {
          "x": 127.81973,
          "y": -119.5238
        },
        "rotate": 4.600357,
        "scale": 0.45024383,
        "speed": 1,
        "speedOfTransformCombo": 15,
        "startColor": -1,
        "startIndexFrame": 104,
        "stickerTypeTransformCombo": "NONE",
        "stickerTypeTransformIn": "NONE",
        "stickerTypeTransformOut": "NONE",
        "textAlignment": "CENTER",
        "textBlurShadow": 0.0,
        "textColorShadow": -16777216,
        "textHeightAllLine": 229.75,
        "textHeightOneLine": 103.0,
        "textLetterSpacing": 0.0,
        "textLineSpacing": 27.0,
        "textPadding": 15.75,
        "textSize": 99.0,
        "textSizeDefault": 30.0,
        "textString": "love me\nlove me",
        "textStroke": {
          "color": "#000000",
          "indexPositionInAdapter": -1,
          "width": 3.2
        },
        "timeTransformCombo": 300,
        "timeTransformIn": 300,
        "timeTransformOut": 300,
        "titleShow": "",
        "totalFileNeedDownForOneFrame": 0,
        "typeSticker": "TEXT",
        "urlCover": "",
        "widthBitmap": 0
      },
      {
        "DOT": ".",
        "TYPE_PHOTO": "png",
        "WIDTH_MAX": 360,
        "alpha": 255,
        "animTextModel": {
          "easeCombo": "LINEAR",
          "easeIn": "LINEAR",
          "easeOut": "LINEAR",
          "endIndexFrameCombo": 192,
          "endIndexFrameIn": 153,
          "endIndexFrameOut": 192,
          "percentIn": 16.666666,
          "percentOut": 0.0,
          "percentSpeedCombo": 30.0,
          "speedFrameCombo": 0,
          "startIndexFrameCombo": 153,
          "startIndexFrameIn": 145,
          "startIndexFrameOut": 0,
          "typeAnimTextCombo": "NONE",
          "typeAnimTextIn": "SLIDE_TOP_TO_BOTTOM_IN",
          "typeAnimTextOut": "NONE_OUT"
        },
        "countDeltaTime": 0.0,
        "dataFrames": {
          "isNeedLoadBitmap1": false,
          "isNeedLoadBitmap2": false,
          "isNeedLoadBitmap2Loop": false,
          "isNeedLoadBitmap3": false,
          "isNeedLoadBitmap4": false,
          "isNeedLoadBitmap4Loop": false,
          "isNeedLoadBitmap5": false,
          "isNeedLoadBitmap6": false,
          "isNeedLoadBitmap6Loop": false,
          "isNeedLoadBitmap7": false,
          "isNeedLoadBitmap8": false,
          "isNeedLoadBitmap8Loop": false,
          "isNeedLoadBitmap9": false
        },
        "deviationXShadow": 0.0,
        "deviationYShadow": 0.0,
        "duration": 1566,
        "endColor": -1,
        "endIndexFrame": 192,
        "flip": 1.0,
        "heightBitmap": 0,
        "id": "9446e811216cd6e518ec518f93f42c1",
        "indexColor": 0,
        "indexColorShadow": 0,
        "indexEndFrameTransformCombo": 0,
        "indexEndFrameTransformIn": 0,
        "indexFont": 93,
        "indexFrame": 0,
        "indexStartFrameTransformOut": 0,
        "indexTransition": -1,
        "isBgText": false,
        "isBoldText": false,
        "isDashText": false,
        "isDashUnderText": false,
        "isDrawAnim": false,
        "isFirstFillDataTransformCombo": true,
        "isInit": true,
        "isItalicText": false,
        "isLayerFront": true,
        "isLoadFrameCache": true,
        "isTexture": false,
        "isVisible": false,
        "linkBubble": "",
        "linkItemFrame": "",
        "linkMask": "",
        "listText": [
          "say that you love me"
        ],
        "modeDraw": "SRC_OVER",
        "pathFolder": "",
        "pathFont": "/data/user/0/videoeditor.moviemaker/files/INTERNAL_FONT_FOLDER_UNZIP/youth/youth/TYPO_COMICS_bold_demo.otf",
        "pathSaveBitmapFrame": "",
        "pathTexture": "https://photoforapp.s3.ap-southeast-1.amazonaws.com/Video/TextV2/Style/Basic/11/texture.jpg",
        "pointRotate": {
          "x": 194.11475,
          "y": 69.68144
        },
        "pointTranslate": {
          "x": 14.114746,
          "y": -110.31856
        },
        "rotate": -4.275406,
        "scale": 1.0351312,
        "speed": 1,
        "speedOfTransformCombo": 15,
        "startColor": -1,
        "startIndexFrame": 145,
        "stickerTypeTransformCombo": "NONE",
        "stickerTypeTransformIn": "NONE",
        "stickerTypeTransformOut": "NONE",
        "textAlignment": "CENTER",
        "textBlurShadow": 0.0,
        "textColorShadow": -16777216,
        "textHeightAllLine": 84.75,
        "textHeightOneLine": 66.0,
        "textLetterSpacing": 0.0,
        "textLineSpacing": 27.0,
        "textPadding": 15.75,
        "textSize": 37.0,
        "textSizeDefault": 30.0,
        "textString": "say that you love me",
        "textStroke": {
          "color": "#000000",
          "indexPositionInAdapter": -1,
          "width": 1.4
        },
        "timeTransformCombo": 300,
        "timeTransformIn": 300,
        "timeTransformOut": 300,
        "titleShow": "",
        "totalFileNeedDownForOneFrame": 0,
        "typeSticker": "TEXT",
        "urlCover": "",
        "widthBitmap": 0
      },
      {
        "DOT": ".",
        "TYPE_PHOTO": "png",
        "WIDTH_MAX": 360,
        "alpha": 255,
        "animTextModel": {
          "easeCombo": "LINEAR",
          "easeIn": "LINEAR",
          "easeOut": "LINEAR",
          "endIndexFrameCombo": 239,
          "endIndexFrameIn": 210,
          "endIndexFrameOut": 239,
          "percentIn": 34.042553,
          "percentOut": 0.0,
          "percentSpeedCombo": 30.0,
          "speedFrameCombo": 0,
          "startIndexFrameCombo": 210,
          "startIndexFrameIn": 193,
          "startIndexFrameOut": 0,
          "typeAnimTextCombo": "NONE",
          "typeAnimTextIn": "SLIDE_BOTTOM_TO_TOP_IN",
          "typeAnimTextOut": "NONE_OUT"
        },
        "countDeltaTime": 0.0,
        "dataFrames": {
          "isNeedLoadBitmap1": false,
          "isNeedLoadBitmap2": false,
          "isNeedLoadBitmap2Loop": false,
          "isNeedLoadBitmap3": false,
          "isNeedLoadBitmap4": false,
          "isNeedLoadBitmap4Loop": false,
          "isNeedLoadBitmap5": false,
          "isNeedLoadBitmap6": false,
          "isNeedLoadBitmap6Loop": false,
          "isNeedLoadBitmap7": false,
          "isNeedLoadBitmap8": false,
          "isNeedLoadBitmap8Loop": false,
          "isNeedLoadBitmap9": false
        },
        "deviationXShadow": 0.0,
        "deviationYShadow": 0.0,
        "duration": 1533,
        "endColor": -1,
        "endIndexFrame": 239,
        "flip": 1.0,
        "heightBitmap": 0,
        "id": "8e5132a8fca7dd3735ca91261def329",
        "indexColor": 0,
        "indexColorShadow": 0,
        "indexEndFrameTransformCombo": 0,
        "indexEndFrameTransformIn": 0,
        "indexFont": 93,
        "indexFrame": 0,
        "indexStartFrameTransformOut": 0,
        "indexTransition": -1,
        "isBgText": false,
        "isBoldText": false,
        "isDashText": false,
        "isDashUnderText": false,
        "isDrawAnim": false,
        "isFirstFillDataTransformCombo": true,
        "isInit": true,
        "isItalicText": false,
        "isLayerFront": true,
        "isLoadFrameCache": true,
        "isTexture": false,
        "isVisible": false,
        "linkBubble": "",
        "linkItemFrame": "",
        "linkMask": "",
        "listText": [
          "fool me",
          "fool me"
        ],
        "modeDraw": "SRC_OVER",
        "pathFolder": "",
        "pathFont": "/data/user/0/videoeditor.moviemaker/files/INTERNAL_FONT_FOLDER_UNZIP/youth/youth/TYPO_COMICS_bold_demo.otf",
        "pathSaveBitmapFrame": "",
        "pathTexture": "https://photoforapp.s3.ap-southeast-1.amazonaws.com/Video/TextV2/Style/Basic/11/texture.jpg",
        "pointRotate": {
          "x": 100.86995,
          "y": 73.57594
        },
        "pointTranslate": {
          "x": -79.13005,
          "y": -106.42406
        },
        "rotate": -4.353035,
        "scale": 0.36357808,
        "speed": 1,
        "speedOfTransformCombo": 15,
        "startColor": -1,
        "startIndexFrame": 193,
        "stickerTypeTransformCombo": "NONE",
        "stickerTypeTransformIn": "NONE",
        "stickerTypeTransformOut": "NONE",
        "textAlignment": "CENTER",
        "textBlurShadow": 0.0,
        "textColorShadow": -16777216,
        "textHeightAllLine": 243.75,
        "textHeightOneLine": 110.0,
        "textLetterSpacing": 0.0,
        "textLineSpacing": 27.0,
        "textPadding": 15.75,
        "textSize": 103.0,
        "textSizeDefault": 30.0,
        "textString": "fool me\nfool me",
        "textStroke": {
          "color": "#000000",
          "indexPositionInAdapter": -1,
          "width": 3.2
        },
        "timeTransformCombo": 300,
        "timeTransformIn": 300,
        "timeTransformOut": 300,
        "titleShow": "",
        "totalFileNeedDownForOneFrame": 0,
        "typeSticker": "TEXT",
        "urlCover": "",
        "widthBitmap": 0
      },
      {
        "DOT": ".",
        "TYPE_PHOTO": "png",
        "WIDTH_MAX": 360,
        "alpha": 255,
        "animTextModel": {
          "easeCombo": "LINEAR",
          "easeIn": "LINEAR",
          "easeOut": "LINEAR",
          "endIndexFrameCombo": 273,
          "endIndexFrameIn": 252,
          "endIndexFrameOut": 273,
          "percentIn": 36.363636,
          "percentOut": 0.0,
          "percentSpeedCombo": 30.0,
          "speedFrameCombo": 0,
          "startIndexFrameCombo": 252,
          "startIndexFrameIn": 239,
          "startIndexFrameOut": 0,
          "typeAnimTextCombo": "NONE",
          "typeAnimTextIn": "SLIDE_TOP_TO_BOTTOM_IN",
          "typeAnimTextOut": "NONE_OUT"
        },
        "countDeltaTime": 0.0,
        "dataFrames": {
          "isNeedLoadBitmap1": false,
          "isNeedLoadBitmap2": false,
          "isNeedLoadBitmap2Loop": false,
          "isNeedLoadBitmap3": false,
          "isNeedLoadBitmap4": false,
          "isNeedLoadBitmap4Loop": false,
          "isNeedLoadBitmap5": false,
          "isNeedLoadBitmap6": false,
          "isNeedLoadBitmap6Loop": false,
          "isNeedLoadBitmap7": false,
          "isNeedLoadBitmap8": false,
          "isNeedLoadBitmap8Loop": false,
          "isNeedLoadBitmap9": false
        },
        "deviationXShadow": 0.0,
        "deviationYShadow": 0.0,
        "duration": 1133,
        "endColor": -1,
        "endIndexFrame": 273,
        "flip": 1.0,
        "heightBitmap": 0,
        "id": "2be22edab72815a76883637439a73bf",
        "indexColor": 0,
        "indexColorShadow": 0,
        "indexEndFrameTransformCombo": 0,
        "indexEndFrameTransformIn": 0,
        "indexFont": 93,
        "indexFrame": 0,
        "indexStartFrameTransformOut": 0,
        "indexTransition": -1,
        "isBgText": false,
        "isBoldText": false,
        "isDashText": false,
        "isDashUnderText": false,
        "isDrawAnim": false,
        "isFirstFillDataTransformCombo": true,
        "isInit": true,
        "isItalicText": false,
        "isLayerFront": true,
        "isLoadFrameCache": true,
        "isTexture": false,
        "isVisible": true,
        "linkBubble": "",
        "linkItemFrame": "",
        "linkMask": "",
        "listText": [
          "oh, how you do me \u003c3"
        ],
        "modeDraw": "SRC_OVER",
        "pathFolder": "",
        "pathFont": "/data/user/0/videoeditor.moviemaker/files/INTERNAL_FONT_FOLDER_UNZIP/youth/youth/TYPO_COMICS_bold_demo.otf",
        "pathSaveBitmapFrame": "",
        "pathTexture": "https://photoforapp.s3.ap-southeast-1.amazonaws.com/Video/TextV2/Style/Basic/11/texture.jpg",
        "pointRotate": {
          "x": 211.05304,
          "y": 58.70598
        },
        "pointTranslate": {
          "x": 31.05304,
          "y": -121.29402
        },
        "rotate": 2.4362183,
        "scale": 1.0667629,
        "speed": 1,
        "speedOfTransformCombo": 15,
        "startColor": -1,
        "startIndexFrame": 239,
        "stickerTypeTransformCombo": "NONE",
        "stickerTypeTransformIn": "NONE",
        "stickerTypeTransformOut": "NONE",
        "textAlignment": "CENTER",
        "textBlurShadow": 0.0,
        "textColorShadow": -16777216,
        "textHeightAllLine": 83.75,
        "textHeightOneLine": 65.0,
        "textLetterSpacing": 0.0,
        "textLineSpacing": 27.0,
        "textPadding": 15.75,
        "textSize": 35.0,
        "textSizeDefault": 30.0,
        "textString": "oh, how you do me \u003c3",
        "textStroke": {
          "color": "#000000",
          "indexPositionInAdapter": -1,
          "width": 1.4
        },
        "timeTransformCombo": 300,
        "timeTransformIn": 300,
        "timeTransformOut": 300,
        "titleShow": "",
        "totalFileNeedDownForOneFrame": 0,
        "typeSticker": "TEXT",
        "urlCover": "",
        "widthBitmap": 0
      }
    ],
    "listItemViewDataOnTimeLine": [
      {
        "durationEnd": 0,
        "durationFadeIn": 0,
        "durationFadeOut": 0,
        "durationStart": 0,
        "endIndexFrame": 145,
        "indexRowCurrent": 0,
        "indexRowPrevious": 0,
        "keyInHasMap": 1656321400034,
        "linkDownloadMp3": "",
        "nameMp3": "",
        "pathDefault": "",
        "pathSaveFile": "",
        "positionEffectVoice": 0,
        "speedAudio": 1.0,
        "startIndexFrame": 104,
        "volume": 1.0
      },
      {
        "durationEnd": 0,
        "durationFadeIn": 0,
        "durationFadeOut": 0,
        "durationStart": 0,
        "endIndexFrame": 192,
        "indexRowCurrent": 0,
        "indexRowPrevious": 0,
        "keyInHasMap": 1656321400070,
        "linkDownloadMp3": "",
        "nameMp3": "",
        "pathDefault": "",
        "pathSaveFile": "",
        "positionEffectVoice": 0,
        "speedAudio": 1.0,
        "startIndexFrame": 145,
        "volume": 1.0
      },
      {
        "durationEnd": 0,
        "durationFadeIn": 0,
        "durationFadeOut": 0,
        "durationStart": 0,
        "endIndexFrame": 239,
        "indexRowCurrent": 0,
        "indexRowPrevious": 0,
        "keyInHasMap": 1656321400106,
        "linkDownloadMp3": "",
        "nameMp3": "",
        "pathDefault": "",
        "pathSaveFile": "",
        "positionEffectVoice": 0,
        "speedAudio": 1.0,
        "startIndexFrame": 193,
        "volume": 1.0
      },
      {
        "durationEnd": 0,
        "durationFadeIn": 0,
        "durationFadeOut": 0,
        "durationStart": 0,
        "endIndexFrame": 273,
        "indexRowCurrent": 0,
        "indexRowPrevious": 0,
        "keyInHasMap": 1656321400141,
        "linkDownloadMp3": "",
        "nameMp3": "",
        "pathDefault": "",
        "pathSaveFile": "",
        "positionEffectVoice": 0,
        "speedAudio": 1.0,
        "startIndexFrame": 239,
        "volume": 1.0
      }
    ]
  },
  "timeLastUpdate": 1656321596755,
  "videoEffect": {
    "listItemEffectData": [
      {
        "drawMode": "SCREEN",
        "endIndexFrame": 273,
        "indexFrameDrawCurrent": 31,
        "isCenterCrop": true,
        "isCenterInside": false,
        "isDraw": true,
        "isReloadFromCache": true,
        "jsonObjectDataOfItem": "",
        "keyEffect": "SERVER",
        "keyInHasMap": 1656321596761,
        "pathFolderEffect": "/data/user/0/videoeditor.moviemaker/files/FOLDER_EFFECT/Rainbow/17",
        "positionInAdapter": 17,
        "sizeCanvasCurrent": {
          "x": 405,
          "y": 720
        },
        "speed": 1,
        "startIndexFrame": 1,
        "title": "Rainbow 17",
        "totalFrame": 272,
        "uri": "/data/user/0/videoeditor.moviemaker/files/FOLDER_EFFECT/Rainbow/17/Rainbow.m4v"
      }
    ],
    "listItemViewDataOnTimeLine": [
      {
        "durationEnd": 9066,
        "durationFadeIn": 0,
        "durationFadeOut": 0,
        "durationStart": 0,
        "endIndexFrame": 273,
        "indexRowCurrent": 0,
        "indexRowPrevious": 0,
        "keyInHasMap": 1656321560962,
        "linkDownloadMp3": "",
        "nameMp3": "",
        "pathDefault": "",
        "pathSaveFile": "",
        "positionEffectVoice": 0,
        "speedAudio": 1.0,
        "startIndexFrame": 1,
        "volume": 1.0
      }
    ]
  }
}