{
  "durationVideo": 13800,
  "editor": {
    "listItemPhotoData": [
      {
        "backgroundColor": -16777216,
        "blurBackground": 0,
        "duration": 2333,
        "endIndexFrame": 69,
        "flipHorizontal": 1.0,
        "flipVertical": 1.0,
        "gpuPosition": 0,
        "gpuProgress": 0,
        "heightBitmap": 987,
        "idItemPhoto": "1658201925325",
        "indexEndFrameTransformCombo": 69,
        "indexEndFrameTransformIn": 0,
        "indexStartFrameTransformOut": 0,
        "isCalledCutBody": false,
        "isCenterCrop": false,
        "isCenterInside": true,
        "isCropBitmap": true,
        "isLoadFromCache": true,
        "isLocked": false,
        "itemDataTransition": {
          "indexCate": 6,
          "indexItem": 15,
          "isMask": false,
          "keyItem": "BLANCH",
          "linkCover": "https://photoforapp.s3.ap-southeast-1.amazonaws.com/Video/TransitionsServer/Basic/Icon/BLANCH.gif",
          "linkDownload": "https://photoforapp.s3.ap-southeast-1.amazonaws.com/Video/TransitionsServer/Basic/BLANCH.zip",
          "modeDraw": "",
          "nameEn": "Blanch",
          "nameVn": "Làm trắng",
          "paintModeDraw": "SRC_OVER",
          "pathFolderOfTransition": "",
          "pathFolderZipOfTransition": "",
          "positionTransitionInAdapter": 98,
          "timeTransitionCurrent": 188,
          "typeTransition": {
            "type": "BASIC",
            "typeTransition": "BLANCH"
          }
        },
        "itemTemplateModel": {
          "duration": 0,
          "heightBitmap": 0,
          "indexSticker": -1,
          "isCrop": false,
          "isLocked": false,
          "md5PathFileOld": "",
          "pathFile": "",
          "rect": {
            "bottom": 0,
            "left": 0,
            "right": 0,
            "top": 0
          },
          "typeTemplateModel": "NONE",
          "widthBitmap": 0
        },
        "linkBackgroundImage": "",
        "objDataAdjust": {
          "mCurrentBrightnessFilter": 50,
          "mCurrentContrastFilter": 50,
          "mCurrentExposureFilter": 50,
          "mCurrentFadeFilters": 0,
          "mCurrentHighlightFilter": 100,
          "mCurrentHueFilter": 0,
          "mCurrentSaturationFilter": 50,
          "mCurrentShadowFilter": 0,
          "mCurrentSharpenFilter": 50,
          "mCurrentTempFilter": 50,
          "mCurrentVignetteFilter": 100,
          "mListRedoAdjust": [],
          "mListUndoAdjust": []
        },
        "pathBitmap": "/storage/emulated/0/DCIM/Ảnh Test/Girl US UK/O1CN01qXa9sS1SXkc6RxXop_!!35612257.jpg",
        "rectCrop": {
          "bottom": 1042,
          "left": 63,
          "right": 619,
          "top": 55
        },
        "rotate": 0,
        "rotateAnim": 0.0,
        "scaleAnim": 1.0,
        "startIndexFrame": 0,
        "timeTransformCombo": 2333,
        "timeTransformIn": 300,
        "timeTransformOut": 300,
        "totalFrame": 69,
        "typeBackground": "COLOR",
        "typeTransformCombo": "SWAY_OUT",
        "typeTransformIn": "NONE",
        "typeTransformOut": "NONE",
        "valueMatrixBitmapDraw": [
          0.73841727,
          0.0,
          -2.7799988,
          0.0,
          0.73841727,
          -4.4089355,
          0.0,
          0.0,
          1.0
        ],
        "widthBitmap": 556
      },
      {
        "backgroundColor": -16777216,
        "blurBackground": 0,
        "duration": 1667,
        "endIndexFrame": 119,
        "flipHorizontal": 1.0,
        "flipVertical": 1.0,
        "gpuPosition": 0,
        "gpuProgress": 0,
        "heightBitmap": 1053,
        "idItemPhoto": "1658201925472",
        "indexEndFrameTransformCombo": 119,
        "indexEndFrameTransformIn": 0,
        "indexStartFrameTransformOut": 0,
        "isCalledCutBody": false,
        "isCenterCrop": false,
        "isCenterInside": true,
        "isCropBitmap": true,
        "isLoadFromCache": true,
        "isLocked": false,
        "itemDataTransition": {
          "indexCate": 0,
          "isMask": false,
          "keyItem": "",
          "linkCover": "",
          "linkDownload": "",
          "modeDraw": "",
          "nameEn": "",
          "nameVn": "",
          "paintModeDraw": "SRC_OVER",
          "pathFolderOfTransition": "",
          "pathFolderZipOfTransition": "",
          "positionTransitionInAdapter": 0,
          "timeTransitionCurrent": 1000,
          "typeTransition": {
            "type": "NONE",
            "typeTransition": "NONE"
          }
        },
        "itemTemplateModel": {
          "duration": 0,
          "heightBitmap": 0,
          "indexSticker": -1,
          "isCrop": false,
          "isLocked": false,
          "md5PathFileOld": "",
          "pathFile": "",
          "rect": {
            "bottom": 0,
            "left": 0,
            "right": 0,
            "top": 0
          },
          "typeTemplateModel": "NONE",
          "widthBitmap": 0
        },
        "linkBackgroundImage": "",
        "objDataAdjust": {
          "mCurrentBrightnessFilter": 50,
          "mCurrentContrastFilter": 50,
          "mCurrentExposureFilter": 50,
          "mCurrentFadeFilters": 0,
          "mCurrentHighlightFilter": 100,
          "mCurrentHueFilter": 0,
          "mCurrentSaturationFilter": 50,
          "mCurrentShadowFilter": 0,
          "mCurrentSharpenFilter": 50,
          "mCurrentTempFilter": 50,
          "mCurrentVignetteFilter": 100,
          "mListRedoAdjust": [],
          "mListUndoAdjust": []
        },
        "pathBitmap": "/storage/emulated/0/DCIM/Ảnh Test/Girl US UK/O1CN01EJVIIM1SXkc5MN0b4_!!35612257.jpg",
        "rectCrop": {
          "bottom": 1074,
          "left": 77,
          "right": 670,
          "top": 21
        },
        "rotate": 0,
        "rotateAnim": 0.0,
        "scaleAnim": 1.0,
        "startIndexFrame": 70,
        "timeTransformCombo": 1667,
        "timeTransformIn": 300,
        "timeTransformOut": 300,
        "totalFrame": 49,
        "typeBackground": "COLOR",
        "typeTransformCombo": "SLIP_AND_SLIDE_1",
        "typeTransformIn": "NONE",
        "typeTransformOut": "NONE",
        "valueMatrixBitmapDraw": [
          0.69296795,
          0.0,
          -2.9649887,
          0.0,
          0.69296795,
          -4.8476257,
          0.0,
          0.0,
          1.0
        ],
        "widthBitmap": 593
      },
      {
        "backgroundColor": -16777216,
        "blurBackground": 0,
        "duration": 1733,
        "endIndexFrame": 171,
        "flipHorizontal": 1.0,
        "flipVertical": 1.0,
        "gpuPosition": 0,
        "gpuProgress": 0,
        "heightBitmap": 1280,
        "idItemPhoto": "1658201925693",
        "indexEndFrameTransformCombo": 171,
        "indexEndFrameTransformIn": 0,
        "indexStartFrameTransformOut": 0,
        "isCalledCutBody": false,
        "isCenterCrop": false,
        "isCenterInside": true,
        "isCropBitmap": true,
        "isLoadFromCache": true,
        "isLocked": false,
        "itemDataTransition": {
          "indexCate": 0,
          "isMask": false,
          "keyItem": "",
          "linkCover": "",
          "linkDownload": "",
          "modeDraw": "",
          "nameEn": "",
          "nameVn": "",
          "paintModeDraw": "SRC_OVER",
          "pathFolderOfTransition": "",
          "pathFolderZipOfTransition": "",
          "positionTransitionInAdapter": 0,
          "timeTransitionCurrent": 1000,
          "typeTransition": {
            "type": "NONE",
            "typeTransition": "NONE"
          }
        },
        "itemTemplateModel": {
          "duration": 0,
          "heightBitmap": 0,
          "indexSticker": -1,
          "isCrop": false,
          "isLocked": false,
          "md5PathFileOld": "",
          "pathFile": "",
          "rect": {
            "bottom": 0,
            "left": 0,
            "right": 0,
            "top": 0
          },
          "typeTemplateModel": "NONE",
          "widthBitmap": 0
        },
        "linkBackgroundImage": "",
        "objDataAdjust": {
          "mCurrentBrightnessFilter": 50,
          "mCurrentContrastFilter": 50,
          "mCurrentExposureFilter": 50,
          "mCurrentFadeFilters": 0,
          "mCurrentHighlightFilter": 100,
          "mCurrentHueFilter": 0,
          "mCurrentSaturationFilter": 50,
          "mCurrentShadowFilter": 0,
          "mCurrentSharpenFilter": 50,
          "mCurrentTempFilter": 50,
          "mCurrentVignetteFilter": 100,
          "mListRedoAdjust": [],
          "mListUndoAdjust": []
        },
        "pathBitmap": "/storage/emulated/0/DCIM/Ảnh Test/Girl US UK/281606657_5480260942019793_6086399453424539388_n.jpg",
        "rectCrop": {
          "bottom": 1280,
          "left": 290,
          "right": 1010,
          "top": 0
        },
        "rotate": 0,
        "rotateAnim": 0.0,
        "scaleAnim": 1.0,
        "startIndexFrame": 120,
        "timeTransformCombo": 1733,
        "timeTransformIn": 300,
        "timeTransformOut": 300,
        "totalFrame": 51,
        "typeBackground": "COLOR",
        "typeTransformCombo": "SLIP_AND_SLIDE_1",
        "typeTransformIn": "NONE",
        "typeTransformOut": "NONE",
        "valueMatrixBitmapDraw": [
          0.5725,
          0.0,
          -3.5999985,
          0.0,
          0.5725,
          -6.399994,
          0.0,
          0.0,
          1.0
        ],
        "widthBitmap": 720
      },
      {
        "backgroundColor": -16777216,
        "blurBackground": 0,
        "duration": 1933,
        "endIndexFrame": 229,
        "flipHorizontal": 1.0,
        "flipVertical": 1.0,
        "gpuPosition": 0,
        "gpuProgress": 0,
        "heightBitmap": 1280,
        "idItemPhoto": "1658201925929",
        "indexEndFrameTransformCombo": 229,
        "indexEndFrameTransformIn": 0,
        "indexStartFrameTransformOut": 0,
        "isCalledCutBody": false,
        "isCenterCrop": false,
        "isCenterInside": true,
        "isCropBitmap": true,
        "isLoadFromCache": true,
        "isLocked": false,
        "itemDataTransition": {
          "indexCate": 0,
          "isMask": false,
          "keyItem": "",
          "linkCover": "",
          "linkDownload": "",
          "modeDraw": "",
          "nameEn": "",
          "nameVn": "",
          "paintModeDraw": "SRC_OVER",
          "pathFolderOfTransition": "",
          "pathFolderZipOfTransition": "",
          "positionTransitionInAdapter": 0,
          "timeTransitionCurrent": 1000,
          "typeTransition": {
            "type": "NONE",
            "typeTransition": "NONE"
          }
        },
        "itemTemplateModel": {
          "duration": 0,
          "heightBitmap": 0,
          "indexSticker": -1,
          "isCrop": false,
          "isLocked": false,
          "md5PathFileOld": "",
          "pathFile": "",
          "rect": {
            "bottom": 0,
            "left": 0,
            "right": 0,
            "top": 0
          },
          "typeTemplateModel": "NONE",
          "widthBitmap": 0
        },
        "linkBackgroundImage": "",
        "objDataAdjust": {
          "mCurrentBrightnessFilter": 50,
          "mCurrentContrastFilter": 50,
          "mCurrentExposureFilter": 50,
          "mCurrentFadeFilters": 0,
          "mCurrentHighlightFilter": 100,
          "mCurrentHueFilter": 0,
          "mCurrentSaturationFilter": 50,
          "mCurrentShadowFilter": 0,
          "mCurrentSharpenFilter": 50,
          "mCurrentTempFilter": 50,
          "mCurrentVignetteFilter": 100,
          "mListRedoAdjust": [],
          "mListUndoAdjust": []
        },
        "pathBitmap": "/storage/emulated/0/DCIM/Ảnh Test/Girl US UK/282027972_5483930408319513_3372055929156064266_n.jpg",
        "rectCrop": {
          "bottom": 1280,
          "left": 137,
          "right": 857,
          "top": 0
        },
        "rotate": 0,
        "rotateAnim": 0.0,
        "scaleAnim": 1.0,
        "startIndexFrame": 172,
        "timeTransformCombo": 1933,
        "timeTransformIn": 300,
        "timeTransformOut": 300,
        "totalFrame": 57,
        "typeBackground": "COLOR",
        "typeTransformCombo": "SLIP_AND_SLIDE_1",
        "typeTransformIn": "NONE",
        "typeTransformOut": "NONE",
        "valueMatrixBitmapDraw": [
          0.5725,
          0.0,
          -3.5999985,
          0.0,
          0.5725,
          -6.399994,
          0.0,
          0.0,
          1.0
        ],
        "widthBitmap": 720
      },
      {
        "backgroundColor": -16777216,
        "blurBackground": 0,
        "duration": 1800,
        "endIndexFrame": 283,
        "flipHorizontal": 1.0,
        "flipVertical": 1.0,
        "gpuPosition": 0,
        "gpuProgress": 0,
        "heightBitmap": 1175,
        "idItemPhoto": "1658201926114",
        "indexEndFrameTransformCombo": 283,
        "indexEndFrameTransformIn": 0,
        "indexStartFrameTransformOut": 0,
        "isCalledCutBody": false,
        "isCenterCrop": false,
        "isCenterInside": true,
        "isCropBitmap": true,
        "isLoadFromCache": true,
        "isLocked": false,
        "itemDataTransition": {
          "indexCate": 0,
          "isMask": false,
          "keyItem": "",
          "linkCover": "",
          "linkDownload": "",
          "modeDraw": "",
          "nameEn": "",
          "nameVn": "",
          "paintModeDraw": "SRC_OVER",
          "pathFolderOfTransition": "",
          "pathFolderZipOfTransition": "",
          "positionTransitionInAdapter": 0,
          "timeTransitionCurrent": 1000,
          "typeTransition": {
            "type": "NONE",
            "typeTransition": "NONE"
          }
        },
        "itemTemplateModel": {
          "duration": 0,
          "heightBitmap": 0,
          "indexSticker": -1,
          "isCrop": false,
          "isLocked": false,
          "md5PathFileOld": "",
          "pathFile": "",
          "rect": {
            "bottom": 0,
            "left": 0,
            "right": 0,
            "top": 0
          },
          "typeTemplateModel": "NONE",
          "widthBitmap": 0
        },
        "linkBackgroundImage": "",
        "objDataAdjust": {
          "mCurrentBrightnessFilter": 50,
          "mCurrentContrastFilter": 50,
          "mCurrentExposureFilter": 50,
          "mCurrentFadeFilters": 0,
          "mCurrentHighlightFilter": 100,
          "mCurrentHueFilter": 0,
          "mCurrentSaturationFilter": 50,
          "mCurrentShadowFilter": 0,
          "mCurrentSharpenFilter": 50,
          "mCurrentTempFilter": 50,
          "mCurrentVignetteFilter": 100,
          "mListRedoAdjust": [],
          "mListUndoAdjust": []
        },
        "pathBitmap": "/storage/emulated/0/DCIM/Ảnh Test/Girl US UK/281636817_5481060465273174_3446545414786230086_n.jpg",
        "rectCrop": {
          "bottom": 1175,
          "left": 217,
          "right": 878,
          "top": 0
        },
        "rotate": 0,
        "rotateAnim": 0.0,
        "scaleAnim": 1.0,
        "startIndexFrame": 230,
        "timeTransformCombo": 1800,
        "timeTransformIn": 300,
        "timeTransformOut": 300,
        "totalFrame": 53,
        "typeBackground": "COLOR",
        "typeTransformCombo": "SLIP_AND_SLIDE_1",
        "typeTransformIn": "NONE",
        "typeTransformOut": "NONE",
        "valueMatrixBitmapDraw": [
          0.622708,
          0.0,
          -3.3050003,
          0.0,
          0.622708,
          -5.8409576,
          0.0,
          0.0,
          1.0
        ],
        "widthBitmap": 661
      },
      {
        "backgroundColor": -16777216,
        "blurBackground": 0,
        "duration": 1800,
        "endIndexFrame": 337,
        "flipHorizontal": 1.0,
        "flipVertical": 1.0,
        "gpuPosition": 0,
        "gpuProgress": 0,
        "heightBitmap": 1280,
        "idItemPhoto": "1658201926278",
        "indexEndFrameTransformCombo": 337,
        "indexEndFrameTransformIn": 0,
        "indexStartFrameTransformOut": 0,
        "isCalledCutBody": false,
        "isCenterCrop": false,
        "isCenterInside": true,
        "isCropBitmap": true,
        "isLoadFromCache": true,
        "isLocked": false,
        "itemDataTransition": {
          "indexCate": 0,
          "isMask": false,
          "keyItem": "",
          "linkCover": "",
          "linkDownload": "",
          "modeDraw": "",
          "nameEn": "",
          "nameVn": "",
          "paintModeDraw": "SRC_OVER",
          "pathFolderOfTransition": "",
          "pathFolderZipOfTransition": "",
          "positionTransitionInAdapter": 0,
          "timeTransitionCurrent": 1000,
          "typeTransition": {
            "type": "NONE",
            "typeTransition": "NONE"
          }
        },
        "itemTemplateModel": {
          "duration": 0,
          "heightBitmap": 0,
          "indexSticker": -1,
          "isCrop": false,
          "isLocked": false,
          "md5PathFileOld": "",
          "pathFile": "",
          "rect": {
            "bottom": 0,
            "left": 0,
            "right": 0,
            "top": 0
          },
          "typeTemplateModel": "NONE",
          "widthBitmap": 0
        },
        "linkBackgroundImage": "",
        "objDataAdjust": {
          "mCurrentBrightnessFilter": 50,
          "mCurrentContrastFilter": 50,
          "mCurrentExposureFilter": 50,
          "mCurrentFadeFilters": 0,
          "mCurrentHighlightFilter": 100,
          "mCurrentHueFilter": 0,
          "mCurrentSaturationFilter": 50,
          "mCurrentShadowFilter": 0,
          "mCurrentSharpenFilter": 50,
          "mCurrentTempFilter": 50,
          "mCurrentVignetteFilter": 100,
          "mListRedoAdjust": [],
          "mListUndoAdjust": []
        },
        "pathBitmap": "/storage/emulated/0/DCIM/Ảnh Test/Girl US UK/282397491_5487085391337348_3446911422342702687_n.jpg",
        "rectCrop": {
          "bottom": 1280,
          "left": 36,
          "right": 756,
          "top": 0
        },
        "rotate": 0,
        "rotateAnim": 0.0,
        "scaleAnim": 1.0,
        "startIndexFrame": 284,
        "timeTransformCombo": 1800,
        "timeTransformIn": 300,
        "timeTransformOut": 300,
        "totalFrame": 53,
        "typeBackground": "COLOR",
        "typeTransformCombo": "SLIP_AND_SLIDE_1",
        "typeTransformIn": "NONE",
        "typeTransformOut": "NONE",
        "valueMatrixBitmapDraw": [
          0.5725,
          0.0,
          -3.5999985,
          0.0,
          0.5725,
          -6.399994,
          0.0,
          0.0,
          1.0
        ],
        "widthBitmap": 720
      },
      {
        "backgroundColor": -16777216,
        "blurBackground": 0,
        "duration": 1467,
        "endIndexFrame": 381,
        "flipHorizontal": 1.0,
        "flipVertical": 1.0,
        "gpuPosition": 0,
        "gpuProgress": 0,
        "heightBitmap": 1106,
        "idItemPhoto": "1658201926491",
        "indexEndFrameTransformCombo": 381,
        "indexEndFrameTransformIn": 0,
        "indexStartFrameTransformOut": 0,
        "isCalledCutBody": false,
        "isCenterCrop": false,
        "isCenterInside": true,
        "isCropBitmap": true,
        "isLoadFromCache": true,
        "isLocked": false,
        "itemDataTransition": {
          "indexCate": 0,
          "isMask": false,
          "keyItem": "",
          "linkCover": "",
          "linkDownload": "",
          "modeDraw": "",
          "nameEn": "",
          "nameVn": "",
          "paintModeDraw": "SRC_OVER",
          "pathFolderOfTransition": "",
          "pathFolderZipOfTransition": "",
          "positionTransitionInAdapter": 0,
          "timeTransitionCurrent": 1000,
          "typeTransition": {
            "type": "NONE",
            "typeTransition": "NONE"
          }
        },
        "itemTemplateModel": {
          "duration": 0,
          "heightBitmap": 0,
          "indexSticker": -1,
          "isCrop": false,
          "isLocked": false,
          "md5PathFileOld": "",
          "pathFile": "",
          "rect": {
            "bottom": 0,
            "left": 0,
            "right": 0,
            "top": 0
          },
          "typeTemplateModel": "NONE",
          "widthBitmap": 0
        },
        "linkBackgroundImage": "",
        "objDataAdjust": {
          "mCurrentBrightnessFilter": 50,
          "mCurrentContrastFilter": 50,
          "mCurrentExposureFilter": 50,
          "mCurrentFadeFilters": 0,
          "mCurrentHighlightFilter": 100,
          "mCurrentHueFilter": 0,
          "mCurrentSaturationFilter": 50,
          "mCurrentShadowFilter": 0,
          "mCurrentSharpenFilter": 50,
          "mCurrentTempFilter": 50,
          "mCurrentVignetteFilter": 100,
          "mListRedoAdjust": [],
          "mListUndoAdjust": []
        },
        "pathBitmap": "/storage/emulated/0/DCIM/Ảnh Test/Girl US UK/200248521_510022150436268_7647155719991236897_n.jpg",
        "rectCrop": {
          "bottom": 1280,
          "left": 221,
          "right": 843,
          "top": 174
        },
        "rotate": 0,
        "rotateAnim": 0.0,
        "scaleAnim": 1.0,
        "startIndexFrame": 338,
        "timeTransformCombo": 1467,
        "timeTransformIn": 300,
        "timeTransformOut": 300,
        "totalFrame": 43,
        "typeBackground": "COLOR",
        "typeTransformCombo": "SLIP_AND_SLIDE_1",
        "typeTransformIn": "NONE",
        "typeTransformOut": "NONE",
        "valueMatrixBitmapDraw": [
          0.6609946,
          0.0,
          -3.0693207,
          0.0,
          0.6609946,
          -5.5300064,
          0.0,
          0.0,
          1.0
        ],
        "widthBitmap": 622
      },
      {
        "backgroundColor": -16777216,
        "blurBackground": 0,
        "duration": 1067,
        "endIndexFrame": 413,
        "flipHorizontal": 1.0,
        "flipVertical": 1.0,
        "gpuPosition": 0,
        "gpuProgress": 0,
        "heightBitmap": 1241,
        "idItemPhoto": "1658201926630",
        "indexEndFrameTransformCombo": 413,
        "indexEndFrameTransformIn": 0,
        "indexStartFrameTransformOut": 0,
        "isCalledCutBody": false,
        "isCenterCrop": false,
        "isCenterInside": true,
        "isCropBitmap": true,
        "isLoadFromCache": true,
        "isLocked": false,
        "itemDataTransition": {
          "indexCate": 0,
          "isMask": false,
          "keyItem": "",
          "linkCover": "",
          "linkDownload": "",
          "modeDraw": "",
          "nameEn": "",
          "nameVn": "",
          "paintModeDraw": "SRC_OVER",
          "pathFolderOfTransition": "",
          "pathFolderZipOfTransition": "",
          "positionTransitionInAdapter": 0,
          "timeTransitionCurrent": 1000,
          "typeTransition": {
            "type": "NONE",
            "typeTransition": "NONE"
          }
        },
        "itemTemplateModel": {
          "duration": 0,
          "heightBitmap": 0,
          "indexSticker": -1,
          "isCrop": false,
          "isLocked": false,
          "md5PathFileOld": "",
          "pathFile": "",
          "rect": {
            "bottom": 0,
            "left": 0,
            "right": 0,
            "top": 0
          },
          "typeTemplateModel": "NONE",
          "widthBitmap": 0
        },
        "linkBackgroundImage": "",
        "objDataAdjust": {
          "mCurrentBrightnessFilter": 50,
          "mCurrentContrastFilter": 50,
          "mCurrentExposureFilter": 50,
          "mCurrentFadeFilters": 0,
          "mCurrentHighlightFilter": 100,
          "mCurrentHueFilter": 0,
          "mCurrentSaturationFilter": 50,
          "mCurrentShadowFilter": 0,
          "mCurrentSharpenFilter": 50,
          "mCurrentTempFilter": 50,
          "mCurrentVignetteFilter": 100,
          "mListRedoAdjust": [],
          "mListUndoAdjust": []
        },
        "pathBitmap": "/storage/emulated/0/DCIM/Ảnh Test/Girl US UK/200261808_598096191095418_4484627855808040492_n.jpg",
        "rectCrop": {
          "bottom": 1280,
          "left": 224,
          "right": 922,
          "top": 39
        },
        "rotate": 0,
        "rotateAnim": 0.0,
        "scaleAnim": 1.0,
        "startIndexFrame": 382,
        "timeTransformCombo": 1067,
        "timeTransformIn": 300,
        "timeTransformOut": 300,
        "totalFrame": 31,
        "typeBackground": "COLOR",
        "typeTransformCombo": "SLIP_AND_SLIDE_1",
        "typeTransformIn": "NONE",
        "typeTransformOut": "NONE",
        "valueMatrixBitmapDraw": [
          0.59017724,
          0.0,
          -3.4718552,
          0.0,
          0.59017724,
          -6.2049713,
          0.0,
          0.0,
          1.0
        ],
        "widthBitmap": 698
      }
    ]
  },
  "frame": {
    "listItemStickerData": [],
    "listItemViewDataOnTimeLine": []
  },
  "keyProjectCurrent": "1658201927944",
  "listTemplateModel": {
    "list": []
  },
  "music": {
    "listItemMusicData": [
      {
        "durationEnd": 13608,
        "durationFadeIn": 0,
        "durationFadeOut": 0,
        "durationStart": 0,
        "endIndexFrame": 408,
        "indexRowCurrent": 0,
        "indexRowPrevious": 0,
        "keyInHasMap": 1658202623412,
        "linkDownloadMp3": "/storage/emulated/0/Music/G3Video/Direct_ConvertVideoToMp3_1658202576607.mp3",
        "nameMp3": "Direct_ConvertVideoToMp3_1658202576607.mp3",
        "pathDefault": "/storage/emulated/0/Music/G3Video/Direct_ConvertVideoToMp3_1658202576607.mp3",
        "pathSaveFile": "/storage/emulated/0/Music/G3Video/Direct_ConvertVideoToMp3_1658202576607.mp3",
        "positionEffectVoice": 0,
        "speedAudio": 1.0,
        "startIndexFrame": 0,
        "volume": 1.0
      }
    ]
  },
  "nameVideo": "Template 1658201927944",
  "setting": {
    "quality": 720,
    "ratio": {
      "height": 16.0,
      "width": 9.0
    }
  },
  "sticker": {
    "listItemStickerData": [],
    "listItemViewDataOnTimeLine": []
  },
  "text": {
    "listItemStickerData": [],
    "listItemViewDataOnTimeLine": []
  },
  "timeLastUpdate": 1658204343227,
  "videoEffect": {
    "listItemEffectData": [
      {
        "drawMode": "SCREEN",
        "endIndexFrame": 171,
        "indexFrameDrawCurrent": 49,
        "isCenterCrop": true,
        "isCenterInside": false,
        "isDraw": true,
        "isNeedCutBody": false,
        "isReloadFromCache": true,
        "jsonObjectDataOfItem": "",
        "keyEffect": "SERVER",
        "keyInHasMap": 1658204343228,
        "pathFolderEffect": "/data/user/0/videoeditor.moviemaker/files/FOLDER_EFFECT/Particles/24",
        "positionInAdapter": 24,
        "speed": 1,
        "startIndexFrame": 119,
        "title": "Particles 24",
        "totalFrame": 52,
        "uri": "/data/user/0/videoeditor.moviemaker/files/FOLDER_EFFECT/Particles/24/Particles.m4v"
      },
      {
        "drawMode": "SCREEN",
        "endIndexFrame": 229,
        "indexFrameDrawCurrent": 58,
        "isCenterCrop": true,
        "isCenterInside": false,
        "isDraw": true,
        "isNeedCutBody": false,
        "isReloadFromCache": true,
        "jsonObjectDataOfItem": "",
        "keyEffect": "SERVER",
        "keyInHasMap": 1658204343228,
        "pathFolderEffect": "/data/user/0/videoeditor.moviemaker/files/FOLDER_EFFECT/Particles/24",
        "positionInAdapter": 24,
        "speed": 1,
        "startIndexFrame": 171,
        "title": "Particles 24",
        "totalFrame": 58,
        "uri": "/data/user/0/videoeditor.moviemaker/files/FOLDER_EFFECT/Particles/24/Particles.m4v"
      },
      {
        "drawMode": "SCREEN",
        "endIndexFrame": 282,
        "indexFrameDrawCurrent": 53,
        "isCenterCrop": true,
        "isCenterInside": false,
        "isDraw": true,
        "isNeedCutBody": false,
        "isReloadFromCache": true,
        "jsonObjectDataOfItem": "",
        "keyEffect": "SERVER",
        "keyInHasMap": 1658204343228,
        "pathFolderEffect": "/data/user/0/videoeditor.moviemaker/files/FOLDER_EFFECT/Particles/24",
        "positionInAdapter": 24,
        "speed": 1,
        "startIndexFrame": 229,
        "title": "Particles 24",
        "totalFrame": 53,
        "uri": "/data/user/0/videoeditor.moviemaker/files/FOLDER_EFFECT/Particles/24/Particles.m4v"
      },
      {
        "drawMode": "SCREEN",
        "endIndexFrame": 336,
        "indexFrameDrawCurrent": 0,
        "isCenterCrop": true,
        "isCenterInside": false,
        "isDraw": true,
        "isNeedCutBody": false,
        "isReloadFromCache": true,
        "jsonObjectDataOfItem": "",
        "keyEffect": "SERVER",
        "keyInHasMap": 1658204343229,
        "pathFolderEffect": "/data/user/0/videoeditor.moviemaker/files/FOLDER_EFFECT/Particles/24",
        "positionInAdapter": 24,
        "speed": 1,
        "startIndexFrame": 283,
        "title": "Particles 24",
        "totalFrame": 53,
        "uri": "/data/user/0/videoeditor.moviemaker/files/FOLDER_EFFECT/Particles/24/Particles.m4v"
      },
      {
        "drawMode": "SCREEN",
        "endIndexFrame": 380,
        "indexFrameDrawCurrent": 3,
        "isCenterCrop": true,
        "isCenterInside": false,
        "isDraw": true,
        "isNeedCutBody": false,
        "isReloadFromCache": true,
        "jsonObjectDataOfItem": "",
        "keyEffect": "SERVER",
        "keyInHasMap": 1658204343229,
        "pathFolderEffect": "/data/user/0/videoeditor.moviemaker/files/FOLDER_EFFECT/Particles/24",
        "positionInAdapter": 24,
        "speed": 1,
        "startIndexFrame": 337,
        "title": "Particles 24",
        "totalFrame": 43,
        "uri": "/data/user/0/videoeditor.moviemaker/files/FOLDER_EFFECT/Particles/24/Particles.m4v"
      },
      {
        "drawMode": "SCREEN",
        "endIndexFrame": 414,
        "indexFrameDrawCurrent": 17,
        "isCenterCrop": true,
        "isCenterInside": false,
        "isDraw": true,
        "isNeedCutBody": false,
        "isReloadFromCache": true,
        "jsonObjectDataOfItem": "",
        "keyEffect": "SERVER",
        "keyInHasMap": 1658204343230,
        "pathFolderEffect": "/data/user/0/videoeditor.moviemaker/files/FOLDER_EFFECT/Particles/24",
        "positionInAdapter": 24,
        "speed": 1,
        "startIndexFrame": 382,
        "title": "Particles 24",
        "totalFrame": 32,
        "uri": "/data/user/0/videoeditor.moviemaker/files/FOLDER_EFFECT/Particles/24/Particles.m4v"
      }
    ],
    "listItemViewDataOnTimeLine": [
      {
        "durationEnd": 1733,
        "durationFadeIn": 0,
        "durationFadeOut": 0,
        "durationStart": 0,
        "endIndexFrame": 171,
        "indexRowCurrent": 0,
        "indexRowPrevious": 0,
        "keyInHasMap": 1658204250037,
        "linkDownloadMp3": "",
        "nameMp3": "",
        "pathDefault": "",
        "pathSaveFile": "",
        "positionEffectVoice": 0,
        "speedAudio": 1.0,
        "startIndexFrame": 119,
        "volume": 1.0
      },
      {
        "durationEnd": 1933,
        "durationFadeIn": 0,
        "durationFadeOut": 0,
        "durationStart": 0,
        "endIndexFrame": 229,
        "indexRowCurrent": 0,
        "indexRowPrevious": 0,
        "keyInHasMap": 1658204271684,
        "linkDownloadMp3": "",
        "nameMp3": "",
        "pathDefault": "",
        "pathSaveFile": "",
        "positionEffectVoice": 0,
        "speedAudio": 1.0,
        "startIndexFrame": 171,
        "volume": 1.0
      },
      {
        "durationEnd": 1766,
        "durationFadeIn": 0,
        "durationFadeOut": 0,
        "durationStart": 0,
        "endIndexFrame": 282,
        "indexRowCurrent": 0,
        "indexRowPrevious": 0,
        "keyInHasMap": 1658204275025,
        "linkDownloadMp3": "",
        "nameMp3": "",
        "pathDefault": "",
        "pathSaveFile": "",
        "positionEffectVoice": 0,
        "speedAudio": 1.0,
        "startIndexFrame": 229,
        "volume": 1.0
      },
      {
        "durationEnd": 1766,
        "durationFadeIn": 0,
        "durationFadeOut": 0,
        "durationStart": 0,
        "endIndexFrame": 336,
        "indexRowCurrent": 0,
        "indexRowPrevious": 0,
        "keyInHasMap": 1658204284243,
        "linkDownloadMp3": "",
        "nameMp3": "",
        "pathDefault": "",
        "pathSaveFile": "",
        "positionEffectVoice": 0,
        "speedAudio": 1.0,
        "startIndexFrame": 283,
        "volume": 1.0
      },
      {
        "durationEnd": 1433,
        "durationFadeIn": 0,
        "durationFadeOut": 0,
        "durationStart": 0,
        "endIndexFrame": 380,
        "indexRowCurrent": 0,
        "indexRowPrevious": 0,
        "keyInHasMap": 1658204288434,
        "linkDownloadMp3": "",
        "nameMp3": "",
        "pathDefault": "",
        "pathSaveFile": "",
        "positionEffectVoice": 0,
        "speedAudio": 1.0,
        "startIndexFrame": 337,
        "volume": 1.0
      },
      {
        "durationEnd": 1166,
        "durationFadeIn": 0,
        "durationFadeOut": 0,
        "durationStart": 0,
        "endIndexFrame": 414,
        "indexRowCurrent": 0,
        "indexRowPrevious": 0,
        "keyInHasMap": 1658204295061,
        "linkDownloadMp3": "",
        "nameMp3": "",
        "pathDefault": "",
        "pathSaveFile": "",
        "positionEffectVoice": 0,
        "speedAudio": 1.0,
        "startIndexFrame": 382,
        "volume": 1.0
      }
    ]
  }
}