{
  "durationVideo": 11000,
  "editor": {
    "listItemPhotoData": [
      {
        "backgroundColor": -16777216,
        "blurBackground": 25,
        "duration": 1567,
        "endIndexFrame": 46,
        "flipHorizontal": 1.0,
        "flipVertical": 1.0,
        "gpuPosition": 5,
        "gpuProgress": -1,
        "heightBitmap": 1200,
        "idItemPhoto": "1657177439434",
        "indexEndFrameTransformCombo": 0,
        "indexEndFrameTransformIn": 0,
        "indexStartFrameTransformOut": 0,
        "isCalledCutBody": false,
        "isCenterCrop": false,
        "isCenterInside": true,
        "isCropBitmap": false,
        "isLoadFromCache": true,
        "isLocked": false,
        "itemDataTransition": {
          "indexCate": 1,
          "indexItem": 10,
          "isMask": false,
          "keyItem": "10",
          "linkCover": "https://photoforapp.s3.ap-southeast-1.amazonaws.com/Video/TransitionsServer/Effect/Icon/10.gif",
          "linkDownload": "https://photoforapp.s3.ap-southeast-1.amazonaws.com/Video/TransitionsServer/Effect/10.zip",
          "modeDraw": "SCREEN",
          "nameEn": "Glare 1",
          "nameVn": "Glare 1",
          "paintModeDraw": "SCREEN",
          "pathFolderOfTransition": "/data/user/0/videoeditor.moviemaker/files/FolderTransitionZip/Glare 1/10/10",
          "pathFolderZipOfTransition": "/data/user/0/videoeditor.moviemaker/files/Folder_transition/Glare 1/10.zip",
          "positionTransitionInAdapter": 7,
          "timeTransitionCurrent": 356,
          "typeTransition": {
            "type": "SEVER",
            "typeTransition": "SEVER"
          }
        },
        "itemTemplateModel": {
          "duration": 0,
          "heightBitmap": 0,
          "indexSticker": -1,
          "isCrop": false,
          "isLocked": false,
          "md5PathFileOld": "",
          "pathFile": "",
          "rect": {
            "bottom": 0,
            "left": 0,
            "right": 0,
            "top": 0
          },
          "typeTemplateModel": "NONE",
          "widthBitmap": 0
        },
        "linkBackgroundImage": "",
        "objDataAdjust": {
          "mCurrentBrightnessFilter": 50,
          "mCurrentContrastFilter": 50,
          "mCurrentExposureFilter": 50,
          "mCurrentFadeFilters": 0,
          "mCurrentHighlightFilter": 100,
          "mCurrentHueFilter": 0,
          "mCurrentSaturationFilter": 50,
          "mCurrentShadowFilter": 0,
          "mCurrentSharpenFilter": 50,
          "mCurrentTempFilter": 50,
          "mCurrentVignetteFilter": 100,
          "mListRedoAdjust": [],
          "mListUndoAdjust": []
        },
        "pathBitmap": "/storage/emulated/0/Pictures/Telegram/IMG_20220707_140346_001.jpg",
        "rotate": 0,
        "rotateAnim": 0.0,
        "scaleAnim": 1.0,
        "startIndexFrame": 0,
        "timeTransformCombo": 1567,
        "timeTransformIn": 300,
        "timeTransformOut": 300,
        "totalFrame": 46,
        "typeBackground": "BLUR",
        "typeTransformCombo": "NONE",
        "typeTransformIn": "NONE",
        "typeTransformOut": "NONE",
        "valueMatrixBitmapDraw": [
          0.61,
          0.0,
          -4.5,
          0.0,
          0.61,
          -6.0000153,
          0.0,
          0.0,
          1.0
        ],
        "widthBitmap": 900
      },
      {
        "backgroundColor": -16777216,
        "blurBackground": 25,
        "duration": 5167,
        "endIndexFrame": 201,
        "flipHorizontal": 1.0,
        "flipVertical": 1.0,
        "gpuPosition": 0,
        "gpuProgress": 0,
        "heightBitmap": 1200,
        "idItemPhoto": "1657177612785",
        "indexEndFrameTransformCombo": 0,
        "indexEndFrameTransformIn": 0,
        "indexStartFrameTransformOut": 0,
        "isCalledCutBody": false,
        "isCenterCrop": false,
        "isCenterInside": true,
        "isCropBitmap": false,
        "isLoadFromCache": true,
        "isLocked": false,
        "itemDataTransition": {
          "indexCate": 2,
          "indexItem": 11,
          "isMask": false,
          "keyItem": "CAMERA_TOP_RIGHT",
          "linkCover": "https://photoforapp.s3.ap-southeast-1.amazonaws.com/Video/TransitionsServer/Camera/Icon/CAMERA_TOP_RIGHT.gif",
          "linkDownload": "https://photoforapp.s3.ap-southeast-1.amazonaws.com/Video/TransitionsServer/Camera/CAMERA_TOP_RIGHT.zip",
          "modeDraw": "",
          "nameEn": "Top Right",
          "nameVn": "Trên cùng bên phải",
          "paintModeDraw": "SRC_OVER",
          "pathFolderOfTransition": "",
          "pathFolderZipOfTransition": "",
          "positionTransitionInAdapter": 29,
          "timeTransitionCurrent": 431,
          "typeTransition": {
            "type": "CAMERA",
            "typeTransition": "CAMERA_TOP_RIGHT"
          }
        },
        "itemTemplateModel": {
          "duration": 0,
          "heightBitmap": 0,
          "indexSticker": -1,
          "isCrop": false,
          "isLocked": false,
          "md5PathFileOld": "",
          "pathFile": "",
          "rect": {
            "bottom": 0,
            "left": 0,
            "right": 0,
            "top": 0
          },
          "typeTemplateModel": "NONE",
          "widthBitmap": 0
        },
        "linkBackgroundImage": "",
        "objDataAdjust": {
          "mCurrentBrightnessFilter": 50,
          "mCurrentContrastFilter": 50,
          "mCurrentExposureFilter": 50,
          "mCurrentFadeFilters": 0,
          "mCurrentHighlightFilter": 100,
          "mCurrentHueFilter": 0,
          "mCurrentSaturationFilter": 50,
          "mCurrentShadowFilter": 0,
          "mCurrentSharpenFilter": 50,
          "mCurrentTempFilter": 50,
          "mCurrentVignetteFilter": 100,
          "mListRedoAdjust": [],
          "mListUndoAdjust": []
        },
        "pathBitmap": "/storage/emulated/0/Pictures/Telegram/IMG_20220707_140346_001.jpg",
        "rotate": 0,
        "rotateAnim": 0.0,
        "scaleAnim": 1.0,
        "startIndexFrame": 47,
        "timeTransformCombo": 5167,
        "timeTransformIn": 300,
        "timeTransformOut": 300,
        "totalFrame": 154,
        "typeBackground": "BLUR",
        "typeTransformCombo": "NONE",
        "typeTransformIn": "NONE",
        "typeTransformOut": "NONE",
        "valueMatrixBitmapDraw": [
          0.61,
          0.0,
          -4.5,
          0.0,
          0.61,
          -6.0000153,
          0.0,
          0.0,
          1.0
        ],
        "widthBitmap": 900
      },
      {
        "backgroundColor": -16777216,
        "blurBackground": 25,
        "duration": 4267,
        "endIndexFrame": 329,
        "flipHorizontal": 1.0,
        "flipVertical": 1.0,
        "gpuPosition": 0,
        "gpuProgress": 0,
        "heightBitmap": 1200,
        "idItemPhoto": "1657177439572",
        "indexEndFrameTransformCombo": 329,
        "indexEndFrameTransformIn": 0,
        "indexStartFrameTransformOut": 0,
        "isCalledCutBody": false,
        "isCenterCrop": false,
        "isCenterInside": true,
        "isCropBitmap": false,
        "isLoadFromCache": true,
        "isLocked": false,
        "itemDataTransition": {
          "indexCate": 0,
          "isMask": false,
          "keyItem": "",
          "linkCover": "",
          "linkDownload": "",
          "modeDraw": "",
          "nameEn": "",
          "nameVn": "",
          "paintModeDraw": "SRC_OVER",
          "pathFolderOfTransition": "",
          "pathFolderZipOfTransition": "",
          "positionTransitionInAdapter": 0,
          "timeTransitionCurrent": 1000,
          "typeTransition": {
            "type": "NONE",
            "typeTransition": "NONE"
          }
        },
        "itemTemplateModel": {
          "duration": 0,
          "heightBitmap": 0,
          "indexSticker": -1,
          "isCrop": false,
          "isLocked": false,
          "md5PathFileOld": "",
          "pathFile": "",
          "rect": {
            "bottom": 0,
            "left": 0,
            "right": 0,
            "top": 0
          },
          "typeTemplateModel": "NONE",
          "widthBitmap": 0
        },
        "linkBackgroundImage": "",
        "objDataAdjust": {
          "mCurrentBrightnessFilter": 50,
          "mCurrentContrastFilter": 50,
          "mCurrentExposureFilter": 50,
          "mCurrentFadeFilters": 0,
          "mCurrentHighlightFilter": 100,
          "mCurrentHueFilter": 0,
          "mCurrentSaturationFilter": 50,
          "mCurrentShadowFilter": 0,
          "mCurrentSharpenFilter": 50,
          "mCurrentTempFilter": 50,
          "mCurrentVignetteFilter": 100,
          "mListRedoAdjust": [],
          "mListUndoAdjust": []
        },
        "pathBitmap": "/storage/emulated/0/Pictures/Telegram/IMG_20220707_140347_627.jpg",
        "rotate": 0,
        "rotateAnim": 0.0,
        "scaleAnim": 1.0,
        "startIndexFrame": 202,
        "timeTransformCombo": 4267,
        "timeTransformIn": 300,
        "timeTransformOut": 300,
        "totalFrame": 127,
        "typeBackground": "BLUR",
        "typeTransformCombo": "NONE",
        "typeTransformIn": "NONE",
        "typeTransformOut": "NONE",
        "valueMatrixBitmapDraw": [
          0.61,
          0.0,
          -4.5,
          0.0,
          0.61,
          -6.0000153,
          0.0,
          0.0,
          1.0
        ],
        "widthBitmap": 900
      }
    ]
  },
  "frame": {
    "listItemStickerData": [],
    "listItemViewDataOnTimeLine": []
  },
  "keyProjectCurrent": "1657177440834",
  "listTemplateModel": {
    "list": []
  },
  "music": {
    "listItemMusicData": [
      {
        "durationEnd": 10967,
        "durationFadeIn": 0,
        "durationFadeOut": 0,
        "durationStart": 0,
        "endIndexFrame": 330,
        "indexRowCurrent": 0,
        "indexRowPrevious": 0,
        "keyInHasMap": 1657177458563,
        "linkDownloadMp3": "/storage/emulated/0/Music/G3Video/Direct_ConvertVideoToMp3_1657177455117.mp3",
        "nameMp3": "Direct_ConvertVideoToMp3_1657177455117.mp3",
        "pathDefault": "/storage/emulated/0/Music/G3Video/Direct_ConvertVideoToMp3_1657177455117.mp3",
        "pathSaveFile": "/storage/emulated/0/Music/G3Video/Direct_ConvertVideoToMp3_1657177455117.mp3",
        "positionEffectVoice": 0,
        "speedAudio": 1.0,
        "startIndexFrame": 1,
        "volume": 1.0
      }
    ]
  },
  "nameVideo": "Template 1657177440834",
  "setting": {
    "quality": 720,
    "ratio": {
      "height": 1.3333334,
      "width": 1.0
    }
  },
  "sticker": {
    "listItemStickerData": [],
    "listItemViewDataOnTimeLine": []
  },
  "text": {
    "listItemStickerData": [],
    "listItemViewDataOnTimeLine": []
  },
  "timeLastUpdate": 1657184970480,
  "videoEffect": {
    "listItemEffectData": [
      {
        "drawMode": "SCREEN",
        "endIndexFrame": 51,
        "indexFrameDrawCurrent": 0,
        "isCenterCrop": true,
        "isCenterInside": false,
        "isDraw": true,
        "isNeedCutBody": false,
        "isReloadFromCache": true,
        "jsonObjectDataOfItem": "{\n  \"defaultMinShow\": 6.0,\n  \"defaultMinSpeed\": 10.0,\n  \"defaultShow\": 6.0,\n  \"defaultSpeed\": 0.0,\n  \"maxShow\": 6.0,\n  \"maxSpeed\": 10.0,\n  \"minShow\": 0.0,\n  \"minSpeed\": 0.0,\n  \"showCurrent\": 6.0,\n  \"speedCurrent\": 0.0\n}",
        "keyEffect": "Party",
        "keyInHasMap": 1657184970480,
        "pathFolderEffect": "",
        "positionInAdapter": 7,
        "speed": 1,
        "startIndexFrame": 43,
        "title": "Nhịp đập",
        "totalFrame": 8,
        "uri": ""
      },
      {
        "drawMode": "SCREEN",
        "endIndexFrame": 153,
        "indexFrameDrawCurrent": 0,
        "isCenterCrop": true,
        "isCenterInside": false,
        "isDraw": true,
        "isNeedCutBody": false,
        "isReloadFromCache": true,
        "jsonObjectDataOfItem": "{\n  \"defaultMinSpeed\": 10.0,\n  \"defaultMinZoom\": 1.1,\n  \"defaultShow\": 10,\n  \"defaultSpeed\": 0.0,\n  \"defaultZoom\": 0.0,\n  \"maxSpeed\": 10.0,\n  \"maxZoom\": 0.7,\n  \"minSpeed\": 0.0,\n  \"minZoom\": 0.0,\n  \"speedCurrent\": 0.0,\n  \"variabilityZoom\": 1.0,\n  \"zoomCurrent\": 0.0\n}",
        "keyEffect": "Party",
        "keyInHasMap": 1657184970480,
        "pathFolderEffect": "",
        "positionInAdapter": 8,
        "speed": 1,
        "startIndexFrame": 63,
        "title": "Astral",
        "totalFrame": 90,
        "uri": ""
      },
      {
        "drawMode": "SCREEN",
        "endIndexFrame": 330,
        "indexFrameDrawCurrent": 0,
        "isCenterCrop": true,
        "isCenterInside": false,
        "isDraw": true,
        "isNeedCutBody": false,
        "isReloadFromCache": true,
        "jsonObjectDataOfItem": "{\n  \"defaultMinPercentWidth\": 1.0,\n  \"defaultMinSpeed\": 2.0,\n  \"defaultPercentWidth\": 1.0,\n  \"defaultSpeed\": 3.0,\n  \"isHorizontal\": true,\n  \"max\": 9.0,\n  \"maxSpeed\": 48.0,\n  \"min\": 0.0,\n  \"minSpeed\": 0.0,\n  \"percentWidth\": 1.0,\n  \"speedCurrent\": 44.64\n}",
        "keyEffect": "Party",
        "keyInHasMap": 1657184970481,
        "pathFolderEffect": "",
        "positionInAdapter": 2,
        "speed": 1,
        "startIndexFrame": 206,
        "title": "Lắc, giật ảnh",
        "totalFrame": 124,
        "uri": ""
      },
      {
        "drawMode": "SCREEN",
        "endIndexFrame": 330,
        "indexFrameDrawCurrent": 0,
        "isCenterCrop": true,
        "isCenterInside": false,
        "isDraw": true,
        "isNeedCutBody": false,
        "isReloadFromCache": true,
        "jsonObjectDataOfItem": "{\n  \"defaultMinPercentWidth\": 1.0,\n  \"defaultMinSpeed\": 2.0,\n  \"defaultPercentWidth\": 1.0,\n  \"defaultSpeed\": 3.0,\n  \"isHorizontal\": true,\n  \"max\": 9.0,\n  \"maxSpeed\": 48.0,\n  \"min\": 0.0,\n  \"minSpeed\": 0.0,\n  \"percentWidth\": 1.0,\n  \"speedCurrent\": 44.64\n}",
        "keyEffect": "Party",
        "keyInHasMap": 1657184970481,
        "pathFolderEffect": "",
        "positionInAdapter": 2,
        "speed": 1,
        "startIndexFrame": 206,
        "title": "Lắc, giật ảnh",
        "totalFrame": 124,
        "uri": ""
      }
    ],
    "listItemViewDataOnTimeLine": [
      {
        "durationEnd": 0,
        "durationFadeIn": 0,
        "durationFadeOut": 0,
        "durationStart": 0,
        "endIndexFrame": 51,
        "indexRowCurrent": 0,
        "indexRowPrevious": 0,
        "keyInHasMap": 1657177917480,
        "linkDownloadMp3": "",
        "nameMp3": "",
        "pathDefault": "",
        "pathSaveFile": "",
        "positionEffectVoice": 0,
        "speedAudio": 1.0,
        "startIndexFrame": 43,
        "volume": 1.0
      },
      {
        "durationEnd": 0,
        "durationFadeIn": 0,
        "durationFadeOut": 0,
        "durationStart": 0,
        "endIndexFrame": 153,
        "indexRowCurrent": 0,
        "indexRowPrevious": 0,
        "keyInHasMap": 1657177917481,
        "linkDownloadMp3": "",
        "nameMp3": "",
        "pathDefault": "",
        "pathSaveFile": "",
        "positionEffectVoice": 0,
        "speedAudio": 1.0,
        "startIndexFrame": 63,
        "volume": 1.0
      },
      {
        "durationEnd": 0,
        "durationFadeIn": 0,
        "durationFadeOut": 0,
        "durationStart": 0,
        "endIndexFrame": 330,
        "indexRowCurrent": 0,
        "indexRowPrevious": 0,
        "keyInHasMap": 1657177917482,
        "linkDownloadMp3": "",
        "nameMp3": "",
        "pathDefault": "",
        "pathSaveFile": "",
        "positionEffectVoice": 0,
        "speedAudio": 1.0,
        "startIndexFrame": 206,
        "volume": 1.0
      },
      {
        "durationEnd": 0,
        "durationFadeIn": 0,
        "durationFadeOut": 0,
        "durationStart": 0,
        "endIndexFrame": 330,
        "indexRowCurrent": 0,
        "indexRowPrevious": 0,
        "keyInHasMap": 1657177917482,
        "linkDownloadMp3": "",
        "nameMp3": "",
        "pathDefault": "",
        "pathSaveFile": "",
        "positionEffectVoice": 0,
        "speedAudio": 1.0,
        "startIndexFrame": 206,
        "volume": 1.0
      }
    ]
  }
}