{
  "durationVideo": 13000,
  "editor": {
    "listItemPhotoData": [
      {
        "backgroundColor": -16777216,
        "blurBackground": 0,
        "duration": 13000,
        "endIndexFrame": 389,
        "flipHorizontal": 1.0,
        "flipVertical": 1.0,
        "gpuPosition": 0,
        "gpuProgress": 0,
        "heightBitmap": 1200,
        "idItemPhoto": "1655786208363",
        "indexEndFrameTransformCombo": 0,
        "indexEndFrameTransformIn": 0,
        "indexStartFrameTransformOut": 0,
        "isCenterCrop": true,
        "isCenterInside": false,
        "isCropBitmap": false,
        "isLoadFromCache": true,
        "isLocked": false,
        "itemDataTransition": {
          "indexCate": 0,
          "isMask": false,
          "keyItem": "",
          "linkCover": "",
          "linkDownload": "",
          "modeDraw": "",
          "nameEn": "",
          "nameVn": "",
          "paintModeDraw": "SRC_OVER",
          "pathFolderOfTransition": "",
          "pathFolderZipOfTransition": "",
          "positionTransitionInAdapter": 0,
          "timeTransitionCurrent": 1000,
          "typeTransition": {
            "type": "NONE",
            "typeTransition": "NONE"
          }
        },
        "itemOverlayDataEditorOverlay": {
          "alpha": 127,
          "folder": "Film",
          "indexCate": 8,
          "link": "https://photoforapp.s3.ap-southeast-1.amazonaws.com/PhotoFilter/PhotoFilter_V2/Filter/Film/28.jpg",
          "modeDraw": "SCREEN",
          "positionInAdapter": 148
        },
        "itemTemplateModel": {
          "duration": 0,
          "heightBitmap": 0,
          "indexSticker": -1,
          "isCrop": false,
          "isLocked": false,
          "md5PathFileOld": "",
          "pathFile": "",
          "rect": {
            "bottom": 0,
            "left": 0,
            "right": 0,
            "top": 0
          },
          "typeTemplateModel": "NONE",
          "widthBitmap": 0
        },
        "linkBackgroundImage": "",
        "objDataAdjust": {
          "mCurrentBrightnessFilter": 46,
          "mCurrentContrastFilter": 42,
          "mCurrentExposureFilter": 50,
          "mCurrentFadeFilters": 0,
          "mCurrentHighlightFilter": 100,
          "mCurrentHueFilter": 0,
          "mCurrentSaturationFilter": 40,
          "mCurrentShadowFilter": 0,
          "mCurrentSharpenFilter": 50,
          "mCurrentTempFilter": 50,
          "mCurrentVignetteFilter": 100,
          "mListRedoAdjust": [],
          "mListUndoAdjust": [
            {
              "mCurrentBrightnessFilter": 46,
              "mCurrentContrastFilter": 50,
              "mCurrentExposureFilter": 50,
              "mCurrentFadeFilters": 0,
              "mCurrentHighlightFilter": 100,
              "mCurrentHueFilter": 0,
              "mCurrentSaturationFilter": 50,
              "mCurrentShadowFilter": 0,
              "mCurrentSharpenFilter": 50,
              "mCurrentTempFilter": 50,
              "mCurrentVignetteFilter": 100,
              "position": 1
            },
            {
              "mCurrentBrightnessFilter": 46,
              "mCurrentContrastFilter": 42,
              "mCurrentExposureFilter": 50,
              "mCurrentFadeFilters": 0,
              "mCurrentHighlightFilter": 100,
              "mCurrentHueFilter": 0,
              "mCurrentSaturationFilter": 50,
              "mCurrentShadowFilter": 0,
              "mCurrentSharpenFilter": 50,
              "mCurrentTempFilter": 50,
              "mCurrentVignetteFilter": 100,
              "position": 2
            },
            {
              "mCurrentBrightnessFilter": 46,
              "mCurrentContrastFilter": 42,
              "mCurrentExposureFilter": 50,
              "mCurrentFadeFilters": 0,
              "mCurrentHighlightFilter": 100,
              "mCurrentHueFilter": 0,
              "mCurrentSaturationFilter": 40,
              "mCurrentShadowFilter": 0,
              "mCurrentSharpenFilter": 50,
              "mCurrentTempFilter": 50,
              "mCurrentVignetteFilter": 100,
              "position": 4
            }
          ]
        },
        "pathBitmap": "/storage/emulated/0/Pictures/Telegram/IMG_20220621_113547_896.jpg",
        "rotate": 0,
        "rotateAnim": 0.0,
        "scaleAnim": 1.0,
        "startIndexFrame": 0,
        "timeTransformCombo": 13000,
        "timeTransformIn": 300,
        "timeTransformOut": 300,
        "totalFrame": 389,
        "typeBackground": "COLOR",
        "typeTransformCombo": "NONE",
        "typeTransformIn": "NONE",
        "typeTransformOut": "NONE",
        "valueMatrixBitmapDraw": [
          0.6,
          0.0,
          -7.6293945E-6,
          0.0,
          0.6,
          -1.5258789E-5,
          0.0,
          0.0,
          1.0
        ],
        "widthBitmap": 900
      }
    ]
  },
  "frame": {
    "listItemStickerData": [],
    "listItemViewDataOnTimeLine": []
  },
  "keyProjectCurrent": "1655786211604",
  "listTemplateModel": {
    "list": []
  },
  "music": {
    "listItemMusicData": [
      {
        "durationEnd": 12950,
        "durationFadeIn": 0,
        "durationFadeOut": 0,
        "durationStart": 0,
        "endIndexFrame": 388,
        "indexRowCurrent": 0,
        "indexRowPrevious": 0,
        "keyInHasMap": 1655786246990,
        "linkDownloadMp3": "/storage/emulated/0/Music/G3Video/Direct_ConvertVideoToMp3_1655786243179.mp3",
        "nameMp3": "Direct_ConvertVideoToMp3_1655786243179.mp3",
        "pathDefault": "/storage/emulated/0/Music/G3Video/Direct_ConvertVideoToMp3_1655786243179.mp3",
        "pathSaveFile": "/storage/emulated/0/Music/G3Video/Direct_ConvertVideoToMp3_1655786243179.mp3",
        "positionEffectVoice": 0,
        "speedAudio": 1.0,
        "startIndexFrame": 0,
        "volume": 1.0
      }
    ]
  },
  "nameVideo": "Template 1655786211604",
  "setting": {
    "quality": 720,
    "ratio": {
      "height": 1.3333334,
      "width": 1.0
    }
  },
  "sticker": {
    "listItemStickerData": [],
    "listItemViewDataOnTimeLine": []
  },
  "text": {
    "listItemStickerData": [
      {
        "DOT": ".",
        "TYPE_PHOTO": "png",
        "WIDTH_MAX": 360,
        "alpha": 255,
        "animTextModel": {
          "easeCombo": "LINEAR",
          "easeIn": "LINEAR",
          "easeOut": "LINEAR",
          "endIndexFrameCombo": 390,
          "endIndexFrameIn": 0,
          "endIndexFrameOut": 390,
          "percentIn": 0.0,
          "percentOut": 0.0,
          "percentSpeedCombo": 30.0,
          "speedFrameCombo": 0,
          "startIndexFrameCombo": 0,
          "startIndexFrameIn": 0,
          "startIndexFrameOut": 0,
          "typeAnimTextCombo": "NONE",
          "typeAnimTextIn": "NONE_IN",
          "typeAnimTextOut": "NONE_OUT"
        },
        "countDeltaTime": 0.0,
        "dataFrames": {
          "isNeedLoadBitmap1": false,
          "isNeedLoadBitmap2": false,
          "isNeedLoadBitmap2Loop": false,
          "isNeedLoadBitmap3": false,
          "isNeedLoadBitmap4": false,
          "isNeedLoadBitmap4Loop": false,
          "isNeedLoadBitmap5": false,
          "isNeedLoadBitmap6": false,
          "isNeedLoadBitmap6Loop": false,
          "isNeedLoadBitmap7": false,
          "isNeedLoadBitmap8": false,
          "isNeedLoadBitmap8Loop": false,
          "isNeedLoadBitmap9": false
        },
        "deviationXShadow": 3.0,
        "deviationYShadow": 3.0,
        "duration": 12999,
        "endColor": -1,
        "endIndexFrame": 390,
        "flip": 1.0,
        "heightBitmap": 0,
        "id": "1ba25de259cf4648854e714c363f385",
        "indexColor": 0,
        "indexColorShadow": 0,
        "indexEndFrameTransformCombo": 0,
        "indexEndFrameTransformIn": 0,
        "indexFont": 219,
        "indexFrame": 0,
        "indexStartFrameTransformOut": 0,
        "indexTransition": -1,
        "isBgText": false,
        "isBoldText": false,
        "isDashText": false,
        "isDashUnderText": false,
        "isDrawAnim": false,
        "isFirstFillDataTransformCombo": true,
        "isInit": true,
        "isItalicText": false,
        "isLayerFront": true,
        "isLoadFrameCache": true,
        "isTexture": false,
        "isVisible": true,
        "linkBubble": "",
        "linkItemFrame": "",
        "linkMask": "",
        "listText": [
          "Chân thành sẽ chạm đến trái tim",
          "Và hạnh phúc bắt nguồn từ sự tử tế..."
        ],
        "modeDraw": "SRC_OVER",
        "pathFolder": "",
        "pathFont": "/data/user/0/videoeditor.moviemaker/files/INTERNAL_FONT_FOLDER_UNZIP/FontNormal3/FontNormal3/VL_Hillda.otf",
        "pathSaveBitmapFrame": "",
        "pathTexture": "https://photoforapp.s3.ap-southeast-1.amazonaws.com/Video/TextV2/Style/Basic/3/texture.jpg",
        "pointRotate": {
          "x": 270.96848,
          "y": 60.813156
        },
        "pointTranslate": {
          "x": 90.968475,
          "y": -119.186844
        },
        "rotate": -0.40255737,
        "scale": 1.1446216,
        "speed": 1,
        "speedOfTransformCombo": 15,
        "startColor": -1,
        "startIndexFrame": 0,
        "stickerTypeTransformCombo": "NONE",
        "stickerTypeTransformIn": "NONE",
        "stickerTypeTransformOut": "NONE",
        "textAlignment": "CENTER",
        "textBlurShadow": 5.0,
        "textColorShadow": -2147483648,
        "textHeightAllLine": 84.75,
        "textHeightOneLine": 31.0,
        "textLetterSpacing": 0.0,
        "textLineSpacing": 0.0,
        "textPadding": 15.75,
        "textSize": 19.0,
        "textSizeDefault": 30.0,
        "textString": "Chân thành sẽ chạm đến trái tim\nVà hạnh phúc bắt nguồn từ sự tử tế...",
        "textStroke": {
          "color": "#000000",
          "indexPositionInAdapter": -1,
          "width": 0.0
        },
        "timeTransformCombo": 300,
        "timeTransformIn": 300,
        "timeTransformOut": 300,
        "titleShow": "",
        "totalFileNeedDownForOneFrame": 0,
        "typeSticker": "TEXT",
        "urlCover": "",
        "widthBitmap": 0
      }
    ],
    "listItemViewDataOnTimeLine": [
      {
        "durationEnd": 0,
        "durationFadeIn": 0,
        "durationFadeOut": 0,
        "durationStart": 0,
        "endIndexFrame": 390,
        "indexRowCurrent": 0,
        "indexRowPrevious": 0,
        "keyInHasMap": 1655818009009,
        "linkDownloadMp3": "",
        "nameMp3": "",
        "pathDefault": "",
        "pathSaveFile": "",
        "positionEffectVoice": 0,
        "speedAudio": 1.0,
        "startIndexFrame": 0,
        "volume": 1.0
      }
    ]
  },
  "timeLastUpdate": 1655818013615,
  "videoEffect": {
    "listItemEffectData": [
      {
        "drawMode": "SCREEN",
        "endIndexFrame": 389,
        "indexFrameDrawCurrent": 0,
        "isCenterCrop": true,
        "isCenterInside": false,
        "isDraw": true,
        "isReloadFromCache": true,
        "jsonObjectDataOfItem": "",
        "keyEffect": "SERVER",
        "keyInHasMap": 1655818013617,
        "pathFolderEffect": "/data/user/0/videoeditor.moviemaker/files/FOLDER_EFFECT/Retro/4",
        "positionInAdapter": 4,
        "sizeCanvasCurrent": {
          "x": 540,
          "y": 720
        },
        "speed": 1,
        "startIndexFrame": 0,
        "title": "Retro 4",
        "totalFrame": 389,
        "uri": "/data/user/0/videoeditor.moviemaker/files/FOLDER_EFFECT/Retro/4/Retro.m4v"
      }
    ],
    "listItemViewDataOnTimeLine": [
      {
        "durationEnd": 0,
        "durationFadeIn": 0,
        "durationFadeOut": 0,
        "durationStart": 0,
        "endIndexFrame": 389,
        "indexRowCurrent": 0,
        "indexRowPrevious": 0,
        "keyInHasMap": 1655787505818,
        "linkDownloadMp3": "",
        "nameMp3": "",
        "pathDefault": "",
        "pathSaveFile": "",
        "positionEffectVoice": 0,
        "speedAudio": 1.0,
        "startIndexFrame": 0,
        "volume": 1.0
      }
    ]
  }
}