{"durationVideo":6233,"editor":{"listItemPhotoData":[{"backgroundColor":-16777216,"blurBackground":0,"duration":1533,"endIndexFrame":45,"flipHorizontal":1.0,"flipVertical":1.0,"gpuPosition":0,"gpuProgress":0,"heightBitmap":883,"idItemPhoto":"1654154972797","indexEndFrameTransformCombo":45,"indexEndFrameTransformIn":31,"indexStartFrameTransformOut":0,"isCenterCrop":false,"isCenterInside":true,"isCropBitmap":true,"isLoadFromCache":true,"isLocked":false,"itemDataTransition":{"indexCate":2,"indexItem":0,"isMask":false,"keyItem":"CAMERA_PULL_IN","linkCover":"https://photoforapp.s3.ap-southeast-1.amazonaws.com/Video/TransitionsServer/Camera/Icon/CAMERA_PULL_IN.gif","linkDownload":"https://photoforapp.s3.ap-southeast-1.amazonaws.com/Video/TransitionsServer/Camera/CAMERA_PULL_IN.zip","modeDraw":"","nameEn":"Pull in","nameVn":"Kéo vào","paintModeDraw":"SRC_OVER","pathFolderOfTransition":"","pathFolderZipOfTransition":"","positionTransitionInAdapter":18,"timeTransitionCurrent":587,"typeTransition":{"type":"CAMERA","typeTransition":"CAMERA_PULL_IN"}},"itemTemplateModel":{"duration":0,"heightBitmap":0,"indexSticker":-1,"isCrop":false,"isLocked":false,"md5PathFileOld":"","pathFile":"","rect":{"bottom":0,"left":0,"right":0,"top":0},"typeTemplateModel":"NONE","widthBitmap":0},"linkBackgroundImage":"","objDataAdjust":{"mCurrentBrightnessFilter":50,"mCurrentContrastFilter":50,"mCurrentExposureFilter":50,"mCurrentFadeFilters":0,"mCurrentHighlightFilter":100,"mCurrentHueFilter":0,"mCurrentSaturationFilter":50,"mCurrentShadowFilter":0,"mCurrentSharpenFilter":50,"mCurrentTempFilter":50,"mCurrentVignetteFilter":100,"mListRedoAdjust":[],"mListUndoAdjust":[]},"pathBitmap":"/storage/emulated/0/Pictures/Telegram/IMG_20220602_142905_793.png","rectCrop":{"bottom":883,"left":79,"right":742,"top":0},"rotate":0,"rotateAnim":0.0,"scaleAnim":1.0,"startIndexFrame":0,"timeTransformCombo":1533,"timeTransformIn":1052,"timeTransformOut":300,"totalFrame":45,"typeBackground":"COLOR","typeTransformCombo":"ZOOM_1","typeTransformIn":"NONE","typeTransformOut":"NONE","valueMatrixBitmapDraw":[0.81447965,0.0,0.0,0.0,0.81447965,0.4072342,0.0,0.0,1.0],"widthBitmap":663},{"backgroundColor":-16777216,"blurBackground":0,"duration":4700,"endIndexFrame":186,"flipHorizontal":1.0,"flipVertical":1.0,"gpuPosition":0,"gpuProgress":0,"heightBitmap":1005,"idItemPhoto":"1654154973175","indexEndFrameTransformCombo":180,"indexEndFrameTransformIn":0,"indexStartFrameTransformOut":0,"isCenterCrop":false,"isCenterInside":true,"isCropBitmap":true,"isLoadFromCache":true,"isLocked":false,"itemDataTransition":{"indexCate":0,"isMask":false,"keyItem":"","linkCover":"","linkDownload":"","modeDraw":"","nameEn":"","nameVn":"","paintModeDraw":"SRC_OVER","pathFolderOfTransition":"","pathFolderZipOfTransition":"","positionTransitionInAdapter":0,"timeTransitionCurrent":1000,"typeTransition":{"type":"NONE","typeTransition":"NONE"}},"itemTemplateModel":{"duration":0,"heightBitmap":0,"indexSticker":-1,"isCrop":false,"isLocked":false,"md5PathFileOld":"","pathFile":"","rect":{"bottom":0,"left":0,"right":0,"top":0},"typeTemplateModel":"NONE","widthBitmap":0},"linkBackgroundImage":"","objDataAdjust":{"mCurrentBrightnessFilter":50,"mCurrentContrastFilter":50,"mCurrentExposureFilter":50,"mCurrentFadeFilters":0,"mCurrentHighlightFilter":100,"mCurrentHueFilter":0,"mCurrentSaturationFilter":50,"mCurrentShadowFilter":0,"mCurrentSharpenFilter":50,"mCurrentTempFilter":50,"mCurrentVignetteFilter":100,"mListRedoAdjust":[],"mListUndoAdjust":[]},"pathBitmap":"/storage/emulated/0/Pictures/Telegram/IMG_20220602_142907_628.png","rectCrop":{"bottom":1100,"left":0,"right":754,"top":95},"rotate":0,"rotateAnim":0.0,"scaleAnim":1.0,"startIndexFrame":46,"timeTransformCombo":4700,"timeTransformIn":300,"timeTransformOut":300,"totalFrame":140,"typeBackground":"COLOR","typeTransformCombo":"NONE","typeTransformIn":"NONE","typeTransformOut":"NONE","valueMatrixBitmapDraw":[0.7161804,0.0,0.0,0.0,0.7161804,0.11934662,0.0,0.0,1.0],"widthBitmap":754}]},"frame":{"listItemStickerData":[],"listItemViewDataOnTimeLine":[]},"keyProjectCurrent":"1654154975159","listTemplateModel":{"list":[]},"music":{"listItemMusicData":[{"durationEnd":6233,"durationStart":0,"endIndexFrame":187,"indexRowCurrent":0,"indexRowPrevious":0,"keyInHasMap":1654155051632,"linkDownloadMp3":"https://photoforapp84133-dev.s3.ap-southeast-1.amazonaws.com/public/YoutubeAudioLibrary/TikTok/Funky/mood remix (tiktok) – 24kgoldn.mp3","nameMp3":"mood remix (tiktok) – 24kgoldn.mp3","pathSaveFile":"/data/user/0/videoeditor.moviemaker/files/Private/HIDE/MUSIC/mood remix (tiktok) – 24kgoldn.mp3","startIndexFrame":0,"volume":1.0}]},"nameVideo":"Template 1654154975159","setting":{"quality":720,"ratio":{"height":4.0,"width":3.0}},"sticker":{"listItemStickerData":[],"listItemViewDataOnTimeLine":[]},"text":{"listItemStickerData":[],"listItemViewDataOnTimeLine":[]},"timeLastUpdate":1654155546965,"videoEffect":{"listItemEffectData":[{"drawMode":"SCREEN","endIndexFrame":187,"indexFrameDrawCurrent":0,"isCenterCrop":true,"isCenterInside":false,"isDraw":true,"isReloadFromCache":true,"jsonObjectDataOfItem":"{\"defaultPercentWidth\":1.0,\"defaultSpeed\":3.0,\"isHorizontal\":true,\"max\":10.0,\"maxSpeed\":50.0,\"min\":1.0,\"minSpeed\":2.0,\"percentWidth\":2.43,\"speedCurrent\":23.52}","keyEffect":"Party","keyInHasMap":1654155546973,"pathFolderEffect":"","positionInAdapter":2,"sizeCanvasCurrent":{"x":0,"y":0},"speed":1,"startIndexFrame":52,"title":"Lắc, giật ảnh","totalFrame":135,"uri":""},{"drawMode":"SCREEN","endIndexFrame":187,"indexFrameDrawCurrent":0,"isCenterCrop":true,"isCenterInside":false,"isDraw":true,"isReloadFromCache":true,"jsonObjectDataOfItem":"{\"defaultPercentWidth\":1.0,\"defaultSpeed\":3.0,\"isHorizontal\":false,\"max\":10.0,\"maxSpeed\":50.0,\"min\":1.0,\"minSpeed\":2.0,\"percentWidth\":2.43,\"speedCurrent\":20.16}","keyEffect":"Party","keyInHasMap":1654155546979,"pathFolderEffect":"","positionInAdapter":2,"sizeCanvasCurrent":{"x":0,"y":0},"speed":1,"startIndexFrame":52,"title":"Lắc, giật ảnh","totalFrame":135,"uri":""},{"drawMode":"SCREEN","endIndexFrame":51,"indexFrameDrawCurrent":0,"isCenterCrop":true,"isCenterInside":false,"isDraw":true,"isReloadFromCache":true,"jsonObjectDataOfItem":"{\"color\":-1,\"defaultSpeed\":3.0,\"max\":30.0,\"min\":2.0,\"speedCurrent\":4.8}","keyEffect":"Party","keyInHasMap":1654155546985,"pathFolderEffect":"","positionInAdapter":3,"sizeCanvasCurrent":{"x":0,"y":0},"speed":1,"startIndexFrame":0,"title":"Đèn nháy trắng","totalFrame":51,"uri":""}],"listItemViewDataOnTimeLine":[{"durationEnd":4500,"durationStart":0,"endIndexFrame":187,"indexRowCurrent":0,"indexRowPrevious":0,"keyInHasMap":1654155312350,"linkDownloadMp3":"","nameMp3":"","pathSaveFile":"","startIndexFrame":52,"volume":1.0},{"durationEnd":4500,"durationStart":0,"endIndexFrame":187,"indexRowCurrent":0,"indexRowPrevious":0,"keyInHasMap":1654155328070,"linkDownloadMp3":"","nameMp3":"","pathSaveFile":"","startIndexFrame":52,"volume":1.0},{"durationEnd":1699,"durationStart":0,"endIndexFrame":51,"indexRowCurrent":0,"indexRowPrevious":0,"keyInHasMap":1654155338014,"linkDownloadMp3":"","nameMp3":"","pathSaveFile":"","startIndexFrame":0,"volume":1.0}]}}