{"durationVideo":9800,"editor":{"listItemPhotoData":[{"backgroundColor":-16777216,"blurBackground":0,"duration":1900,"endIndexFrame":56,"flipHorizontal":1.0,"flipVertical":1.0,"gpuPosition":1,"gpuProgress":18,"heightBitmap":1200,"idItemPhoto":"1653897394083","indexEndFrameTransformCombo":0,"indexEndFrameTransformIn":0,"indexStartFrameTransformOut":0,"isCenterCrop":false,"isCenterInside":true,"isCropBitmap":false,"isLoadFromCache":true,"itemDataTransition":{"indexCate":1,"indexItem":10,"isMask":false,"keyItem":"10","linkCover":"https://photoforapp.s3.ap-southeast-1.amazonaws.com/Video/TransitionsServer/Effect/Icon/10.gif","linkDownload":"https://photoforapp.s3.ap-southeast-1.amazonaws.com/Video/TransitionsServer/Effect/10.zip","modeDraw":"SCREEN","nameEn":"Glare 1","nameVn":"Glare 1","paintModeDraw":"SCREEN","pathFolderOfTransition":"/data/user/0/videoeditor.moviemaker/files/FolderTransitionZip/Glare 1/10/10","pathFolderZipOfTransition":"/data/user/0/videoeditor.moviemaker/files/Folder_transition/Glare 1/10.zip","positionTransitionInAdapter":7,"timeTransitionCurrent":356,"typeTransition":{"type":"SEVER","typeTransition":"SEVER"}},"itemTemplateModel":{"duration":0,"heightBitmap":0,"indexSticker":-1,"isCrop":false,"pathFile":"","rect":{"bottom":0,"left":0,"right":0,"top":0},"typeTemplateModel":"NONE","widthBitmap":0},"linkBackgroundImage":"","objDataAdjust":{"mCurrentBrightnessFilter":50,"mCurrentContrastFilter":50,"mCurrentExposureFilter":50,"mCurrentFadeFilters":0,"mCurrentHighlightFilter":100,"mCurrentHueFilter":0,"mCurrentSaturationFilter":50,"mCurrentShadowFilter":0,"mCurrentSharpenFilter":50,"mCurrentTempFilter":50,"mCurrentVignetteFilter":100,"mListRedoAdjust":[],"mListUndoAdjust":[]},"pathBitmap":"/storage/emulated/0/Pictures/Telegram/IMG_20220530_145355_484.png","rotate":0,"rotateAnim":0.0,"scaleAnim":1.0,"startIndexFrame":0,"timeTransformCombo":1900,"timeTransformIn":300,"timeTransformOut":300,"totalFrame":56,"typeBackground":"COLOR","typeTransformCombo":"NONE","typeTransformIn":"NONE","typeTransformOut":"NONE","valueMatrixBitmapDraw":[0.6,0.0,-7.6293945E-6,0.0,0.6,-1.5258789E-5,0.0,0.0,1.0],"widthBitmap":675},{"backgroundColor":-16777216,"blurBackground":0,"duration":1967,"endIndexFrame":115,"flipHorizontal":1.0,"flipVertical":1.0,"gpuPosition":1,"gpuProgress":18,"heightBitmap":1200,"idItemPhoto":"1653897394360","indexEndFrameTransformCombo":0,"indexEndFrameTransformIn":0,"indexStartFrameTransformOut":0,"isCenterCrop":false,"isCenterInside":true,"isCropBitmap":false,"isLoadFromCache":true,"itemDataTransition":{"indexCate":1,"indexItem":10,"isMask":false,"keyItem":"10","linkCover":"https://photoforapp.s3.ap-southeast-1.amazonaws.com/Video/TransitionsServer/Effect/Icon/10.gif","linkDownload":"https://photoforapp.s3.ap-southeast-1.amazonaws.com/Video/TransitionsServer/Effect/10.zip","modeDraw":"SCREEN","nameEn":"Glare 1","nameVn":"Glare 1","paintModeDraw":"SCREEN","pathFolderOfTransition":"/data/user/0/videoeditor.moviemaker/files/FolderTransitionZip/Glare 1/10/10","pathFolderZipOfTransition":"/data/user/0/videoeditor.moviemaker/files/Folder_transition/Glare 1/10.zip","positionTransitionInAdapter":7,"timeTransitionCurrent":356,"typeTransition":{"type":"SEVER","typeTransition":"SEVER"}},"itemTemplateModel":{"duration":0,"heightBitmap":0,"indexSticker":-1,"isCrop":false,"pathFile":"","rect":{"bottom":0,"left":0,"right":0,"top":0},"typeTemplateModel":"NONE","widthBitmap":0},"linkBackgroundImage":"","objDataAdjust":{"mCurrentBrightnessFilter":50,"mCurrentContrastFilter":50,"mCurrentExposureFilter":50,"mCurrentFadeFilters":0,"mCurrentHighlightFilter":100,"mCurrentHueFilter":0,"mCurrentSaturationFilter":50,"mCurrentShadowFilter":0,"mCurrentSharpenFilter":50,"mCurrentTempFilter":50,"mCurrentVignetteFilter":100,"mListRedoAdjust":[],"mListUndoAdjust":[]},"pathBitmap":"/storage/emulated/0/Pictures/Telegram/IMG_20220530_145354_223.png","rotate":0,"rotateAnim":0.0,"scaleAnim":1.0,"startIndexFrame":57,"timeTransformCombo":1967,"timeTransformIn":300,"timeTransformOut":300,"totalFrame":58,"typeBackground":"COLOR","typeTransformCombo":"NONE","typeTransformIn":"NONE","typeTransformOut":"NONE","valueMatrixBitmapDraw":[0.6,0.0,-7.6293945E-6,0.0,0.6,-1.5258789E-5,0.0,0.0,1.0],"widthBitmap":675},{"backgroundColor":-16777216,"blurBackground":0,"duration":1900,"endIndexFrame":172,"flipHorizontal":1.0,"flipVertical":1.0,"gpuPosition":1,"gpuProgress":18,"heightBitmap":1200,"idItemPhoto":"1653897394599","indexEndFrameTransformCombo":0,"indexEndFrameTransformIn":0,"indexStartFrameTransformOut":0,"isCenterCrop":false,"isCenterInside":true,"isCropBitmap":false,"isLoadFromCache":true,"itemDataTransition":{"indexCate":1,"indexItem":10,"isMask":false,"keyItem":"10","linkCover":"https://photoforapp.s3.ap-southeast-1.amazonaws.com/Video/TransitionsServer/Effect/Icon/10.gif","linkDownload":"https://photoforapp.s3.ap-southeast-1.amazonaws.com/Video/TransitionsServer/Effect/10.zip","modeDraw":"SCREEN","nameEn":"Glare 1","nameVn":"Glare 1","paintModeDraw":"SCREEN","pathFolderOfTransition":"/data/user/0/videoeditor.moviemaker/files/FolderTransitionZip/Glare 1/10/10","pathFolderZipOfTransition":"/data/user/0/videoeditor.moviemaker/files/Folder_transition/Glare 1/10.zip","positionTransitionInAdapter":7,"timeTransitionCurrent":356,"typeTransition":{"type":"SEVER","typeTransition":"SEVER"}},"itemTemplateModel":{"duration":0,"heightBitmap":0,"indexSticker":-1,"isCrop":false,"pathFile":"","rect":{"bottom":0,"left":0,"right":0,"top":0},"typeTemplateModel":"NONE","widthBitmap":0},"linkBackgroundImage":"","objDataAdjust":{"mCurrentBrightnessFilter":50,"mCurrentContrastFilter":50,"mCurrentExposureFilter":50,"mCurrentFadeFilters":0,"mCurrentHighlightFilter":100,"mCurrentHueFilter":0,"mCurrentSaturationFilter":50,"mCurrentShadowFilter":0,"mCurrentSharpenFilter":50,"mCurrentTempFilter":50,"mCurrentVignetteFilter":100,"mListRedoAdjust":[],"mListUndoAdjust":[]},"pathBitmap":"/storage/emulated/0/Pictures/Telegram/IMG_20220530_145352_999.png","rotate":0,"rotateAnim":0.0,"scaleAnim":1.0,"startIndexFrame":116,"timeTransformCombo":1900,"timeTransformIn":300,"timeTransformOut":300,"totalFrame":56,"typeBackground":"COLOR","typeTransformCombo":"NONE","typeTransformIn":"NONE","typeTransformOut":"NONE","valueMatrixBitmapDraw":[0.6,0.0,-7.6293945E-6,0.0,0.6,-1.5258789E-5,0.0,0.0,1.0],"widthBitmap":675},{"backgroundColor":-16777216,"blurBackground":0,"duration":2067,"endIndexFrame":234,"flipHorizontal":1.0,"flipVertical":1.0,"gpuPosition":1,"gpuProgress":18,"heightBitmap":1200,"idItemPhoto":"1653897394824","indexEndFrameTransformCombo":0,"indexEndFrameTransformIn":0,"indexStartFrameTransformOut":0,"isCenterCrop":false,"isCenterInside":true,"isCropBitmap":false,"isLoadFromCache":true,"itemDataTransition":{"indexCate":1,"indexItem":10,"isMask":false,"keyItem":"10","linkCover":"https://photoforapp.s3.ap-southeast-1.amazonaws.com/Video/TransitionsServer/Effect/Icon/10.gif","linkDownload":"https://photoforapp.s3.ap-southeast-1.amazonaws.com/Video/TransitionsServer/Effect/10.zip","modeDraw":"SCREEN","nameEn":"Glare 1","nameVn":"Glare 1","paintModeDraw":"SCREEN","pathFolderOfTransition":"/data/user/0/videoeditor.moviemaker/files/FolderTransitionZip/Glare 1/10/10","pathFolderZipOfTransition":"/data/user/0/videoeditor.moviemaker/files/Folder_transition/Glare 1/10.zip","positionTransitionInAdapter":7,"timeTransitionCurrent":356,"typeTransition":{"type":"SEVER","typeTransition":"SEVER"}},"itemTemplateModel":{"duration":0,"heightBitmap":0,"indexSticker":-1,"isCrop":false,"pathFile":"","rect":{"bottom":0,"left":0,"right":0,"top":0},"typeTemplateModel":"NONE","widthBitmap":0},"linkBackgroundImage":"","objDataAdjust":{"mCurrentBrightnessFilter":50,"mCurrentContrastFilter":50,"mCurrentExposureFilter":50,"mCurrentFadeFilters":0,"mCurrentHighlightFilter":100,"mCurrentHueFilter":0,"mCurrentSaturationFilter":50,"mCurrentShadowFilter":0,"mCurrentSharpenFilter":50,"mCurrentTempFilter":50,"mCurrentVignetteFilter":100,"mListRedoAdjust":[],"mListUndoAdjust":[]},"pathBitmap":"/storage/emulated/0/Pictures/Telegram/IMG_20220530_145351_512.png","rotate":0,"rotateAnim":0.0,"scaleAnim":1.0,"startIndexFrame":173,"timeTransformCombo":2067,"timeTransformIn":300,"timeTransformOut":300,"totalFrame":61,"typeBackground":"COLOR","typeTransformCombo":"NONE","typeTransformIn":"NONE","typeTransformOut":"NONE","valueMatrixBitmapDraw":[0.6,0.0,-7.6293945E-6,0.0,0.6,-1.5258789E-5,0.0,0.0,1.0],"widthBitmap":675},{"backgroundColor":-16777216,"blurBackground":0,"duration":1967,"endIndexFrame":293,"flipHorizontal":1.0,"flipVertical":1.0,"gpuPosition":1,"gpuProgress":18,"heightBitmap":1200,"idItemPhoto":"1653898133228","indexEndFrameTransformCombo":0,"indexEndFrameTransformIn":0,"indexStartFrameTransformOut":0,"isCenterCrop":false,"isCenterInside":true,"isCropBitmap":false,"isLoadFromCache":true,"itemDataTransition":{"indexCate":0,"isMask":false,"keyItem":"","linkCover":"","linkDownload":"","modeDraw":"","nameEn":"","nameVn":"","paintModeDraw":"SRC_OVER","pathFolderOfTransition":"","pathFolderZipOfTransition":"","positionTransitionInAdapter":0,"timeTransitionCurrent":1500,"typeTransition":{"type":"NONE","typeTransition":"NONE"}},"itemTemplateModel":{"duration":0,"heightBitmap":0,"indexSticker":-1,"isCrop":false,"pathFile":"","rect":{"bottom":0,"left":0,"right":0,"top":0},"typeTemplateModel":"NONE","widthBitmap":0},"linkBackgroundImage":"","objDataAdjust":{"mCurrentBrightnessFilter":50,"mCurrentContrastFilter":50,"mCurrentExposureFilter":50,"mCurrentFadeFilters":0,"mCurrentHighlightFilter":100,"mCurrentHueFilter":0,"mCurrentSaturationFilter":50,"mCurrentShadowFilter":0,"mCurrentSharpenFilter":50,"mCurrentTempFilter":50,"mCurrentVignetteFilter":100,"mListRedoAdjust":[],"mListUndoAdjust":[]},"pathBitmap":"/storage/emulated/0/Pictures/Telegram/IMG_20220530_150848_796.png","rotate":0,"rotateAnim":0.0,"scaleAnim":1.0,"startIndexFrame":235,"timeTransformCombo":1967,"timeTransformIn":300,"timeTransformOut":300,"totalFrame":58,"typeBackground":"COLOR","typeTransformCombo":"NONE","typeTransformIn":"NONE","typeTransformOut":"NONE","valueMatrixBitmapDraw":[0.6,0.0,-7.6293945E-6,0.0,0.6,-1.5258789E-5,0.0,0.0,1.0],"widthBitmap":675}]},"frame":{"listItemStickerData":[{"DOT":".","TYPE_PHOTO":"png","WIDTH_MAX":360,"alpha":255,"countDeltaTime":0.0,"dataFrames":{"isNeedLoadBitmap1":true,"isNeedLoadBitmap2":false,"isNeedLoadBitmap2Loop":true,"isNeedLoadBitmap3":true,"isNeedLoadBitmap4":false,"isNeedLoadBitmap4Loop":true,"isNeedLoadBitmap5":true,"isNeedLoadBitmap6":false,"isNeedLoadBitmap6Loop":true,"isNeedLoadBitmap7":true,"isNeedLoadBitmap8":false,"isNeedLoadBitmap8Loop":true,"isNeedLoadBitmap9":false},"deviationXShadow":0.0,"deviationYShadow":0.0,"duration":9800,"endColor":-1,"endIndexFrame":294,"flip":1.0,"heightBitmap":0,"id":"1e998823f58e7af071a72818b861cfdd","indexColor":0,"indexColorShadow":0,"indexEndFrameTransformCombo":0,"indexEndFrameTransformIn":0,"indexFont":0,"indexFrame":0,"indexStartFrameTransformOut":0,"indexTransition":-1,"isBgText":false,"isBoldText":false,"isDashText":false,"isDashUnderText":false,"isDrawAnim":false,"isFirstFillDataTransformCombo":true,"isInit":true,"isItalicText":false,"isLayerFront":true,"isLoadFrameCache":true,"isTexture":false,"isVisible":true,"linkBubble":"","linkItemFrame":"https://photoforapp84133-dev.s3.ap-southeast-1.amazonaws.com/public/Frame/Film/Frame/10/","linkMask":"","listText":[],"modeDraw":"SRC_OVER","pathFolder":"","pathFont":"","pathSaveBitmapFrame":"/data/user/0/videoeditor.moviemaker/files/SaveProject/1653897398699/5911fbf7abe3faa8ba8bd7221dc3166.png","pathTexture":"","pointRotate":{"x":0.0,"y":0.0},"pointTranslate":{"x":0.5,"y":0.0},"rotate":0.0,"scale":1.0,"speed":1,"speedOfTransformCombo":15,"startColor":-1,"startIndexFrame":0,"stickerTypeTransformCombo":"NONE","stickerTypeTransformIn":"NONE","stickerTypeTransformOut":"NONE","textAlignment":"CENTER","textBlurShadow":0.0,"textColorShadow":-16777216,"textHeightAllLine":0.0,"textHeightOneLine":0.0,"textLetterSpacing":0.0,"textLineSpacing":4.0,"textPadding":6.0,"textSize":1.0,"textSizeDefault":30.0,"textString":"","textStroke":{"color":"#000000","indexPositionInAdapter":-1,"width":0.0},"timeTransformCombo":300,"timeTransformIn":300,"timeTransformOut":300,"titleShow":"","totalFileNeedDownForOneFrame":8,"typeSticker":"FRAME","urlCover":"","widthBitmap":0}],"listItemViewDataOnTimeLine":[{"durationEnd":9800,"durationStart":0,"endIndexFrame":294,"indexRowCurrent":0,"indexRowPrevious":0,"keyInHasMap":1653899800243,"linkDownloadMp3":"","nameMp3":"","pathSaveFile":"","startIndexFrame":0,"volume":1.0}]},"keyProjectCurrent":"1653897398699","listTemplateModel":{"list":[]},"music":{"listItemMusicData":[{"durationEnd":9984,"durationStart":0,"endIndexFrame":294,"indexRowCurrent":0,"indexRowPrevious":0,"keyInHasMap":1653897572498,"linkDownloadMp3":"/storage/emulated/0/Music/G3Video/Direct_ConvertVideoToMp3_1653897456766.mp3","nameMp3":"Direct_ConvertVideoToMp3_1653897456766.mp3","pathSaveFile":"/storage/emulated/0/Music/G3Video/Direct_ConvertVideoToMp3_1653897456766.mp3","startIndexFrame":0,"volume":1.0}]},"nameVideo":"Template 1653897398699","setting":{"quality":720,"ratio":{"height":1.7777778,"width":1.0}},"sticker":{"listItemStickerData":[],"listItemViewDataOnTimeLine":[]},"text":{"listItemStickerData":[{"DOT":".","TYPE_PHOTO":"png","WIDTH_MAX":360,"alpha":255,"countDeltaTime":0.0,"dataFrames":{"isNeedLoadBitmap1":false,"isNeedLoadBitmap2":false,"isNeedLoadBitmap2Loop":false,"isNeedLoadBitmap3":false,"isNeedLoadBitmap4":false,"isNeedLoadBitmap4Loop":false,"isNeedLoadBitmap5":false,"isNeedLoadBitmap6":false,"isNeedLoadBitmap6Loop":false,"isNeedLoadBitmap7":false,"isNeedLoadBitmap8":false,"isNeedLoadBitmap8Loop":false,"isNeedLoadBitmap9":false},"deviationXShadow":3.0,"deviationYShadow":0.0,"duration":9800,"endColor":-1,"endIndexFrame":294,"flip":1.0,"heightBitmap":0,"id":"381c75fe74437dc516ba688af03836f5","indexColor":0,"indexColorShadow":8,"indexEndFrameTransformCombo":0,"indexEndFrameTransformIn":0,"indexFont":128,"indexFrame":0,"indexStartFrameTransformOut":0,"indexTransition":-1,"isBgText":false,"isBoldText":false,"isDashText":false,"isDashUnderText":false,"isDrawAnim":false,"isFirstFillDataTransformCombo":true,"isInit":true,"isItalicText":false,"isLayerFront":true,"isLoadFrameCache":true,"isTexture":false,"isVisible":true,"linkBubble":"","linkItemFrame":"","linkMask":"","listText":["PLAY"],"modeDraw":"SRC_OVER","pathFolder":"","pathFont":"/data/user/0/videoeditor.moviemaker/files/INTERNAL_FONT_FOLDER_UNZIP/travel/travel/foxontherunbold.ttf","pathSaveBitmapFrame":"","pathTexture":"","pointRotate":{"x":74.05237,"y":78.15172},"pointTranslate":{"x":-105.94763,"y":-101.84828},"rotate":-0.27617645,"scale":0.31843042,"speed":1,"speedOfTransformCombo":15,"startColor":-1,"startIndexFrame":0,"stickerTypeTransformCombo":"NONE","stickerTypeTransformIn":"NONE","stickerTypeTransformOut":"NONE","textAlignment":"CENTER","textBlurShadow":0.8,"textColorShadow":-5317,"textHeightAllLine":73.75,"textHeightOneLine":51.0,"textLetterSpacing":0.32,"textLineSpacing":4.0,"textPadding":15.75,"textSize":91.0,"textSizeDefault":30.0,"textString":"PLAY","textStroke":{"color":"#000000","indexPositionInAdapter":-1,"width":0.0},"timeTransformCombo":300,"timeTransformIn":300,"timeTransformOut":300,"titleShow":"","totalFileNeedDownForOneFrame":0,"typeSticker":"TEXT","urlCover":"","widthBitmap":0},{"DOT":".","TYPE_PHOTO":"png","WIDTH_MAX":360,"alpha":255,"countDeltaTime":0.0,"dataFrames":{"isNeedLoadBitmap1":false,"isNeedLoadBitmap2":false,"isNeedLoadBitmap2Loop":false,"isNeedLoadBitmap3":false,"isNeedLoadBitmap4":false,"isNeedLoadBitmap4Loop":false,"isNeedLoadBitmap5":false,"isNeedLoadBitmap6":false,"isNeedLoadBitmap6Loop":false,"isNeedLoadBitmap7":false,"isNeedLoadBitmap8":false,"isNeedLoadBitmap8Loop":false,"isNeedLoadBitmap9":false},"deviationXShadow":3.0,"deviationYShadow":0.0,"duration":9800,"endColor":-1,"endIndexFrame":294,"flip":1.0,"heightBitmap":0,"id":"5d8cdfef23ebb2d96667ae2896bce6","indexColor":0,"indexColorShadow":8,"indexEndFrameTransformCombo":0,"indexEndFrameTransformIn":0,"indexFont":128,"indexFrame":0,"indexStartFrameTransformOut":0,"indexTransition":-1,"isBgText":false,"isBoldText":false,"isDashText":false,"isDashUnderText":false,"isDrawAnim":false,"isFirstFillDataTransformCombo":true,"isInit":true,"isItalicText":false,"isLayerFront":true,"isLoadFrameCache":true,"isTexture":false,"isVisible":true,"linkBubble":"","linkItemFrame":"","linkMask":"","listText":["VHS"],"modeDraw":"SRC_OVER","pathFolder":"","pathFont":"/data/user/0/videoeditor.moviemaker/files/INTERNAL_FONT_FOLDER_UNZIP/travel/travel/foxontherunbold.ttf","pathSaveBitmapFrame":"","pathTexture":"","pointRotate":{"x":336.51306,"y":76.38147},"pointTranslate":{"x":156.51305,"y":-103.61853},"rotate":-0.08960724,"scale":0.2585702,"speed":1,"speedOfTransformCombo":15,"startColor":-1,"startIndexFrame":0,"stickerTypeTransformCombo":"NONE","stickerTypeTransformIn":"NONE","stickerTypeTransformOut":"NONE","textAlignment":"CENTER","textBlurShadow":0.8,"textColorShadow":-5317,"textHeightAllLine":88.75,"textHeightOneLine":66.0,"textLetterSpacing":0.32,"textLineSpacing":4.0,"textPadding":15.75,"textSize":121.0,"textSizeDefault":30.0,"textString":"VHS","textStroke":{"color":"#000000","indexPositionInAdapter":-1,"width":0.0},"timeTransformCombo":300,"timeTransformIn":300,"timeTransformOut":300,"titleShow":"","totalFileNeedDownForOneFrame":0,"typeSticker":"TEXT","urlCover":"","widthBitmap":0},{"DOT":".","TYPE_PHOTO":"png","WIDTH_MAX":360,"alpha":255,"countDeltaTime":0.0,"dataFrames":{"isNeedLoadBitmap1":false,"isNeedLoadBitmap2":false,"isNeedLoadBitmap2Loop":false,"isNeedLoadBitmap3":false,"isNeedLoadBitmap4":false,"isNeedLoadBitmap4Loop":false,"isNeedLoadBitmap5":false,"isNeedLoadBitmap6":false,"isNeedLoadBitmap6Loop":false,"isNeedLoadBitmap7":false,"isNeedLoadBitmap8":false,"isNeedLoadBitmap8Loop":false,"isNeedLoadBitmap9":false},"deviationXShadow":1.4,"deviationYShadow":0.0,"duration":9800,"endColor":-1,"endIndexFrame":294,"flip":1.0,"heightBitmap":0,"id":"52f8825b59dbe3f479c53619efef7d1c","indexColor":0,"indexColorShadow":8,"indexEndFrameTransformCombo":0,"indexEndFrameTransformIn":0,"indexFont":128,"indexFrame":0,"indexStartFrameTransformOut":0,"indexTransition":-1,"isBgText":false,"isBoldText":false,"isDashText":false,"isDashUnderText":false,"isDrawAnim":false,"isFirstFillDataTransformCombo":true,"isInit":true,"isItalicText":false,"isLayerFront":true,"isLoadFrameCache":true,"isTexture":false,"isVisible":true,"linkBubble":"","linkItemFrame":"","linkMask":"","listText":["03:18","SEP. 05 1990"],"modeDraw":"SRC_OVER","pathFolder":"","pathFont":"/data/user/0/videoeditor.moviemaker/files/INTERNAL_FONT_FOLDER_UNZIP/travel/travel/foxontherunbold.ttf","pathSaveBitmapFrame":"","pathTexture":"","pointRotate":{"x":153.58394,"y":623.41736},"pointTranslate":{"x":-26.416061,"y":443.41736},"rotate":0.13942719,"scale":0.77529585,"speed":1,"speedOfTransformCombo":15,"startColor":-1,"startIndexFrame":0,"stickerTypeTransformCombo":"NONE","stickerTypeTransformIn":"NONE","stickerTypeTransformOut":"NONE","textAlignment":"LEFT","textBlurShadow":0.8,"textColorShadow":-5317,"textHeightAllLine":96.75,"textHeightOneLine":39.0,"textLetterSpacing":0.32,"textLineSpacing":20.0,"textPadding":15.75,"textSize":36.0,"textSizeDefault":30.0,"textString":"03:18\nSEP. 05 1990","textStroke":{"color":"#000000","indexPositionInAdapter":-1,"width":0.0},"timeTransformCombo":300,"timeTransformIn":300,"timeTransformOut":300,"titleShow":"","totalFileNeedDownForOneFrame":0,"typeSticker":"TEXT","urlCover":"","widthBitmap":0}],"listItemViewDataOnTimeLine":[{"durationEnd":9800,"durationStart":0,"endIndexFrame":294,"indexRowCurrent":0,"indexRowPrevious":0,"keyInHasMap":1653898857318,"linkDownloadMp3":"","nameMp3":"","pathSaveFile":"","startIndexFrame":0,"volume":1.0},{"durationEnd":0,"durationStart":0,"endIndexFrame":294,"indexRowCurrent":0,"indexRowPrevious":0,"keyInHasMap":1653899302238,"linkDownloadMp3":"","nameMp3":"","pathSaveFile":"","startIndexFrame":0,"volume":1.0},{"durationEnd":0,"durationStart":0,"endIndexFrame":294,"indexRowCurrent":0,"indexRowPrevious":0,"keyInHasMap":1653899894843,"linkDownloadMp3":"","nameMp3":"","pathSaveFile":"","startIndexFrame":0,"volume":1.0}]},"timeLastUpdate":1653900073869,"videoEffect":{"listItemEffectData":[{"drawMode":"SCREEN","endIndexFrame":294,"indexFrameDrawCurrent":0,"isCenterCrop":true,"isCenterInside":false,"isDraw":true,"isReloadFromCache":true,"jsonObjectDataOfItem":"","keyEffect":"SERVER","keyInHasMap":1653900073873,"pathFolderEffect":"/data/user/0/videoeditor.moviemaker/files/FOLDER_EFFECT/Retro/17","positionInAdapter":17,"sizeCanvasCurrent":{"x":405,"y":720},"speed":1,"startIndexFrame":0,"title":"Retro 17","totalFrame":294,"uri":"/data/user/0/videoeditor.moviemaker/files/FOLDER_EFFECT/Retro/17/Retro.m4v"}],"listItemViewDataOnTimeLine":[{"durationEnd":9800,"durationStart":0,"endIndexFrame":294,"indexRowCurrent":0,"indexRowPrevious":0,"keyInHasMap":1653898733490,"linkDownloadMp3":"","nameMp3":"","pathSaveFile":"","startIndexFrame":0,"volume":1.0}]}}