{"durationVideo":13000,"editor":{"listItemPhotoData":[{"backgroundColor":-16777216,"blurBackground":0,"duration":13000,"endIndexFrame":389,"flipHorizontal":1.0,"flipVertical":1.0,"gpuPosition":0,"gpuProgress":0,"heightBitmap":1127,"idItemPhoto":"1653980967251","indexEndFrameTransformCombo":0,"indexEndFrameTransformIn":0,"indexStartFrameTransformOut":0,"isCenterCrop":true,"isCenterInside":false,"isCropBitmap":false,"isLoadFromCache":true,"isLocked":false,"itemDataTransition":{"indexCate":0,"isMask":false,"keyItem":"","linkCover":"","linkDownload":"","modeDraw":"","nameEn":"","nameVn":"","paintModeDraw":"SRC_OVER","pathFolderOfTransition":"","pathFolderZipOfTransition":"","positionTransitionInAdapter":0,"timeTransitionCurrent":1000,"typeTransition":{"type":"NONE","typeTransition":"NONE"}},"itemTemplateModel":{"duration":0,"heightBitmap":0,"indexSticker":-1,"isCrop":false,"isLocked":false,"md5PathFileOld":"","pathFile":"","rect":{"bottom":0,"left":0,"right":0,"top":0},"typeTemplateModel":"NONE","widthBitmap":0},"linkBackgroundImage":"","objDataAdjust":{"mCurrentBrightnessFilter":50,"mCurrentContrastFilter":50,"mCurrentExposureFilter":50,"mCurrentFadeFilters":0,"mCurrentHighlightFilter":100,"mCurrentHueFilter":0,"mCurrentSaturationFilter":50,"mCurrentShadowFilter":0,"mCurrentSharpenFilter":50,"mCurrentTempFilter":50,"mCurrentVignetteFilter":100,"mListRedoAdjust":[],"mListUndoAdjust":[]},"pathBitmap":"/storage/emulated/0/Pictures/Telegram/IMG_20220531_142207_954.jpg","rotate":0,"rotateAnim":0.0,"scaleAnim":1.0,"startIndexFrame":0,"timeTransformCombo":13000,"timeTransformIn":300,"timeTransformOut":300,"totalFrame":389,"typeBackground":"COLOR","typeTransformCombo":"NONE","typeTransformIn":"NONE","typeTransformOut":"NONE","valueMatrixBitmapDraw":[0.6388642,0.0,-0.019966125,0.0,0.6388642,1.5258789E-5,0.0,0.0,1.0],"widthBitmap":634}]},"frame":{"listItemStickerData":[],"listItemViewDataOnTimeLine":[]},"keyProjectCurrent":"1653980969575","listTemplateModel":{"list":[]},"music":{"listItemMusicData":[{"durationEnd":12999,"durationStart":0,"endIndexFrame":390,"indexRowCurrent":0,"indexRowPrevious":0,"keyInHasMap":1653980980003,"linkDownloadMp3":"/storage/emulated/0/Music/G3Video/Direct_ConvertVideoToMp3_1653980939973.mp3","nameMp3":"Direct_ConvertVideoToMp3_1653980939973.mp3","pathSaveFile":"/storage/emulated/0/Music/G3Video/Direct_ConvertVideoToMp3_1653980939973.mp3","startIndexFrame":0,"volume":1.0}]},"nameVideo":"Template 1653980969575","setting":{"quality":720,"ratio":{"height":1.7774687,"width":1.0}},"sticker":{"listItemStickerData":[],"listItemViewDataOnTimeLine":[]},"text":{"listItemStickerData":[{"DOT":".","TYPE_PHOTO":"png","WIDTH_MAX":360,"alpha":255,"countDeltaTime":0.0,"dataFrames":{"isNeedLoadBitmap1":false,"isNeedLoadBitmap2":false,"isNeedLoadBitmap2Loop":false,"isNeedLoadBitmap3":false,"isNeedLoadBitmap4":false,"isNeedLoadBitmap4Loop":false,"isNeedLoadBitmap5":false,"isNeedLoadBitmap6":false,"isNeedLoadBitmap6Loop":false,"isNeedLoadBitmap7":false,"isNeedLoadBitmap8":false,"isNeedLoadBitmap8Loop":false,"isNeedLoadBitmap9":false},"deviationXShadow":0.0,"deviationYShadow":0.0,"duration":12999,"endColor":-1,"endIndexFrame":390,"flip":1.0,"heightBitmap":0,"id":"4fc33b55b7b261b665a664e05631c63","indexColor":0,"indexColorShadow":3,"indexEndFrameTransformCombo":0,"indexEndFrameTransformIn":0,"indexFont":1,"indexFrame":0,"indexStartFrameTransformOut":0,"indexTransition":-1,"isBgText":false,"isBoldText":false,"isDashText":false,"isDashUnderText":false,"isDrawAnim":false,"isFirstFillDataTransformCombo":true,"isInit":true,"isItalicText":false,"isLayerFront":true,"isLoadFrameCache":true,"isTexture":false,"isVisible":true,"linkBubble":"","linkItemFrame":"","linkMask":"","listText":["I start to miss you"],"modeDraw":"SRC_OVER","pathFolder":"","pathFont":"","pathSaveBitmapFrame":"","pathTexture":"","pointRotate":{"x":199.91705,"y":155.16104},"pointTranslate":{"x":19.917053,"y":-24.838959},"rotate":1.30867,"scale":0.7818331,"speed":1,"speedOfTransformCombo":15,"startColor":-1,"startIndexFrame":0,"stickerTypeTransformCombo":"NONE","stickerTypeTransformIn":"NONE","stickerTypeTransformOut":"NONE","textAlignment":"CENTER","textBlurShadow":5.2,"textColorShadow":-6381922,"textHeightAllLine":38.75,"textHeightOneLine":23.0,"textLetterSpacing":0.52,"textLineSpacing":4.0,"textPadding":15.75,"textSize":19.0,"textSizeDefault":30.0,"textString":"I start to miss you","textStroke":{"color":"#000000","indexPositionInAdapter":-1,"width":0.0},"timeTransformCombo":300,"timeTransformIn":300,"timeTransformOut":300,"titleShow":"","totalFileNeedDownForOneFrame":0,"typeSticker":"TEXT","urlCover":"","widthBitmap":0},{"DOT":".","TYPE_PHOTO":"png","WIDTH_MAX":360,"alpha":255,"countDeltaTime":0.0,"dataFrames":{"isNeedLoadBitmap1":false,"isNeedLoadBitmap2":false,"isNeedLoadBitmap2Loop":false,"isNeedLoadBitmap3":false,"isNeedLoadBitmap4":false,"isNeedLoadBitmap4Loop":false,"isNeedLoadBitmap5":false,"isNeedLoadBitmap6":false,"isNeedLoadBitmap6Loop":false,"isNeedLoadBitmap7":false,"isNeedLoadBitmap8":false,"isNeedLoadBitmap8Loop":false,"isNeedLoadBitmap9":false},"deviationXShadow":0.0,"deviationYShadow":0.0,"duration":12999,"endColor":-1,"endIndexFrame":390,"flip":1.0,"heightBitmap":0,"id":"ad146b9d91284e679525fdd9403690","indexColor":0,"indexColorShadow":3,"indexEndFrameTransformCombo":0,"indexEndFrameTransformIn":0,"indexFont":30,"indexFrame":0,"indexStartFrameTransformOut":0,"indexTransition":-1,"isBgText":false,"isBoldText":false,"isDashText":false,"isDashUnderText":false,"isDrawAnim":false,"isFirstFillDataTransformCombo":true,"isInit":true,"isItalicText":false,"isLayerFront":true,"isLoadFrameCache":true,"isTexture":false,"isVisible":true,"linkBubble":"","linkItemFrame":"","linkMask":"","listText":["Sunday"],"modeDraw":"SRC_OVER","pathFolder":"","pathFont":"/data/user/0/videoeditor.moviemaker/files/INTERNAL_FONT_FOLDER_UNZIP/autum/autum/Autumn Chant.otf","pathSaveBitmapFrame":"","pathTexture":"","pointRotate":{"x":207.3429,"y":87.71843},"pointTranslate":{"x":27.342896,"y":-92.28157},"rotate":0.0,"scale":1.0,"speed":1,"speedOfTransformCombo":15,"startColor":-1,"startIndexFrame":0,"stickerTypeTransformCombo":"NONE","stickerTypeTransformIn":"NONE","stickerTypeTransformOut":"NONE","textAlignment":"CENTER","textBlurShadow":10.0,"textColorShadow":-6381922,"textHeightAllLine":94.75,"textHeightOneLine":79.0,"textLetterSpacing":0.0,"textLineSpacing":4.0,"textPadding":15.75,"textSize":55.0,"textSizeDefault":30.0,"textString":"Sunday","textStroke":{"color":"#000000","indexPositionInAdapter":-1,"width":0.0},"timeTransformCombo":300,"timeTransformIn":300,"timeTransformOut":300,"titleShow":"","totalFileNeedDownForOneFrame":0,"typeSticker":"TEXT","urlCover":"","widthBitmap":0}],"listItemViewDataOnTimeLine":[{"durationEnd":0,"durationStart":0,"endIndexFrame":390,"indexRowCurrent":0,"indexRowPrevious":0,"keyInHasMap":1653982517805,"linkDownloadMp3":"","nameMp3":"","pathSaveFile":"","startIndexFrame":0,"volume":1.0},{"durationEnd":0,"durationStart":0,"endIndexFrame":390,"indexRowCurrent":0,"indexRowPrevious":0,"keyInHasMap":1653982517820,"linkDownloadMp3":"","nameMp3":"","pathSaveFile":"","startIndexFrame":0,"volume":1.0}]},"timeLastUpdate":1653982652990,"videoEffect":{"listItemEffectData":[{"drawMode":"SCREEN","endIndexFrame":390,"indexFrameDrawCurrent":0,"isCenterCrop":true,"isCenterInside":false,"isDraw":true,"isReloadFromCache":true,"jsonObjectDataOfItem":"","keyEffect":"SERVER","keyInHasMap":1653982652992,"pathFolderEffect":"/data/user/0/videoeditor.moviemaker/files/FOLDER_EFFECT/Falling/2","positionInAdapter":2,"sizeCanvasCurrent":{"x":405,"y":720},"speed":1,"startIndexFrame":0,"title":"Falling 2","totalFrame":390,"uri":"/data/user/0/videoeditor.moviemaker/files/FOLDER_EFFECT/Falling/2/Falling.m4v"}],"listItemViewDataOnTimeLine":[{"durationEnd":0,"durationStart":0,"endIndexFrame":390,"indexRowCurrent":0,"indexRowPrevious":0,"keyInHasMap":1653982316077,"linkDownloadMp3":"","nameMp3":"","pathSaveFile":"","startIndexFrame":0,"volume":1.0}]}}