{"durationVideo":13033,"editor":{"listItemPhotoData":[{"backgroundColor":0,"blurBackground":0,"duration":5233,"endIndexFrame":156,"flipHorizontal":1.0,"flipVertical":1.0,"gpuPosition":0,"gpuProgress":0,"heightBitmap":1280,"idItemPhoto":"1653466019298","indexEndFrameTransformCombo":156,"indexEndFrameTransformIn":0,"indexStartFrameTransformOut":0,"isCenterCrop":false,"isCenterInside":true,"isCropBitmap":false,"isLoadFromCache":true,"itemDataTransition":{"indexCate":1,"indexItem":4,"isMask":false,"keyItem":"STRETCH_LEFT","linkCover":"https://photoforapp.s3.ap-southeast-1.amazonaws.com/Video/TransitionsServer/Effect/Icon/STRETCH_LEFT.gif","linkDownload":"https://photoforapp.s3.ap-southeast-1.amazonaws.com/Video/TransitionsServer/Effect/STRETCH_LEFT.zip","modeDraw":"","nameEn":"Stretch left","nameVn":"Kéo dài sang trái","paintModeDraw":"SRC_OVER","pathFolderOfTransition":"","pathFolderZipOfTransition":"","positionTransitionInAdapter":2,"timeTransitionCurrent":567,"typeTransition":{"type":"EFFECT","typeTransition":"STRETCH_LEFT"}},"itemTemplateModel":{"duration":0,"heightBitmap":0,"indexSticker":-1,"isCrop":false,"pathFile":"","rect":{"bottom":0,"left":0,"right":0,"top":0},"typeTemplateModel":"NONE","widthBitmap":0},"linkBackgroundImage":"","matrixBitmapDraw":{},"objDataAdjust":{"mCurrentBrightnessFilter":50,"mCurrentContrastFilter":50,"mCurrentExposureFilter":50,"mCurrentFadeFilters":0,"mCurrentHighlightFilter":100,"mCurrentHueFilter":0,"mCurrentSaturationFilter":50,"mCurrentShadowFilter":0,"mCurrentSharpenFilter":50,"mCurrentTempFilter":50,"mCurrentVignetteFilter":100,"mListRedoAdjust":[],"mListUndoAdjust":[]},"pathBitmap":"/storage/emulated/0/Pictures/Telegram/IMG_20220525_150638_582.jpg","rotate":0,"rotateAnim":0.0,"scaleAnim":1.0,"startIndexFrame":0,"timeTransformCombo":5233,"timeTransformIn":300,"timeTransformOut":300,"totalFrame":156,"typeBackground":"COLOR","typeTransformCombo":"WOBBLE","typeTransformIn":"NONE","typeTransformOut":"NONE","valueMatrixBitmapDraw":[0.5625,0.0,0.0,0.0,0.5625,0.0,0.0,0.0,1.0],"widthBitmap":720},{"backgroundColor":0,"blurBackground":0,"duration":7800,"endIndexFrame":390,"flipHorizontal":1.0,"flipVertical":1.0,"gpuPosition":0,"gpuProgress":0,"heightBitmap":1280,"idItemPhoto":"1653466019400","indexEndFrameTransformCombo":390,"indexEndFrameTransformIn":0,"indexStartFrameTransformOut":0,"isCenterCrop":false,"isCenterInside":true,"isCropBitmap":false,"isLoadFromCache":true,"itemDataTransition":{"indexCate":0,"isMask":false,"keyItem":"","linkCover":"","linkDownload":"","modeDraw":"","nameEn":"","nameVn":"","paintModeDraw":"SRC_OVER","pathFolderOfTransition":"","pathFolderZipOfTransition":"","positionTransitionInAdapter":0,"timeTransitionCurrent":1000,"typeTransition":{"type":"NONE","typeTransition":"NONE"}},"itemTemplateModel":{"duration":0,"heightBitmap":0,"indexSticker":-1,"isCrop":false,"pathFile":"","rect":{"bottom":0,"left":0,"right":0,"top":0},"typeTemplateModel":"NONE","widthBitmap":0},"linkBackgroundImage":"","matrixBitmapDraw":{},"objDataAdjust":{"mCurrentBrightnessFilter":50,"mCurrentContrastFilter":50,"mCurrentExposureFilter":50,"mCurrentFadeFilters":0,"mCurrentHighlightFilter":100,"mCurrentHueFilter":0,"mCurrentSaturationFilter":50,"mCurrentShadowFilter":0,"mCurrentSharpenFilter":50,"mCurrentTempFilter":50,"mCurrentVignetteFilter":100,"mListRedoAdjust":[],"mListUndoAdjust":[]},"pathBitmap":"/storage/emulated/0/Pictures/Telegram/IMG_20220525_150640_145.jpg","rotate":0,"rotateAnim":0.0,"scaleAnim":1.0,"startIndexFrame":157,"timeTransformCombo":7800,"timeTransformIn":300,"timeTransformOut":300,"totalFrame":233,"typeBackground":"COLOR","typeTransformCombo":"NONE","typeTransformIn":"NONE","typeTransformOut":"NONE","valueMatrixBitmapDraw":[0.5625,0.0,0.0,0.0,0.5625,0.0,0.0,0.0,1.0],"widthBitmap":720}]},"frame":{"listItemStickerData":[],"listItemViewDataOnTimeLine":[]},"keyProjectCurrent":"1653466078567","listTemplateModel":{"list":[]},"music":{"listItemMusicData":[{"durationEnd":12999,"durationStart":0,"endIndexFrame":391,"indexRowCurrent":0,"indexRowPrevious":0,"keyInHasMap":1653466038247,"linkDownloadMp3":"/storage/emulated/0/Music/G3Video/Direct_ConvertVideoToMp3_1653464285369.mp3","nameMp3":"Direct_ConvertVideoToMp3_1653464285369.mp3","pathSaveFile":"/storage/emulated/0/Music/G3Video/Direct_ConvertVideoToMp3_1653464285369.mp3","startIndexFrame":1,"volume":1.0}]},"nameVideo":"Template 1653466078567","setting":{"quality":720,"ratio":{"height":1.7777778,"width":1.0}},"sticker":{"listItemStickerData":[],"listItemViewDataOnTimeLine":[]},"text":{"listItemStickerData":[],"listItemViewDataOnTimeLine":[]},"timeLastUpdate":1653620663358,"videoEffect":{"listItemEffectData":[{"drawMode":"SCREEN","endIndexFrame":200,"indexFrameDrawCurrent":0,"isCenterCrop":true,"isCenterInside":false,"isDraw":true,"isReloadFromCache":true,"jsonObjectDataOfItem":"","keyEffect":"Basic","keyInHasMap":1653620663369,"pathFolderEffect":"","positionInAdapter":6,"sizeCanvasCurrent":{"x":0,"y":0},"speed":1,"startIndexFrame":144,"title":"Phóng to","totalFrame":56,"uri":""},{"drawMode":"SCREEN","endIndexFrame":253,"indexFrameDrawCurrent":0,"isCenterCrop":true,"isCenterInside":false,"isDraw":true,"isReloadFromCache":true,"jsonObjectDataOfItem":"","keyEffect":"Basic","keyInHasMap":1653620663373,"pathFolderEffect":"","positionInAdapter":6,"sizeCanvasCurrent":{"x":0,"y":0},"speed":1,"startIndexFrame":221,"title":"Phóng to","totalFrame":32,"uri":""},{"drawMode":"SCREEN","endIndexFrame":327,"indexFrameDrawCurrent":0,"isCenterCrop":true,"isCenterInside":false,"isDraw":true,"isReloadFromCache":true,"jsonObjectDataOfItem":"","keyEffect":"Basic","keyInHasMap":1653620663376,"pathFolderEffect":"","positionInAdapter":6,"sizeCanvasCurrent":{"x":0,"y":0},"speed":1,"startIndexFrame":294,"title":"Phóng to","totalFrame":33,"uri":""},{"drawMode":"SCREEN","endIndexFrame":391,"indexFrameDrawCurrent":0,"isCenterCrop":true,"isCenterInside":false,"isDraw":true,"isReloadFromCache":true,"jsonObjectDataOfItem":"","keyEffect":"Basic","keyInHasMap":1653620663380,"pathFolderEffect":"","positionInAdapter":6,"sizeCanvasCurrent":{"x":0,"y":0},"speed":1,"startIndexFrame":360,"title":"Phóng to","totalFrame":31,"uri":""},{"drawMode":"SCREEN","endIndexFrame":391,"indexFrameDrawCurrent":0,"isCenterCrop":true,"isCenterInside":false,"isDraw":true,"isReloadFromCache":true,"jsonObjectDataOfItem":"{\"defaultPercentWidth\":1.0,\"defaultSpeed\":3.0,\"isHorizontal\":false,\"max\":10.0,\"maxSpeed\":50.0,\"min\":1.0,\"minSpeed\":2.0,\"percentWidth\":0.99,\"speedCurrent\":25.92}","keyEffect":"Party","keyInHasMap":1653620663384,"pathFolderEffect":"","positionInAdapter":2,"sizeCanvasCurrent":{"x":0,"y":0},"speed":1,"startIndexFrame":158,"title":"Lắc, giật ảnh","totalFrame":233,"uri":""},{"drawMode":"SCREEN","endIndexFrame":391,"indexFrameDrawCurrent":0,"isCenterCrop":true,"isCenterInside":false,"isDraw":true,"isReloadFromCache":true,"jsonObjectDataOfItem":"{\"defaultPercentWidth\":1.0,\"defaultSpeed\":3.0,\"isHorizontal\":true,\"max\":10.0,\"maxSpeed\":50.0,\"min\":1.0,\"minSpeed\":2.0,\"percentWidth\":2.07,\"speedCurrent\":23.04}","keyEffect":"Party","keyInHasMap":1653620663392,"pathFolderEffect":"","positionInAdapter":2,"sizeCanvasCurrent":{"x":0,"y":0},"speed":1,"startIndexFrame":157,"title":"Lắc, giật ảnh","totalFrame":234,"uri":""},{"drawMode":"SCREEN","endIndexFrame":157,"indexFrameDrawCurrent":0,"isCenterCrop":true,"isCenterInside":false,"isDraw":true,"isReloadFromCache":true,"jsonObjectDataOfItem":"{\"color\":-1,\"defaultSpeed\":3.0,\"max\":30.0,\"min\":2.0,\"speedCurrent\":10.12}","keyEffect":"Party","keyInHasMap":1653620663397,"pathFolderEffect":"","positionInAdapter":3,"sizeCanvasCurrent":{"x":0,"y":0},"speed":1,"startIndexFrame":1,"title":"Đèn nháy trắng","totalFrame":156,"uri":""}],"listItemViewDataOnTimeLine":[{"durationEnd":0,"durationStart":0,"endIndexFrame":200,"indexRowCurrent":0,"indexRowPrevious":0,"keyInHasMap":1653530971642,"linkDownloadMp3":"","nameMp3":"","pathSaveFile":"","startIndexFrame":144,"volume":1.0},{"durationEnd":0,"durationStart":0,"endIndexFrame":253,"indexRowCurrent":0,"indexRowPrevious":0,"keyInHasMap":1653530971651,"linkDownloadMp3":"","nameMp3":"","pathSaveFile":"","startIndexFrame":221,"volume":1.0},{"durationEnd":0,"durationStart":0,"endIndexFrame":327,"indexRowCurrent":0,"indexRowPrevious":0,"keyInHasMap":1653530971659,"linkDownloadMp3":"","nameMp3":"","pathSaveFile":"","startIndexFrame":294,"volume":1.0},{"durationEnd":0,"durationStart":0,"endIndexFrame":391,"indexRowCurrent":0,"indexRowPrevious":0,"keyInHasMap":1653530971665,"linkDownloadMp3":"","nameMp3":"","pathSaveFile":"","startIndexFrame":360,"volume":1.0},{"durationEnd":0,"durationStart":0,"endIndexFrame":391,"indexRowCurrent":0,"indexRowPrevious":0,"keyInHasMap":1653530971673,"linkDownloadMp3":"","nameMp3":"","pathSaveFile":"","startIndexFrame":158,"volume":1.0},{"durationEnd":0,"durationStart":0,"endIndexFrame":391,"indexRowCurrent":0,"indexRowPrevious":0,"keyInHasMap":1653530971681,"linkDownloadMp3":"","nameMp3":"","pathSaveFile":"","startIndexFrame":157,"volume":1.0},{"durationEnd":0,"durationStart":0,"endIndexFrame":157,"indexRowCurrent":0,"indexRowPrevious":0,"keyInHasMap":1653530971689,"linkDownloadMp3":"","nameMp3":"","pathSaveFile":"","startIndexFrame":1,"volume":1.0}]}}